src	dst	note
/volume1/主目录/Collection/素材&模板&音库/音效/02_中文音效合集/气氛音乐音效/Anticipation SFX/04 - Moments/Moments - Tube/TB 07 Light The Way.wav	Anticipation SFX（大气深沉1 · 大气转场撞击重低音气氛无损音效素材包）/04 - Moments/Moments - Tube/TB 07 Light The Way.wav	
/volume1/主目录/Collection/素材&模板&音库/音效/02_中文音效合集/气氛音乐音效/Anticipation SFX/04 - Moments/Moments - Tube/TB 03 Waiting For More.wav	Anticipation SFX（大气深沉1 · 大气转场撞击重低音气氛无损音效素材包）/04 - Moments/Moments - Tube/TB 03 Waiting For More.wav	
/volume1/主目录/Collection/素材&模板&音库/音效/02_中文音效合集/气氛音乐音效/Anticipation SFX/04 - Moments/Moments - Tube/TB 08 Upon The Hill A.wav	Anticipation SFX（大气深沉1 · 大气转场撞击重低音气氛无损音效素材包）/04 - Moments/Moments - Tube/TB 08 Upon The Hill A.wav	
/volume1/主目录/Collection/素材&模板&音库/音效/02_中文音效合集/气氛音乐音效/Anticipation SFX/04 - Moments/Moments - Tube/TB 02 The Horizon.wav	Anticipation SFX（大气深沉1 · 大气转场撞击重低音气氛无损音效素材包）/04 - Moments/Moments - Tube/TB 02 The Horizon.wav	
/volume1/主目录/Collection/素材&模板&音库/音效/02_中文音效合集/气氛音乐音效/Anticipation SFX/04 - Moments/Moments - Tube/TB 09 Upon The Hill B.wav	Anticipation SFX（大气深沉1 · 大气转场撞击重低音气氛无损音效素材包）/04 - Moments/Moments - Tube/TB 09 Upon The Hill B.wav	
/volume1/主目录/Collection/素材&模板&音库/音效/02_中文音效合集/气氛音乐音效/Anticipation SFX/04 - Moments/Moments - Tube/TB 10 Home.wav	Anticipation SFX（大气深沉1 · 大气转场撞击重低音气氛无损音效素材包）/04 - Moments/Moments - Tube/TB 10 Home.wav	
/volume1/主目录/Collection/素材&模板&音库/音效/02_中文音效合集/气氛音乐音效/Anticipation SFX/04 - Moments/Moments - Tube/TB 04 Hopes and Prayers.wav	Anticipation SFX（大气深沉1 · 大气转场撞击重低音气氛无损音效素材包）/04 - Moments/Moments - Tube/TB 04 Hopes and Prayers.wav	
/volume1/主目录/Collection/素材&模板&音库/音效/02_中文音效合集/气氛音乐音效/Anticipation SFX/04 - Moments/Moments - Tube/TB 05 Waiting Still.wav	Anticipation SFX（大气深沉1 · 大气转场撞击重低音气氛无损音效素材包）/04 - Moments/Moments - Tube/TB 05 Waiting Still.wav	
/volume1/主目录/Collection/素材&模板&音库/音效/02_中文音效合集/气氛音乐音效/Anticipation SFX/04 - Moments/Moments - Tube/TB 01 Sacred Ground.wav	Anticipation SFX（大气深沉1 · 大气转场撞击重低音气氛无损音效素材包）/04 - Moments/Moments - Tube/TB 01 Sacred Ground.wav	
/volume1/主目录/Collection/素材&模板&音库/音效/02_中文音效合集/气氛音乐音效/Anticipation SFX/04 - Moments/Moments - Tube/TB 06 Given Up.wav	Anticipation SFX（大气深沉1 · 大气转场撞击重低音气氛无损音效素材包）/04 - Moments/Moments - Tube/TB 06 Given Up.wav	
/volume1/主目录/Collection/素材&模板&音库/音效/02_中文音效合集/气氛音乐音效/Anticipation SFX/04 - Moments/Moments - Distortion/DS 06 Given Up.wav	Anticipation SFX（大气深沉1 · 大气转场撞击重低音气氛无损音效素材包）/04 - Moments/Moments - Distortion/DS 06 Given Up.wav	
/volume1/主目录/Collection/素材&模板&音库/音效/02_中文音效合集/气氛音乐音效/Anticipation SFX/04 - Moments/Moments - Distortion/DS 08 Upon The Hill A.wav	Anticipation SFX（大气深沉1 · 大气转场撞击重低音气氛无损音效素材包）/04 - Moments/Moments - Distortion/DS 08 Upon The Hill A.wav	
/volume1/主目录/Collection/素材&模板&音库/音效/02_中文音效合集/气氛音乐音效/Anticipation SFX/04 - Moments/Moments - Distortion/DS 02 The Horizon.wav	Anticipation SFX（大气深沉1 · 大气转场撞击重低音气氛无损音效素材包）/04 - Moments/Moments - Distortion/DS 02 The Horizon.wav	
/volume1/主目录/Collection/素材&模板&音库/音效/02_中文音效合集/气氛音乐音效/Anticipation SFX/04 - Moments/Moments - Distortion/DS 10 Home.wav	Anticipation SFX（大气深沉1 · 大气转场撞击重低音气氛无损音效素材包）/04 - Moments/Moments - Distortion/DS 10 Home.wav	
/volume1/主目录/Collection/素材&模板&音库/音效/02_中文音效合集/气氛音乐音效/Anticipation SFX/04 - Moments/Moments - Distortion/DS 01 Sacred Ground.wav	Anticipation SFX（大气深沉1 · 大气转场撞击重低音气氛无损音效素材包）/04 - Moments/Moments - Distortion/DS 01 Sacred Ground.wav	
/volume1/主目录/Collection/素材&模板&音库/音效/02_中文音效合集/气氛音乐音效/Anticipation SFX/04 - Moments/Moments - Distortion/DS 03 Waiting For More.wav	Anticipation SFX（大气深沉1 · 大气转场撞击重低音气氛无损音效素材包）/04 - Moments/Moments - Distortion/DS 03 Waiting For More.wav	
/volume1/主目录/Collection/素材&模板&音库/音效/02_中文音效合集/气氛音乐音效/Anticipation SFX/04 - Moments/Moments - Distortion/DS 04 Hopes and Prayers.wav	Anticipation SFX（大气深沉1 · 大气转场撞击重低音气氛无损音效素材包）/04 - Moments/Moments - Distortion/DS 04 Hopes and Prayers.wav	
/volume1/主目录/Collection/素材&模板&音库/音效/02_中文音效合集/气氛音乐音效/Anticipation SFX/04 - Moments/Moments - Distortion/DS 09 Upon The Hill B.wav	Anticipation SFX（大气深沉1 · 大气转场撞击重低音气氛无损音效素材包）/04 - Moments/Moments - Distortion/DS 09 Upon The Hill B.wav	
/volume1/主目录/Collection/素材&模板&音库/音效/02_中文音效合集/气氛音乐音效/Anticipation SFX/04 - Moments/Moments - Distortion/DS 07 Light The Way.wav	Anticipation SFX（大气深沉1 · 大气转场撞击重低音气氛无损音效素材包）/04 - Moments/Moments - Distortion/DS 07 Light The Way.wav	
/volume1/主目录/Collection/素材&模板&音库/音效/02_中文音效合集/气氛音乐音效/Anticipation SFX/04 - Moments/Moments - Distortion/DS 05 Waiting Still.wav	Anticipation SFX（大气深沉1 · 大气转场撞击重低音气氛无损音效素材包）/04 - Moments/Moments - Distortion/DS 05 Waiting Still.wav	
/volume1/主目录/Collection/素材&模板&音库/音效/02_中文音效合集/气氛音乐音效/Anticipation SFX/04 - Moments/Moments - Space/SP 01 Sacred Ground.wav	Anticipation SFX（大气深沉1 · 大气转场撞击重低音气氛无损音效素材包）/04 - Moments/Moments - Space/SP 01 Sacred Ground.wav	
/volume1/主目录/Collection/素材&模板&音库/音效/02_中文音效合集/气氛音乐音效/Anticipation SFX/04 - Moments/Moments - Space/SP 08 Upon The Hill A.wav	Anticipation SFX（大气深沉1 · 大气转场撞击重低音气氛无损音效素材包）/04 - Moments/Moments - Space/SP 08 Upon The Hill A.wav	
/volume1/主目录/Collection/素材&模板&音库/音效/02_中文音效合集/气氛音乐音效/Anticipation SFX/04 - Moments/Moments - Space/SP 05 Waiting Still.wav	Anticipation SFX（大气深沉1 · 大气转场撞击重低音气氛无损音效素材包）/04 - Moments/Moments - Space/SP 05 Waiting Still.wav	
/volume1/主目录/Collection/素材&模板&音库/音效/02_中文音效合集/气氛音乐音效/Anticipation SFX/04 - Moments/Moments - Space/SP 10 Home.wav	Anticipation SFX（大气深沉1 · 大气转场撞击重低音气氛无损音效素材包）/04 - Moments/Moments - Space/SP 10 Home.wav	
/volume1/主目录/Collection/素材&模板&音库/音效/02_中文音效合集/气氛音乐音效/Anticipation SFX/04 - Moments/Moments - Space/SP 09 Upon The Hill B.wav	Anticipation SFX（大气深沉1 · 大气转场撞击重低音气氛无损音效素材包）/04 - Moments/Moments - Space/SP 09 Upon The Hill B.wav	
/volume1/主目录/Collection/素材&模板&音库/音效/02_中文音效合集/气氛音乐音效/Anticipation SFX/04 - Moments/Moments - Space/SP 02 The Horizon.wav	Anticipation SFX（大气深沉1 · 大气转场撞击重低音气氛无损音效素材包）/04 - Moments/Moments - Space/SP 02 The Horizon.wav	
/volume1/主目录/Collection/素材&模板&音库/音效/02_中文音效合集/气氛音乐音效/Anticipation SFX/04 - Moments/Moments - Space/SP 06 Given Up.wav	Anticipation SFX（大气深沉1 · 大气转场撞击重低音气氛无损音效素材包）/04 - Moments/Moments - Space/SP 06 Given Up.wav	
/volume1/主目录/Collection/素材&模板&音库/音效/02_中文音效合集/气氛音乐音效/Anticipation SFX/04 - Moments/Moments - Space/SP 07 Light The Way.wav	Anticipation SFX（大气深沉1 · 大气转场撞击重低音气氛无损音效素材包）/04 - Moments/Moments - Space/SP 07 Light The Way.wav	
/volume1/主目录/Collection/素材&模板&音库/音效/02_中文音效合集/气氛音乐音效/Anticipation SFX/04 - Moments/Moments - Space/SP 03 Waiting For More.wav	Anticipation SFX（大气深沉1 · 大气转场撞击重低音气氛无损音效素材包）/04 - Moments/Moments - Space/SP 03 Waiting For More.wav	
/volume1/主目录/Collection/素材&模板&音库/音效/02_中文音效合集/气氛音乐音效/Anticipation SFX/04 - Moments/Moments - Space/SP 04 Hopes and Prayers.wav	Anticipation SFX（大气深沉1 · 大气转场撞击重低音气氛无损音效素材包）/04 - Moments/Moments - Space/SP 04 Hopes and Prayers.wav	
/volume1/主目录/Collection/素材&模板&音库/音效/02_中文音效合集/气氛音乐音效/Anticipation SFX/04 - Moments/Moments/02 The Horizon.wav	Anticipation SFX（大气深沉1 · 大气转场撞击重低音气氛无损音效素材包）/04 - Moments/Moments/02 The Horizon.wav	
/volume1/主目录/Collection/素材&模板&音库/音效/02_中文音效合集/气氛音乐音效/Anticipation SFX/04 - Moments/Moments/04 Hopes and Prayers.wav	Anticipation SFX（大气深沉1 · 大气转场撞击重低音气氛无损音效素材包）/04 - Moments/Moments/04 Hopes and Prayers.wav	
/volume1/主目录/Collection/素材&模板&音库/音效/02_中文音效合集/气氛音乐音效/Anticipation SFX/04 - Moments/Moments/08 Upon The Hill A.wav	Anticipation SFX（大气深沉1 · 大气转场撞击重低音气氛无损音效素材包）/04 - Moments/Moments/08 Upon The Hill A.wav	
/volume1/主目录/Collection/素材&模板&音库/音效/02_中文音效合集/气氛音乐音效/Anticipation SFX/04 - Moments/Moments/07 Light The Way.wav	Anticipation SFX（大气深沉1 · 大气转场撞击重低音气氛无损音效素材包）/04 - Moments/Moments/07 Light The Way.wav	
/volume1/主目录/Collection/素材&模板&音库/音效/02_中文音效合集/气氛音乐音效/Anticipation SFX/04 - Moments/Moments/09 Upon The Hill B.wav	Anticipation SFX（大气深沉1 · 大气转场撞击重低音气氛无损音效素材包）/04 - Moments/Moments/09 Upon The Hill B.wav	
/volume1/主目录/Collection/素材&模板&音库/音效/02_中文音效合集/气氛音乐音效/Anticipation SFX/04 - Moments/Moments/06 Given Up.wav	Anticipation SFX（大气深沉1 · 大气转场撞击重低音气氛无损音效素材包）/04 - Moments/Moments/06 Given Up.wav	
/volume1/主目录/Collection/素材&模板&音库/音效/02_中文音效合集/气氛音乐音效/Anticipation SFX/04 - Moments/Moments/05 Waiting Still.wav	Anticipation SFX（大气深沉1 · 大气转场撞击重低音气氛无损音效素材包）/04 - Moments/Moments/05 Waiting Still.wav	
/volume1/主目录/Collection/素材&模板&音库/音效/02_中文音效合集/气氛音乐音效/Anticipation SFX/04 - Moments/Moments/10 Home.wav	Anticipation SFX（大气深沉1 · 大气转场撞击重低音气氛无损音效素材包）/04 - Moments/Moments/10 Home.wav	
/volume1/主目录/Collection/素材&模板&音库/音效/02_中文音效合集/气氛音乐音效/Anticipation SFX/04 - Moments/Moments/01 Sacred Ground.wav	Anticipation SFX（大气深沉1 · 大气转场撞击重低音气氛无损音效素材包）/04 - Moments/Moments/01 Sacred Ground.wav	
/volume1/主目录/Collection/素材&模板&音库/音效/02_中文音效合集/气氛音乐音效/Anticipation SFX/04 - Moments/Moments/03 Waiting For More.wav	Anticipation SFX（大气深沉1 · 大气转场撞击重低音气氛无损音效素材包）/04 - Moments/Moments/03 Waiting For More.wav	
/volume1/主目录/Collection/素材&模板&音库/音效/02_中文音效合集/气氛音乐音效/Anticipation SFX/05 - Atmospheres/Atmospheres - Tube/TB 06 Outer Limits.wav	Anticipation SFX（大气深沉1 · 大气转场撞击重低音气氛无损音效素材包）/05 - Atmospheres/Atmospheres - Tube/TB 06 Outer Limits.wav	
/volume1/主目录/Collection/素材&模板&音库/音效/02_中文音效合集/气氛音乐音效/Anticipation SFX/05 - Atmospheres/Atmospheres - Tube/TB 09 Empty Factory.wav	Anticipation SFX（大气深沉1 · 大气转场撞击重低音气氛无损音效素材包）/05 - Atmospheres/Atmospheres - Tube/TB 09 Empty Factory.wav	
/volume1/主目录/Collection/素材&模板&音库/音效/02_中文音效合集/气氛音乐音效/Anticipation SFX/05 - Atmospheres/Atmospheres - Tube/TB 01 Bright Winds.wav	Anticipation SFX（大气深沉1 · 大气转场撞击重低音气氛无损音效素材包）/05 - Atmospheres/Atmospheres - Tube/TB 01 Bright Winds.wav	
/volume1/主目录/Collection/素材&模板&音库/音效/02_中文音效合集/气氛音乐音效/Anticipation SFX/05 - Atmospheres/Atmospheres - Tube/TB 10 Fluorescent Room.wav	Anticipation SFX（大气深沉1 · 大气转场撞击重低音气氛无损音效素材包）/05 - Atmospheres/Atmospheres - Tube/TB 10 Fluorescent Room.wav	
/volume1/主目录/Collection/素材&模板&音库/音效/02_中文音效合集/气氛音乐音效/Anticipation SFX/05 - Atmospheres/Atmospheres - Tube/TB 03 Irish Storm.wav	Anticipation SFX（大气深沉1 · 大气转场撞击重低音气氛无损音效素材包）/05 - Atmospheres/Atmospheres - Tube/TB 03 Irish Storm.wav	
/volume1/主目录/Collection/素材&模板&音库/音效/02_中文音效合集/气氛音乐音效/Anticipation SFX/05 - Atmospheres/Atmospheres - Tube/TB 14 Crowd Goes Quiet.wav	Anticipation SFX（大气深沉1 · 大气转场撞击重低音气氛无损音效素材包）/05 - Atmospheres/Atmospheres - Tube/TB 14 Crowd Goes Quiet.wav	
/volume1/主目录/Collection/素材&模板&音库/音效/02_中文音效合集/气氛音乐音效/Anticipation SFX/05 - Atmospheres/Atmospheres - Tube/TB 11 Large Applause Dry.wav	Anticipation SFX（大气深沉1 · 大气转场撞击重低音气氛无损音效素材包）/05 - Atmospheres/Atmospheres - Tube/TB 11 Large Applause Dry.wav	
/volume1/主目录/Collection/素材&模板&音库/音效/02_中文音效合集/气氛音乐音效/Anticipation SFX/05 - Atmospheres/Atmospheres - Tube/TB 04 New Life.wav	Anticipation SFX（大气深沉1 · 大气转场撞击重低音气氛无损音效素材包）/05 - Atmospheres/Atmospheres - Tube/TB 04 New Life.wav	
/volume1/主目录/Collection/素材&模板&音库/音效/02_中文音效合集/气氛音乐音效/Anticipation SFX/05 - Atmospheres/Atmospheres - Tube/TB 08 Empty Church.wav	Anticipation SFX（大气深沉1 · 大气转场撞击重低音气氛无损音效素材包）/05 - Atmospheres/Atmospheres - Tube/TB 08 Empty Church.wav	
/volume1/主目录/Collection/素材&模板&音库/音效/02_中文音效合集/气氛音乐音效/Anticipation SFX/05 - Atmospheres/Atmospheres - Tube/TB 02 Summer Woods.wav	Anticipation SFX（大气深沉1 · 大气转场撞击重低音气氛无损音效素材包）/05 - Atmospheres/Atmospheres - Tube/TB 02 Summer Woods.wav	
/volume1/主目录/Collection/素材&模板&音库/音效/02_中文音效合集/气氛音乐音效/Anticipation SFX/05 - Atmospheres/Atmospheres - Tube/TB 07 Empty Cathedral.wav	Anticipation SFX（大气深沉1 · 大气转场撞击重低音气氛无损音效素材包）/05 - Atmospheres/Atmospheres - Tube/TB 07 Empty Cathedral.wav	
/volume1/主目录/Collection/素材&模板&音库/音效/02_中文音效合集/气氛音乐音效/Anticipation SFX/05 - Atmospheres/Atmospheres - Tube/TB 12 Large Applause.wav	Anticipation SFX（大气深沉1 · 大气转场撞击重低音气氛无损音效素材包）/05 - Atmospheres/Atmospheres - Tube/TB 12 Large Applause.wav	
/volume1/主目录/Collection/素材&模板&音库/音效/02_中文音效合集/气氛音乐音效/Anticipation SFX/05 - Atmospheres/Atmospheres - Tube/TB 05 Night Winds.wav	Anticipation SFX（大气深沉1 · 大气转场撞击重低音气氛无损音效素材包）/05 - Atmospheres/Atmospheres - Tube/TB 05 Night Winds.wav	
/volume1/主目录/Collection/素材&模板&音库/音效/02_中文音效合集/气氛音乐音效/Anticipation SFX/05 - Atmospheres/Atmospheres - Tube/TB 13 Reception.wav	Anticipation SFX（大气深沉1 · 大气转场撞击重低音气氛无损音效素材包）/05 - Atmospheres/Atmospheres - Tube/TB 13 Reception.wav	
/volume1/主目录/Collection/素材&模板&音库/音效/02_中文音效合集/气氛音乐音效/Anticipation SFX/05 - Atmospheres/Atmospheres - Distortion/DS 04 New Life.wav	Anticipation SFX（大气深沉1 · 大气转场撞击重低音气氛无损音效素材包）/05 - Atmospheres/Atmospheres - Distortion/DS 04 New Life.wav	
/volume1/主目录/Collection/素材&模板&音库/音效/02_中文音效合集/气氛音乐音效/Anticipation SFX/05 - Atmospheres/Atmospheres - Distortion/DS 14 Crowd Goes Quiet.wav	Anticipation SFX（大气深沉1 · 大气转场撞击重低音气氛无损音效素材包）/05 - Atmospheres/Atmospheres - Distortion/DS 14 Crowd Goes Quiet.wav	
/volume1/主目录/Collection/素材&模板&音库/音效/02_中文音效合集/气氛音乐音效/Anticipation SFX/05 - Atmospheres/Atmospheres - Distortion/DS 08 Empty Church.wav	Anticipation SFX（大气深沉1 · 大气转场撞击重低音气氛无损音效素材包）/05 - Atmospheres/Atmospheres - Distortion/DS 08 Empty Church.wav	
/volume1/主目录/Collection/素材&模板&音库/音效/02_中文音效合集/气氛音乐音效/Anticipation SFX/05 - Atmospheres/Atmospheres - Distortion/DS 11 Large Applause Dry.wav	Anticipation SFX（大气深沉1 · 大气转场撞击重低音气氛无损音效素材包）/05 - Atmospheres/Atmospheres - Distortion/DS 11 Large Applause Dry.wav	
/volume1/主目录/Collection/素材&模板&音库/音效/02_中文音效合集/气氛音乐音效/Anticipation SFX/05 - Atmospheres/Atmospheres - Distortion/DS 02 Summer Woods.wav	Anticipation SFX（大气深沉1 · 大气转场撞击重低音气氛无损音效素材包）/05 - Atmospheres/Atmospheres - Distortion/DS 02 Summer Woods.wav	
/volume1/主目录/Collection/素材&模板&音库/音效/02_中文音效合集/气氛音乐音效/Anticipation SFX/05 - Atmospheres/Atmospheres - Distortion/DS 07 Empty Cathedral.wav	Anticipation SFX（大气深沉1 · 大气转场撞击重低音气氛无损音效素材包）/05 - Atmospheres/Atmospheres - Distortion/DS 07 Empty Cathedral.wav	
/volume1/主目录/Collection/素材&模板&音库/音效/02_中文音效合集/气氛音乐音效/Anticipation SFX/05 - Atmospheres/Atmospheres - Distortion/DS 06 Outer Limits.wav	Anticipation SFX（大气深沉1 · 大气转场撞击重低音气氛无损音效素材包）/05 - Atmospheres/Atmospheres - Distortion/DS 06 Outer Limits.wav	
/volume1/主目录/Collection/素材&模板&音库/音效/02_中文音效合集/气氛音乐音效/Anticipation SFX/05 - Atmospheres/Atmospheres - Distortion/DS 01 Bright Winds.wav	Anticipation SFX（大气深沉1 · 大气转场撞击重低音气氛无损音效素材包）/05 - Atmospheres/Atmospheres - Distortion/DS 01 Bright Winds.wav	
/volume1/主目录/Collection/素材&模板&音库/音效/02_中文音效合集/气氛音乐音效/Anticipation SFX/05 - Atmospheres/Atmospheres - Distortion/DS 05 Night Winds.wav	Anticipation SFX（大气深沉1 · 大气转场撞击重低音气氛无损音效素材包）/05 - Atmospheres/Atmospheres - Distortion/DS 05 Night Winds.wav	
/volume1/主目录/Collection/素材&模板&音库/音效/02_中文音效合集/气氛音乐音效/Anticipation SFX/05 - Atmospheres/Atmospheres - Distortion/DS 13 Reception.wav	Anticipation SFX（大气深沉1 · 大气转场撞击重低音气氛无损音效素材包）/05 - Atmospheres/Atmospheres - Distortion/DS 13 Reception.wav	
/volume1/主目录/Collection/素材&模板&音库/音效/02_中文音效合集/气氛音乐音效/Anticipation SFX/05 - Atmospheres/Atmospheres - Distortion/DS 03 Irish Storm.wav	Anticipation SFX（大气深沉1 · 大气转场撞击重低音气氛无损音效素材包）/05 - Atmospheres/Atmospheres - Distortion/DS 03 Irish Storm.wav	
/volume1/主目录/Collection/素材&模板&音库/音效/02_中文音效合集/气氛音乐音效/Anticipation SFX/05 - Atmospheres/Atmospheres - Distortion/DS 10 Fluorescent Room.wav	Anticipation SFX（大气深沉1 · 大气转场撞击重低音气氛无损音效素材包）/05 - Atmospheres/Atmospheres - Distortion/DS 10 Fluorescent Room.wav	
/volume1/主目录/Collection/素材&模板&音库/音效/02_中文音效合集/气氛音乐音效/Anticipation SFX/05 - Atmospheres/Atmospheres - Distortion/DS 12 Large Applause.wav	Anticipation SFX（大气深沉1 · 大气转场撞击重低音气氛无损音效素材包）/05 - Atmospheres/Atmospheres - Distortion/DS 12 Large Applause.wav	
/volume1/主目录/Collection/素材&模板&音库/音效/02_中文音效合集/气氛音乐音效/Anticipation SFX/05 - Atmospheres/Atmospheres - Distortion/DS 09 Empty Factory.wav	Anticipation SFX（大气深沉1 · 大气转场撞击重低音气氛无损音效素材包）/05 - Atmospheres/Atmospheres - Distortion/DS 09 Empty Factory.wav	
/volume1/主目录/Collection/素材&模板&音库/音效/02_中文音效合集/气氛音乐音效/Anticipation SFX/05 - Atmospheres/Atmospheres - Space/SP 06 Outer Limits.wav	Anticipation SFX（大气深沉1 · 大气转场撞击重低音气氛无损音效素材包）/05 - Atmospheres/Atmospheres - Space/SP 06 Outer Limits.wav	
/volume1/主目录/Collection/素材&模板&音库/音效/02_中文音效合集/气氛音乐音效/Anticipation SFX/05 - Atmospheres/Atmospheres - Space/SP 07 Empty Cathedral.wav	Anticipation SFX（大气深沉1 · 大气转场撞击重低音气氛无损音效素材包）/05 - Atmospheres/Atmospheres - Space/SP 07 Empty Cathedral.wav	
/volume1/主目录/Collection/素材&模板&音库/音效/02_中文音效合集/气氛音乐音效/Anticipation SFX/05 - Atmospheres/Atmospheres - Space/SP 02 Summer Woods.wav	Anticipation SFX（大气深沉1 · 大气转场撞击重低音气氛无损音效素材包）/05 - Atmospheres/Atmospheres - Space/SP 02 Summer Woods.wav	
/volume1/主目录/Collection/素材&模板&音库/音效/02_中文音效合集/气氛音乐音效/Anticipation SFX/05 - Atmospheres/Atmospheres - Space/SP 12 Large Applause.wav	Anticipation SFX（大气深沉1 · 大气转场撞击重低音气氛无损音效素材包）/05 - Atmospheres/Atmospheres - Space/SP 12 Large Applause.wav	
/volume1/主目录/Collection/素材&模板&音库/音效/02_中文音效合集/气氛音乐音效/Anticipation SFX/05 - Atmospheres/Atmospheres - Space/SP 11 Large Applause Dry.wav	Anticipation SFX（大气深沉1 · 大气转场撞击重低音气氛无损音效素材包）/05 - Atmospheres/Atmospheres - Space/SP 11 Large Applause Dry.wav	
/volume1/主目录/Collection/素材&模板&音库/音效/02_中文音效合集/气氛音乐音效/Anticipation SFX/05 - Atmospheres/Atmospheres - Space/SP 04 New Life.wav	Anticipation SFX（大气深沉1 · 大气转场撞击重低音气氛无损音效素材包）/05 - Atmospheres/Atmospheres - Space/SP 04 New Life.wav	
/volume1/主目录/Collection/素材&模板&音库/音效/02_中文音效合集/气氛音乐音效/Anticipation SFX/05 - Atmospheres/Atmospheres - Space/SP 10 Fluorescent Room.wav	Anticipation SFX（大气深沉1 · 大气转场撞击重低音气氛无损音效素材包）/05 - Atmospheres/Atmospheres - Space/SP 10 Fluorescent Room.wav	
/volume1/主目录/Collection/素材&模板&音库/音效/02_中文音效合集/气氛音乐音效/Anticipation SFX/05 - Atmospheres/Atmospheres - Space/SP 03 Irish Storm.wav	Anticipation SFX（大气深沉1 · 大气转场撞击重低音气氛无损音效素材包）/05 - Atmospheres/Atmospheres - Space/SP 03 Irish Storm.wav	
/volume1/主目录/Collection/素材&模板&音库/音效/02_中文音效合集/气氛音乐音效/Anticipation SFX/05 - Atmospheres/Atmospheres - Space/SP 01 Bright Winds.wav	Anticipation SFX（大气深沉1 · 大气转场撞击重低音气氛无损音效素材包）/05 - Atmospheres/Atmospheres - Space/SP 01 Bright Winds.wav	
/volume1/主目录/Collection/素材&模板&音库/音效/02_中文音效合集/气氛音乐音效/Anticipation SFX/05 - Atmospheres/Atmospheres - Space/SP 13 Reception.wav	Anticipation SFX（大气深沉1 · 大气转场撞击重低音气氛无损音效素材包）/05 - Atmospheres/Atmospheres - Space/SP 13 Reception.wav	
/volume1/主目录/Collection/素材&模板&音库/音效/02_中文音效合集/气氛音乐音效/Anticipation SFX/05 - Atmospheres/Atmospheres - Space/SP 08 Empty Church.wav	Anticipation SFX（大气深沉1 · 大气转场撞击重低音气氛无损音效素材包）/05 - Atmospheres/Atmospheres - Space/SP 08 Empty Church.wav	
/volume1/主目录/Collection/素材&模板&音库/音效/02_中文音效合集/气氛音乐音效/Anticipation SFX/05 - Atmospheres/Atmospheres - Space/SP 09 Empty Factory.wav	Anticipation SFX（大气深沉1 · 大气转场撞击重低音气氛无损音效素材包）/05 - Atmospheres/Atmospheres - Space/SP 09 Empty Factory.wav	
/volume1/主目录/Collection/素材&模板&音库/音效/02_中文音效合集/气氛音乐音效/Anticipation SFX/05 - Atmospheres/Atmospheres - Space/SP 05 Night Winds.wav	Anticipation SFX（大气深沉1 · 大气转场撞击重低音气氛无损音效素材包）/05 - Atmospheres/Atmospheres - Space/SP 05 Night Winds.wav	
/volume1/主目录/Collection/素材&模板&音库/音效/02_中文音效合集/气氛音乐音效/Anticipation SFX/05 - Atmospheres/Atmospheres - Space/SP 14 Crowd Goes Quiet.wav	Anticipation SFX（大气深沉1 · 大气转场撞击重低音气氛无损音效素材包）/05 - Atmospheres/Atmospheres - Space/SP 14 Crowd Goes Quiet.wav	
/volume1/主目录/Collection/素材&模板&音库/音效/02_中文音效合集/气氛音乐音效/Anticipation SFX/05 - Atmospheres/Atmospheres/07 Empty Cathedral.wav	Anticipation SFX（大气深沉1 · 大气转场撞击重低音气氛无损音效素材包）/05 - Atmospheres/Atmospheres/07 Empty Cathedral.wav	
/volume1/主目录/Collection/素材&模板&音库/音效/02_中文音效合集/气氛音乐音效/Anticipation SFX/05 - Atmospheres/Atmospheres/11 Large Applause Dry.wav	Anticipation SFX（大气深沉1 · 大气转场撞击重低音气氛无损音效素材包）/05 - Atmospheres/Atmospheres/11 Large Applause Dry.wav	
/volume1/主目录/Collection/素材&模板&音库/音效/02_中文音效合集/气氛音乐音效/Anticipation SFX/05 - Atmospheres/Atmospheres/03 Irish Storm.wav	Anticipation SFX（大气深沉1 · 大气转场撞击重低音气氛无损音效素材包）/05 - Atmospheres/Atmospheres/03 Irish Storm.wav	
/volume1/主目录/Collection/素材&模板&音库/音效/02_中文音效合集/气氛音乐音效/Anticipation SFX/05 - Atmospheres/Atmospheres/10 Fluorescent Room.wav	Anticipation SFX（大气深沉1 · 大气转场撞击重低音气氛无损音效素材包）/05 - Atmospheres/Atmospheres/10 Fluorescent Room.wav	
/volume1/主目录/Collection/素材&模板&音库/音效/02_中文音效合集/气氛音乐音效/Anticipation SFX/05 - Atmospheres/Atmospheres/14 Crowd Goes Quiet.wav	Anticipation SFX（大气深沉1 · 大气转场撞击重低音气氛无损音效素材包）/05 - Atmospheres/Atmospheres/14 Crowd Goes Quiet.wav	
/volume1/主目录/Collection/素材&模板&音库/音效/02_中文音效合集/气氛音乐音效/Anticipation SFX/05 - Atmospheres/Atmospheres/09 Empty Factory.wav	Anticipation SFX（大气深沉1 · 大气转场撞击重低音气氛无损音效素材包）/05 - Atmospheres/Atmospheres/09 Empty Factory.wav	
/volume1/主目录/Collection/素材&模板&音库/音效/02_中文音效合集/气氛音乐音效/Anticipation SFX/05 - Atmospheres/Atmospheres/13 Reception.wav	Anticipation SFX（大气深沉1 · 大气转场撞击重低音气氛无损音效素材包）/05 - Atmospheres/Atmospheres/13 Reception.wav	
/volume1/主目录/Collection/素材&模板&音库/音效/02_中文音效合集/气氛音乐音效/Anticipation SFX/05 - Atmospheres/Atmospheres/02 Summer Woods.wav	Anticipation SFX（大气深沉1 · 大气转场撞击重低音气氛无损音效素材包）/05 - Atmospheres/Atmospheres/02 Summer Woods.wav	
/volume1/主目录/Collection/素材&模板&音库/音效/02_中文音效合集/气氛音乐音效/Anticipation SFX/05 - Atmospheres/Atmospheres/06 Outer Limits.wav	Anticipation SFX（大气深沉1 · 大气转场撞击重低音气氛无损音效素材包）/05 - Atmospheres/Atmospheres/06 Outer Limits.wav	
/volume1/主目录/Collection/素材&模板&音库/音效/02_中文音效合集/气氛音乐音效/Anticipation SFX/05 - Atmospheres/Atmospheres/04 New Life.wav	Anticipation SFX（大气深沉1 · 大气转场撞击重低音气氛无损音效素材包）/05 - Atmospheres/Atmospheres/04 New Life.wav	
/volume1/主目录/Collection/素材&模板&音库/音效/02_中文音效合集/气氛音乐音效/Anticipation SFX/05 - Atmospheres/Atmospheres/12 Large Applause.wav	Anticipation SFX（大气深沉1 · 大气转场撞击重低音气氛无损音效素材包）/05 - Atmospheres/Atmospheres/12 Large Applause.wav	
/volume1/主目录/Collection/素材&模板&音库/音效/02_中文音效合集/气氛音乐音效/Anticipation SFX/05 - Atmospheres/Atmospheres/08 Empty Church.wav	Anticipation SFX（大气深沉1 · 大气转场撞击重低音气氛无损音效素材包）/05 - Atmospheres/Atmospheres/08 Empty Church.wav	
/volume1/主目录/Collection/素材&模板&音库/音效/02_中文音效合集/气氛音乐音效/Anticipation SFX/03 - Whooshes/Whooshes - Tube/TB 08 Wind Whoosh.wav	Anticipation SFX（大气深沉1 · 大气转场撞击重低音气氛无损音效素材包）/03 - Whooshes/Whooshes - Tube/TB 08 Wind Whoosh.wav	
/volume1/主目录/Collection/素材&模板&音库/音效/02_中文音效合集/气氛音乐音效/Anticipation SFX/03 - Whooshes/Whooshes - Tube/TB 21 Sub Timelapse.wav	Anticipation SFX（大气深沉1 · 大气转场撞击重低音气氛无损音效素材包）/03 - Whooshes/Whooshes - Tube/TB 21 Sub Timelapse.wav	
/volume1/主目录/Collection/素材&模板&音库/音效/02_中文音效合集/气氛音乐音效/Anticipation SFX/03 - Whooshes/Whooshes - Tube/TB 04 Crisp A.wav	Anticipation SFX（大气深沉1 · 大气转场撞击重低音气氛无损音效素材包）/03 - Whooshes/Whooshes - Tube/TB 04 Crisp A.wav	
/volume1/主目录/Collection/素材&模板&音库/音效/02_中文音效合集/气氛音乐音效/Anticipation SFX/03 - Whooshes/Whooshes - Tube/TB 13 Slow Motion.wav	Anticipation SFX（大气深沉1 · 大气转场撞击重低音气氛无损音效素材包）/03 - Whooshes/Whooshes - Tube/TB 13 Slow Motion.wav	
/volume1/主目录/Collection/素材&模板&音库/音效/02_中文音效合集/气氛音乐音效/Anticipation SFX/03 - Whooshes/Whooshes - Tube/TB 05 Crisp B.wav	Anticipation SFX（大气深沉1 · 大气转场撞击重低音气氛无损音效素材包）/03 - Whooshes/Whooshes - Tube/TB 05 Crisp B.wav	
/volume1/主目录/Collection/素材&模板&音库/音效/02_中文音效合集/气氛音乐音效/Anticipation SFX/03 - Whooshes/Whooshes - Tube/TB 01 Pacific A.wav	Anticipation SFX（大气深沉1 · 大气转场撞击重低音气氛无损音效素材包）/03 - Whooshes/Whooshes - Tube/TB 01 Pacific A.wav	
/volume1/主目录/Collection/素材&模板&音库/音效/02_中文音效合集/气氛音乐音效/Anticipation SFX/03 - Whooshes/Whooshes - Tube/TB 15 Elemental.wav	Anticipation SFX（大气深沉1 · 大气转场撞击重低音气氛无损音效素材包）/03 - Whooshes/Whooshes - Tube/TB 15 Elemental.wav	
/volume1/主目录/Collection/素材&模板&音库/音效/02_中文音效合集/气氛音乐音效/Anticipation SFX/03 - Whooshes/Whooshes - Tube/TB 12 Gritty Whoosh.wav	Anticipation SFX（大气深沉1 · 大气转场撞击重低音气氛无损音效素材包）/03 - Whooshes/Whooshes - Tube/TB 12 Gritty Whoosh.wav	
/volume1/主目录/Collection/素材&模板&音库/音效/02_中文音效合集/气氛音乐音效/Anticipation SFX/03 - Whooshes/Whooshes - Tube/TB 18 Page Turner.wav	Anticipation SFX（大气深沉1 · 大气转场撞击重低音气氛无损音效素材包）/03 - Whooshes/Whooshes - Tube/TB 18 Page Turner.wav	
/volume1/主目录/Collection/素材&模板&音库/音效/02_中文音效合集/气氛音乐音效/Anticipation SFX/03 - Whooshes/Whooshes - Tube/TB 14 Super Slow.wav	Anticipation SFX（大气深沉1 · 大气转场撞击重低音气氛无损音效素材包）/03 - Whooshes/Whooshes - Tube/TB 14 Super Slow.wav	
/volume1/主目录/Collection/素材&模板&音库/音效/02_中文音效合集/气氛音乐音效/Anticipation SFX/03 - Whooshes/Whooshes - Tube/TB 22 Basic Timelapse.wav	Anticipation SFX（大气深沉1 · 大气转场撞击重低音气氛无损音效素材包）/03 - Whooshes/Whooshes - Tube/TB 22 Basic Timelapse.wav	
/volume1/主目录/Collection/素材&模板&音库/音效/02_中文音效合集/气氛音乐音效/Anticipation SFX/03 - Whooshes/Whooshes - Tube/TB 17 Tonal Whoosh.wav	Anticipation SFX（大气深沉1 · 大气转场撞击重低音气氛无损音效素材包）/03 - Whooshes/Whooshes - Tube/TB 17 Tonal Whoosh.wav	
/volume1/主目录/Collection/素材&模板&音库/音效/02_中文音效合集/气氛音乐音效/Anticipation SFX/03 - Whooshes/Whooshes - Tube/TB 11 Short Sub.wav	Anticipation SFX（大气深沉1 · 大气转场撞击重低音气氛无损音效素材包）/03 - Whooshes/Whooshes - Tube/TB 11 Short Sub.wav	
/volume1/主目录/Collection/素材&模板&音库/音效/02_中文音效合集/气氛音乐音效/Anticipation SFX/03 - Whooshes/Whooshes - Tube/TB 02 Pacific B.wav	Anticipation SFX（大气深沉1 · 大气转场撞击重低音气氛无损音效素材包）/03 - Whooshes/Whooshes - Tube/TB 02 Pacific B.wav	
/volume1/主目录/Collection/素材&模板&音库/音效/02_中文音效合集/气氛音乐音效/Anticipation SFX/03 - Whooshes/Whooshes - Tube/TB 24 City Timelapse.wav	Anticipation SFX（大气深沉1 · 大气转场撞击重低音气氛无损音效素材包）/03 - Whooshes/Whooshes - Tube/TB 24 City Timelapse.wav	
/volume1/主目录/Collection/素材&模板&音库/音效/02_中文音效合集/气氛音乐音效/Anticipation SFX/03 - Whooshes/Whooshes - Tube/TB 03 Pacific C.wav	Anticipation SFX（大气深沉1 · 大气转场撞击重低音气氛无损音效素材包）/03 - Whooshes/Whooshes - Tube/TB 03 Pacific C.wav	
/volume1/主目录/Collection/素材&模板&音库/音效/02_中文音效合集/气氛音乐音效/Anticipation SFX/03 - Whooshes/Whooshes - Tube/TB 06 Bright Fly By.wav	Anticipation SFX（大气深沉1 · 大气转场撞击重低音气氛无损音效素材包）/03 - Whooshes/Whooshes - Tube/TB 06 Bright Fly By.wav	
/volume1/主目录/Collection/素材&模板&音库/音效/02_中文音效合集/气氛音乐音效/Anticipation SFX/03 - Whooshes/Whooshes - Tube/TB 20 Cold Timelapse.wav	Anticipation SFX（大气深沉1 · 大气转场撞击重低音气氛无损音效素材包）/03 - Whooshes/Whooshes - Tube/TB 20 Cold Timelapse.wav	
/volume1/主目录/Collection/素材&模板&音库/音效/02_中文音效合集/气氛音乐音效/Anticipation SFX/03 - Whooshes/Whooshes - Tube/TB 19 Light Timelapse.wav	Anticipation SFX（大气深沉1 · 大气转场撞击重低音气氛无损音效素材包）/03 - Whooshes/Whooshes - Tube/TB 19 Light Timelapse.wav	
/volume1/主目录/Collection/素材&模板&音库/音效/02_中文音效合集/气氛音乐音效/Anticipation SFX/03 - Whooshes/Whooshes - Tube/TB 16 Sheet Slide.wav	Anticipation SFX（大气深沉1 · 大气转场撞击重低音气氛无损音效素材包）/03 - Whooshes/Whooshes - Tube/TB 16 Sheet Slide.wav	
/volume1/主目录/Collection/素材&模板&音库/音效/02_中文音效合集/气氛音乐音效/Anticipation SFX/03 - Whooshes/Whooshes - Tube/TB 23 Quick Timelapse.wav	Anticipation SFX（大气深沉1 · 大气转场撞击重低音气氛无损音效素材包）/03 - Whooshes/Whooshes - Tube/TB 23 Quick Timelapse.wav	
/volume1/主目录/Collection/素材&模板&音库/音效/02_中文音效合集/气氛音乐音效/Anticipation SFX/03 - Whooshes/Whooshes - Tube/TB 07 Jetset.wav	Anticipation SFX（大气深沉1 · 大气转场撞击重低音气氛无损音效素材包）/03 - Whooshes/Whooshes - Tube/TB 07 Jetset.wav	
/volume1/主目录/Collection/素材&模板&音库/音效/02_中文音效合集/气氛音乐音效/Anticipation SFX/03 - Whooshes/Whooshes - Tube/TB 10 Long Sub.wav	Anticipation SFX（大气深沉1 · 大气转场撞击重低音气氛无损音效素材包）/03 - Whooshes/Whooshes - Tube/TB 10 Long Sub.wav	
/volume1/主目录/Collection/素材&模板&音库/音效/02_中文音效合集/气氛音乐音效/Anticipation SFX/03 - Whooshes/Whooshes - Tube/TB 09 Base Whoosh.wav	Anticipation SFX（大气深沉1 · 大气转场撞击重低音气氛无损音效素材包）/03 - Whooshes/Whooshes - Tube/TB 09 Base Whoosh.wav	
/volume1/主目录/Collection/素材&模板&音库/音效/02_中文音效合集/气氛音乐音效/Anticipation SFX/03 - Whooshes/Whooshes/23 Quick Timelapse.wav	Anticipation SFX（大气深沉1 · 大气转场撞击重低音气氛无损音效素材包）/03 - Whooshes/Whooshes/23 Quick Timelapse.wav	
/volume1/主目录/Collection/素材&模板&音库/音效/02_中文音效合集/气氛音乐音效/Anticipation SFX/03 - Whooshes/Whooshes/06 Bright Fly By.wav	Anticipation SFX（大气深沉1 · 大气转场撞击重低音气氛无损音效素材包）/03 - Whooshes/Whooshes/06 Bright Fly By.wav	
/volume1/主目录/Collection/素材&模板&音库/音效/02_中文音效合集/气氛音乐音效/Anticipation SFX/03 - Whooshes/Whooshes/10 Long Sub.wav 96000.pek	Anticipation SFX（大气深沉1 · 大气转场撞击重低音气氛无损音效素材包）/03 - Whooshes/Whooshes/10 Long Sub.wav 96000.pek	
/volume1/主目录/Collection/素材&模板&音库/音效/02_中文音效合集/气氛音乐音效/Anticipation SFX/03 - Whooshes/Whooshes/12 Gritty Whoosh.wav	Anticipation SFX（大气深沉1 · 大气转场撞击重低音气氛无损音效素材包）/03 - Whooshes/Whooshes/12 Gritty Whoosh.wav	
/volume1/主目录/Collection/素材&模板&音库/音效/02_中文音效合集/气氛音乐音效/Anticipation SFX/03 - Whooshes/Whooshes/03 Pacific C.wav	Anticipation SFX（大气深沉1 · 大气转场撞击重低音气氛无损音效素材包）/03 - Whooshes/Whooshes/03 Pacific C.wav	
/volume1/主目录/Collection/素材&模板&音库/音效/02_中文音效合集/气氛音乐音效/Anticipation SFX/03 - Whooshes/Whooshes/02 Pacific B.wav	Anticipation SFX（大气深沉1 · 大气转场撞击重低音气氛无损音效素材包）/03 - Whooshes/Whooshes/02 Pacific B.wav	
/volume1/主目录/Collection/素材&模板&音库/音效/02_中文音效合集/气氛音乐音效/Anticipation SFX/03 - Whooshes/Whooshes/08 Wind Whoosh.wav 96000.pek	Anticipation SFX（大气深沉1 · 大气转场撞击重低音气氛无损音效素材包）/03 - Whooshes/Whooshes/08 Wind Whoosh.wav 96000.pek	
/volume1/主目录/Collection/素材&模板&音库/音效/02_中文音效合集/气氛音乐音效/Anticipation SFX/03 - Whooshes/Whooshes/01 Pacific A.wav	Anticipation SFX（大气深沉1 · 大气转场撞击重低音气氛无损音效素材包）/03 - Whooshes/Whooshes/01 Pacific A.wav	
/volume1/主目录/Collection/素材&模板&音库/音效/02_中文音效合集/气氛音乐音效/Anticipation SFX/03 - Whooshes/Whooshes/06 Bright Fly By.wav 96000.pek	Anticipation SFX（大气深沉1 · 大气转场撞击重低音气氛无损音效素材包）/03 - Whooshes/Whooshes/06 Bright Fly By.wav 96000.pek	
/volume1/主目录/Collection/素材&模板&音库/音效/02_中文音效合集/气氛音乐音效/Anticipation SFX/03 - Whooshes/Whooshes/09 Base Whoosh.wav	Anticipation SFX（大气深沉1 · 大气转场撞击重低音气氛无损音效素材包）/03 - Whooshes/Whooshes/09 Base Whoosh.wav	
/volume1/主目录/Collection/素材&模板&音库/音效/02_中文音效合集/气氛音乐音效/Anticipation SFX/03 - Whooshes/Whooshes/17 Tonal Whoosh.wav	Anticipation SFX（大气深沉1 · 大气转场撞击重低音气氛无损音效素材包）/03 - Whooshes/Whooshes/17 Tonal Whoosh.wav	
/volume1/主目录/Collection/素材&模板&音库/音效/02_中文音效合集/气氛音乐音效/Anticipation SFX/03 - Whooshes/Whooshes/05 Crisp B.wav	Anticipation SFX（大气深沉1 · 大气转场撞击重低音气氛无损音效素材包）/03 - Whooshes/Whooshes/05 Crisp B.wav	
/volume1/主目录/Collection/素材&模板&音库/音效/02_中文音效合集/气氛音乐音效/Anticipation SFX/03 - Whooshes/Whooshes/16 Sheet Slide.wav	Anticipation SFX（大气深沉1 · 大气转场撞击重低音气氛无损音效素材包）/03 - Whooshes/Whooshes/16 Sheet Slide.wav	
/volume1/主目录/Collection/素材&模板&音库/音效/02_中文音效合集/气氛音乐音效/Anticipation SFX/03 - Whooshes/Whooshes/22 Basic Timelapse.wav	Anticipation SFX（大气深沉1 · 大气转场撞击重低音气氛无损音效素材包）/03 - Whooshes/Whooshes/22 Basic Timelapse.wav	
/volume1/主目录/Collection/素材&模板&音库/音效/02_中文音效合集/气氛音乐音效/Anticipation SFX/03 - Whooshes/Whooshes/19 Light Timelapse.wav	Anticipation SFX（大气深沉1 · 大气转场撞击重低音气氛无损音效素材包）/03 - Whooshes/Whooshes/19 Light Timelapse.wav	
/volume1/主目录/Collection/素材&模板&音库/音效/02_中文音效合集/气氛音乐音效/Anticipation SFX/03 - Whooshes/Whooshes/18 Page Turner.wav	Anticipation SFX（大气深沉1 · 大气转场撞击重低音气氛无损音效素材包）/03 - Whooshes/Whooshes/18 Page Turner.wav	
/volume1/主目录/Collection/素材&模板&音库/音效/02_中文音效合集/气氛音乐音效/Anticipation SFX/03 - Whooshes/Whooshes/24 City Timelapse.wav	Anticipation SFX（大气深沉1 · 大气转场撞击重低音气氛无损音效素材包）/03 - Whooshes/Whooshes/24 City Timelapse.wav	
/volume1/主目录/Collection/素材&模板&音库/音效/02_中文音效合集/气氛音乐音效/Anticipation SFX/03 - Whooshes/Whooshes/21 Sub Timelapse.wav	Anticipation SFX（大气深沉1 · 大气转场撞击重低音气氛无损音效素材包）/03 - Whooshes/Whooshes/21 Sub Timelapse.wav	
/volume1/主目录/Collection/素材&模板&音库/音效/02_中文音效合集/气氛音乐音效/Anticipation SFX/03 - Whooshes/Whooshes/11 Short Sub.wav	Anticipation SFX（大气深沉1 · 大气转场撞击重低音气氛无损音效素材包）/03 - Whooshes/Whooshes/11 Short Sub.wav	
/volume1/主目录/Collection/素材&模板&音库/音效/02_中文音效合集/气氛音乐音效/Anticipation SFX/03 - Whooshes/Whooshes/15 Elemental.wav	Anticipation SFX（大气深沉1 · 大气转场撞击重低音气氛无损音效素材包）/03 - Whooshes/Whooshes/15 Elemental.wav	
/volume1/主目录/Collection/素材&模板&音库/音效/02_中文音效合集/气氛音乐音效/Anticipation SFX/03 - Whooshes/Whooshes/08 Wind Whoosh.wav	Anticipation SFX（大气深沉1 · 大气转场撞击重低音气氛无损音效素材包）/03 - Whooshes/Whooshes/08 Wind Whoosh.wav	
/volume1/主目录/Collection/素材&模板&音库/音效/02_中文音效合集/气氛音乐音效/Anticipation SFX/03 - Whooshes/Whooshes/04 Crisp A.wav	Anticipation SFX（大气深沉1 · 大气转场撞击重低音气氛无损音效素材包）/03 - Whooshes/Whooshes/04 Crisp A.wav	
/volume1/主目录/Collection/素材&模板&音库/音效/02_中文音效合集/气氛音乐音效/Anticipation SFX/03 - Whooshes/Whooshes/03 Pacific C.wav 96000.pek	Anticipation SFX（大气深沉1 · 大气转场撞击重低音气氛无损音效素材包）/03 - Whooshes/Whooshes/03 Pacific C.wav 96000.pek	
/volume1/主目录/Collection/素材&模板&音库/音效/02_中文音效合集/气氛音乐音效/Anticipation SFX/03 - Whooshes/Whooshes/20 Cold Timelapse.wav	Anticipation SFX（大气深沉1 · 大气转场撞击重低音气氛无损音效素材包）/03 - Whooshes/Whooshes/20 Cold Timelapse.wav	
/volume1/主目录/Collection/素材&模板&音库/音效/02_中文音效合集/气氛音乐音效/Anticipation SFX/03 - Whooshes/Whooshes/12 Gritty Whoosh.wav 96000.pek	Anticipation SFX（大气深沉1 · 大气转场撞击重低音气氛无损音效素材包）/03 - Whooshes/Whooshes/12 Gritty Whoosh.wav 96000.pek	
/volume1/主目录/Collection/素材&模板&音库/音效/02_中文音效合集/气氛音乐音效/Anticipation SFX/03 - Whooshes/Whooshes/07 Jetset.wav	Anticipation SFX（大气深沉1 · 大气转场撞击重低音气氛无损音效素材包）/03 - Whooshes/Whooshes/07 Jetset.wav	
/volume1/主目录/Collection/素材&模板&音库/音效/02_中文音效合集/气氛音乐音效/Anticipation SFX/03 - Whooshes/Whooshes/14 Super Slow.wav	Anticipation SFX（大气深沉1 · 大气转场撞击重低音气氛无损音效素材包）/03 - Whooshes/Whooshes/14 Super Slow.wav	
/volume1/主目录/Collection/素材&模板&音库/音效/02_中文音效合集/气氛音乐音效/Anticipation SFX/03 - Whooshes/Whooshes - Space/SP 05 Crisp B.wav	Anticipation SFX（大气深沉1 · 大气转场撞击重低音气氛无损音效素材包）/03 - Whooshes/Whooshes - Space/SP 05 Crisp B.wav	
/volume1/主目录/Collection/素材&模板&音库/音效/02_中文音效合集/气氛音乐音效/Anticipation SFX/03 - Whooshes/Whooshes - Space/SP 06 Bright Fly By.wav	Anticipation SFX（大气深沉1 · 大气转场撞击重低音气氛无损音效素材包）/03 - Whooshes/Whooshes - Space/SP 06 Bright Fly By.wav	
/volume1/主目录/Collection/素材&模板&音库/音效/02_中文音效合集/气氛音乐音效/Anticipation SFX/03 - Whooshes/Whooshes - Space/SP 22 Basic Timelapse.wav	Anticipation SFX（大气深沉1 · 大气转场撞击重低音气氛无损音效素材包）/03 - Whooshes/Whooshes - Space/SP 22 Basic Timelapse.wav	
/volume1/主目录/Collection/素材&模板&音库/音效/02_中文音效合集/气氛音乐音效/Anticipation SFX/03 - Whooshes/Whooshes - Space/SP 13 Slow Motion.wav 96000.pek	Anticipation SFX（大气深沉1 · 大气转场撞击重低音气氛无损音效素材包）/03 - Whooshes/Whooshes - Space/SP 13 Slow Motion.wav 96000.pek	
/volume1/主目录/Collection/素材&模板&音库/音效/02_中文音效合集/气氛音乐音效/Anticipation SFX/03 - Whooshes/Whooshes - Space/SP 20 Cold Timelapse.wav	Anticipation SFX（大气深沉1 · 大气转场撞击重低音气氛无损音效素材包）/03 - Whooshes/Whooshes - Space/SP 20 Cold Timelapse.wav	
/volume1/主目录/Collection/素材&模板&音库/音效/02_中文音效合集/气氛音乐音效/Anticipation SFX/03 - Whooshes/Whooshes - Space/SP 08 Wind Whoosh.wav	Anticipation SFX（大气深沉1 · 大气转场撞击重低音气氛无损音效素材包）/03 - Whooshes/Whooshes - Space/SP 08 Wind Whoosh.wav	
/volume1/主目录/Collection/素材&模板&音库/音效/02_中文音效合集/气氛音乐音效/Anticipation SFX/03 - Whooshes/Whooshes - Space/SP 07 Jetset.wav	Anticipation SFX（大气深沉1 · 大气转场撞击重低音气氛无损音效素材包）/03 - Whooshes/Whooshes - Space/SP 07 Jetset.wav	
/volume1/主目录/Collection/素材&模板&音库/音效/02_中文音效合集/气氛音乐音效/Anticipation SFX/03 - Whooshes/Whooshes - Space/SP 16 Sheet Slide.wav	Anticipation SFX（大气深沉1 · 大气转场撞击重低音气氛无损音效素材包）/03 - Whooshes/Whooshes - Space/SP 16 Sheet Slide.wav	
/volume1/主目录/Collection/素材&模板&音库/音效/02_中文音效合集/气氛音乐音效/Anticipation SFX/03 - Whooshes/Whooshes - Space/SP 02 Pacific B.wav	Anticipation SFX（大气深沉1 · 大气转场撞击重低音气氛无损音效素材包）/03 - Whooshes/Whooshes - Space/SP 02 Pacific B.wav	
/volume1/主目录/Collection/素材&模板&音库/音效/02_中文音效合集/气氛音乐音效/Anticipation SFX/03 - Whooshes/Whooshes - Space/SP 14 Super Slow.wav	Anticipation SFX（大气深沉1 · 大气转场撞击重低音气氛无损音效素材包）/03 - Whooshes/Whooshes - Space/SP 14 Super Slow.wav	
/volume1/主目录/Collection/素材&模板&音库/音效/02_中文音效合集/气氛音乐音效/Anticipation SFX/03 - Whooshes/Whooshes - Space/SP 04 Crisp A.wav	Anticipation SFX（大气深沉1 · 大气转场撞击重低音气氛无损音效素材包）/03 - Whooshes/Whooshes - Space/SP 04 Crisp A.wav	
/volume1/主目录/Collection/素材&模板&音库/音效/02_中文音效合集/气氛音乐音效/Anticipation SFX/03 - Whooshes/Whooshes - Space/SP 12 Gritty Whoosh.wav	Anticipation SFX（大气深沉1 · 大气转场撞击重低音气氛无损音效素材包）/03 - Whooshes/Whooshes - Space/SP 12 Gritty Whoosh.wav	
/volume1/主目录/Collection/素材&模板&音库/音效/02_中文音效合集/气氛音乐音效/Anticipation SFX/03 - Whooshes/Whooshes - Space/SP 19 Light Timelapse.wav	Anticipation SFX（大气深沉1 · 大气转场撞击重低音气氛无损音效素材包）/03 - Whooshes/Whooshes - Space/SP 19 Light Timelapse.wav	
/volume1/主目录/Collection/素材&模板&音库/音效/02_中文音效合集/气氛音乐音效/Anticipation SFX/03 - Whooshes/Whooshes - Space/SP 13 Slow Motion.wav	Anticipation SFX（大气深沉1 · 大气转场撞击重低音气氛无损音效素材包）/03 - Whooshes/Whooshes - Space/SP 13 Slow Motion.wav	
/volume1/主目录/Collection/素材&模板&音库/音效/02_中文音效合集/气氛音乐音效/Anticipation SFX/03 - Whooshes/Whooshes - Space/SP 15 Elemental.wav	Anticipation SFX（大气深沉1 · 大气转场撞击重低音气氛无损音效素材包）/03 - Whooshes/Whooshes - Space/SP 15 Elemental.wav	
/volume1/主目录/Collection/素材&模板&音库/音效/02_中文音效合集/气氛音乐音效/Anticipation SFX/03 - Whooshes/Whooshes - Space/SP 17 Tonal Whoosh.wav	Anticipation SFX（大气深沉1 · 大气转场撞击重低音气氛无损音效素材包）/03 - Whooshes/Whooshes - Space/SP 17 Tonal Whoosh.wav	
/volume1/主目录/Collection/素材&模板&音库/音效/02_中文音效合集/气氛音乐音效/Anticipation SFX/03 - Whooshes/Whooshes - Space/SP 01 Pacific A.wav	Anticipation SFX（大气深沉1 · 大气转场撞击重低音气氛无损音效素材包）/03 - Whooshes/Whooshes - Space/SP 01 Pacific A.wav	
/volume1/主目录/Collection/素材&模板&音库/音效/02_中文音效合集/气氛音乐音效/Anticipation SFX/03 - Whooshes/Whooshes - Space/SP 24 City Timelapse.wav	Anticipation SFX（大气深沉1 · 大气转场撞击重低音气氛无损音效素材包）/03 - Whooshes/Whooshes - Space/SP 24 City Timelapse.wav	
/volume1/主目录/Collection/素材&模板&音库/音效/02_中文音效合集/气氛音乐音效/Anticipation SFX/03 - Whooshes/Whooshes - Space/SP 11 Short Sub.wav	Anticipation SFX（大气深沉1 · 大气转场撞击重低音气氛无损音效素材包）/03 - Whooshes/Whooshes - Space/SP 11 Short Sub.wav	
/volume1/主目录/Collection/素材&模板&音库/音效/02_中文音效合集/气氛音乐音效/Anticipation SFX/03 - Whooshes/Whooshes - Space/SP 23 Quick Timelapse.wav	Anticipation SFX（大气深沉1 · 大气转场撞击重低音气氛无损音效素材包）/03 - Whooshes/Whooshes - Space/SP 23 Quick Timelapse.wav	
/volume1/主目录/Collection/素材&模板&音库/音效/02_中文音效合集/气氛音乐音效/Anticipation SFX/03 - Whooshes/Whooshes - Space/SP 09 Base Whoosh.wav	Anticipation SFX（大气深沉1 · 大气转场撞击重低音气氛无损音效素材包）/03 - Whooshes/Whooshes - Space/SP 09 Base Whoosh.wav	
/volume1/主目录/Collection/素材&模板&音库/音效/02_中文音效合集/气氛音乐音效/Anticipation SFX/03 - Whooshes/Whooshes - Space/SP 03 Pacific C.wav	Anticipation SFX（大气深沉1 · 大气转场撞击重低音气氛无损音效素材包）/03 - Whooshes/Whooshes - Space/SP 03 Pacific C.wav	
/volume1/主目录/Collection/素材&模板&音库/音效/02_中文音效合集/气氛音乐音效/Anticipation SFX/03 - Whooshes/Whooshes - Space/SP 18 Page Turner.wav	Anticipation SFX（大气深沉1 · 大气转场撞击重低音气氛无损音效素材包）/03 - Whooshes/Whooshes - Space/SP 18 Page Turner.wav	
/volume1/主目录/Collection/素材&模板&音库/音效/02_中文音效合集/气氛音乐音效/Anticipation SFX/03 - Whooshes/Whooshes - Distortion/DS 14 Super Slow.wav	Anticipation SFX（大气深沉1 · 大气转场撞击重低音气氛无损音效素材包）/03 - Whooshes/Whooshes - Distortion/DS 14 Super Slow.wav	
/volume1/主目录/Collection/素材&模板&音库/音效/02_中文音效合集/气氛音乐音效/Anticipation SFX/03 - Whooshes/Whooshes - Distortion/DS 06 Bright Fly By.wav	Anticipation SFX（大气深沉1 · 大气转场撞击重低音气氛无损音效素材包）/03 - Whooshes/Whooshes - Distortion/DS 06 Bright Fly By.wav	
/volume1/主目录/Collection/素材&模板&音库/音效/02_中文音效合集/气氛音乐音效/Anticipation SFX/03 - Whooshes/Whooshes - Distortion/DS 19 Light Timelapse.wav	Anticipation SFX（大气深沉1 · 大气转场撞击重低音气氛无损音效素材包）/03 - Whooshes/Whooshes - Distortion/DS 19 Light Timelapse.wav	
/volume1/主目录/Collection/素材&模板&音库/音效/02_中文音效合集/气氛音乐音效/Anticipation SFX/03 - Whooshes/Whooshes - Distortion/DS 04 Crisp A.wav	Anticipation SFX（大气深沉1 · 大气转场撞击重低音气氛无损音效素材包）/03 - Whooshes/Whooshes - Distortion/DS 04 Crisp A.wav	
/volume1/主目录/Collection/素材&模板&音库/音效/02_中文音效合集/气氛音乐音效/Anticipation SFX/03 - Whooshes/Whooshes - Distortion/DS 15 Elemental.wav	Anticipation SFX（大气深沉1 · 大气转场撞击重低音气氛无损音效素材包）/03 - Whooshes/Whooshes - Distortion/DS 15 Elemental.wav	
/volume1/主目录/Collection/素材&模板&音库/音效/02_中文音效合集/气氛音乐音效/Anticipation SFX/03 - Whooshes/Whooshes - Distortion/DS 13 Slow Motion.wav	Anticipation SFX（大气深沉1 · 大气转场撞击重低音气氛无损音效素材包）/03 - Whooshes/Whooshes - Distortion/DS 13 Slow Motion.wav	
/volume1/主目录/Collection/素材&模板&音库/音效/02_中文音效合集/气氛音乐音效/Anticipation SFX/03 - Whooshes/Whooshes - Distortion/DS 20 Cold Timelapse.wav	Anticipation SFX（大气深沉1 · 大气转场撞击重低音气氛无损音效素材包）/03 - Whooshes/Whooshes - Distortion/DS 20 Cold Timelapse.wav	
/volume1/主目录/Collection/素材&模板&音库/音效/02_中文音效合集/气氛音乐音效/Anticipation SFX/03 - Whooshes/Whooshes - Distortion/DS 18 Page Turner.wav	Anticipation SFX（大气深沉1 · 大气转场撞击重低音气氛无损音效素材包）/03 - Whooshes/Whooshes - Distortion/DS 18 Page Turner.wav	
/volume1/主目录/Collection/素材&模板&音库/音效/02_中文音效合集/气氛音乐音效/Anticipation SFX/03 - Whooshes/Whooshes - Distortion/DS 16 Sheet Slide.wav	Anticipation SFX（大气深沉1 · 大气转场撞击重低音气氛无损音效素材包）/03 - Whooshes/Whooshes - Distortion/DS 16 Sheet Slide.wav	
/volume1/主目录/Collection/素材&模板&音库/音效/02_中文音效合集/气氛音乐音效/Anticipation SFX/03 - Whooshes/Whooshes - Distortion/DS 09 Base Whoosh.wav	Anticipation SFX（大气深沉1 · 大气转场撞击重低音气氛无损音效素材包）/03 - Whooshes/Whooshes - Distortion/DS 09 Base Whoosh.wav	
/volume1/主目录/Collection/素材&模板&音库/音效/02_中文音效合集/气氛音乐音效/Anticipation SFX/03 - Whooshes/Whooshes - Distortion/DS 11 Short Sub.wav	Anticipation SFX（大气深沉1 · 大气转场撞击重低音气氛无损音效素材包）/03 - Whooshes/Whooshes - Distortion/DS 11 Short Sub.wav	
/volume1/主目录/Collection/素材&模板&音库/音效/02_中文音效合集/气氛音乐音效/Anticipation SFX/03 - Whooshes/Whooshes - Distortion/DS 10 Long Sub.wav	Anticipation SFX（大气深沉1 · 大气转场撞击重低音气氛无损音效素材包）/03 - Whooshes/Whooshes - Distortion/DS 10 Long Sub.wav	
/volume1/主目录/Collection/素材&模板&音库/音效/02_中文音效合集/气氛音乐音效/Anticipation SFX/03 - Whooshes/Whooshes - Distortion/DS 24 City Timelapse.wav	Anticipation SFX（大气深沉1 · 大气转场撞击重低音气氛无损音效素材包）/03 - Whooshes/Whooshes - Distortion/DS 24 City Timelapse.wav	
/volume1/主目录/Collection/素材&模板&音库/音效/02_中文音效合集/气氛音乐音效/Anticipation SFX/03 - Whooshes/Whooshes - Distortion/DS 05 Crisp B.wav	Anticipation SFX（大气深沉1 · 大气转场撞击重低音气氛无损音效素材包）/03 - Whooshes/Whooshes - Distortion/DS 05 Crisp B.wav	
/volume1/主目录/Collection/素材&模板&音库/音效/02_中文音效合集/气氛音乐音效/Anticipation SFX/03 - Whooshes/Whooshes - Distortion/DS 01 Pacific A.wav	Anticipation SFX（大气深沉1 · 大气转场撞击重低音气氛无损音效素材包）/03 - Whooshes/Whooshes - Distortion/DS 01 Pacific A.wav	
/volume1/主目录/Collection/素材&模板&音库/音效/02_中文音效合集/气氛音乐音效/Anticipation SFX/03 - Whooshes/Whooshes - Distortion/DS 08 Wind Whoosh.wav	Anticipation SFX（大气深沉1 · 大气转场撞击重低音气氛无损音效素材包）/03 - Whooshes/Whooshes - Distortion/DS 08 Wind Whoosh.wav	
/volume1/主目录/Collection/素材&模板&音库/音效/02_中文音效合集/气氛音乐音效/Anticipation SFX/03 - Whooshes/Whooshes - Distortion/DS 02 Pacific B.wav	Anticipation SFX（大气深沉1 · 大气转场撞击重低音气氛无损音效素材包）/03 - Whooshes/Whooshes - Distortion/DS 02 Pacific B.wav	
/volume1/主目录/Collection/素材&模板&音库/音效/02_中文音效合集/气氛音乐音效/Anticipation SFX/03 - Whooshes/Whooshes - Distortion/DS 22 Basic Timelapse.wav	Anticipation SFX（大气深沉1 · 大气转场撞击重低音气氛无损音效素材包）/03 - Whooshes/Whooshes - Distortion/DS 22 Basic Timelapse.wav	
/volume1/主目录/Collection/素材&模板&音库/音效/02_中文音效合集/气氛音乐音效/Anticipation SFX/03 - Whooshes/Whooshes - Distortion/DS 21 Sub Timelapse.wav	Anticipation SFX（大气深沉1 · 大气转场撞击重低音气氛无损音效素材包）/03 - Whooshes/Whooshes - Distortion/DS 21 Sub Timelapse.wav	
/volume1/主目录/Collection/素材&模板&音库/音效/02_中文音效合集/气氛音乐音效/Anticipation SFX/03 - Whooshes/Whooshes - Distortion/DS 12 Gritty Whoosh.wav	Anticipation SFX（大气深沉1 · 大气转场撞击重低音气氛无损音效素材包）/03 - Whooshes/Whooshes - Distortion/DS 12 Gritty Whoosh.wav	
/volume1/主目录/Collection/素材&模板&音库/音效/02_中文音效合集/气氛音乐音效/Anticipation SFX/03 - Whooshes/Whooshes - Distortion/DS 03 Pacific C.wav	Anticipation SFX（大气深沉1 · 大气转场撞击重低音气氛无损音效素材包）/03 - Whooshes/Whooshes - Distortion/DS 03 Pacific C.wav	
/volume1/主目录/Collection/素材&模板&音库/音效/02_中文音效合集/气氛音乐音效/Anticipation SFX/03 - Whooshes/Whooshes - Distortion/DS 23 Quick Timelapse.wav	Anticipation SFX（大气深沉1 · 大气转场撞击重低音气氛无损音效素材包）/03 - Whooshes/Whooshes - Distortion/DS 23 Quick Timelapse.wav	
/volume1/主目录/Collection/素材&模板&音库/音效/02_中文音效合集/气氛音乐音效/Anticipation SFX/03 - Whooshes/Whooshes - Distortion/DS 17 Tonal Whoosh.wav	Anticipation SFX（大气深沉1 · 大气转场撞击重低音气氛无损音效素材包）/03 - Whooshes/Whooshes - Distortion/DS 17 Tonal Whoosh.wav	
/volume1/主目录/Collection/素材&模板&音库/音效/02_中文音效合集/气氛音乐音效/Anticipation SFX/03 - Whooshes/Whooshes - Distortion/DS 07 Jetset.wav	Anticipation SFX（大气深沉1 · 大气转场撞击重低音气氛无损音效素材包）/03 - Whooshes/Whooshes - Distortion/DS 07 Jetset.wav	
/volume1/主目录/Collection/素材&模板&音库/音效/02_中文音效合集/气氛音乐音效/Anticipation SFX/01 - Risers/Risers - Space/SP 03 Feelings.wav	Anticipation SFX（大气深沉1 · 大气转场撞击重低音气氛无损音效素材包）/01 - Risers/Risers - Space/SP 03 Feelings.wav	
/volume1/主目录/Collection/素材&模板&音库/音效/02_中文音效合集/气氛音乐音效/Anticipation SFX/01 - Risers/Risers - Space/SP 08 Intense.wav	Anticipation SFX（大气深沉1 · 大气转场撞击重低音气氛无损音效素材包）/01 - Risers/Risers - Space/SP 08 Intense.wav	
/volume1/主目录/Collection/素材&模板&音库/音效/02_中文音效合集/气氛音乐音效/Anticipation SFX/01 - Risers/Risers - Space/SP 06 Grand.wav	Anticipation SFX（大气深沉1 · 大气转场撞击重低音气氛无损音效素材包）/01 - Risers/Risers - Space/SP 06 Grand.wav	
/volume1/主目录/Collection/素材&模板&音库/音效/02_中文音效合集/气氛音乐音效/Anticipation SFX/01 - Risers/Risers - Space/SP 05 Morning.wav	Anticipation SFX（大气深沉1 · 大气转场撞击重低音气氛无损音效素材包）/01 - Risers/Risers - Space/SP 05 Morning.wav	
/volume1/主目录/Collection/素材&模板&音库/音效/02_中文音效合集/气氛音乐音效/Anticipation SFX/01 - Risers/Risers - Space/SP 12 Stadium Pressure.wav	Anticipation SFX（大气深沉1 · 大气转场撞击重低音气氛无损音效素材包）/01 - Risers/Risers - Space/SP 12 Stadium Pressure.wav	
/volume1/主目录/Collection/素材&模板&音库/音效/02_中文音效合集/气氛音乐音效/Anticipation SFX/01 - Risers/Risers - Space/SP 01 Daybreak.wav	Anticipation SFX（大气深沉1 · 大气转场撞击重低音气氛无损音效素材包）/01 - Risers/Risers - Space/SP 01 Daybreak.wav	
/volume1/主目录/Collection/素材&模板&音库/音效/02_中文音效合集/气氛音乐音效/Anticipation SFX/01 - Risers/Risers - Space/SP 07 Ascend.wav	Anticipation SFX（大气深沉1 · 大气转场撞击重低音气氛无损音效素材包）/01 - Risers/Risers - Space/SP 07 Ascend.wav	
/volume1/主目录/Collection/素材&模板&音库/音效/02_中文音效合集/气氛音乐音效/Anticipation SFX/01 - Risers/Risers - Space/SP 04 The Approach.wav	Anticipation SFX（大气深沉1 · 大气转场撞击重低音气氛无损音效素材包）/01 - Risers/Risers - Space/SP 04 The Approach.wav	
/volume1/主目录/Collection/素材&模板&音库/音效/02_中文音效合集/气氛音乐音效/Anticipation SFX/01 - Risers/Risers - Space/SP 02 Meaning.wav	Anticipation SFX（大气深沉1 · 大气转场撞击重低音气氛无损音效素材包）/01 - Risers/Risers - Space/SP 02 Meaning.wav	
/volume1/主目录/Collection/素材&模板&音库/音效/02_中文音效合集/气氛音乐音效/Anticipation SFX/01 - Risers/Risers - Space/SP 10 Super Bright.wav	Anticipation SFX（大气深沉1 · 大气转场撞击重低音气氛无损音效素材包）/01 - Risers/Risers - Space/SP 10 Super Bright.wav	
/volume1/主目录/Collection/素材&模板&音库/音效/02_中文音效合集/气氛音乐音效/Anticipation SFX/01 - Risers/Risers - Space/SP 09 The Day Of.wav	Anticipation SFX（大气深沉1 · 大气转场撞击重低音气氛无损音效素材包）/01 - Risers/Risers - Space/SP 09 The Day Of.wav	
/volume1/主目录/Collection/素材&模板&音库/音效/02_中文音效合集/气氛音乐音效/Anticipation SFX/01 - Risers/Risers - Space/SP 11 The Big Game.wav	Anticipation SFX（大气深沉1 · 大气转场撞击重低音气氛无损音效素材包）/01 - Risers/Risers - Space/SP 11 The Big Game.wav	
/volume1/主目录/Collection/素材&模板&音库/音效/02_中文音效合集/气氛音乐音效/Anticipation SFX/01 - Risers/Risers - Distortion/DS 04 The Approach.wav	Anticipation SFX（大气深沉1 · 大气转场撞击重低音气氛无损音效素材包）/01 - Risers/Risers - Distortion/DS 04 The Approach.wav	
/volume1/主目录/Collection/素材&模板&音库/音效/02_中文音效合集/气氛音乐音效/Anticipation SFX/01 - Risers/Risers - Distortion/DS 06 Grand.wav	Anticipation SFX（大气深沉1 · 大气转场撞击重低音气氛无损音效素材包）/01 - Risers/Risers - Distortion/DS 06 Grand.wav	
/volume1/主目录/Collection/素材&模板&音库/音效/02_中文音效合集/气氛音乐音效/Anticipation SFX/01 - Risers/Risers - Distortion/DS 03 Feelings.wav	Anticipation SFX（大气深沉1 · 大气转场撞击重低音气氛无损音效素材包）/01 - Risers/Risers - Distortion/DS 03 Feelings.wav	
/volume1/主目录/Collection/素材&模板&音库/音效/02_中文音效合集/气氛音乐音效/Anticipation SFX/01 - Risers/Risers - Distortion/DS 11 The Big Game.wav	Anticipation SFX（大气深沉1 · 大气转场撞击重低音气氛无损音效素材包）/01 - Risers/Risers - Distortion/DS 11 The Big Game.wav	
/volume1/主目录/Collection/素材&模板&音库/音效/02_中文音效合集/气氛音乐音效/Anticipation SFX/01 - Risers/Risers - Distortion/DS 08 Intense.wav	Anticipation SFX（大气深沉1 · 大气转场撞击重低音气氛无损音效素材包）/01 - Risers/Risers - Distortion/DS 08 Intense.wav	
/volume1/主目录/Collection/素材&模板&音库/音效/02_中文音效合集/气氛音乐音效/Anticipation SFX/01 - Risers/Risers - Distortion/DS 07 Ascend.wav	Anticipation SFX（大气深沉1 · 大气转场撞击重低音气氛无损音效素材包）/01 - Risers/Risers - Distortion/DS 07 Ascend.wav	
/volume1/主目录/Collection/素材&模板&音库/音效/02_中文音效合集/气氛音乐音效/Anticipation SFX/01 - Risers/Risers - Distortion/DS 09 The Day Of.wav	Anticipation SFX（大气深沉1 · 大气转场撞击重低音气氛无损音效素材包）/01 - Risers/Risers - Distortion/DS 09 The Day Of.wav	
/volume1/主目录/Collection/素材&模板&音库/音效/02_中文音效合集/气氛音乐音效/Anticipation SFX/01 - Risers/Risers - Distortion/DS 05 Morning.wav	Anticipation SFX（大气深沉1 · 大气转场撞击重低音气氛无损音效素材包）/01 - Risers/Risers - Distortion/DS 05 Morning.wav	
/volume1/主目录/Collection/素材&模板&音库/音效/02_中文音效合集/气氛音乐音效/Anticipation SFX/01 - Risers/Risers - Distortion/DS 12 Stadium Pressure.wav	Anticipation SFX（大气深沉1 · 大气转场撞击重低音气氛无损音效素材包）/01 - Risers/Risers - Distortion/DS 12 Stadium Pressure.wav	
/volume1/主目录/Collection/素材&模板&音库/音效/02_中文音效合集/气氛音乐音效/Anticipation SFX/01 - Risers/Risers - Distortion/DS 10 Super Bright.wav	Anticipation SFX（大气深沉1 · 大气转场撞击重低音气氛无损音效素材包）/01 - Risers/Risers - Distortion/DS 10 Super Bright.wav	
/volume1/主目录/Collection/素材&模板&音库/音效/02_中文音效合集/气氛音乐音效/Anticipation SFX/01 - Risers/Risers - Distortion/DS 01 Daybreak.wav	Anticipation SFX（大气深沉1 · 大气转场撞击重低音气氛无损音效素材包）/01 - Risers/Risers - Distortion/DS 01 Daybreak.wav	
/volume1/主目录/Collection/素材&模板&音库/音效/02_中文音效合集/气氛音乐音效/Anticipation SFX/01 - Risers/Risers/08 Intense.wav	Anticipation SFX（大气深沉1 · 大气转场撞击重低音气氛无损音效素材包）/01 - Risers/Risers/08 Intense.wav	
/volume1/主目录/Collection/素材&模板&音库/音效/02_中文音效合集/气氛音乐音效/Anticipation SFX/01 - Risers/Risers/11 The Big Game.wav	Anticipation SFX（大气深沉1 · 大气转场撞击重低音气氛无损音效素材包）/01 - Risers/Risers/11 The Big Game.wav	
/volume1/主目录/Collection/素材&模板&音库/音效/02_中文音效合集/气氛音乐音效/Anticipation SFX/01 - Risers/Risers/02 Meaning.wav	Anticipation SFX（大气深沉1 · 大气转场撞击重低音气氛无损音效素材包）/01 - Risers/Risers/02 Meaning.wav	
/volume1/主目录/Collection/素材&模板&音库/音效/02_中文音效合集/气氛音乐音效/Anticipation SFX/01 - Risers/Risers/07 Ascend.wav	Anticipation SFX（大气深沉1 · 大气转场撞击重低音气氛无损音效素材包）/01 - Risers/Risers/07 Ascend.wav	
/volume1/主目录/Collection/素材&模板&音库/音效/02_中文音效合集/气氛音乐音效/Anticipation SFX/01 - Risers/Risers/12 Stadium Pressure.wav	Anticipation SFX（大气深沉1 · 大气转场撞击重低音气氛无损音效素材包）/01 - Risers/Risers/12 Stadium Pressure.wav	
/volume1/主目录/Collection/素材&模板&音库/音效/02_中文音效合集/气氛音乐音效/Anticipation SFX/01 - Risers/Risers/01 Daybreak.wav	Anticipation SFX（大气深沉1 · 大气转场撞击重低音气氛无损音效素材包）/01 - Risers/Risers/01 Daybreak.wav	
/volume1/主目录/Collection/素材&模板&音库/音效/02_中文音效合集/气氛音乐音效/Anticipation SFX/01 - Risers/Risers/09 The Day Of.wav	Anticipation SFX（大气深沉1 · 大气转场撞击重低音气氛无损音效素材包）/01 - Risers/Risers/09 The Day Of.wav	
/volume1/主目录/Collection/素材&模板&音库/音效/02_中文音效合集/气氛音乐音效/Anticipation SFX/01 - Risers/Risers/05 Morning.wav	Anticipation SFX（大气深沉1 · 大气转场撞击重低音气氛无损音效素材包）/01 - Risers/Risers/05 Morning.wav	
/volume1/主目录/Collection/素材&模板&音库/音效/02_中文音效合集/气氛音乐音效/Anticipation SFX/01 - Risers/Risers/04 The Approach.wav	Anticipation SFX（大气深沉1 · 大气转场撞击重低音气氛无损音效素材包）/01 - Risers/Risers/04 The Approach.wav	
/volume1/主目录/Collection/素材&模板&音库/音效/02_中文音效合集/气氛音乐音效/Anticipation SFX/01 - Risers/Risers/10 Super Bright.wav	Anticipation SFX（大气深沉1 · 大气转场撞击重低音气氛无损音效素材包）/01 - Risers/Risers/10 Super Bright.wav	
/volume1/主目录/Collection/素材&模板&音库/音效/02_中文音效合集/气氛音乐音效/Anticipation SFX/01 - Risers/Risers/06 Grand.wav	Anticipation SFX（大气深沉1 · 大气转场撞击重低音气氛无损音效素材包）/01 - Risers/Risers/06 Grand.wav	
/volume1/主目录/Collection/素材&模板&音库/音效/02_中文音效合集/气氛音乐音效/Anticipation SFX/01 - Risers/Risers/03 Feelings.wav	Anticipation SFX（大气深沉1 · 大气转场撞击重低音气氛无损音效素材包）/01 - Risers/Risers/03 Feelings.wav	
/volume1/主目录/Collection/素材&模板&音库/音效/02_中文音效合集/气氛音乐音效/Anticipation SFX/01 - Risers/Risers - Tube/TB 08 Intense.wav	Anticipation SFX（大气深沉1 · 大气转场撞击重低音气氛无损音效素材包）/01 - Risers/Risers - Tube/TB 08 Intense.wav	
/volume1/主目录/Collection/素材&模板&音库/音效/02_中文音效合集/气氛音乐音效/Anticipation SFX/01 - Risers/Risers - Tube/TB 03 Feelings.wav	Anticipation SFX（大气深沉1 · 大气转场撞击重低音气氛无损音效素材包）/01 - Risers/Risers - Tube/TB 03 Feelings.wav	
/volume1/主目录/Collection/素材&模板&音库/音效/02_中文音效合集/气氛音乐音效/Anticipation SFX/01 - Risers/Risers - Tube/TB 09 The Day Of.wav	Anticipation SFX（大气深沉1 · 大气转场撞击重低音气氛无损音效素材包）/01 - Risers/Risers - Tube/TB 09 The Day Of.wav	
/volume1/主目录/Collection/素材&模板&音库/音效/02_中文音效合集/气氛音乐音效/Anticipation SFX/01 - Risers/Risers - Tube/TB 05 Morning.wav	Anticipation SFX（大气深沉1 · 大气转场撞击重低音气氛无损音效素材包）/01 - Risers/Risers - Tube/TB 05 Morning.wav	
/volume1/主目录/Collection/素材&模板&音库/音效/02_中文音效合集/气氛音乐音效/Anticipation SFX/01 - Risers/Risers - Tube/TB 11 The Big Game.wav	Anticipation SFX（大气深沉1 · 大气转场撞击重低音气氛无损音效素材包）/01 - Risers/Risers - Tube/TB 11 The Big Game.wav	
/volume1/主目录/Collection/素材&模板&音库/音效/02_中文音效合集/气氛音乐音效/Anticipation SFX/01 - Risers/Risers - Tube/TB 06 Grand.wav	Anticipation SFX（大气深沉1 · 大气转场撞击重低音气氛无损音效素材包）/01 - Risers/Risers - Tube/TB 06 Grand.wav	
/volume1/主目录/Collection/素材&模板&音库/音效/02_中文音效合集/气氛音乐音效/Anticipation SFX/01 - Risers/Risers - Tube/TB 04 The Approach.wav	Anticipation SFX（大气深沉1 · 大气转场撞击重低音气氛无损音效素材包）/01 - Risers/Risers - Tube/TB 04 The Approach.wav	
/volume1/主目录/Collection/素材&模板&音库/音效/02_中文音效合集/气氛音乐音效/Anticipation SFX/01 - Risers/Risers - Tube/TB 01 Daybreak.wav	Anticipation SFX（大气深沉1 · 大气转场撞击重低音气氛无损音效素材包）/01 - Risers/Risers - Tube/TB 01 Daybreak.wav	
/volume1/主目录/Collection/素材&模板&音库/音效/02_中文音效合集/气氛音乐音效/Anticipation SFX/01 - Risers/Risers - Tube/TB 12 Stadium Pressure.wav	Anticipation SFX（大气深沉1 · 大气转场撞击重低音气氛无损音效素材包）/01 - Risers/Risers - Tube/TB 12 Stadium Pressure.wav	
/volume1/主目录/Collection/素材&模板&音库/音效/02_中文音效合集/气氛音乐音效/Anticipation SFX/01 - Risers/Risers - Tube/TB 10 Super Bright.wav	Anticipation SFX（大气深沉1 · 大气转场撞击重低音气氛无损音效素材包）/01 - Risers/Risers - Tube/TB 10 Super Bright.wav	
/volume1/主目录/Collection/素材&模板&音库/音效/02_中文音效合集/气氛音乐音效/Anticipation SFX/01 - Risers/Risers - Tube/TB 07 Ascend.wav	Anticipation SFX（大气深沉1 · 大气转场撞击重低音气氛无损音效素材包）/01 - Risers/Risers - Tube/TB 07 Ascend.wav	
/volume1/主目录/Collection/素材&模板&音库/音效/02_中文音效合集/气氛音乐音效/Anticipation SFX/01 - Risers/Risers - Tube/TB 02 Meaning.wav	Anticipation SFX（大气深沉1 · 大气转场撞击重低音气氛无损音效素材包）/01 - Risers/Risers - Tube/TB 02 Meaning.wav	
/volume1/主目录/Collection/素材&模板&音库/音效/02_中文音效合集/气氛音乐音效/Anticipation SFX/02 - Hits/Hits/04 Edge of Time.wav	Anticipation SFX（大气深沉1 · 大气转场撞击重低音气氛无损音效素材包）/02 - Hits/Hits/04 Edge of Time.wav	
/volume1/主目录/Collection/素材&模板&音库/音效/02_中文音效合集/气氛音乐音效/Anticipation SFX/02 - Hits/Hits/02 Event Horizon.wav	Anticipation SFX（大气深沉1 · 大气转场撞击重低音气氛无损音效素材包）/02 - Hits/Hits/02 Event Horizon.wav	
/volume1/主目录/Collection/素材&模板&音库/音效/02_中文音效合集/气氛音乐音效/Anticipation SFX/02 - Hits/Hits/05 Spirit.wav 96000.pek	Anticipation SFX（大气深沉1 · 大气转场撞击重低音气氛无损音效素材包）/02 - Hits/Hits/05 Spirit.wav 96000.pek	
/volume1/主目录/Collection/素材&模板&音库/音效/02_中文音效合集/气氛音乐音效/Anticipation SFX/02 - Hits/Hits/04 Edge of Time.wav 96000.pek	Anticipation SFX（大气深沉1 · 大气转场撞击重低音气氛无损音效素材包）/02 - Hits/Hits/04 Edge of Time.wav 96000.pek	
/volume1/主目录/Collection/素材&模板&音库/音效/02_中文音效合集/气氛音乐音效/Anticipation SFX/02 - Hits/Hits/15 Basic Hit.wav	Anticipation SFX（大气深沉1 · 大气转场撞击重低音气氛无损音效素材包）/02 - Hits/Hits/15 Basic Hit.wav	
/volume1/主目录/Collection/素材&模板&音库/音效/02_中文音效合集/气氛音乐音效/Anticipation SFX/02 - Hits/Hits/01 Big Moment.wav	Anticipation SFX（大气深沉1 · 大气转场撞击重低音气氛无损音效素材包）/02 - Hits/Hits/01 Big Moment.wav	
/volume1/主目录/Collection/素材&模板&音库/音效/02_中文音效合集/气氛音乐音效/Anticipation SFX/02 - Hits/Hits/07 Bold Promise.wav 96000.pek	Anticipation SFX（大气深沉1 · 大气转场撞击重低音气氛无损音效素材包）/02 - Hits/Hits/07 Bold Promise.wav 96000.pek	
/volume1/主目录/Collection/素材&模板&音库/音效/02_中文音效合集/气氛音乐音效/Anticipation SFX/02 - Hits/Hits/19 Mellow Swell.wav	Anticipation SFX（大气深沉1 · 大气转场撞击重低音气氛无损音效素材包）/02 - Hits/Hits/19 Mellow Swell.wav	
/volume1/主目录/Collection/素材&模板&音库/音效/02_中文音效合集/气氛音乐音效/Anticipation SFX/02 - Hits/Hits/05 Spirit.wav	Anticipation SFX（大气深沉1 · 大气转场撞击重低音气氛无损音效素材包）/02 - Hits/Hits/05 Spirit.wav	
/volume1/主目录/Collection/素材&模板&音库/音效/02_中文音效合集/气氛音乐音效/Anticipation SFX/02 - Hits/Hits/03 Humble Beginning.wav	Anticipation SFX（大气深沉1 · 大气转场撞击重低音气氛无损音效素材包）/02 - Hits/Hits/03 Humble Beginning.wav	
/volume1/主目录/Collection/素材&模板&音库/音效/02_中文音效合集/气氛音乐音效/Anticipation SFX/02 - Hits/Hits/11 Stadium Light B.wav	Anticipation SFX（大气深沉1 · 大气转场撞击重低音气氛无损音效素材包）/02 - Hits/Hits/11 Stadium Light B.wav	
/volume1/主目录/Collection/素材&模板&音库/音效/02_中文音效合集/气氛音乐音效/Anticipation SFX/02 - Hits/Hits/08 Tough Hit A.wav	Anticipation SFX（大气深沉1 · 大气转场撞击重低音气氛无损音效素材包）/02 - Hits/Hits/08 Tough Hit A.wav	
/volume1/主目录/Collection/素材&模板&音库/音效/02_中文音效合集/气氛音乐音效/Anticipation SFX/02 - Hits/Hits/13 Deep Hit.wav 96000.pek	Anticipation SFX（大气深沉1 · 大气转场撞击重低音气氛无损音效素材包）/02 - Hits/Hits/13 Deep Hit.wav 96000.pek	
/volume1/主目录/Collection/素材&模板&音库/音效/02_中文音效合集/气氛音乐音效/Anticipation SFX/02 - Hits/Hits/09 Tough Hit B.wav	Anticipation SFX（大气深沉1 · 大气转场撞击重低音气氛无损音效素材包）/02 - Hits/Hits/09 Tough Hit B.wav	
/volume1/主目录/Collection/素材&模板&音库/音效/02_中文音效合集/气氛音乐音效/Anticipation SFX/02 - Hits/Hits/02 Event Horizon.wav 96000.pek	Anticipation SFX（大气深沉1 · 大气转场撞击重低音气氛无损音效素材包）/02 - Hits/Hits/02 Event Horizon.wav 96000.pek	
/volume1/主目录/Collection/素材&模板&音库/音效/02_中文音效合集/气氛音乐音效/Anticipation SFX/02 - Hits/Hits/10 Stadium Light A.wav	Anticipation SFX（大气深沉1 · 大气转场撞击重低音气氛无损音效素材包）/02 - Hits/Hits/10 Stadium Light A.wav	
/volume1/主目录/Collection/素材&模板&音库/音效/02_中文音效合集/气氛音乐音效/Anticipation SFX/02 - Hits/Hits/14 Power Hit.wav	Anticipation SFX（大气深沉1 · 大气转场撞击重低音气氛无损音效素材包）/02 - Hits/Hits/14 Power Hit.wav	
/volume1/主目录/Collection/素材&模板&音库/音效/02_中文音效合集/气氛音乐音效/Anticipation SFX/02 - Hits/Hits/12 Cliff Hanger.wav	Anticipation SFX（大气深沉1 · 大气转场撞击重低音气氛无损音效素材包）/02 - Hits/Hits/12 Cliff Hanger.wav	
/volume1/主目录/Collection/素材&模板&音库/音效/02_中文音效合集/气氛音乐音效/Anticipation SFX/02 - Hits/Hits/06 Finally There.wav	Anticipation SFX（大气深沉1 · 大气转场撞击重低音气氛无损音效素材包）/02 - Hits/Hits/06 Finally There.wav	
/volume1/主目录/Collection/素材&模板&音库/音效/02_中文音效合集/气氛音乐音效/Anticipation SFX/02 - Hits/Hits/12 Cliff Hanger.wav 96000.pek	Anticipation SFX（大气深沉1 · 大气转场撞击重低音气氛无损音效素材包）/02 - Hits/Hits/12 Cliff Hanger.wav 96000.pek	
/volume1/主目录/Collection/素材&模板&音库/音效/02_中文音效合集/气氛音乐音效/Anticipation SFX/02 - Hits/Hits/18 Bright Swell.wav	Anticipation SFX（大气深沉1 · 大气转场撞击重低音气氛无损音效素材包）/02 - Hits/Hits/18 Bright Swell.wav	
/volume1/主目录/Collection/素材&模板&音库/音效/02_中文音效合集/气氛音乐音效/Anticipation SFX/02 - Hits/Hits/06 Finally There.wav 96000.pek	Anticipation SFX（大气深沉1 · 大气转场撞击重低音气氛无损音效素材包）/02 - Hits/Hits/06 Finally There.wav 96000.pek	
/volume1/主目录/Collection/素材&模板&音库/音效/02_中文音效合集/气氛音乐音效/Anticipation SFX/02 - Hits/Hits/13 Deep Hit.wav	Anticipation SFX（大气深沉1 · 大气转场撞击重低音气氛无损音效素材包）/02 - Hits/Hits/13 Deep Hit.wav	
/volume1/主目录/Collection/素材&模板&音库/音效/02_中文音效合集/气氛音乐音效/Anticipation SFX/02 - Hits/Hits - Space/SP 19 Mellow Swell.wav	Anticipation SFX（大气深沉1 · 大气转场撞击重低音气氛无损音效素材包）/02 - Hits/Hits - Space/SP 19 Mellow Swell.wav	
/volume1/主目录/Collection/素材&模板&音库/音效/02_中文音效合集/气氛音乐音效/Anticipation SFX/02 - Hits/Hits - Space/SP 15 Basic Hit.wav	Anticipation SFX（大气深沉1 · 大气转场撞击重低音气氛无损音效素材包）/02 - Hits/Hits - Space/SP 15 Basic Hit.wav	
/volume1/主目录/Collection/素材&模板&音库/音效/02_中文音效合集/气氛音乐音效/Anticipation SFX/02 - Hits/Hits - Space/SP 04 Edge of Time.wav	Anticipation SFX（大气深沉1 · 大气转场撞击重低音气氛无损音效素材包）/02 - Hits/Hits - Space/SP 04 Edge of Time.wav	
/volume1/主目录/Collection/素材&模板&音库/音效/02_中文音效合集/气氛音乐音效/Anticipation SFX/02 - Hits/Hits - Space/SP 14 Power Hit.wav	Anticipation SFX（大气深沉1 · 大气转场撞击重低音气氛无损音效素材包）/02 - Hits/Hits - Space/SP 14 Power Hit.wav	
/volume1/主目录/Collection/素材&模板&音库/音效/02_中文音效合集/气氛音乐音效/Anticipation SFX/02 - Hits/Hits - Space/SP 12 Cliff Hanger.wav	Anticipation SFX（大气深沉1 · 大气转场撞击重低音气氛无损音效素材包）/02 - Hits/Hits - Space/SP 12 Cliff Hanger.wav	
/volume1/主目录/Collection/素材&模板&音库/音效/02_中文音效合集/气氛音乐音效/Anticipation SFX/02 - Hits/Hits - Space/SP 08 Tough Hit A.wav	Anticipation SFX（大气深沉1 · 大气转场撞击重低音气氛无损音效素材包）/02 - Hits/Hits - Space/SP 08 Tough Hit A.wav	
/volume1/主目录/Collection/素材&模板&音库/音效/02_中文音效合集/气氛音乐音效/Anticipation SFX/02 - Hits/Hits - Space/SP 16 Glass Shard.wav	Anticipation SFX（大气深沉1 · 大气转场撞击重低音气氛无损音效素材包）/02 - Hits/Hits - Space/SP 16 Glass Shard.wav	
/volume1/主目录/Collection/素材&模板&音库/音效/02_中文音效合集/气氛音乐音效/Anticipation SFX/02 - Hits/Hits - Space/SP 09 Tough Hit B.wav	Anticipation SFX（大气深沉1 · 大气转场撞击重低音气氛无损音效素材包）/02 - Hits/Hits - Space/SP 09 Tough Hit B.wav	
/volume1/主目录/Collection/素材&模板&音库/音效/02_中文音效合集/气氛音乐音效/Anticipation SFX/02 - Hits/Hits - Space/SP 17 Bowed Hit.wav	Anticipation SFX（大气深沉1 · 大气转场撞击重低音气氛无损音效素材包）/02 - Hits/Hits - Space/SP 17 Bowed Hit.wav	
/volume1/主目录/Collection/素材&模板&音库/音效/02_中文音效合集/气氛音乐音效/Anticipation SFX/02 - Hits/Hits - Space/SP 03 Humble Beginning.wav	Anticipation SFX（大气深沉1 · 大气转场撞击重低音气氛无损音效素材包）/02 - Hits/Hits - Space/SP 03 Humble Beginning.wav	
/volume1/主目录/Collection/素材&模板&音库/音效/02_中文音效合集/气氛音乐音效/Anticipation SFX/02 - Hits/Hits - Space/SP 02 Event Horizon.wav	Anticipation SFX（大气深沉1 · 大气转场撞击重低音气氛无损音效素材包）/02 - Hits/Hits - Space/SP 02 Event Horizon.wav	
/volume1/主目录/Collection/素材&模板&音库/音效/02_中文音效合集/气氛音乐音效/Anticipation SFX/02 - Hits/Hits - Space/SP 20 Grand Swell.wav	Anticipation SFX（大气深沉1 · 大气转场撞击重低音气氛无损音效素材包）/02 - Hits/Hits - Space/SP 20 Grand Swell.wav	
/volume1/主目录/Collection/素材&模板&音库/音效/02_中文音效合集/气氛音乐音效/Anticipation SFX/02 - Hits/Hits - Space/SP 11 Stadium Light B.wav	Anticipation SFX（大气深沉1 · 大气转场撞击重低音气氛无损音效素材包）/02 - Hits/Hits - Space/SP 11 Stadium Light B.wav	
/volume1/主目录/Collection/素材&模板&音库/音效/02_中文音效合集/气氛音乐音效/Anticipation SFX/02 - Hits/Hits - Space/SP 01 Big Moment.wav	Anticipation SFX（大气深沉1 · 大气转场撞击重低音气氛无损音效素材包）/02 - Hits/Hits - Space/SP 01 Big Moment.wav	
/volume1/主目录/Collection/素材&模板&音库/音效/02_中文音效合集/气氛音乐音效/Anticipation SFX/02 - Hits/Hits - Space/SP 06 Finally There.wav	Anticipation SFX（大气深沉1 · 大气转场撞击重低音气氛无损音效素材包）/02 - Hits/Hits - Space/SP 06 Finally There.wav	
/volume1/主目录/Collection/素材&模板&音库/音效/02_中文音效合集/气氛音乐音效/Anticipation SFX/02 - Hits/Hits - Space/SP 10 Stadium Light A.wav	Anticipation SFX（大气深沉1 · 大气转场撞击重低音气氛无损音效素材包）/02 - Hits/Hits - Space/SP 10 Stadium Light A.wav	
/volume1/主目录/Collection/素材&模板&音库/音效/02_中文音效合集/气氛音乐音效/Anticipation SFX/02 - Hits/Hits - Space/SP 05 Spirit.wav	Anticipation SFX（大气深沉1 · 大气转场撞击重低音气氛无损音效素材包）/02 - Hits/Hits - Space/SP 05 Spirit.wav	
/volume1/主目录/Collection/素材&模板&音库/音效/02_中文音效合集/气氛音乐音效/Anticipation SFX/02 - Hits/Hits - Space/SP 13 Deep Hit.wav	Anticipation SFX（大气深沉1 · 大气转场撞击重低音气氛无损音效素材包）/02 - Hits/Hits - Space/SP 13 Deep Hit.wav	
/volume1/主目录/Collection/素材&模板&音库/音效/02_中文音效合集/气氛音乐音效/Anticipation SFX/02 - Hits/Hits - Space/SP 18 Bright Swell.wav	Anticipation SFX（大气深沉1 · 大气转场撞击重低音气氛无损音效素材包）/02 - Hits/Hits - Space/SP 18 Bright Swell.wav	
/volume1/主目录/Collection/素材&模板&音库/音效/02_中文音效合集/气氛音乐音效/Anticipation SFX/02 - Hits/Hits - Distortion/DS 05 Spirit.wav	Anticipation SFX（大气深沉1 · 大气转场撞击重低音气氛无损音效素材包）/02 - Hits/Hits - Distortion/DS 05 Spirit.wav	
/volume1/主目录/Collection/素材&模板&音库/音效/02_中文音效合集/气氛音乐音效/Anticipation SFX/02 - Hits/Hits - Distortion/DS 01 Big Moment.wav	Anticipation SFX（大气深沉1 · 大气转场撞击重低音气氛无损音效素材包）/02 - Hits/Hits - Distortion/DS 01 Big Moment.wav	
/volume1/主目录/Collection/素材&模板&音库/音效/02_中文音效合集/气氛音乐音效/Anticipation SFX/02 - Hits/Hits - Distortion/DS 06 Finally There.wav	Anticipation SFX（大气深沉1 · 大气转场撞击重低音气氛无损音效素材包）/02 - Hits/Hits - Distortion/DS 06 Finally There.wav	
/volume1/主目录/Collection/素材&模板&音库/音效/02_中文音效合集/气氛音乐音效/Anticipation SFX/02 - Hits/Hits - Distortion/DS 04 Edge of Time.wav	Anticipation SFX（大气深沉1 · 大气转场撞击重低音气氛无损音效素材包）/02 - Hits/Hits - Distortion/DS 04 Edge of Time.wav	
/volume1/主目录/Collection/素材&模板&音库/音效/02_中文音效合集/气氛音乐音效/Anticipation SFX/02 - Hits/Hits - Distortion/DS 08 Tough Hit A.wav	Anticipation SFX（大气深沉1 · 大气转场撞击重低音气氛无损音效素材包）/02 - Hits/Hits - Distortion/DS 08 Tough Hit A.wav	
/volume1/主目录/Collection/素材&模板&音库/音效/02_中文音效合集/气氛音乐音效/Anticipation SFX/02 - Hits/Hits - Distortion/DS 14 Power Hit.wav	Anticipation SFX（大气深沉1 · 大气转场撞击重低音气氛无损音效素材包）/02 - Hits/Hits - Distortion/DS 14 Power Hit.wav	
/volume1/主目录/Collection/素材&模板&音库/音效/02_中文音效合集/气氛音乐音效/Anticipation SFX/02 - Hits/Hits - Distortion/DS 10 Stadium Light A.wav	Anticipation SFX（大气深沉1 · 大气转场撞击重低音气氛无损音效素材包）/02 - Hits/Hits - Distortion/DS 10 Stadium Light A.wav	
/volume1/主目录/Collection/素材&模板&音库/音效/02_中文音效合集/气氛音乐音效/Anticipation SFX/02 - Hits/Hits - Distortion/DS 11 Stadium Light B.wav	Anticipation SFX（大气深沉1 · 大气转场撞击重低音气氛无损音效素材包）/02 - Hits/Hits - Distortion/DS 11 Stadium Light B.wav	
/volume1/主目录/Collection/素材&模板&音库/音效/02_中文音效合集/气氛音乐音效/Anticipation SFX/02 - Hits/Hits - Distortion/DS 18 Bright Swell.wav	Anticipation SFX（大气深沉1 · 大气转场撞击重低音气氛无损音效素材包）/02 - Hits/Hits - Distortion/DS 18 Bright Swell.wav	
/volume1/主目录/Collection/素材&模板&音库/音效/02_中文音效合集/气氛音乐音效/Anticipation SFX/02 - Hits/Hits - Distortion/DS 09 Tough Hit B.wav	Anticipation SFX（大气深沉1 · 大气转场撞击重低音气氛无损音效素材包）/02 - Hits/Hits - Distortion/DS 09 Tough Hit B.wav	
/volume1/主目录/Collection/素材&模板&音库/音效/02_中文音效合集/气氛音乐音效/Anticipation SFX/02 - Hits/Hits - Distortion/DS 02 Event Horizon.wav	Anticipation SFX（大气深沉1 · 大气转场撞击重低音气氛无损音效素材包）/02 - Hits/Hits - Distortion/DS 02 Event Horizon.wav	
/volume1/主目录/Collection/素材&模板&音库/音效/02_中文音效合集/气氛音乐音效/Anticipation SFX/02 - Hits/Hits - Distortion/DS 19 Mellow Swell.wav	Anticipation SFX（大气深沉1 · 大气转场撞击重低音气氛无损音效素材包）/02 - Hits/Hits - Distortion/DS 19 Mellow Swell.wav	
/volume1/主目录/Collection/素材&模板&音库/音效/02_中文音效合集/气氛音乐音效/Anticipation SFX/02 - Hits/Hits - Distortion/DS 17 Bowed Hit.wav	Anticipation SFX（大气深沉1 · 大气转场撞击重低音气氛无损音效素材包）/02 - Hits/Hits - Distortion/DS 17 Bowed Hit.wav	
/volume1/主目录/Collection/素材&模板&音库/音效/02_中文音效合集/气氛音乐音效/Anticipation SFX/02 - Hits/Hits - Distortion/DS 03 Humble Beginning.wav	Anticipation SFX（大气深沉1 · 大气转场撞击重低音气氛无损音效素材包）/02 - Hits/Hits - Distortion/DS 03 Humble Beginning.wav	
/volume1/主目录/Collection/素材&模板&音库/音效/02_中文音效合集/气氛音乐音效/Anticipation SFX/02 - Hits/Hits - Distortion/DS 15 Basic Hit.wav	Anticipation SFX（大气深沉1 · 大气转场撞击重低音气氛无损音效素材包）/02 - Hits/Hits - Distortion/DS 15 Basic Hit.wav	
/volume1/主目录/Collection/素材&模板&音库/音效/02_中文音效合集/气氛音乐音效/Anticipation SFX/02 - Hits/Hits - Distortion/DS 16 Glass Shard.wav	Anticipation SFX（大气深沉1 · 大气转场撞击重低音气氛无损音效素材包）/02 - Hits/Hits - Distortion/DS 16 Glass Shard.wav	
/volume1/主目录/Collection/素材&模板&音库/音效/02_中文音效合集/气氛音乐音效/Anticipation SFX/02 - Hits/Hits - Tube/TB 01 Big Moment.wav	Anticipation SFX（大气深沉1 · 大气转场撞击重低音气氛无损音效素材包）/02 - Hits/Hits - Tube/TB 01 Big Moment.wav	
/volume1/主目录/Collection/素材&模板&音库/音效/02_中文音效合集/气氛音乐音效/Anticipation SFX/02 - Hits/Hits - Tube/TB 11 Stadium Light B.wav	Anticipation SFX（大气深沉1 · 大气转场撞击重低音气氛无损音效素材包）/02 - Hits/Hits - Tube/TB 11 Stadium Light B.wav	
/volume1/主目录/Collection/素材&模板&音库/音效/02_中文音效合集/气氛音乐音效/Anticipation SFX/02 - Hits/Hits - Tube/TB 18 Bright Swell.wav	Anticipation SFX（大气深沉1 · 大气转场撞击重低音气氛无损音效素材包）/02 - Hits/Hits - Tube/TB 18 Bright Swell.wav	
/volume1/主目录/Collection/素材&模板&音库/音效/02_中文音效合集/气氛音乐音效/Anticipation SFX/02 - Hits/Hits - Tube/TB 07 Bold Promise.wav	Anticipation SFX（大气深沉1 · 大气转场撞击重低音气氛无损音效素材包）/02 - Hits/Hits - Tube/TB 07 Bold Promise.wav	
/volume1/主目录/Collection/素材&模板&音库/音效/02_中文音效合集/气氛音乐音效/Anticipation SFX/02 - Hits/Hits - Tube/TB 20 Grand Swell.wav	Anticipation SFX（大气深沉1 · 大气转场撞击重低音气氛无损音效素材包）/02 - Hits/Hits - Tube/TB 20 Grand Swell.wav	
/volume1/主目录/Collection/素材&模板&音库/音效/02_中文音效合集/气氛音乐音效/Anticipation SFX/02 - Hits/Hits - Tube/TB 02 Event Horizon.wav	Anticipation SFX（大气深沉1 · 大气转场撞击重低音气氛无损音效素材包）/02 - Hits/Hits - Tube/TB 02 Event Horizon.wav	
/volume1/主目录/Collection/素材&模板&音库/音效/02_中文音效合集/气氛音乐音效/Anticipation SFX/02 - Hits/Hits - Tube/TB 08 Tough Hit A.wav	Anticipation SFX（大气深沉1 · 大气转场撞击重低音气氛无损音效素材包）/02 - Hits/Hits - Tube/TB 08 Tough Hit A.wav	
/volume1/主目录/Collection/素材&模板&音库/音效/02_中文音效合集/气氛音乐音效/Anticipation SFX/02 - Hits/Hits - Tube/TB 19 Mellow Swell.wav	Anticipation SFX（大气深沉1 · 大气转场撞击重低音气氛无损音效素材包）/02 - Hits/Hits - Tube/TB 19 Mellow Swell.wav	
/volume1/主目录/Collection/素材&模板&音库/音效/02_中文音效合集/气氛音乐音效/Anticipation SFX/02 - Hits/Hits - Tube/TB 03 Humble Beginning.wav	Anticipation SFX（大气深沉1 · 大气转场撞击重低音气氛无损音效素材包）/02 - Hits/Hits - Tube/TB 03 Humble Beginning.wav	
/volume1/主目录/Collection/素材&模板&音库/音效/02_中文音效合集/气氛音乐音效/Anticipation SFX/02 - Hits/Hits - Tube/TB 06 Finally There.wav	Anticipation SFX（大气深沉1 · 大气转场撞击重低音气氛无损音效素材包）/02 - Hits/Hits - Tube/TB 06 Finally There.wav	
/volume1/主目录/Collection/素材&模板&音库/音效/02_中文音效合集/气氛音乐音效/Anticipation SFX/02 - Hits/Hits - Tube/TB 09 Tough Hit B.wav	Anticipation SFX（大气深沉1 · 大气转场撞击重低音气氛无损音效素材包）/02 - Hits/Hits - Tube/TB 09 Tough Hit B.wav	
/volume1/主目录/Collection/素材&模板&音库/音效/02_中文音效合集/气氛音乐音效/Anticipation SFX/02 - Hits/Hits - Tube/TB 15 Basic Hit.wav	Anticipation SFX（大气深沉1 · 大气转场撞击重低音气氛无损音效素材包）/02 - Hits/Hits - Tube/TB 15 Basic Hit.wav	
/volume1/主目录/Collection/素材&模板&音库/音效/02_中文音效合集/气氛音乐音效/Anticipation SFX/02 - Hits/Hits - Tube/TB 17 Bowed Hit.wav	Anticipation SFX（大气深沉1 · 大气转场撞击重低音气氛无损音效素材包）/02 - Hits/Hits - Tube/TB 17 Bowed Hit.wav	
/volume1/主目录/Collection/素材&模板&音库/音效/02_中文音效合集/气氛音乐音效/Anticipation SFX/02 - Hits/Hits - Tube/TB 13 Deep Hit.wav	Anticipation SFX（大气深沉1 · 大气转场撞击重低音气氛无损音效素材包）/02 - Hits/Hits - Tube/TB 13 Deep Hit.wav	
/volume1/主目录/Collection/素材&模板&音库/音效/02_中文音效合集/气氛音乐音效/Anticipation SFX/02 - Hits/Hits - Tube/TB 04 Edge of Time.wav	Anticipation SFX（大气深沉1 · 大气转场撞击重低音气氛无损音效素材包）/02 - Hits/Hits - Tube/TB 04 Edge of Time.wav	
/volume1/主目录/Collection/素材&模板&音库/音效/02_中文音效合集/气氛音乐音效/Anticipation SFX/02 - Hits/Hits - Tube/TB 10 Stadium Light A.wav	Anticipation SFX（大气深沉1 · 大气转场撞击重低音气氛无损音效素材包）/02 - Hits/Hits - Tube/TB 10 Stadium Light A.wav	
/volume1/主目录/Collection/素材&模板&音库/音效/02_中文音效合集/气氛音乐音效/Anticipation SFX/02 - Hits/Hits - Tube/TB 14 Power Hit.wav	Anticipation SFX（大气深沉1 · 大气转场撞击重低音气氛无损音效素材包）/02 - Hits/Hits - Tube/TB 14 Power Hit.wav	
/volume1/主目录/Collection/素材&模板&音库/音效/02_中文音效合集/气氛音乐音效/Anticipation SFX/02 - Hits/Hits - Tube/TB 05 Spirit.wav	Anticipation SFX（大气深沉1 · 大气转场撞击重低音气氛无损音效素材包）/02 - Hits/Hits - Tube/TB 05 Spirit.wav	
/volume1/主目录/Collection/素材&模板&音库/音效/02_中文音效合集/大气深沉1【音效：大气转场撞击重低音气氛无损音效素材包】/Anticipation_SFX/Anticipation SFX - MP3/04 - Moments/Moments/04 Hopes and Prayers.mp3	Anticipation SFX（大气深沉1 · 大气转场撞击重低音气氛无损音效素材包）/04 - Moments/Moments/04 Hopes and Prayers.mp3	
/volume1/主目录/Collection/素材&模板&音库/音效/02_中文音效合集/大气深沉1【音效：大气转场撞击重低音气氛无损音效素材包】/Anticipation_SFX/Anticipation SFX - MP3/02 - Hits/Hits/01 Big Moment.mp3	Anticipation SFX（大气深沉1 · 大气转场撞击重低音气氛无损音效素材包）/02 - Hits/Hits/01 Big Moment.mp3	
/volume1/主目录/Collection/素材&模板&音库/音效/02_中文音效合集/大气深沉1【音效：大气转场撞击重低音气氛无损音效素材包】/Anticipation_SFX/Anticipation SFX - MP3/02 - Hits/Hits/07 Bold Promise.mp3	Anticipation SFX（大气深沉1 · 大气转场撞击重低音气氛无损音效素材包）/02 - Hits/Hits/07 Bold Promise.mp3	
/volume1/主目录/Collection/素材&模板&音库/音效/02_中文音效合集/气氛音乐音效/Archetype SFX/01 - Risers/Risers - Silk/Anticipation SFX - MP3/04 - Moments/Moments - Tube/TB 10 Home.mp3	Anticipation SFX（大气深沉1 · 大气转场撞击重低音气氛无损音效素材包）/04 - Moments/Moments - Tube/TB 10 Home.mp3	
/volume1/主目录/Collection/素材&模板&音库/音效/02_中文音效合集/气氛音乐音效/Archetype SFX/01 - Risers/Risers - Silk/Anticipation SFX - MP3/04 - Moments/Moments - Tube/TB 04 Hopes and Prayers.mp3	Anticipation SFX（大气深沉1 · 大气转场撞击重低音气氛无损音效素材包）/04 - Moments/Moments - Tube/TB 04 Hopes and Prayers.mp3	
/volume1/主目录/Collection/素材&模板&音库/音效/02_中文音效合集/气氛音乐音效/Archetype SFX/01 - Risers/Risers - Silk/Anticipation SFX - MP3/04 - Moments/Moments - Tube/TB 03 Waiting For More.mp3	Anticipation SFX（大气深沉1 · 大气转场撞击重低音气氛无损音效素材包）/04 - Moments/Moments - Tube/TB 03 Waiting For More.mp3	
/volume1/主目录/Collection/素材&模板&音库/音效/02_中文音效合集/气氛音乐音效/Archetype SFX/01 - Risers/Risers - Silk/Anticipation SFX - MP3/04 - Moments/Moments - Tube/TB 07 Light The Way.mp3	Anticipation SFX（大气深沉1 · 大气转场撞击重低音气氛无损音效素材包）/04 - Moments/Moments - Tube/TB 07 Light The Way.mp3	
/volume1/主目录/Collection/素材&模板&音库/音效/02_中文音效合集/气氛音乐音效/Archetype SFX/01 - Risers/Risers - Silk/Anticipation SFX - MP3/04 - Moments/Moments - Tube/TB 09 Upon The Hill B.mp3	Anticipation SFX（大气深沉1 · 大气转场撞击重低音气氛无损音效素材包）/04 - Moments/Moments - Tube/TB 09 Upon The Hill B.mp3	
/volume1/主目录/Collection/素材&模板&音库/音效/02_中文音效合集/气氛音乐音效/Archetype SFX/01 - Risers/Risers - Silk/Anticipation SFX - MP3/04 - Moments/Moments - Tube/TB 08 Upon The Hill A.mp3	Anticipation SFX（大气深沉1 · 大气转场撞击重低音气氛无损音效素材包）/04 - Moments/Moments - Tube/TB 08 Upon The Hill A.mp3	
/volume1/主目录/Collection/素材&模板&音库/音效/02_中文音效合集/气氛音乐音效/Archetype SFX/01 - Risers/Risers - Silk/Anticipation SFX - MP3/04 - Moments/Moments - Tube/TB 05 Waiting Still.mp3	Anticipation SFX（大气深沉1 · 大气转场撞击重低音气氛无损音效素材包）/04 - Moments/Moments - Tube/TB 05 Waiting Still.mp3	
/volume1/主目录/Collection/素材&模板&音库/音效/02_中文音效合集/气氛音乐音效/Archetype SFX/01 - Risers/Risers - Silk/Anticipation SFX - MP3/04 - Moments/Moments - Tube/TB 06 Given Up.mp3	Anticipation SFX（大气深沉1 · 大气转场撞击重低音气氛无损音效素材包）/04 - Moments/Moments - Tube/TB 06 Given Up.mp3	
/volume1/主目录/Collection/素材&模板&音库/音效/02_中文音效合集/气氛音乐音效/Archetype SFX/01 - Risers/Risers - Silk/Anticipation SFX - MP3/04 - Moments/Moments - Tube/TB 01 Sacred Ground.mp3	Anticipation SFX（大气深沉1 · 大气转场撞击重低音气氛无损音效素材包）/04 - Moments/Moments - Tube/TB 01 Sacred Ground.mp3	
/volume1/主目录/Collection/素材&模板&音库/音效/02_中文音效合集/气氛音乐音效/Archetype SFX/01 - Risers/Risers - Silk/Anticipation SFX - MP3/04 - Moments/Moments - Tube/TB 02 The Horizon.mp3	Anticipation SFX（大气深沉1 · 大气转场撞击重低音气氛无损音效素材包）/04 - Moments/Moments - Tube/TB 02 The Horizon.mp3	
/volume1/主目录/Collection/素材&模板&音库/音效/02_中文音效合集/气氛音乐音效/Archetype SFX/01 - Risers/Risers - Silk/Anticipation SFX - MP3/04 - Moments/Moments - Distortion/DS 01 Sacred Ground.mp3	Anticipation SFX（大气深沉1 · 大气转场撞击重低音气氛无损音效素材包）/04 - Moments/Moments - Distortion/DS 01 Sacred Ground.mp3	
/volume1/主目录/Collection/素材&模板&音库/音效/02_中文音效合集/气氛音乐音效/Archetype SFX/01 - Risers/Risers - Silk/Anticipation SFX - MP3/04 - Moments/Moments - Distortion/DS 10 Home.mp3	Anticipation SFX（大气深沉1 · 大气转场撞击重低音气氛无损音效素材包）/04 - Moments/Moments - Distortion/DS 10 Home.mp3	
/volume1/主目录/Collection/素材&模板&音库/音效/02_中文音效合集/气氛音乐音效/Archetype SFX/01 - Risers/Risers - Silk/Anticipation SFX - MP3/04 - Moments/Moments - Distortion/DS 02 The Horizon.mp3	Anticipation SFX（大气深沉1 · 大气转场撞击重低音气氛无损音效素材包）/04 - Moments/Moments - Distortion/DS 02 The Horizon.mp3	
/volume1/主目录/Collection/素材&模板&音库/音效/02_中文音效合集/气氛音乐音效/Archetype SFX/01 - Risers/Risers - Silk/Anticipation SFX - MP3/04 - Moments/Moments - Distortion/DS 07 Light The Way.mp3	Anticipation SFX（大气深沉1 · 大气转场撞击重低音气氛无损音效素材包）/04 - Moments/Moments - Distortion/DS 07 Light The Way.mp3	
/volume1/主目录/Collection/素材&模板&音库/音效/02_中文音效合集/气氛音乐音效/Archetype SFX/01 - Risers/Risers - Silk/Anticipation SFX - MP3/04 - Moments/Moments - Distortion/DS 05 Waiting Still.mp3	Anticipation SFX（大气深沉1 · 大气转场撞击重低音气氛无损音效素材包）/04 - Moments/Moments - Distortion/DS 05 Waiting Still.mp3	
/volume1/主目录/Collection/素材&模板&音库/音效/02_中文音效合集/气氛音乐音效/Archetype SFX/01 - Risers/Risers - Silk/Anticipation SFX - MP3/04 - Moments/Moments - Distortion/DS 09 Upon The Hill B.mp3	Anticipation SFX（大气深沉1 · 大气转场撞击重低音气氛无损音效素材包）/04 - Moments/Moments - Distortion/DS 09 Upon The Hill B.mp3	
/volume1/主目录/Collection/素材&模板&音库/音效/02_中文音效合集/气氛音乐音效/Archetype SFX/01 - Risers/Risers - Silk/Anticipation SFX - MP3/04 - Moments/Moments - Distortion/DS 03 Waiting For More.mp3	Anticipation SFX（大气深沉1 · 大气转场撞击重低音气氛无损音效素材包）/04 - Moments/Moments - Distortion/DS 03 Waiting For More.mp3	
/volume1/主目录/Collection/素材&模板&音库/音效/02_中文音效合集/气氛音乐音效/Archetype SFX/01 - Risers/Risers - Silk/Anticipation SFX - MP3/04 - Moments/Moments - Distortion/DS 06 Given Up.mp3	Anticipation SFX（大气深沉1 · 大气转场撞击重低音气氛无损音效素材包）/04 - Moments/Moments - Distortion/DS 06 Given Up.mp3	
/volume1/主目录/Collection/素材&模板&音库/音效/02_中文音效合集/气氛音乐音效/Archetype SFX/01 - Risers/Risers - Silk/Anticipation SFX - MP3/04 - Moments/Moments - Distortion/DS 08 Upon The Hill A.mp3	Anticipation SFX（大气深沉1 · 大气转场撞击重低音气氛无损音效素材包）/04 - Moments/Moments - Distortion/DS 08 Upon The Hill A.mp3	
/volume1/主目录/Collection/素材&模板&音库/音效/02_中文音效合集/气氛音乐音效/Archetype SFX/01 - Risers/Risers - Silk/Anticipation SFX - MP3/04 - Moments/Moments - Space/SP 10 Home.mp3	Anticipation SFX（大气深沉1 · 大气转场撞击重低音气氛无损音效素材包）/04 - Moments/Moments - Space/SP 10 Home.mp3	
/volume1/主目录/Collection/素材&模板&音库/音效/02_中文音效合集/气氛音乐音效/Archetype SFX/01 - Risers/Risers - Silk/Anticipation SFX - MP3/04 - Moments/Moments - Space/SP 06 Given Up.mp3	Anticipation SFX（大气深沉1 · 大气转场撞击重低音气氛无损音效素材包）/04 - Moments/Moments - Space/SP 06 Given Up.mp3	
/volume1/主目录/Collection/素材&模板&音库/音效/02_中文音效合集/气氛音乐音效/Archetype SFX/01 - Risers/Risers - Silk/Anticipation SFX - MP3/04 - Moments/Moments - Space/SP 07 Light The Way.mp3	Anticipation SFX（大气深沉1 · 大气转场撞击重低音气氛无损音效素材包）/04 - Moments/Moments - Space/SP 07 Light The Way.mp3	
/volume1/主目录/Collection/素材&模板&音库/音效/02_中文音效合集/气氛音乐音效/Archetype SFX/01 - Risers/Risers - Silk/Anticipation SFX - MP3/04 - Moments/Moments - Space/SP 01 Sacred Ground.mp3	Anticipation SFX（大气深沉1 · 大气转场撞击重低音气氛无损音效素材包）/04 - Moments/Moments - Space/SP 01 Sacred Ground.mp3	
/volume1/主目录/Collection/素材&模板&音库/音效/02_中文音效合集/气氛音乐音效/Archetype SFX/01 - Risers/Risers - Silk/Anticipation SFX - MP3/04 - Moments/Moments - Space/SP 05 Waiting Still.mp3	Anticipation SFX（大气深沉1 · 大气转场撞击重低音气氛无损音效素材包）/04 - Moments/Moments - Space/SP 05 Waiting Still.mp3	
/volume1/主目录/Collection/素材&模板&音库/音效/02_中文音效合集/气氛音乐音效/Archetype SFX/01 - Risers/Risers - Silk/Anticipation SFX - MP3/04 - Moments/Moments - Space/SP 08 Upon The Hill A.mp3	Anticipation SFX（大气深沉1 · 大气转场撞击重低音气氛无损音效素材包）/04 - Moments/Moments - Space/SP 08 Upon The Hill A.mp3	
/volume1/主目录/Collection/素材&模板&音库/音效/02_中文音效合集/气氛音乐音效/Archetype SFX/01 - Risers/Risers - Silk/Anticipation SFX - MP3/04 - Moments/Moments - Space/SP 02 The Horizon.mp3	Anticipation SFX（大气深沉1 · 大气转场撞击重低音气氛无损音效素材包）/04 - Moments/Moments - Space/SP 02 The Horizon.mp3	
/volume1/主目录/Collection/素材&模板&音库/音效/02_中文音效合集/气氛音乐音效/Archetype SFX/01 - Risers/Risers - Silk/Anticipation SFX - MP3/04 - Moments/Moments - Space/SP 03 Waiting For More.mp3	Anticipation SFX（大气深沉1 · 大气转场撞击重低音气氛无损音效素材包）/04 - Moments/Moments - Space/SP 03 Waiting For More.mp3	
/volume1/主目录/Collection/素材&模板&音库/音效/02_中文音效合集/气氛音乐音效/Archetype SFX/01 - Risers/Risers - Silk/Anticipation SFX - MP3/04 - Moments/Moments - Space/SP 04 Hopes and Prayers.mp3	Anticipation SFX（大气深沉1 · 大气转场撞击重低音气氛无损音效素材包）/04 - Moments/Moments - Space/SP 04 Hopes and Prayers.mp3	
/volume1/主目录/Collection/素材&模板&音库/音效/02_中文音效合集/气氛音乐音效/Archetype SFX/01 - Risers/Risers - Silk/Anticipation SFX - MP3/04 - Moments/Moments - Space/SP 09 Upon The Hill B.mp3	Anticipation SFX（大气深沉1 · 大气转场撞击重低音气氛无损音效素材包）/04 - Moments/Moments - Space/SP 09 Upon The Hill B.mp3	
/volume1/主目录/Collection/素材&模板&音库/音效/02_中文音效合集/气氛音乐音效/Archetype SFX/01 - Risers/Risers - Silk/Anticipation SFX - MP3/04 - Moments/Moments/08 Upon The Hill A.mp3	Anticipation SFX（大气深沉1 · 大气转场撞击重低音气氛无损音效素材包）/04 - Moments/Moments/08 Upon The Hill A.mp3	
/volume1/主目录/Collection/素材&模板&音库/音效/02_中文音效合集/气氛音乐音效/Archetype SFX/01 - Risers/Risers - Silk/Anticipation SFX - MP3/04 - Moments/Moments/07 Light The Way.mp3	Anticipation SFX（大气深沉1 · 大气转场撞击重低音气氛无损音效素材包）/04 - Moments/Moments/07 Light The Way.mp3	
/volume1/主目录/Collection/素材&模板&音库/音效/02_中文音效合集/气氛音乐音效/Archetype SFX/01 - Risers/Risers - Silk/Anticipation SFX - MP3/04 - Moments/Moments/06 Given Up.mp3	Anticipation SFX（大气深沉1 · 大气转场撞击重低音气氛无损音效素材包）/04 - Moments/Moments/06 Given Up.mp3	
/volume1/主目录/Collection/素材&模板&音库/音效/02_中文音效合集/气氛音乐音效/Archetype SFX/01 - Risers/Risers - Silk/Anticipation SFX - MP3/04 - Moments/Moments/05 Waiting Still.mp3	Anticipation SFX（大气深沉1 · 大气转场撞击重低音气氛无损音效素材包）/04 - Moments/Moments/05 Waiting Still.mp3	
/volume1/主目录/Collection/素材&模板&音库/音效/02_中文音效合集/气氛音乐音效/Archetype SFX/01 - Risers/Risers - Silk/Anticipation SFX - MP3/04 - Moments/Moments/10 Home.mp3	Anticipation SFX（大气深沉1 · 大气转场撞击重低音气氛无损音效素材包）/04 - Moments/Moments/10 Home.mp3	
/volume1/主目录/Collection/素材&模板&音库/音效/02_中文音效合集/气氛音乐音效/Archetype SFX/01 - Risers/Risers - Silk/Anticipation SFX - MP3/04 - Moments/Moments/03 Waiting For More.mp3	Anticipation SFX（大气深沉1 · 大气转场撞击重低音气氛无损音效素材包）/04 - Moments/Moments/03 Waiting For More.mp3	
/volume1/主目录/Collection/素材&模板&音库/音效/02_中文音效合集/气氛音乐音效/Archetype SFX/01 - Risers/Risers - Silk/Anticipation SFX - MP3/04 - Moments/Moments/02 The Horizon.mp3	Anticipation SFX（大气深沉1 · 大气转场撞击重低音气氛无损音效素材包）/04 - Moments/Moments/02 The Horizon.mp3	
/volume1/主目录/Collection/素材&模板&音库/音效/02_中文音效合集/气氛音乐音效/Archetype SFX/01 - Risers/Risers - Silk/Anticipation SFX - MP3/04 - Moments/Moments/09 Upon The Hill B.mp3	Anticipation SFX（大气深沉1 · 大气转场撞击重低音气氛无损音效素材包）/04 - Moments/Moments/09 Upon The Hill B.mp3	
/volume1/主目录/Collection/素材&模板&音库/音效/02_中文音效合集/气氛音乐音效/Archetype SFX/01 - Risers/Risers - Silk/Anticipation SFX - MP3/04 - Moments/Moments/04 Hopes and Prayers.mp3	Anticipation SFX（大气深沉1 · 大气转场撞击重低音气氛无损音效素材包）/04 - Moments/Moments/04 Hopes and Prayers_2.mp3	conflict->suffix_2
/volume1/主目录/Collection/素材&模板&音库/音效/02_中文音效合集/气氛音乐音效/Archetype SFX/01 - Risers/Risers - Silk/Anticipation SFX - MP3/04 - Moments/Moments/01 Sacred Ground.mp3	Anticipation SFX（大气深沉1 · 大气转场撞击重低音气氛无损音效素材包）/04 - Moments/Moments/01 Sacred Ground.mp3	
/volume1/主目录/Collection/素材&模板&音库/音效/02_中文音效合集/气氛音乐音效/Archetype SFX/01 - Risers/Risers - Silk/Anticipation SFX - MP3/03 - Whooshes/Whooshes - Tube/TB 05 Crisp B.mp3	Anticipation SFX（大气深沉1 · 大气转场撞击重低音气氛无损音效素材包）/03 - Whooshes/Whooshes - Tube/TB 05 Crisp B.mp3	
/volume1/主目录/Collection/素材&模板&音库/音效/02_中文音效合集/气氛音乐音效/Archetype SFX/01 - Risers/Risers - Silk/Anticipation SFX - MP3/03 - Whooshes/Whooshes - Tube/TB 02 Pacific B.mp3	Anticipation SFX（大气深沉1 · 大气转场撞击重低音气氛无损音效素材包）/03 - Whooshes/Whooshes - Tube/TB 02 Pacific B.mp3	
/volume1/主目录/Collection/素材&模板&音库/音效/02_中文音效合集/气氛音乐音效/Archetype SFX/01 - Risers/Risers - Silk/Anticipation SFX - MP3/03 - Whooshes/Whooshes - Tube/TB 21 Sub Timelapse.mp3	Anticipation SFX（大气深沉1 · 大气转场撞击重低音气氛无损音效素材包）/03 - Whooshes/Whooshes - Tube/TB 21 Sub Timelapse.mp3	
/volume1/主目录/Collection/素材&模板&音库/音效/02_中文音效合集/气氛音乐音效/Archetype SFX/01 - Risers/Risers - Silk/Anticipation SFX - MP3/03 - Whooshes/Whooshes - Tube/TB 22 Basic Timelapse.mp3	Anticipation SFX（大气深沉1 · 大气转场撞击重低音气氛无损音效素材包）/03 - Whooshes/Whooshes - Tube/TB 22 Basic Timelapse.mp3	
/volume1/主目录/Collection/素材&模板&音库/音效/02_中文音效合集/气氛音乐音效/Archetype SFX/01 - Risers/Risers - Silk/Anticipation SFX - MP3/03 - Whooshes/Whooshes - Tube/TB 04 Crisp A.mp3	Anticipation SFX（大气深沉1 · 大气转场撞击重低音气氛无损音效素材包）/03 - Whooshes/Whooshes - Tube/TB 04 Crisp A.mp3	
/volume1/主目录/Collection/素材&模板&音库/音效/02_中文音效合集/气氛音乐音效/Archetype SFX/01 - Risers/Risers - Silk/Anticipation SFX - MP3/03 - Whooshes/Whooshes - Tube/TB 20 Cold Timelapse.mp3	Anticipation SFX（大气深沉1 · 大气转场撞击重低音气氛无损音效素材包）/03 - Whooshes/Whooshes - Tube/TB 20 Cold Timelapse.mp3	
/volume1/主目录/Collection/素材&模板&音库/音效/02_中文音效合集/气氛音乐音效/Archetype SFX/01 - Risers/Risers - Silk/Anticipation SFX - MP3/03 - Whooshes/Whooshes - Tube/TB 09 Base Whoosh.mp3	Anticipation SFX（大气深沉1 · 大气转场撞击重低音气氛无损音效素材包）/03 - Whooshes/Whooshes - Tube/TB 09 Base Whoosh.mp3	
/volume1/主目录/Collection/素材&模板&音库/音效/02_中文音效合集/气氛音乐音效/Archetype SFX/01 - Risers/Risers - Silk/Anticipation SFX - MP3/03 - Whooshes/Whooshes - Tube/TB 24 City Timelapse.mp3	Anticipation SFX（大气深沉1 · 大气转场撞击重低音气氛无损音效素材包）/03 - Whooshes/Whooshes - Tube/TB 24 City Timelapse.mp3	
/volume1/主目录/Collection/素材&模板&音库/音效/02_中文音效合集/气氛音乐音效/Archetype SFX/01 - Risers/Risers - Silk/Anticipation SFX - MP3/03 - Whooshes/Whooshes - Tube/TB 10 Long Sub.mp3	Anticipation SFX（大气深沉1 · 大气转场撞击重低音气氛无损音效素材包）/03 - Whooshes/Whooshes - Tube/TB 10 Long Sub.mp3	
/volume1/主目录/Collection/素材&模板&音库/音效/02_中文音效合集/气氛音乐音效/Archetype SFX/01 - Risers/Risers - Silk/Anticipation SFX - MP3/03 - Whooshes/Whooshes - Tube/TB 14 Super Slow.mp3	Anticipation SFX（大气深沉1 · 大气转场撞击重低音气氛无损音效素材包）/03 - Whooshes/Whooshes - Tube/TB 14 Super Slow.mp3	
/volume1/主目录/Collection/素材&模板&音库/音效/02_中文音效合集/气氛音乐音效/Archetype SFX/01 - Risers/Risers - Silk/Anticipation SFX - MP3/03 - Whooshes/Whooshes - Tube/TB 13 Slow Motion.mp3	Anticipation SFX（大气深沉1 · 大气转场撞击重低音气氛无损音效素材包）/03 - Whooshes/Whooshes - Tube/TB 13 Slow Motion.mp3	
/volume1/主目录/Collection/素材&模板&音库/音效/02_中文音效合集/气氛音乐音效/Archetype SFX/01 - Risers/Risers - Silk/Anticipation SFX - MP3/03 - Whooshes/Whooshes - Tube/TB 18 Page Turner.mp3	Anticipation SFX（大气深沉1 · 大气转场撞击重低音气氛无损音效素材包）/03 - Whooshes/Whooshes - Tube/TB 18 Page Turner.mp3	
/volume1/主目录/Collection/素材&模板&音库/音效/02_中文音效合集/气氛音乐音效/Archetype SFX/01 - Risers/Risers - Silk/Anticipation SFX - MP3/03 - Whooshes/Whooshes - Tube/TB 23 Quick Timelapse.mp3	Anticipation SFX（大气深沉1 · 大气转场撞击重低音气氛无损音效素材包）/03 - Whooshes/Whooshes - Tube/TB 23 Quick Timelapse.mp3	
/volume1/主目录/Collection/素材&模板&音库/音效/02_中文音效合集/气氛音乐音效/Archetype SFX/01 - Risers/Risers - Silk/Anticipation SFX - MP3/03 - Whooshes/Whooshes - Tube/TB 15 Elemental.mp3	Anticipation SFX（大气深沉1 · 大气转场撞击重低音气氛无损音效素材包）/03 - Whooshes/Whooshes - Tube/TB 15 Elemental.mp3	
/volume1/主目录/Collection/素材&模板&音库/音效/02_中文音效合集/气氛音乐音效/Archetype SFX/01 - Risers/Risers - Silk/Anticipation SFX - MP3/03 - Whooshes/Whooshes - Tube/TB 19 Light Timelapse.mp3	Anticipation SFX（大气深沉1 · 大气转场撞击重低音气氛无损音效素材包）/03 - Whooshes/Whooshes - Tube/TB 19 Light Timelapse.mp3	
/volume1/主目录/Collection/素材&模板&音库/音效/02_中文音效合集/气氛音乐音效/Archetype SFX/01 - Risers/Risers - Silk/Anticipation SFX - MP3/03 - Whooshes/Whooshes - Tube/TB 01 Pacific A.mp3	Anticipation SFX（大气深沉1 · 大气转场撞击重低音气氛无损音效素材包）/03 - Whooshes/Whooshes - Tube/TB 01 Pacific A.mp3	
/volume1/主目录/Collection/素材&模板&音库/音效/02_中文音效合集/气氛音乐音效/Archetype SFX/01 - Risers/Risers - Silk/Anticipation SFX - MP3/03 - Whooshes/Whooshes - Tube/TB 16 Sheet Slide.mp3	Anticipation SFX（大气深沉1 · 大气转场撞击重低音气氛无损音效素材包）/03 - Whooshes/Whooshes - Tube/TB 16 Sheet Slide.mp3	
/volume1/主目录/Collection/素材&模板&音库/音效/02_中文音效合集/气氛音乐音效/Archetype SFX/01 - Risers/Risers - Silk/Anticipation SFX - MP3/03 - Whooshes/Whooshes - Tube/TB 11 Short Sub.mp3	Anticipation SFX（大气深沉1 · 大气转场撞击重低音气氛无损音效素材包）/03 - Whooshes/Whooshes - Tube/TB 11 Short Sub.mp3	
/volume1/主目录/Collection/素材&模板&音库/音效/02_中文音效合集/气氛音乐音效/Archetype SFX/01 - Risers/Risers - Silk/Anticipation SFX - MP3/03 - Whooshes/Whooshes - Tube/TB 12 Gritty Whoosh.mp3	Anticipation SFX（大气深沉1 · 大气转场撞击重低音气氛无损音效素材包）/03 - Whooshes/Whooshes - Tube/TB 12 Gritty Whoosh.mp3	
/volume1/主目录/Collection/素材&模板&音库/音效/02_中文音效合集/气氛音乐音效/Archetype SFX/01 - Risers/Risers - Silk/Anticipation SFX - MP3/03 - Whooshes/Whooshes - Tube/TB 17 Tonal Whoosh.mp3	Anticipation SFX（大气深沉1 · 大气转场撞击重低音气氛无损音效素材包）/03 - Whooshes/Whooshes - Tube/TB 17 Tonal Whoosh.mp3	
/volume1/主目录/Collection/素材&模板&音库/音效/02_中文音效合集/气氛音乐音效/Archetype SFX/01 - Risers/Risers - Silk/Anticipation SFX - MP3/03 - Whooshes/Whooshes - Tube/TB 03 Pacific C.mp3	Anticipation SFX（大气深沉1 · 大气转场撞击重低音气氛无损音效素材包）/03 - Whooshes/Whooshes - Tube/TB 03 Pacific C.mp3	
/volume1/主目录/Collection/素材&模板&音库/音效/02_中文音效合集/气氛音乐音效/Archetype SFX/01 - Risers/Risers - Silk/Anticipation SFX - MP3/03 - Whooshes/Whooshes - Tube/TB 06 Bright Fly By.mp3	Anticipation SFX（大气深沉1 · 大气转场撞击重低音气氛无损音效素材包）/03 - Whooshes/Whooshes - Tube/TB 06 Bright Fly By.mp3	
/volume1/主目录/Collection/素材&模板&音库/音效/02_中文音效合集/气氛音乐音效/Archetype SFX/01 - Risers/Risers - Silk/Anticipation SFX - MP3/03 - Whooshes/Whooshes - Tube/TB 07 Jetset.mp3	Anticipation SFX（大气深沉1 · 大气转场撞击重低音气氛无损音效素材包）/03 - Whooshes/Whooshes - Tube/TB 07 Jetset.mp3	
/volume1/主目录/Collection/素材&模板&音库/音效/02_中文音效合集/气氛音乐音效/Archetype SFX/01 - Risers/Risers - Silk/Anticipation SFX - MP3/03 - Whooshes/Whooshes/09 Base Whoosh.mp3	Anticipation SFX（大气深沉1 · 大气转场撞击重低音气氛无损音效素材包）/03 - Whooshes/Whooshes/09 Base Whoosh.mp3	
/volume1/主目录/Collection/素材&模板&音库/音效/02_中文音效合集/气氛音乐音效/Archetype SFX/01 - Risers/Risers - Silk/Anticipation SFX - MP3/03 - Whooshes/Whooshes/01 Pacific A.mp3	Anticipation SFX（大气深沉1 · 大气转场撞击重低音气氛无损音效素材包）/03 - Whooshes/Whooshes/01 Pacific A.mp3	
/volume1/主目录/Collection/素材&模板&音库/音效/02_中文音效合集/气氛音乐音效/Archetype SFX/01 - Risers/Risers - Silk/Anticipation SFX - MP3/03 - Whooshes/Whooshes/06 Bright Fly By.mp3	Anticipation SFX（大气深沉1 · 大气转场撞击重低音气氛无损音效素材包）/03 - Whooshes/Whooshes/06 Bright Fly By.mp3	
/volume1/主目录/Collection/素材&模板&音库/音效/02_中文音效合集/气氛音乐音效/Archetype SFX/01 - Risers/Risers - Silk/Anticipation SFX - MP3/03 - Whooshes/Whooshes/23 Quick Timelapse.mp3	Anticipation SFX（大气深沉1 · 大气转场撞击重低音气氛无损音效素材包）/03 - Whooshes/Whooshes/23 Quick Timelapse.mp3	
/volume1/主目录/Collection/素材&模板&音库/音效/02_中文音效合集/气氛音乐音效/Archetype SFX/01 - Risers/Risers - Silk/Anticipation SFX - MP3/03 - Whooshes/Whooshes/22 Basic Timelapse.mp3	Anticipation SFX（大气深沉1 · 大气转场撞击重低音气氛无损音效素材包）/03 - Whooshes/Whooshes/22 Basic Timelapse.mp3	
/volume1/主目录/Collection/素材&模板&音库/音效/02_中文音效合集/气氛音乐音效/Archetype SFX/01 - Risers/Risers - Silk/Anticipation SFX - MP3/03 - Whooshes/Whooshes/14 Super Slow.mp3	Anticipation SFX（大气深沉1 · 大气转场撞击重低音气氛无损音效素材包）/03 - Whooshes/Whooshes/14 Super Slow.mp3	
/volume1/主目录/Collection/素材&模板&音库/音效/02_中文音效合集/气氛音乐音效/Archetype SFX/01 - Risers/Risers - Silk/Anticipation SFX - MP3/03 - Whooshes/Whooshes/17 Tonal Whoosh.mp3	Anticipation SFX（大气深沉1 · 大气转场撞击重低音气氛无损音效素材包）/03 - Whooshes/Whooshes/17 Tonal Whoosh.mp3	
/volume1/主目录/Collection/素材&模板&音库/音效/02_中文音效合集/气氛音乐音效/Archetype SFX/01 - Risers/Risers - Silk/Anticipation SFX - MP3/03 - Whooshes/Whooshes/16 Sheet Slide.mp3	Anticipation SFX（大气深沉1 · 大气转场撞击重低音气氛无损音效素材包）/03 - Whooshes/Whooshes/16 Sheet Slide.mp3	
/volume1/主目录/Collection/素材&模板&音库/音效/02_中文音效合集/气氛音乐音效/Archetype SFX/01 - Risers/Risers - Silk/Anticipation SFX - MP3/03 - Whooshes/Whooshes/15 Elemental.mp3	Anticipation SFX（大气深沉1 · 大气转场撞击重低音气氛无损音效素材包）/03 - Whooshes/Whooshes/15 Elemental.mp3	
/volume1/主目录/Collection/素材&模板&音库/音效/02_中文音效合集/气氛音乐音效/Archetype SFX/01 - Risers/Risers - Silk/Anticipation SFX - MP3/03 - Whooshes/Whooshes/21 Sub Timelapse.mp3	Anticipation SFX（大气深沉1 · 大气转场撞击重低音气氛无损音效素材包）/03 - Whooshes/Whooshes/21 Sub Timelapse.mp3	
/volume1/主目录/Collection/素材&模板&音库/音效/02_中文音效合集/气氛音乐音效/Archetype SFX/01 - Risers/Risers - Silk/Anticipation SFX - MP3/03 - Whooshes/Whooshes/02 Pacific B.mp3	Anticipation SFX（大气深沉1 · 大气转场撞击重低音气氛无损音效素材包）/03 - Whooshes/Whooshes/02 Pacific B.mp3	
/volume1/主目录/Collection/素材&模板&音库/音效/02_中文音效合集/气氛音乐音效/Archetype SFX/01 - Risers/Risers - Silk/Anticipation SFX - MP3/03 - Whooshes/Whooshes/24 City Timelapse.mp3	Anticipation SFX（大气深沉1 · 大气转场撞击重低音气氛无损音效素材包）/03 - Whooshes/Whooshes/24 City Timelapse.mp3	
/volume1/主目录/Collection/素材&模板&音库/音效/02_中文音效合集/气氛音乐音效/Archetype SFX/01 - Risers/Risers - Silk/Anticipation SFX - MP3/03 - Whooshes/Whooshes/08 Wind Whoosh.mp3	Anticipation SFX（大气深沉1 · 大气转场撞击重低音气氛无损音效素材包）/03 - Whooshes/Whooshes/08 Wind Whoosh.mp3	
/volume1/主目录/Collection/素材&模板&音库/音效/02_中文音效合集/气氛音乐音效/Archetype SFX/01 - Risers/Risers - Silk/Anticipation SFX - MP3/03 - Whooshes/Whooshes/19 Light Timelapse.mp3	Anticipation SFX（大气深沉1 · 大气转场撞击重低音气氛无损音效素材包）/03 - Whooshes/Whooshes/19 Light Timelapse.mp3	
/volume1/主目录/Collection/素材&模板&音库/音效/02_中文音效合集/气氛音乐音效/Archetype SFX/01 - Risers/Risers - Silk/Anticipation SFX - MP3/03 - Whooshes/Whooshes/04 Crisp A.mp3	Anticipation SFX（大气深沉1 · 大气转场撞击重低音气氛无损音效素材包）/03 - Whooshes/Whooshes/04 Crisp A.mp3	
/volume1/主目录/Collection/素材&模板&音库/音效/02_中文音效合集/气氛音乐音效/Archetype SFX/01 - Risers/Risers - Silk/Anticipation SFX - MP3/03 - Whooshes/Whooshes/18 Page Turner.mp3	Anticipation SFX（大气深沉1 · 大气转场撞击重低音气氛无损音效素材包）/03 - Whooshes/Whooshes/18 Page Turner.mp3	
/volume1/主目录/Collection/素材&模板&音库/音效/02_中文音效合集/气氛音乐音效/Archetype SFX/01 - Risers/Risers - Silk/Anticipation SFX - MP3/03 - Whooshes/Whooshes/03 Pacific C.mp3	Anticipation SFX（大气深沉1 · 大气转场撞击重低音气氛无损音效素材包）/03 - Whooshes/Whooshes/03 Pacific C.mp3	
/volume1/主目录/Collection/素材&模板&音库/音效/02_中文音效合集/气氛音乐音效/Archetype SFX/01 - Risers/Risers - Silk/Anticipation SFX - MP3/03 - Whooshes/Whooshes/07 Jetset.mp3	Anticipation SFX（大气深沉1 · 大气转场撞击重低音气氛无损音效素材包）/03 - Whooshes/Whooshes/07 Jetset.mp3	
/volume1/主目录/Collection/素材&模板&音库/音效/02_中文音效合集/气氛音乐音效/Archetype SFX/01 - Risers/Risers - Silk/Anticipation SFX - MP3/03 - Whooshes/Whooshes/10 Long Sub.mp3	Anticipation SFX（大气深沉1 · 大气转场撞击重低音气氛无损音效素材包）/03 - Whooshes/Whooshes/10 Long Sub.mp3	
/volume1/主目录/Collection/素材&模板&音库/音效/02_中文音效合集/气氛音乐音效/Archetype SFX/01 - Risers/Risers - Silk/Anticipation SFX - MP3/03 - Whooshes/Whooshes/05 Crisp B.mp3	Anticipation SFX（大气深沉1 · 大气转场撞击重低音气氛无损音效素材包）/03 - Whooshes/Whooshes/05 Crisp B.mp3	
/volume1/主目录/Collection/素材&模板&音库/音效/02_中文音效合集/气氛音乐音效/Archetype SFX/01 - Risers/Risers - Silk/Anticipation SFX - MP3/03 - Whooshes/Whooshes - Space/SP 11 Short Sub.mp3	Anticipation SFX（大气深沉1 · 大气转场撞击重低音气氛无损音效素材包）/03 - Whooshes/Whooshes - Space/SP 11 Short Sub.mp3	
/volume1/主目录/Collection/素材&模板&音库/音效/02_中文音效合集/气氛音乐音效/Archetype SFX/01 - Risers/Risers - Silk/Anticipation SFX - MP3/03 - Whooshes/Whooshes - Space/SP 18 Page Turner.mp3	Anticipation SFX（大气深沉1 · 大气转场撞击重低音气氛无损音效素材包）/03 - Whooshes/Whooshes - Space/SP 18 Page Turner.mp3	
/volume1/主目录/Collection/素材&模板&音库/音效/02_中文音效合集/气氛音乐音效/Archetype SFX/01 - Risers/Risers - Silk/Anticipation SFX - MP3/03 - Whooshes/Whooshes - Space/SP 22 Basic Timelapse.mp3	Anticipation SFX（大气深沉1 · 大气转场撞击重低音气氛无损音效素材包）/03 - Whooshes/Whooshes - Space/SP 22 Basic Timelapse.mp3	
/volume1/主目录/Collection/素材&模板&音库/音效/02_中文音效合集/气氛音乐音效/Archetype SFX/01 - Risers/Risers - Silk/Anticipation SFX - MP3/03 - Whooshes/Whooshes - Space/SP 01 Pacific A.mp3	Anticipation SFX（大气深沉1 · 大气转场撞击重低音气氛无损音效素材包）/03 - Whooshes/Whooshes - Space/SP 01 Pacific A.mp3	
/volume1/主目录/Collection/素材&模板&音库/音效/02_中文音效合集/气氛音乐音效/Archetype SFX/01 - Risers/Risers - Silk/Anticipation SFX - MP3/03 - Whooshes/Whooshes - Space/SP 21 Sub Timelapse.mp3	Anticipation SFX（大气深沉1 · 大气转场撞击重低音气氛无损音效素材包）/03 - Whooshes/Whooshes - Space/SP 21 Sub Timelapse.mp3	
/volume1/主目录/Collection/素材&模板&音库/音效/02_中文音效合集/气氛音乐音效/Archetype SFX/01 - Risers/Risers - Silk/Anticipation SFX - MP3/03 - Whooshes/Whooshes - Space/SP 24 City Timelapse.mp3	Anticipation SFX（大气深沉1 · 大气转场撞击重低音气氛无损音效素材包）/03 - Whooshes/Whooshes - Space/SP 24 City Timelapse.mp3	
/volume1/主目录/Collection/素材&模板&音库/音效/02_中文音效合集/气氛音乐音效/Archetype SFX/01 - Risers/Risers - Silk/Anticipation SFX - MP3/03 - Whooshes/Whooshes - Space/SP 14 Super Slow.mp3	Anticipation SFX（大气深沉1 · 大气转场撞击重低音气氛无损音效素材包）/03 - Whooshes/Whooshes - Space/SP 14 Super Slow.mp3	
/volume1/主目录/Collection/素材&模板&音库/音效/02_中文音效合集/气氛音乐音效/Archetype SFX/01 - Risers/Risers - Silk/Anticipation SFX - MP3/03 - Whooshes/Whooshes - Space/SP 05 Crisp B.mp3	Anticipation SFX（大气深沉1 · 大气转场撞击重低音气氛无损音效素材包）/03 - Whooshes/Whooshes - Space/SP 05 Crisp B.mp3	
/volume1/主目录/Collection/素材&模板&音库/音效/02_中文音效合集/气氛音乐音效/Archetype SFX/01 - Risers/Risers - Silk/Anticipation SFX - MP3/03 - Whooshes/Whooshes - Space/SP 06 Bright Fly By.mp3	Anticipation SFX（大气深沉1 · 大气转场撞击重低音气氛无损音效素材包）/03 - Whooshes/Whooshes - Space/SP 06 Bright Fly By.mp3	
/volume1/主目录/Collection/素材&模板&音库/音效/02_中文音效合集/气氛音乐音效/Archetype SFX/01 - Risers/Risers - Silk/Anticipation SFX - MP3/03 - Whooshes/Whooshes - Space/SP 02 Pacific B.mp3	Anticipation SFX（大气深沉1 · 大气转场撞击重低音气氛无损音效素材包）/03 - Whooshes/Whooshes - Space/SP 02 Pacific B.mp3	
/volume1/主目录/Collection/素材&模板&音库/音效/02_中文音效合集/气氛音乐音效/Archetype SFX/01 - Risers/Risers - Silk/Anticipation SFX - MP3/03 - Whooshes/Whooshes - Space/SP 10 Long Sub.mp3	Anticipation SFX（大气深沉1 · 大气转场撞击重低音气氛无损音效素材包）/03 - Whooshes/Whooshes - Space/SP 10 Long Sub.mp3	
/volume1/主目录/Collection/素材&模板&音库/音效/02_中文音效合集/气氛音乐音效/Archetype SFX/01 - Risers/Risers - Silk/Anticipation SFX - MP3/03 - Whooshes/Whooshes - Space/SP 09 Base Whoosh.mp3	Anticipation SFX（大气深沉1 · 大气转场撞击重低音气氛无损音效素材包）/03 - Whooshes/Whooshes - Space/SP 09 Base Whoosh.mp3	
/volume1/主目录/Collection/素材&模板&音库/音效/02_中文音效合集/气氛音乐音效/Archetype SFX/01 - Risers/Risers - Silk/Anticipation SFX - MP3/03 - Whooshes/Whooshes - Space/SP 15 Elemental.mp3	Anticipation SFX（大气深沉1 · 大气转场撞击重低音气氛无损音效素材包）/03 - Whooshes/Whooshes - Space/SP 15 Elemental.mp3	
/volume1/主目录/Collection/素材&模板&音库/音效/02_中文音效合集/气氛音乐音效/Archetype SFX/01 - Risers/Risers - Silk/Anticipation SFX - MP3/03 - Whooshes/Whooshes - Space/SP 07 Jetset.mp3	Anticipation SFX（大气深沉1 · 大气转场撞击重低音气氛无损音效素材包）/03 - Whooshes/Whooshes - Space/SP 07 Jetset.mp3	
/volume1/主目录/Collection/素材&模板&音库/音效/02_中文音效合集/气氛音乐音效/Archetype SFX/01 - Risers/Risers - Silk/Anticipation SFX - MP3/03 - Whooshes/Whooshes - Space/SP 08 Wind Whoosh.mp3	Anticipation SFX（大气深沉1 · 大气转场撞击重低音气氛无损音效素材包）/03 - Whooshes/Whooshes - Space/SP 08 Wind Whoosh.mp3	
/volume1/主目录/Collection/素材&模板&音库/音效/02_中文音效合集/气氛音乐音效/Archetype SFX/01 - Risers/Risers - Silk/Anticipation SFX - MP3/03 - Whooshes/Whooshes - Space/SP 19 Light Timelapse.mp3	Anticipation SFX（大气深沉1 · 大气转场撞击重低音气氛无损音效素材包）/03 - Whooshes/Whooshes - Space/SP 19 Light Timelapse.mp3	
/volume1/主目录/Collection/素材&模板&音库/音效/02_中文音效合集/气氛音乐音效/Archetype SFX/01 - Risers/Risers - Silk/Anticipation SFX - MP3/03 - Whooshes/Whooshes - Space/SP 12 Gritty Whoosh.mp3	Anticipation SFX（大气深沉1 · 大气转场撞击重低音气氛无损音效素材包）/03 - Whooshes/Whooshes - Space/SP 12 Gritty Whoosh.mp3	
/volume1/主目录/Collection/素材&模板&音库/音效/02_中文音效合集/气氛音乐音效/Archetype SFX/01 - Risers/Risers - Silk/Anticipation SFX - MP3/03 - Whooshes/Whooshes - Space/SP 23 Quick Timelapse.mp3	Anticipation SFX（大气深沉1 · 大气转场撞击重低音气氛无损音效素材包）/03 - Whooshes/Whooshes - Space/SP 23 Quick Timelapse.mp3	
/volume1/主目录/Collection/素材&模板&音库/音效/02_中文音效合集/气氛音乐音效/Archetype SFX/01 - Risers/Risers - Silk/Anticipation SFX - MP3/03 - Whooshes/Whooshes - Space/SP 04 Crisp A.mp3	Anticipation SFX（大气深沉1 · 大气转场撞击重低音气氛无损音效素材包）/03 - Whooshes/Whooshes - Space/SP 04 Crisp A.mp3	
/volume1/主目录/Collection/素材&模板&音库/音效/02_中文音效合集/气氛音乐音效/Archetype SFX/01 - Risers/Risers - Silk/Anticipation SFX - MP3/03 - Whooshes/Whooshes - Space/SP 13 Slow Motion.mp3	Anticipation SFX（大气深沉1 · 大气转场撞击重低音气氛无损音效素材包）/03 - Whooshes/Whooshes - Space/SP 13 Slow Motion.mp3	
/volume1/主目录/Collection/素材&模板&音库/音效/02_中文音效合集/气氛音乐音效/Archetype SFX/01 - Risers/Risers - Silk/Anticipation SFX - MP3/03 - Whooshes/Whooshes - Space/SP 20 Cold Timelapse.mp3	Anticipation SFX（大气深沉1 · 大气转场撞击重低音气氛无损音效素材包）/03 - Whooshes/Whooshes - Space/SP 20 Cold Timelapse.mp3	
/volume1/主目录/Collection/素材&模板&音库/音效/02_中文音效合集/气氛音乐音效/Archetype SFX/01 - Risers/Risers - Silk/Anticipation SFX - MP3/03 - Whooshes/Whooshes - Space/SP 03 Pacific C.mp3	Anticipation SFX（大气深沉1 · 大气转场撞击重低音气氛无损音效素材包）/03 - Whooshes/Whooshes - Space/SP 03 Pacific C.mp3	
/volume1/主目录/Collection/素材&模板&音库/音效/02_中文音效合集/气氛音乐音效/Archetype SFX/01 - Risers/Risers - Silk/Anticipation SFX - MP3/03 - Whooshes/Whooshes - Space/SP 16 Sheet Slide.mp3	Anticipation SFX（大气深沉1 · 大气转场撞击重低音气氛无损音效素材包）/03 - Whooshes/Whooshes - Space/SP 16 Sheet Slide.mp3	
/volume1/主目录/Collection/素材&模板&音库/音效/02_中文音效合集/气氛音乐音效/Archetype SFX/01 - Risers/Risers - Silk/Anticipation SFX - MP3/03 - Whooshes/Whooshes - Space/SP 17 Tonal Whoosh.mp3	Anticipation SFX（大气深沉1 · 大气转场撞击重低音气氛无损音效素材包）/03 - Whooshes/Whooshes - Space/SP 17 Tonal Whoosh.mp3	
/volume1/主目录/Collection/素材&模板&音库/音效/02_中文音效合集/气氛音乐音效/Archetype SFX/01 - Risers/Risers - Silk/Anticipation SFX - MP3/03 - Whooshes/Whooshes - Distortion/DS 19 Light Timelapse.mp3	Anticipation SFX（大气深沉1 · 大气转场撞击重低音气氛无损音效素材包）/03 - Whooshes/Whooshes - Distortion/DS 19 Light Timelapse.mp3	
/volume1/主目录/Collection/素材&模板&音库/音效/02_中文音效合集/气氛音乐音效/Archetype SFX/01 - Risers/Risers - Silk/Anticipation SFX - MP3/03 - Whooshes/Whooshes - Distortion/DS 06 Bright Fly By.mp3	Anticipation SFX（大气深沉1 · 大气转场撞击重低音气氛无损音效素材包）/03 - Whooshes/Whooshes - Distortion/DS 06 Bright Fly By.mp3	
/volume1/主目录/Collection/素材&模板&音库/音效/02_中文音效合集/气氛音乐音效/Archetype SFX/01 - Risers/Risers - Silk/Anticipation SFX - MP3/03 - Whooshes/Whooshes - Distortion/DS 21 Sub Timelapse.mp3	Anticipation SFX（大气深沉1 · 大气转场撞击重低音气氛无损音效素材包）/03 - Whooshes/Whooshes - Distortion/DS 21 Sub Timelapse.mp3	
/volume1/主目录/Collection/素材&模板&音库/音效/02_中文音效合集/气氛音乐音效/Archetype SFX/01 - Risers/Risers - Silk/Anticipation SFX - MP3/03 - Whooshes/Whooshes - Distortion/DS 10 Long Sub.mp3	Anticipation SFX（大气深沉1 · 大气转场撞击重低音气氛无损音效素材包）/03 - Whooshes/Whooshes - Distortion/DS 10 Long Sub.mp3	
/volume1/主目录/Collection/素材&模板&音库/音效/02_中文音效合集/气氛音乐音效/Archetype SFX/01 - Risers/Risers - Silk/Anticipation SFX - MP3/03 - Whooshes/Whooshes - Distortion/DS 03 Pacific C.mp3	Anticipation SFX（大气深沉1 · 大气转场撞击重低音气氛无损音效素材包）/03 - Whooshes/Whooshes - Distortion/DS 03 Pacific C.mp3	
/volume1/主目录/Collection/素材&模板&音库/音效/02_中文音效合集/气氛音乐音效/Archetype SFX/01 - Risers/Risers - Silk/Anticipation SFX - MP3/03 - Whooshes/Whooshes - Distortion/DS 05 Crisp B.mp3	Anticipation SFX（大气深沉1 · 大气转场撞击重低音气氛无损音效素材包）/03 - Whooshes/Whooshes - Distortion/DS 05 Crisp B.mp3	
/volume1/主目录/Collection/素材&模板&音库/音效/02_中文音效合集/气氛音乐音效/Archetype SFX/01 - Risers/Risers - Silk/Anticipation SFX - MP3/03 - Whooshes/Whooshes - Distortion/DS 11 Short Sub.mp3	Anticipation SFX（大气深沉1 · 大气转场撞击重低音气氛无损音效素材包）/03 - Whooshes/Whooshes - Distortion/DS 11 Short Sub.mp3	
/volume1/主目录/Collection/素材&模板&音库/音效/02_中文音效合集/气氛音乐音效/Archetype SFX/01 - Risers/Risers - Silk/Anticipation SFX - MP3/03 - Whooshes/Whooshes - Distortion/DS 12 Gritty Whoosh.mp3	Anticipation SFX（大气深沉1 · 大气转场撞击重低音气氛无损音效素材包）/03 - Whooshes/Whooshes - Distortion/DS 12 Gritty Whoosh.mp3	
/volume1/主目录/Collection/素材&模板&音库/音效/02_中文音效合集/气氛音乐音效/Archetype SFX/01 - Risers/Risers - Silk/Anticipation SFX - MP3/03 - Whooshes/Whooshes - Distortion/DS 04 Crisp A.mp3	Anticipation SFX（大气深沉1 · 大气转场撞击重低音气氛无损音效素材包）/03 - Whooshes/Whooshes - Distortion/DS 04 Crisp A.mp3	
/volume1/主目录/Collection/素材&模板&音库/音效/02_中文音效合集/气氛音乐音效/Archetype SFX/01 - Risers/Risers - Silk/Anticipation SFX - MP3/03 - Whooshes/Whooshes - Distortion/DS 14 Super Slow.mp3	Anticipation SFX（大气深沉1 · 大气转场撞击重低音气氛无损音效素材包）/03 - Whooshes/Whooshes - Distortion/DS 14 Super Slow.mp3	
/volume1/主目录/Collection/素材&模板&音库/音效/02_中文音效合集/气氛音乐音效/Archetype SFX/01 - Risers/Risers - Silk/Anticipation SFX - MP3/03 - Whooshes/Whooshes - Distortion/DS 08 Wind Whoosh.mp3	Anticipation SFX（大气深沉1 · 大气转场撞击重低音气氛无损音效素材包）/03 - Whooshes/Whooshes - Distortion/DS 08 Wind Whoosh.mp3	
/volume1/主目录/Collection/素材&模板&音库/音效/02_中文音效合集/气氛音乐音效/Archetype SFX/01 - Risers/Risers - Silk/Anticipation SFX - MP3/03 - Whooshes/Whooshes - Distortion/DS 24 City Timelapse.mp3	Anticipation SFX（大气深沉1 · 大气转场撞击重低音气氛无损音效素材包）/03 - Whooshes/Whooshes - Distortion/DS 24 City Timelapse.mp3	
/volume1/主目录/Collection/素材&模板&音库/音效/02_中文音效合集/气氛音乐音效/Archetype SFX/01 - Risers/Risers - Silk/Anticipation SFX - MP3/03 - Whooshes/Whooshes - Distortion/DS 09 Base Whoosh.mp3	Anticipation SFX（大气深沉1 · 大气转场撞击重低音气氛无损音效素材包）/03 - Whooshes/Whooshes - Distortion/DS 09 Base Whoosh.mp3	
/volume1/主目录/Collection/素材&模板&音库/音效/02_中文音效合集/气氛音乐音效/Archetype SFX/01 - Risers/Risers - Silk/Anticipation SFX - MP3/03 - Whooshes/Whooshes - Distortion/DS 01 Pacific A.mp3	Anticipation SFX（大气深沉1 · 大气转场撞击重低音气氛无损音效素材包）/03 - Whooshes/Whooshes - Distortion/DS 01 Pacific A.mp3	
/volume1/主目录/Collection/素材&模板&音库/音效/02_中文音效合集/气氛音乐音效/Archetype SFX/01 - Risers/Risers - Silk/Anticipation SFX - MP3/03 - Whooshes/Whooshes - Distortion/DS 18 Page Turner.mp3	Anticipation SFX（大气深沉1 · 大气转场撞击重低音气氛无损音效素材包）/03 - Whooshes/Whooshes - Distortion/DS 18 Page Turner.mp3	
/volume1/主目录/Collection/素材&模板&音库/音效/02_中文音效合集/气氛音乐音效/Archetype SFX/01 - Risers/Risers - Silk/Anticipation SFX - MP3/03 - Whooshes/Whooshes - Distortion/DS 15 Elemental.mp3	Anticipation SFX（大气深沉1 · 大气转场撞击重低音气氛无损音效素材包）/03 - Whooshes/Whooshes - Distortion/DS 15 Elemental.mp3	
/volume1/主目录/Collection/素材&模板&音库/音效/02_中文音效合集/气氛音乐音效/Archetype SFX/01 - Risers/Risers - Silk/Anticipation SFX - MP3/03 - Whooshes/Whooshes - Distortion/DS 22 Basic Timelapse.mp3	Anticipation SFX（大气深沉1 · 大气转场撞击重低音气氛无损音效素材包）/03 - Whooshes/Whooshes - Distortion/DS 22 Basic Timelapse.mp3	
/volume1/主目录/Collection/素材&模板&音库/音效/02_中文音效合集/气氛音乐音效/Archetype SFX/01 - Risers/Risers - Silk/Anticipation SFX - MP3/03 - Whooshes/Whooshes - Distortion/DS 02 Pacific B.mp3	Anticipation SFX（大气深沉1 · 大气转场撞击重低音气氛无损音效素材包）/03 - Whooshes/Whooshes - Distortion/DS 02 Pacific B.mp3	
/volume1/主目录/Collection/素材&模板&音库/音效/02_中文音效合集/气氛音乐音效/Archetype SFX/01 - Risers/Risers - Silk/Anticipation SFX - MP3/03 - Whooshes/Whooshes - Distortion/DS 16 Sheet Slide.mp3	Anticipation SFX（大气深沉1 · 大气转场撞击重低音气氛无损音效素材包）/03 - Whooshes/Whooshes - Distortion/DS 16 Sheet Slide.mp3	
/volume1/主目录/Collection/素材&模板&音库/音效/02_中文音效合集/气氛音乐音效/Archetype SFX/01 - Risers/Risers - Silk/Anticipation SFX - MP3/03 - Whooshes/Whooshes - Distortion/DS 17 Tonal Whoosh.mp3	Anticipation SFX（大气深沉1 · 大气转场撞击重低音气氛无损音效素材包）/03 - Whooshes/Whooshes - Distortion/DS 17 Tonal Whoosh.mp3	
/volume1/主目录/Collection/素材&模板&音库/音效/02_中文音效合集/气氛音乐音效/Archetype SFX/01 - Risers/Risers - Silk/Anticipation SFX - MP3/03 - Whooshes/Whooshes - Distortion/DS 07 Jetset.mp3	Anticipation SFX（大气深沉1 · 大气转场撞击重低音气氛无损音效素材包）/03 - Whooshes/Whooshes - Distortion/DS 07 Jetset.mp3	
/volume1/主目录/Collection/素材&模板&音库/音效/02_中文音效合集/气氛音乐音效/Archetype SFX/01 - Risers/Risers - Silk/Anticipation SFX - MP3/03 - Whooshes/Whooshes - Distortion/DS 20 Cold Timelapse.mp3	Anticipation SFX（大气深沉1 · 大气转场撞击重低音气氛无损音效素材包）/03 - Whooshes/Whooshes - Distortion/DS 20 Cold Timelapse.mp3	
/volume1/主目录/Collection/素材&模板&音库/音效/02_中文音效合集/气氛音乐音效/Archetype SFX/01 - Risers/Risers - Silk/Anticipation SFX - MP3/03 - Whooshes/Whooshes - Distortion/DS 13 Slow Motion.mp3	Anticipation SFX（大气深沉1 · 大气转场撞击重低音气氛无损音效素材包）/03 - Whooshes/Whooshes - Distortion/DS 13 Slow Motion.mp3	
/volume1/主目录/Collection/素材&模板&音库/音效/02_中文音效合集/气氛音乐音效/Archetype SFX/01 - Risers/Risers - Silk/Anticipation SFX - MP3/03 - Whooshes/Whooshes - Distortion/DS 23 Quick Timelapse.mp3	Anticipation SFX（大气深沉1 · 大气转场撞击重低音气氛无损音效素材包）/03 - Whooshes/Whooshes - Distortion/DS 23 Quick Timelapse.mp3	
/volume1/主目录/Collection/素材&模板&音库/音效/02_中文音效合集/气氛音乐音效/Archetype SFX/01 - Risers/Risers - Silk/Anticipation SFX - MP3/01 - Risers/Risers/08 Intense.mp3	Anticipation SFX（大气深沉1 · 大气转场撞击重低音气氛无损音效素材包）/01 - Risers/Risers/08 Intense.mp3	
/volume1/主目录/Collection/素材&模板&音库/音效/02_中文音效合集/气氛音乐音效/Archetype SFX/01 - Risers/Risers - Silk/Anticipation SFX - MP3/01 - Risers/Risers/05 Morning.mp3	Anticipation SFX（大气深沉1 · 大气转场撞击重低音气氛无损音效素材包）/01 - Risers/Risers/05 Morning.mp3	
/volume1/主目录/Collection/素材&模板&音库/音效/02_中文音效合集/气氛音乐音效/Archetype SFX/01 - Risers/Risers - Silk/Anticipation SFX - MP3/01 - Risers/Risers/02 Meaning.mp3	Anticipation SFX（大气深沉1 · 大气转场撞击重低音气氛无损音效素材包）/01 - Risers/Risers/02 Meaning.mp3	
/volume1/主目录/Collection/素材&模板&音库/音效/02_中文音效合集/气氛音乐音效/Archetype SFX/01 - Risers/Risers - Silk/Anticipation SFX - MP3/01 - Risers/Risers/03 Feelings.mp3	Anticipation SFX（大气深沉1 · 大气转场撞击重低音气氛无损音效素材包）/01 - Risers/Risers/03 Feelings.mp3	
/volume1/主目录/Collection/素材&模板&音库/音效/02_中文音效合集/气氛音乐音效/Archetype SFX/01 - Risers/Risers - Silk/Anticipation SFX - MP3/01 - Risers/Risers/09 The Day Of.mp3	Anticipation SFX（大气深沉1 · 大气转场撞击重低音气氛无损音效素材包）/01 - Risers/Risers/09 The Day Of.mp3	
/volume1/主目录/Collection/素材&模板&音库/音效/02_中文音效合集/气氛音乐音效/Archetype SFX/01 - Risers/Risers - Silk/Anticipation SFX - MP3/01 - Risers/Risers/07 Ascend.mp3	Anticipation SFX（大气深沉1 · 大气转场撞击重低音气氛无损音效素材包）/01 - Risers/Risers/07 Ascend.mp3	
/volume1/主目录/Collection/素材&模板&音库/音效/02_中文音效合集/气氛音乐音效/Archetype SFX/01 - Risers/Risers - Silk/Anticipation SFX - MP3/01 - Risers/Risers/04 The Approach.mp3	Anticipation SFX（大气深沉1 · 大气转场撞击重低音气氛无损音效素材包）/01 - Risers/Risers/04 The Approach.mp3	
/volume1/主目录/Collection/素材&模板&音库/音效/02_中文音效合集/气氛音乐音效/Archetype SFX/01 - Risers/Risers - Silk/Anticipation SFX - MP3/01 - Risers/Risers/12 Stadium Pressure.mp3	Anticipation SFX（大气深沉1 · 大气转场撞击重低音气氛无损音效素材包）/01 - Risers/Risers/12 Stadium Pressure.mp3	
/volume1/主目录/Collection/素材&模板&音库/音效/02_中文音效合集/气氛音乐音效/Archetype SFX/01 - Risers/Risers - Silk/Anticipation SFX - MP3/01 - Risers/Risers/10 Super Bright.mp3	Anticipation SFX（大气深沉1 · 大气转场撞击重低音气氛无损音效素材包）/01 - Risers/Risers/10 Super Bright.mp3	
/volume1/主目录/Collection/素材&模板&音库/音效/02_中文音效合集/气氛音乐音效/Archetype SFX/01 - Risers/Risers - Silk/Anticipation SFX - MP3/01 - Risers/Risers/11 The Big Game.mp3	Anticipation SFX（大气深沉1 · 大气转场撞击重低音气氛无损音效素材包）/01 - Risers/Risers/11 The Big Game.mp3	
/volume1/主目录/Collection/素材&模板&音库/音效/02_中文音效合集/气氛音乐音效/Archetype SFX/01 - Risers/Risers - Silk/Anticipation SFX - MP3/01 - Risers/Risers/06 Grand.mp3	Anticipation SFX（大气深沉1 · 大气转场撞击重低音气氛无损音效素材包）/01 - Risers/Risers/06 Grand.mp3	
/volume1/主目录/Collection/素材&模板&音库/音效/02_中文音效合集/气氛音乐音效/Archetype SFX/01 - Risers/Risers - Silk/Anticipation SFX - MP3/01 - Risers/Risers/01 Daybreak.mp3	Anticipation SFX（大气深沉1 · 大气转场撞击重低音气氛无损音效素材包）/01 - Risers/Risers/01 Daybreak.mp3	
/volume1/主目录/Collection/素材&模板&音库/音效/02_中文音效合集/气氛音乐音效/Archetype SFX/01 - Risers/Risers - Silk/Anticipation SFX - MP3/02 - Hits/Hits/14 Power Hit.mp3	Anticipation SFX（大气深沉1 · 大气转场撞击重低音气氛无损音效素材包）/02 - Hits/Hits/14 Power Hit.mp3	
/volume1/主目录/Collection/素材&模板&音库/音效/02_中文音效合集/气氛音乐音效/Archetype SFX/01 - Risers/Risers - Silk/Anticipation SFX - MP3/02 - Hits/Hits/01 Big Moment.mp3	Anticipation SFX（大气深沉1 · 大气转场撞击重低音气氛无损音效素材包）/02 - Hits/Hits/01 Big Moment_2.mp3	conflict->suffix_2
/volume1/主目录/Collection/素材&模板&音库/音效/02_中文音效合集/气氛音乐音效/Archetype SFX/01 - Risers/Risers - Silk/Anticipation SFX - MP3/02 - Hits/Hits/10 Stadium Light A.mp3	Anticipation SFX（大气深沉1 · 大气转场撞击重低音气氛无损音效素材包）/02 - Hits/Hits/10 Stadium Light A.mp3	
/volume1/主目录/Collection/素材&模板&音库/音效/02_中文音效合集/气氛音乐音效/Archetype SFX/01 - Risers/Risers - Silk/Anticipation SFX - MP3/02 - Hits/Hits/04 Edge of Time.mp3	Anticipation SFX（大气深沉1 · 大气转场撞击重低音气氛无损音效素材包）/02 - Hits/Hits/04 Edge of Time.mp3	
/volume1/主目录/Collection/素材&模板&音库/音效/02_中文音效合集/气氛音乐音效/Archetype SFX/01 - Risers/Risers - Silk/Anticipation SFX - MP3/02 - Hits/Hits/19 Mellow Swell.mp3	Anticipation SFX（大气深沉1 · 大气转场撞击重低音气氛无损音效素材包）/02 - Hits/Hits/19 Mellow Swell.mp3	
/volume1/主目录/Collection/素材&模板&音库/音效/02_中文音效合集/气氛音乐音效/Archetype SFX/01 - Risers/Risers - Silk/Anticipation SFX - MP3/02 - Hits/Hits/11 Stadium Light B.mp3	Anticipation SFX（大气深沉1 · 大气转场撞击重低音气氛无损音效素材包）/02 - Hits/Hits/11 Stadium Light B.mp3	
/volume1/主目录/Collection/素材&模板&音库/音效/02_中文音效合集/气氛音乐音效/Archetype SFX/01 - Risers/Risers - Silk/Anticipation SFX - MP3/02 - Hits/Hits/18 Bright Swell.mp3	Anticipation SFX（大气深沉1 · 大气转场撞击重低音气氛无损音效素材包）/02 - Hits/Hits/18 Bright Swell.mp3	
/volume1/主目录/Collection/素材&模板&音库/音效/02_中文音效合集/气氛音乐音效/Archetype SFX/01 - Risers/Risers - Silk/Anticipation SFX - MP3/02 - Hits/Hits/08 Tough Hit A.mp3	Anticipation SFX（大气深沉1 · 大气转场撞击重低音气氛无损音效素材包）/02 - Hits/Hits/08 Tough Hit A.mp3	
/volume1/主目录/Collection/素材&模板&音库/音效/02_中文音效合集/气氛音乐音效/Archetype SFX/01 - Risers/Risers - Silk/Anticipation SFX - MP3/02 - Hits/Hits/12 Cliff Hanger.mp3	Anticipation SFX（大气深沉1 · 大气转场撞击重低音气氛无损音效素材包）/02 - Hits/Hits/12 Cliff Hanger.mp3	
/volume1/主目录/Collection/素材&模板&音库/音效/02_中文音效合集/气氛音乐音效/Archetype SFX/01 - Risers/Risers - Silk/Anticipation SFX - MP3/02 - Hits/Hits/13 Deep Hit.mp3	Anticipation SFX（大气深沉1 · 大气转场撞击重低音气氛无损音效素材包）/02 - Hits/Hits/13 Deep Hit.mp3	
/volume1/主目录/Collection/素材&模板&音库/音效/02_中文音效合集/气氛音乐音效/Archetype SFX/01 - Risers/Risers - Silk/Anticipation SFX - MP3/02 - Hits/Hits/09 Tough Hit B.mp3	Anticipation SFX（大气深沉1 · 大气转场撞击重低音气氛无损音效素材包）/02 - Hits/Hits/09 Tough Hit B.mp3	
/volume1/主目录/Collection/素材&模板&音库/音效/02_中文音效合集/气氛音乐音效/Archetype SFX/01 - Risers/Risers - Silk/Anticipation SFX - MP3/02 - Hits/Hits/02 Event Horizon.mp3	Anticipation SFX（大气深沉1 · 大气转场撞击重低音气氛无损音效素材包）/02 - Hits/Hits/02 Event Horizon.mp3	
/volume1/主目录/Collection/素材&模板&音库/音效/02_中文音效合集/气氛音乐音效/Archetype SFX/01 - Risers/Risers - Silk/Anticipation SFX - MP3/02 - Hits/Hits/06 Finally There.mp3	Anticipation SFX（大气深沉1 · 大气转场撞击重低音气氛无损音效素材包）/02 - Hits/Hits/06 Finally There.mp3	
/volume1/主目录/Collection/素材&模板&音库/音效/02_中文音效合集/气氛音乐音效/Archetype SFX/01 - Risers/Risers - Silk/Anticipation SFX - MP3/02 - Hits/Hits/16 Glass Shard.mp3	Anticipation SFX（大气深沉1 · 大气转场撞击重低音气氛无损音效素材包）/02 - Hits/Hits/16 Glass Shard.mp3	
/volume1/主目录/Collection/素材&模板&音库/音效/02_中文音效合集/气氛音乐音效/Archetype SFX/01 - Risers/Risers - Silk/Anticipation SFX - MP3/02 - Hits/Hits/03 Humble Beginning.mp3	Anticipation SFX（大气深沉1 · 大气转场撞击重低音气氛无损音效素材包）/02 - Hits/Hits/03 Humble Beginning.mp3	
/volume1/主目录/Collection/素材&模板&音库/音效/02_中文音效合集/气氛音乐音效/Archetype SFX/01 - Risers/Risers - Silk/Anticipation SFX - MP3/02 - Hits/Hits/17 Bowed Hit.mp3	Anticipation SFX（大气深沉1 · 大气转场撞击重低音气氛无损音效素材包）/02 - Hits/Hits/17 Bowed Hit.mp3	
/volume1/主目录/Collection/素材&模板&音库/音效/02_中文音效合集/气氛音乐音效/Archetype SFX/01 - Risers/Risers - Silk/Anticipation SFX - MP3/02 - Hits/Hits/05 Spirit.mp3	Anticipation SFX（大气深沉1 · 大气转场撞击重低音气氛无损音效素材包）/02 - Hits/Hits/05 Spirit.mp3	
/volume1/主目录/Collection/素材&模板&音库/音效/02_中文音效合集/气氛音乐音效/Archetype SFX/01 - Risers/Risers - Silk/Anticipation SFX - MP3/02 - Hits/Hits - Space/SP 09 Tough Hit B.mp3	Anticipation SFX（大气深沉1 · 大气转场撞击重低音气氛无损音效素材包）/02 - Hits/Hits - Space/SP 09 Tough Hit B.mp3	
/volume1/主目录/Collection/素材&模板&音库/音效/02_中文音效合集/气氛音乐音效/Archetype SFX/01 - Risers/Risers - Silk/Anticipation SFX - MP3/02 - Hits/Hits - Space/SP 03 Humble Beginning.mp3	Anticipation SFX（大气深沉1 · 大气转场撞击重低音气氛无损音效素材包）/02 - Hits/Hits - Space/SP 03 Humble Beginning.mp3	
/volume1/主目录/Collection/素材&模板&音库/音效/02_中文音效合集/气氛音乐音效/Archetype SFX/01 - Risers/Risers - Silk/Anticipation SFX - MP3/02 - Hits/Hits - Space/SP 06 Finally There.mp3	Anticipation SFX（大气深沉1 · 大气转场撞击重低音气氛无损音效素材包）/02 - Hits/Hits - Space/SP 06 Finally There.mp3	
/volume1/主目录/Collection/素材&模板&音库/音效/02_中文音效合集/气氛音乐音效/Archetype SFX/01 - Risers/Risers - Silk/Anticipation SFX - MP3/02 - Hits/Hits - Space/SP 12 Cliff Hanger.mp3	Anticipation SFX（大气深沉1 · 大气转场撞击重低音气氛无损音效素材包）/02 - Hits/Hits - Space/SP 12 Cliff Hanger.mp3	
/volume1/主目录/Collection/素材&模板&音库/音效/02_中文音效合集/气氛音乐音效/Archetype SFX/01 - Risers/Risers - Silk/Anticipation SFX - MP3/02 - Hits/Hits - Space/SP 20 Grand Swell.mp3	Anticipation SFX（大气深沉1 · 大气转场撞击重低音气氛无损音效素材包）/02 - Hits/Hits - Space/SP 20 Grand Swell.mp3	
/volume1/主目录/Collection/素材&模板&音库/音效/02_中文音效合集/气氛音乐音效/Archetype SFX/01 - Risers/Risers - Silk/Anticipation SFX - MP3/02 - Hits/Hits - Space/SP 18 Bright Swell.mp3	Anticipation SFX（大气深沉1 · 大气转场撞击重低音气氛无损音效素材包）/02 - Hits/Hits - Space/SP 18 Bright Swell.mp3	
/volume1/主目录/Collection/素材&模板&音库/音效/02_中文音效合集/气氛音乐音效/Archetype SFX/01 - Risers/Risers - Silk/Anticipation SFX - MP3/02 - Hits/Hits - Space/SP 01 Big Moment.mp3	Anticipation SFX（大气深沉1 · 大气转场撞击重低音气氛无损音效素材包）/02 - Hits/Hits - Space/SP 01 Big Moment.mp3	
/volume1/主目录/Collection/素材&模板&音库/音效/02_中文音效合集/气氛音乐音效/Archetype SFX/01 - Risers/Risers - Silk/Anticipation SFX - MP3/02 - Hits/Hits - Space/SP 16 Glass Shard.mp3	Anticipation SFX（大气深沉1 · 大气转场撞击重低音气氛无损音效素材包）/02 - Hits/Hits - Space/SP 16 Glass Shard.mp3	
/volume1/主目录/Collection/素材&模板&音库/音效/02_中文音效合集/气氛音乐音效/Archetype SFX/01 - Risers/Risers - Silk/Anticipation SFX - MP3/02 - Hits/Hits - Space/SP 05 Spirit.mp3	Anticipation SFX（大气深沉1 · 大气转场撞击重低音气氛无损音效素材包）/02 - Hits/Hits - Space/SP 05 Spirit.mp3	
/volume1/主目录/Collection/素材&模板&音库/音效/02_中文音效合集/气氛音乐音效/Archetype SFX/01 - Risers/Risers - Silk/Anticipation SFX - MP3/02 - Hits/Hits - Space/SP 08 Tough Hit A.mp3	Anticipation SFX（大气深沉1 · 大气转场撞击重低音气氛无损音效素材包）/02 - Hits/Hits - Space/SP 08 Tough Hit A.mp3	
/volume1/主目录/Collection/素材&模板&音库/音效/02_中文音效合集/气氛音乐音效/Archetype SFX/01 - Risers/Risers - Silk/Anticipation SFX - MP3/02 - Hits/Hits - Space/SP 10 Stadium Light A.mp3	Anticipation SFX（大气深沉1 · 大气转场撞击重低音气氛无损音效素材包）/02 - Hits/Hits - Space/SP 10 Stadium Light A.mp3	
/volume1/主目录/Collection/素材&模板&音库/音效/02_中文音效合集/气氛音乐音效/Archetype SFX/01 - Risers/Risers - Silk/Anticipation SFX - MP3/02 - Hits/Hits - Space/SP 17 Bowed Hit.mp3	Anticipation SFX（大气深沉1 · 大气转场撞击重低音气氛无损音效素材包）/02 - Hits/Hits - Space/SP 17 Bowed Hit.mp3	
/volume1/主目录/Collection/素材&模板&音库/音效/02_中文音效合集/气氛音乐音效/Archetype SFX/01 - Risers/Risers - Silk/Anticipation SFX - MP3/02 - Hits/Hits - Space/SP 02 Event Horizon.mp3	Anticipation SFX（大气深沉1 · 大气转场撞击重低音气氛无损音效素材包）/02 - Hits/Hits - Space/SP 02 Event Horizon.mp3	
/volume1/主目录/Collection/素材&模板&音库/音效/02_中文音效合集/气氛音乐音效/Archetype SFX/01 - Risers/Risers - Silk/Anticipation SFX - MP3/02 - Hits/Hits - Space/SP 11 Stadium Light B.mp3	Anticipation SFX（大气深沉1 · 大气转场撞击重低音气氛无损音效素材包）/02 - Hits/Hits - Space/SP 11 Stadium Light B.mp3	
/volume1/主目录/Collection/素材&模板&音库/音效/02_中文音效合集/气氛音乐音效/Archetype SFX/01 - Risers/Risers - Silk/Anticipation SFX - MP3/02 - Hits/Hits - Space/SP 04 Edge of Time.mp3	Anticipation SFX（大气深沉1 · 大气转场撞击重低音气氛无损音效素材包）/02 - Hits/Hits - Space/SP 04 Edge of Time.mp3	
/volume1/主目录/Collection/素材&模板&音库/音效/02_中文音效合集/气氛音乐音效/Archetype SFX/01 - Risers/Risers - Silk/Anticipation SFX - MP3/02 - Hits/Hits - Space/SP 14 Power Hit.mp3	Anticipation SFX（大气深沉1 · 大气转场撞击重低音气氛无损音效素材包）/02 - Hits/Hits - Space/SP 14 Power Hit.mp3	
/volume1/主目录/Collection/素材&模板&音库/音效/02_中文音效合集/气氛音乐音效/Archetype SFX/01 - Risers/Risers - Silk/Anticipation SFX - MP3/02 - Hits/Hits - Space/SP 13 Deep Hit.mp3	Anticipation SFX（大气深沉1 · 大气转场撞击重低音气氛无损音效素材包）/02 - Hits/Hits - Space/SP 13 Deep Hit.mp3	
/volume1/主目录/Collection/素材&模板&音库/音效/02_中文音效合集/气氛音乐音效/Archetype SFX/01 - Risers/Risers - Silk/Anticipation SFX - MP3/02 - Hits/Hits - Space/SP 07 Bold Promise.mp3	Anticipation SFX（大气深沉1 · 大气转场撞击重低音气氛无损音效素材包）/02 - Hits/Hits - Space/SP 07 Bold Promise.mp3	
/volume1/主目录/Collection/素材&模板&音库/音效/02_中文音效合集/气氛音乐音效/Archetype SFX/01 - Risers/Risers - Silk/Anticipation SFX - MP3/02 - Hits/Hits - Space/SP 15 Basic Hit.mp3	Anticipation SFX（大气深沉1 · 大气转场撞击重低音气氛无损音效素材包）/02 - Hits/Hits - Space/SP 15 Basic Hit.mp3	
/volume1/主目录/Collection/素材&模板&音库/音效/02_中文音效合集/气氛音乐音效/Archetype SFX/01 - Risers/Risers - Silk/Anticipation SFX - MP3/02 - Hits/Hits - Space/SP 19 Mellow Swell.mp3	Anticipation SFX（大气深沉1 · 大气转场撞击重低音气氛无损音效素材包）/02 - Hits/Hits - Space/SP 19 Mellow Swell.mp3	
/volume1/主目录/Collection/素材&模板&音库/音效/02_中文音效合集/气氛音乐音效/Archetype SFX/01 - Risers/Risers - Silk/Anticipation SFX - MP3/02 - Hits/Hits - Distortion/DS 07 Bold Promise.mp3	Anticipation SFX（大气深沉1 · 大气转场撞击重低音气氛无损音效素材包）/02 - Hits/Hits - Distortion/DS 07 Bold Promise.mp3	
/volume1/主目录/Collection/素材&模板&音库/音效/02_中文音效合集/气氛音乐音效/Archetype SFX/01 - Risers/Risers - Silk/Anticipation SFX - MP3/02 - Hits/Hits - Distortion/DS 13 Deep Hit.mp3	Anticipation SFX（大气深沉1 · 大气转场撞击重低音气氛无损音效素材包）/02 - Hits/Hits - Distortion/DS 13 Deep Hit.mp3	
/volume1/主目录/Collection/素材&模板&音库/音效/02_中文音效合集/气氛音乐音效/Archetype SFX/01 - Risers/Risers - Silk/Anticipation SFX - MP3/02 - Hits/Hits - Distortion/DS 15 Basic Hit.mp3	Anticipation SFX（大气深沉1 · 大气转场撞击重低音气氛无损音效素材包）/02 - Hits/Hits - Distortion/DS 15 Basic Hit.mp3	
/volume1/主目录/Collection/素材&模板&音库/音效/02_中文音效合集/气氛音乐音效/Archetype SFX/01 - Risers/Risers - Silk/Anticipation SFX - MP3/02 - Hits/Hits - Distortion/DS 19 Mellow Swell.mp3	Anticipation SFX（大气深沉1 · 大气转场撞击重低音气氛无损音效素材包）/02 - Hits/Hits - Distortion/DS 19 Mellow Swell.mp3	
/volume1/主目录/Collection/素材&模板&音库/音效/02_中文音效合集/气氛音乐音效/Archetype SFX/01 - Risers/Risers - Silk/Anticipation SFX - MP3/02 - Hits/Hits - Distortion/DS 14 Power Hit.mp3	Anticipation SFX（大气深沉1 · 大气转场撞击重低音气氛无损音效素材包）/02 - Hits/Hits - Distortion/DS 14 Power Hit.mp3	
/volume1/主目录/Collection/素材&模板&音库/音效/02_中文音效合集/气氛音乐音效/Archetype SFX/01 - Risers/Risers - Silk/Anticipation SFX - MP3/02 - Hits/Hits - Distortion/DS 02 Event Horizon.mp3	Anticipation SFX（大气深沉1 · 大气转场撞击重低音气氛无损音效素材包）/02 - Hits/Hits - Distortion/DS 02 Event Horizon.mp3	
/volume1/主目录/Collection/素材&模板&音库/音效/02_中文音效合集/气氛音乐音效/Archetype SFX/01 - Risers/Risers - Silk/Anticipation SFX - MP3/02 - Hits/Hits - Distortion/DS 10 Stadium Light A.mp3	Anticipation SFX（大气深沉1 · 大气转场撞击重低音气氛无损音效素材包）/02 - Hits/Hits - Distortion/DS 10 Stadium Light A.mp3	
/volume1/主目录/Collection/素材&模板&音库/音效/02_中文音效合集/气氛音乐音效/Archetype SFX/01 - Risers/Risers - Silk/Anticipation SFX - MP3/02 - Hits/Hits - Distortion/DS 12 Cliff Hanger.mp3	Anticipation SFX（大气深沉1 · 大气转场撞击重低音气氛无损音效素材包）/02 - Hits/Hits - Distortion/DS 12 Cliff Hanger.mp3	
/volume1/主目录/Collection/素材&模板&音库/音效/02_中文音效合集/气氛音乐音效/Archetype SFX/01 - Risers/Risers - Silk/Anticipation SFX - MP3/02 - Hits/Hits - Distortion/DS 08 Tough Hit A.mp3	Anticipation SFX（大气深沉1 · 大气转场撞击重低音气氛无损音效素材包）/02 - Hits/Hits - Distortion/DS 08 Tough Hit A.mp3	
/volume1/主目录/Collection/素材&模板&音库/音效/02_中文音效合集/气氛音乐音效/Archetype SFX/01 - Risers/Risers - Silk/Anticipation SFX - MP3/02 - Hits/Hits - Distortion/DS 09 Tough Hit B.mp3	Anticipation SFX（大气深沉1 · 大气转场撞击重低音气氛无损音效素材包）/02 - Hits/Hits - Distortion/DS 09 Tough Hit B.mp3	
/volume1/主目录/Collection/素材&模板&音库/音效/02_中文音效合集/气氛音乐音效/Archetype SFX/01 - Risers/Risers - Silk/Anticipation SFX - MP3/02 - Hits/Hits - Distortion/DS 18 Bright Swell.mp3	Anticipation SFX（大气深沉1 · 大气转场撞击重低音气氛无损音效素材包）/02 - Hits/Hits - Distortion/DS 18 Bright Swell.mp3	
/volume1/主目录/Collection/素材&模板&音库/音效/02_中文音效合集/气氛音乐音效/Archetype SFX/01 - Risers/Risers - Silk/Anticipation SFX - MP3/02 - Hits/Hits - Distortion/DS 06 Finally There.mp3	Anticipation SFX（大气深沉1 · 大气转场撞击重低音气氛无损音效素材包）/02 - Hits/Hits - Distortion/DS 06 Finally There.mp3	
/volume1/主目录/Collection/素材&模板&音库/音效/02_中文音效合集/气氛音乐音效/Archetype SFX/01 - Risers/Risers - Silk/Anticipation SFX - MP3/02 - Hits/Hits - Distortion/DS 04 Edge of Time.mp3	Anticipation SFX（大气深沉1 · 大气转场撞击重低音气氛无损音效素材包）/02 - Hits/Hits - Distortion/DS 04 Edge of Time.mp3	
/volume1/主目录/Collection/素材&模板&音库/音效/02_中文音效合集/气氛音乐音效/Archetype SFX/01 - Risers/Risers - Silk/Anticipation SFX - MP3/02 - Hits/Hits - Distortion/DS 20 Grand Swell.mp3	Anticipation SFX（大气深沉1 · 大气转场撞击重低音气氛无损音效素材包）/02 - Hits/Hits - Distortion/DS 20 Grand Swell.mp3	
/volume1/主目录/Collection/素材&模板&音库/音效/02_中文音效合集/气氛音乐音效/Archetype SFX/01 - Risers/Risers - Silk/Anticipation SFX - MP3/02 - Hits/Hits - Distortion/DS 17 Bowed Hit.mp3	Anticipation SFX（大气深沉1 · 大气转场撞击重低音气氛无损音效素材包）/02 - Hits/Hits - Distortion/DS 17 Bowed Hit.mp3	
/volume1/主目录/Collection/素材&模板&音库/音效/02_中文音效合集/气氛音乐音效/Archetype SFX/01 - Risers/Risers - Silk/Anticipation SFX - MP3/02 - Hits/Hits - Distortion/DS 01 Big Moment.mp3	Anticipation SFX（大气深沉1 · 大气转场撞击重低音气氛无损音效素材包）/02 - Hits/Hits - Distortion/DS 01 Big Moment.mp3	
/volume1/主目录/Collection/素材&模板&音库/音效/02_中文音效合集/气氛音乐音效/Archetype SFX/01 - Risers/Risers - Silk/Anticipation SFX - MP3/02 - Hits/Hits - Distortion/DS 05 Spirit.mp3	Anticipation SFX（大气深沉1 · 大气转场撞击重低音气氛无损音效素材包）/02 - Hits/Hits - Distortion/DS 05 Spirit.mp3	
/volume1/主目录/Collection/素材&模板&音库/音效/02_中文音效合集/气氛音乐音效/Archetype SFX/01 - Risers/Risers - Silk/Anticipation SFX - MP3/02 - Hits/Hits - Distortion/DS 16 Glass Shard.mp3	Anticipation SFX（大气深沉1 · 大气转场撞击重低音气氛无损音效素材包）/02 - Hits/Hits - Distortion/DS 16 Glass Shard.mp3	
/volume1/主目录/Collection/素材&模板&音库/音效/02_中文音效合集/气氛音乐音效/Archetype SFX/01 - Risers/Risers - Silk/Anticipation SFX - MP3/02 - Hits/Hits - Distortion/DS 03 Humble Beginning.mp3	Anticipation SFX（大气深沉1 · 大气转场撞击重低音气氛无损音效素材包）/02 - Hits/Hits - Distortion/DS 03 Humble Beginning.mp3	
/volume1/主目录/Collection/素材&模板&音库/音效/02_中文音效合集/气氛音乐音效/Archetype SFX/01 - Risers/Risers - Silk/Anticipation SFX - MP3/02 - Hits/Hits - Distortion/DS 11 Stadium Light B.mp3	Anticipation SFX（大气深沉1 · 大气转场撞击重低音气氛无损音效素材包）/02 - Hits/Hits - Distortion/DS 11 Stadium Light B.mp3	
/volume1/主目录/Collection/素材&模板&音库/音效/02_中文音效合集/气氛音乐音效/Archetype SFX/01 - Risers/Risers - Silk/Anticipation SFX - MP3/02 - Hits/Hits - Tube/TB 17 Bowed Hit.mp3	Anticipation SFX（大气深沉1 · 大气转场撞击重低音气氛无损音效素材包）/02 - Hits/Hits - Tube/TB 17 Bowed Hit.mp3	
/volume1/主目录/Collection/素材&模板&音库/音效/02_中文音效合集/气氛音乐音效/Archetype SFX/01 - Risers/Risers - Silk/Anticipation SFX - MP3/02 - Hits/Hits - Tube/TB 19 Mellow Swell.mp3	Anticipation SFX（大气深沉1 · 大气转场撞击重低音气氛无损音效素材包）/02 - Hits/Hits - Tube/TB 19 Mellow Swell.mp3	
/volume1/主目录/Collection/素材&模板&音库/音效/02_中文音效合集/气氛音乐音效/Archetype SFX/01 - Risers/Risers - Silk/Anticipation SFX - MP3/02 - Hits/Hits - Tube/TB 10 Stadium Light A.mp3	Anticipation SFX（大气深沉1 · 大气转场撞击重低音气氛无损音效素材包）/02 - Hits/Hits - Tube/TB 10 Stadium Light A.mp3	
/volume1/主目录/Collection/素材&模板&音库/音效/02_中文音效合集/气氛音乐音效/Archetype SFX/01 - Risers/Risers - Silk/Anticipation SFX - MP3/02 - Hits/Hits - Tube/TB 06 Finally There.mp3	Anticipation SFX（大气深沉1 · 大气转场撞击重低音气氛无损音效素材包）/02 - Hits/Hits - Tube/TB 06 Finally There.mp3	
/volume1/主目录/Collection/素材&模板&音库/音效/02_中文音效合集/气氛音乐音效/Archetype SFX/01 - Risers/Risers - Silk/Anticipation SFX - MP3/02 - Hits/Hits - Tube/TB 08 Tough Hit A.mp3	Anticipation SFX（大气深沉1 · 大气转场撞击重低音气氛无损音效素材包）/02 - Hits/Hits - Tube/TB 08 Tough Hit A.mp3	
/volume1/主目录/Collection/素材&模板&音库/音效/02_中文音效合集/气氛音乐音效/Archetype SFX/01 - Risers/Risers - Silk/Anticipation SFX - MP3/02 - Hits/Hits - Tube/TB 02 Event Horizon.mp3	Anticipation SFX（大气深沉1 · 大气转场撞击重低音气氛无损音效素材包）/02 - Hits/Hits - Tube/TB 02 Event Horizon.mp3	
/volume1/主目录/Collection/素材&模板&音库/音效/02_中文音效合集/气氛音乐音效/Archetype SFX/01 - Risers/Risers - Silk/Anticipation SFX - MP3/02 - Hits/Hits - Tube/TB 12 Cliff Hanger.mp3	Anticipation SFX（大气深沉1 · 大气转场撞击重低音气氛无损音效素材包）/02 - Hits/Hits - Tube/TB 12 Cliff Hanger.mp3	
/volume1/主目录/Collection/素材&模板&音库/音效/02_中文音效合集/气氛音乐音效/Archetype SFX/01 - Risers/Risers - Silk/Anticipation SFX - MP3/02 - Hits/Hits - Tube/TB 11 Stadium Light B.mp3	Anticipation SFX（大气深沉1 · 大气转场撞击重低音气氛无损音效素材包）/02 - Hits/Hits - Tube/TB 11 Stadium Light B.mp3	
/volume1/主目录/Collection/素材&模板&音库/音效/02_中文音效合集/气氛音乐音效/Archetype SFX/01 - Risers/Risers - Silk/Anticipation SFX - MP3/02 - Hits/Hits - Tube/TB 18 Bright Swell.mp3	Anticipation SFX（大气深沉1 · 大气转场撞击重低音气氛无损音效素材包）/02 - Hits/Hits - Tube/TB 18 Bright Swell.mp3	
/volume1/主目录/Collection/素材&模板&音库/音效/02_中文音效合集/气氛音乐音效/Archetype SFX/01 - Risers/Risers - Silk/Anticipation SFX - MP3/02 - Hits/Hits - Tube/TB 15 Basic Hit.mp3	Anticipation SFX（大气深沉1 · 大气转场撞击重低音气氛无损音效素材包）/02 - Hits/Hits - Tube/TB 15 Basic Hit.mp3	
/volume1/主目录/Collection/素材&模板&音库/音效/02_中文音效合集/气氛音乐音效/Archetype SFX/01 - Risers/Risers - Silk/Anticipation SFX - MP3/02 - Hits/Hits - Tube/TB 14 Power Hit.mp3	Anticipation SFX（大气深沉1 · 大气转场撞击重低音气氛无损音效素材包）/02 - Hits/Hits - Tube/TB 14 Power Hit.mp3	
/volume1/主目录/Collection/素材&模板&音库/音效/02_中文音效合集/气氛音乐音效/Archetype SFX/01 - Risers/Risers - Silk/Anticipation SFX - MP3/02 - Hits/Hits - Tube/TB 20 Grand Swell.mp3	Anticipation SFX（大气深沉1 · 大气转场撞击重低音气氛无损音效素材包）/02 - Hits/Hits - Tube/TB 20 Grand Swell.mp3	
/volume1/主目录/Collection/素材&模板&音库/音效/02_中文音效合集/气氛音乐音效/Archetype SFX/01 - Risers/Risers - Silk/Anticipation SFX - MP3/02 - Hits/Hits - Tube/TB 04 Edge of Time.mp3	Anticipation SFX（大气深沉1 · 大气转场撞击重低音气氛无损音效素材包）/02 - Hits/Hits - Tube/TB 04 Edge of Time.mp3	
/volume1/主目录/Collection/素材&模板&音库/音效/02_中文音效合集/气氛音乐音效/Archetype SFX/01 - Risers/Risers - Silk/Anticipation SFX - MP3/02 - Hits/Hits - Tube/TB 13 Deep Hit.mp3	Anticipation SFX（大气深沉1 · 大气转场撞击重低音气氛无损音效素材包）/02 - Hits/Hits - Tube/TB 13 Deep Hit.mp3	
/volume1/主目录/Collection/素材&模板&音库/音效/02_中文音效合集/气氛音乐音效/Archetype SFX/01 - Risers/Risers - Silk/Anticipation SFX - MP3/02 - Hits/Hits - Tube/TB 16 Glass Shard.mp3	Anticipation SFX（大气深沉1 · 大气转场撞击重低音气氛无损音效素材包）/02 - Hits/Hits - Tube/TB 16 Glass Shard.mp3	
/volume1/主目录/Collection/素材&模板&音库/音效/02_中文音效合集/气氛音乐音效/Archetype SFX/01 - Risers/Risers - Silk/Anticipation SFX - MP3/02 - Hits/Hits - Tube/TB 07 Bold Promise.mp3	Anticipation SFX（大气深沉1 · 大气转场撞击重低音气氛无损音效素材包）/02 - Hits/Hits - Tube/TB 07 Bold Promise.mp3	
/volume1/主目录/Collection/素材&模板&音库/音效/02_中文音效合集/气氛音乐音效/Archetype SFX/01 - Risers/Risers - Silk/Anticipation SFX - MP3/02 - Hits/Hits - Tube/TB 03 Humble Beginning.mp3	Anticipation SFX（大气深沉1 · 大气转场撞击重低音气氛无损音效素材包）/02 - Hits/Hits - Tube/TB 03 Humble Beginning.mp3	
/volume1/主目录/Collection/素材&模板&音库/音效/02_中文音效合集/气氛音乐音效/Archetype SFX/01 - Risers/Risers - Silk/Anticipation SFX - MP3/02 - Hits/Hits - Tube/TB 01 Big Moment.mp3	Anticipation SFX（大气深沉1 · 大气转场撞击重低音气氛无损音效素材包）/02 - Hits/Hits - Tube/TB 01 Big Moment.mp3	
/volume1/主目录/Collection/素材&模板&音库/音效/02_中文音效合集/气氛音乐音效/Archetype SFX/01 - Risers/Risers - Silk/Anticipation SFX - MP3/02 - Hits/Hits - Tube/TB 09 Tough Hit B.mp3	Anticipation SFX（大气深沉1 · 大气转场撞击重低音气氛无损音效素材包）/02 - Hits/Hits - Tube/TB 09 Tough Hit B.mp3	
/volume1/主目录/Collection/素材&模板&音库/音效/02_中文音效合集/气氛音乐音效/Archetype SFX/01 - Risers/Risers - Silk/Anticipation SFX - MP3/02 - Hits/Hits - Tube/TB 05 Spirit.mp3	Anticipation SFX（大气深沉1 · 大气转场撞击重低音气氛无损音效素材包）/02 - Hits/Hits - Tube/TB 05 Spirit.mp3	
/volume1/主目录/Collection/素材&模板&音库/音效/02_中文音效合集/气氛音乐音效/Archetype SFX/04 - Glitches/Glitches/05 Chatter Gate.wav	Archetype SFX（大气深沉2 · 紧张气氛片头转场渲染无损音效素材包）/04 - Glitches/Glitches/05 Chatter Gate.wav	
/volume1/主目录/Collection/素材&模板&音库/音效/02_中文音效合集/气氛音乐音效/Archetype SFX/04 - Glitches/Glitches/13 Subtle Glitch.wav	Archetype SFX（大气深沉2 · 紧张气氛片头转场渲染无损音效素材包）/04 - Glitches/Glitches/13 Subtle Glitch.wav	
/volume1/主目录/Collection/素材&模板&音库/音效/02_中文音效合集/气氛音乐音效/Archetype SFX/04 - Glitches/Glitches/04 Fat Glitch.wav	Archetype SFX（大气深沉2 · 紧张气氛片头转场渲染无损音效素材包）/04 - Glitches/Glitches/04 Fat Glitch.wav	
/volume1/主目录/Collection/素材&模板&音库/音效/02_中文音效合集/气氛音乐音效/Archetype SFX/04 - Glitches/Glitches/12 Last Word.wav	Archetype SFX（大气深沉2 · 紧张气氛片头转场渲染无损音效素材包）/04 - Glitches/Glitches/12 Last Word.wav	
/volume1/主目录/Collection/素材&模板&音库/音效/02_中文音效合集/气氛音乐音效/Archetype SFX/04 - Glitches/Glitches/35 Decisions.wav	Archetype SFX（大气深沉2 · 紧张气氛片头转场渲染无损音效素材包）/04 - Glitches/Glitches/35 Decisions.wav	
/volume1/主目录/Collection/素材&模板&音库/音效/02_中文音效合集/气氛音乐音效/Archetype SFX/04 - Glitches/Glitches/20 Deep Pulse.wav	Archetype SFX（大气深沉2 · 紧张气氛片头转场渲染无损音效素材包）/04 - Glitches/Glitches/20 Deep Pulse.wav	
/volume1/主目录/Collection/素材&模板&音库/音效/02_中文音效合集/气氛音乐音效/Archetype SFX/04 - Glitches/Glitches/22 Exp Clicks.wav	Archetype SFX（大气深沉2 · 紧张气氛片头转场渲染无损音效素材包）/04 - Glitches/Glitches/22 Exp Clicks.wav	
/volume1/主目录/Collection/素材&模板&音库/音效/02_中文音效合集/气氛音乐音效/Archetype SFX/04 - Glitches/Glitches/31 Heartbeat Slow.wav	Archetype SFX（大气深沉2 · 紧张气氛片头转场渲染无损音效素材包）/04 - Glitches/Glitches/31 Heartbeat Slow.wav	
/volume1/主目录/Collection/素材&模板&音库/音效/02_中文音效合集/气氛音乐音效/Archetype SFX/04 - Glitches/Glitches/16 Noise Glitch A.wav	Archetype SFX（大气深沉2 · 紧张气氛片头转场渲染无损音效素材包）/04 - Glitches/Glitches/16 Noise Glitch A.wav	
/volume1/主目录/Collection/素材&模板&音库/音效/02_中文音效合集/气氛音乐音效/Archetype SFX/04 - Glitches/Glitches/21 Dark Range.wav	Archetype SFX（大气深沉2 · 紧张气氛片头转场渲染无损音效素材包）/04 - Glitches/Glitches/21 Dark Range.wav	
/volume1/主目录/Collection/素材&模板&音库/音效/02_中文音效合集/气氛音乐音效/Archetype SFX/04 - Glitches/Glitches/10 Wrong Input.wav	Archetype SFX（大气深沉2 · 紧张气氛片头转场渲染无损音效素材包）/04 - Glitches/Glitches/10 Wrong Input.wav	
/volume1/主目录/Collection/素材&模板&音库/音效/02_中文音效合集/气氛音乐音效/Archetype SFX/04 - Glitches/Glitches/06 Flutter Glitch.wav	Archetype SFX（大气深沉2 · 紧张气氛片头转场渲染无损音效素材包）/04 - Glitches/Glitches/06 Flutter Glitch.wav	
/volume1/主目录/Collection/素材&模板&音库/音效/02_中文音效合集/气氛音乐音效/Archetype SFX/04 - Glitches/Glitches/28 Ticker.wav	Archetype SFX（大气深沉2 · 紧张气氛片头转场渲染无损音效素材包）/04 - Glitches/Glitches/28 Ticker.wav	
/volume1/主目录/Collection/素材&模板&音库/音效/02_中文音效合集/气氛音乐音效/Archetype SFX/04 - Glitches/Glitches/11 Signal Decode.wav	Archetype SFX（大气深沉2 · 紧张气氛片头转场渲染无损音效素材包）/04 - Glitches/Glitches/11 Signal Decode.wav	
/volume1/主目录/Collection/素材&模板&音库/音效/02_中文音效合集/气氛音乐音效/Archetype SFX/04 - Glitches/Glitches/27 Ticker Ramp.wav	Archetype SFX（大气深沉2 · 紧张气氛片头转场渲染无损音效素材包）/04 - Glitches/Glitches/27 Ticker Ramp.wav	
/volume1/主目录/Collection/素材&模板&音库/音效/02_中文音效合集/气氛音乐音效/Archetype SFX/04 - Glitches/Glitches/07 Erased.wav	Archetype SFX（大气深沉2 · 紧张气氛片头转场渲染无损音效素材包）/04 - Glitches/Glitches/07 Erased.wav	
/volume1/主目录/Collection/素材&模板&音库/音效/02_中文音效合集/气氛音乐音效/Archetype SFX/04 - Glitches/Glitches/33 Old Clock Fast.wav	Archetype SFX（大气深沉2 · 紧张气氛片头转场渲染无损音效素材包）/04 - Glitches/Glitches/33 Old Clock Fast.wav	
/volume1/主目录/Collection/素材&模板&音库/音效/02_中文音效合集/气氛音乐音效/Archetype SFX/04 - Glitches/Glitches/17 Noise Glitch B.wav	Archetype SFX（大气深沉2 · 紧张气氛片头转场渲染无损音效素材包）/04 - Glitches/Glitches/17 Noise Glitch B.wav	
/volume1/主目录/Collection/素材&模板&音库/音效/02_中文音效合集/气氛音乐音效/Archetype SFX/04 - Glitches/Glitches/26 Fast Pops.wav	Archetype SFX（大气深沉2 · 紧张气氛片头转场渲染无损音效素材包）/04 - Glitches/Glitches/26 Fast Pops.wav	
/volume1/主目录/Collection/素材&模板&音库/音效/02_中文音效合集/气氛音乐音效/Archetype SFX/04 - Glitches/Glitches/29 Ticker Fast.wav	Archetype SFX（大气深沉2 · 紧张气氛片头转场渲染无损音效素材包）/04 - Glitches/Glitches/29 Ticker Fast.wav	
/volume1/主目录/Collection/素材&模板&音库/音效/02_中文音效合集/气氛音乐音效/Archetype SFX/04 - Glitches/Glitches/24 Fast Clicks High.wav	Archetype SFX（大气深沉2 · 紧张气氛片头转场渲染无损音效素材包）/04 - Glitches/Glitches/24 Fast Clicks High.wav	
/volume1/主目录/Collection/素材&模板&音库/音效/02_中文音效合集/气氛音乐音效/Archetype SFX/04 - Glitches/Glitches/14 Lines Dead A.wav	Archetype SFX（大气深沉2 · 紧张气氛片头转场渲染无损音效素材包）/04 - Glitches/Glitches/14 Lines Dead A.wav	
/volume1/主目录/Collection/素材&模板&音库/音效/02_中文音效合集/气氛音乐音效/Archetype SFX/04 - Glitches/Glitches/03 Code Black C.wav	Archetype SFX（大气深沉2 · 紧张气氛片头转场渲染无损音效素材包）/04 - Glitches/Glitches/03 Code Black C.wav	
/volume1/主目录/Collection/素材&模板&音库/音效/02_中文音效合集/气氛音乐音效/Archetype SFX/04 - Glitches/Glitches/01 Code Black A.wav	Archetype SFX（大气深沉2 · 紧张气氛片头转场渲染无损音效素材包）/04 - Glitches/Glitches/01 Code Black A.wav	
/volume1/主目录/Collection/素材&模板&音库/音效/02_中文音效合集/气氛音乐音效/Archetype SFX/04 - Glitches/Glitches/18 Thumper A.wav	Archetype SFX（大气深沉2 · 紧张气氛片头转场渲染无损音效素材包）/04 - Glitches/Glitches/18 Thumper A.wav	
/volume1/主目录/Collection/素材&模板&音库/音效/02_中文音效合集/气氛音乐音效/Archetype SFX/04 - Glitches/Glitches/02 Code Black B.wav	Archetype SFX（大气深沉2 · 紧张气氛片头转场渲染无损音效素材包）/04 - Glitches/Glitches/02 Code Black B.wav	
/volume1/主目录/Collection/素材&模板&音库/音效/02_中文音效合集/气氛音乐音效/Archetype SFX/04 - Glitches/Glitches/34 Moments.wav	Archetype SFX（大气深沉2 · 紧张气氛片头转场渲染无损音效素材包）/04 - Glitches/Glitches/34 Moments.wav	
/volume1/主目录/Collection/素材&模板&音库/音效/02_中文音效合集/气氛音乐音效/Archetype SFX/04 - Glitches/Glitches/32 Old Clock.wav	Archetype SFX（大气深沉2 · 紧张气氛片头转场渲染无损音效素材包）/04 - Glitches/Glitches/32 Old Clock.wav	
/volume1/主目录/Collection/素材&模板&音库/音效/02_中文音效合集/气氛音乐音效/Archetype SFX/04 - Glitches/Glitches/08 Dark Order A.wav	Archetype SFX（大气深沉2 · 紧张气氛片头转场渲染无损音效素材包）/04 - Glitches/Glitches/08 Dark Order A.wav	
/volume1/主目录/Collection/素材&模板&音库/音效/02_中文音效合集/气氛音乐音效/Archetype SFX/04 - Glitches/Glitches/23 Fast Clicks Low.wav	Archetype SFX（大气深沉2 · 紧张气氛片头转场渲染无损音效素材包）/04 - Glitches/Glitches/23 Fast Clicks Low.wav	
/volume1/主目录/Collection/素材&模板&音库/音效/02_中文音效合集/气氛音乐音效/Archetype SFX/04 - Glitches/Glitches/09 Dark Order B.wav	Archetype SFX（大气深沉2 · 紧张气氛片头转场渲染无损音效素材包）/04 - Glitches/Glitches/09 Dark Order B.wav	
/volume1/主目录/Collection/素材&模板&音库/音效/02_中文音效合集/气氛音乐音效/Archetype SFX/04 - Glitches/Glitches/25 Exp Pops.wav	Archetype SFX（大气深沉2 · 紧张气氛片头转场渲染无损音效素材包）/04 - Glitches/Glitches/25 Exp Pops.wav	
/volume1/主目录/Collection/素材&模板&音库/音效/02_中文音效合集/气氛音乐音效/Archetype SFX/04 - Glitches/Glitches/15 Lines Dead B.wav	Archetype SFX（大气深沉2 · 紧张气氛片头转场渲染无损音效素材包）/04 - Glitches/Glitches/15 Lines Dead B.wav	
/volume1/主目录/Collection/素材&模板&音库/音效/02_中文音效合集/气氛音乐音效/Archetype SFX/04 - Glitches/Glitches/19 Thumper B.wav	Archetype SFX（大气深沉2 · 紧张气氛片头转场渲染无损音效素材包）/04 - Glitches/Glitches/19 Thumper B.wav	
/volume1/主目录/Collection/素材&模板&音库/音效/02_中文音效合集/气氛音乐音效/Archetype SFX/06 - Atmospheres/Atmospheres - Analog/AN 07 City A.wav	Archetype SFX（大气深沉2 · 紧张气氛片头转场渲染无损音效素材包）/06 - Atmospheres/Atmospheres - Analog/AN 07 City A.wav	
/volume1/主目录/Collection/素材&模板&音库/音效/02_中文音效合集/气氛音乐音效/Archetype SFX/06 - Atmospheres/Atmospheres - Analog/AN 01 Above the Earth.wav	Archetype SFX（大气深沉2 · 紧张气氛片头转场渲染无损音效素材包）/06 - Atmospheres/Atmospheres - Analog/AN 01 Above the Earth.wav	
/volume1/主目录/Collection/素材&模板&音库/音效/02_中文音效合集/气氛音乐音效/Archetype SFX/06 - Atmospheres/Atmospheres - Analog/AN 04 Submerged.wav	Archetype SFX（大气深沉2 · 紧张气氛片头转场渲染无损音效素材包）/06 - Atmospheres/Atmospheres - Analog/AN 04 Submerged.wav	
/volume1/主目录/Collection/素材&模板&音库/音效/02_中文音效合集/气氛音乐音效/Archetype SFX/06 - Atmospheres/Atmospheres - Analog/AN 06 Empty Garage.wav	Archetype SFX（大气深沉2 · 紧张气氛片头转场渲染无损音效素材包）/06 - Atmospheres/Atmospheres - Analog/AN 06 Empty Garage.wav	
/volume1/主目录/Collection/素材&模板&音库/音效/02_中文音效合集/气氛音乐音效/Archetype SFX/06 - Atmospheres/Atmospheres - Analog/AN 05 The Room.wav	Archetype SFX（大气深沉2 · 紧张气氛片头转场渲染无损音效素材包）/06 - Atmospheres/Atmospheres - Analog/AN 05 The Room.wav	
/volume1/主目录/Collection/素材&模板&音库/音效/02_中文音效合集/气氛音乐音效/Archetype SFX/06 - Atmospheres/Atmospheres - Analog/AN 08 City B.wav	Archetype SFX（大气深沉2 · 紧张气氛片头转场渲染无损音效素材包）/06 - Atmospheres/Atmospheres - Analog/AN 08 City B.wav	
/volume1/主目录/Collection/素材&模板&音库/音效/02_中文音效合集/气氛音乐音效/Archetype SFX/06 - Atmospheres/Atmospheres/10 Car Interior B.wav	Archetype SFX（大气深沉2 · 紧张气氛片头转场渲染无损音效素材包）/06 - Atmospheres/Atmospheres/10 Car Interior B.wav	
/volume1/主目录/Collection/素材&模板&音库/音效/02_中文音效合集/气氛音乐音效/Archetype SFX/06 - Atmospheres/Atmospheres/02 Nowhere.wav	Archetype SFX（大气深沉2 · 紧张气氛片头转场渲染无损音效素材包）/06 - Atmospheres/Atmospheres/02 Nowhere.wav	
/volume1/主目录/Collection/素材&模板&音库/音效/02_中文音效合集/气氛音乐音效/Archetype SFX/06 - Atmospheres/Atmospheres/11 Rain.wav	Archetype SFX（大气深沉2 · 紧张气氛片头转场渲染无损音效素材包）/06 - Atmospheres/Atmospheres/11 Rain.wav	
/volume1/主目录/Collection/素材&模板&音库/音效/02_中文音效合集/气氛音乐音效/Archetype SFX/06 - Atmospheres/Atmospheres/14 Shoreline.wav	Archetype SFX（大气深沉2 · 紧张气氛片头转场渲染无损音效素材包）/06 - Atmospheres/Atmospheres/14 Shoreline.wav	
/volume1/主目录/Collection/素材&模板&音库/音效/02_中文音效合集/气氛音乐音效/Archetype SFX/06 - Atmospheres/Atmospheres/09 Car Interior A.wav	Archetype SFX（大气深沉2 · 紧张气氛片头转场渲染无损音效素材包）/06 - Atmospheres/Atmospheres/09 Car Interior A.wav	
/volume1/主目录/Collection/素材&模板&音库/音效/02_中文音效合集/气氛音乐音效/Archetype SFX/06 - Atmospheres/Atmospheres/07 City A.wav	Archetype SFX（大气深沉2 · 紧张气氛片头转场渲染无损音效素材包）/06 - Atmospheres/Atmospheres/07 City A.wav	
/volume1/主目录/Collection/素材&模板&音库/音效/02_中文音效合集/气氛音乐音效/Archetype SFX/06 - Atmospheres/Atmospheres/08 City B.wav	Archetype SFX（大气深沉2 · 紧张气氛片头转场渲染无损音效素材包）/06 - Atmospheres/Atmospheres/08 City B.wav	
/volume1/主目录/Collection/素材&模板&音库/音效/02_中文音效合集/气氛音乐音效/Archetype SFX/06 - Atmospheres/Atmospheres/12 Woods.wav	Archetype SFX（大气深沉2 · 紧张气氛片头转场渲染无损音效素材包）/06 - Atmospheres/Atmospheres/12 Woods.wav	
/volume1/主目录/Collection/素材&模板&音库/音效/02_中文音效合集/气氛音乐音效/Archetype SFX/06 - Atmospheres/Atmospheres/01 Above the Earth.wav	Archetype SFX（大气深沉2 · 紧张气氛片头转场渲染无损音效素材包）/06 - Atmospheres/Atmospheres/01 Above the Earth.wav	
/volume1/主目录/Collection/素材&模板&音库/音效/02_中文音效合集/气氛音乐音效/Archetype SFX/06 - Atmospheres/Atmospheres/13 Subtle Wind.wav	Archetype SFX（大气深沉2 · 紧张气氛片头转场渲染无损音效素材包）/06 - Atmospheres/Atmospheres/13 Subtle Wind.wav	
/volume1/主目录/Collection/素材&模板&音库/音效/02_中文音效合集/气氛音乐音效/Archetype SFX/06 - Atmospheres/Atmospheres/06 Empty Garage.wav	Archetype SFX（大气深沉2 · 紧张气氛片头转场渲染无损音效素材包）/06 - Atmospheres/Atmospheres/06 Empty Garage.wav	
/volume1/主目录/Collection/素材&模板&音库/音效/02_中文音效合集/气氛音乐音效/Archetype SFX/05 - Undertones/Undertones - Analog/AN 06 Aftermath A.wav	Archetype SFX（大气深沉2 · 紧张气氛片头转场渲染无损音效素材包）/05 - Undertones/Undertones - Analog/AN 06 Aftermath A.wav	
/volume1/主目录/Collection/素材&模板&音库/音效/02_中文音效合集/气氛音乐音效/Archetype SFX/05 - Undertones/Undertones - Analog/AN 11 Sub Drone.wav	Archetype SFX（大气深沉2 · 紧张气氛片头转场渲染无损音效素材包）/05 - Undertones/Undertones - Analog/AN 11 Sub Drone.wav	
/volume1/主目录/Collection/素材&模板&音库/音效/02_中文音效合集/气氛音乐音效/Archetype SFX/05 - Undertones/Undertones - Analog/AN 05 Subconscious.wav	Archetype SFX（大气深沉2 · 紧张气氛片头转场渲染无损音效素材包）/05 - Undertones/Undertones - Analog/AN 05 Subconscious.wav	
/volume1/主目录/Collection/素材&模板&音库/音效/02_中文音效合集/气氛音乐音效/Archetype SFX/05 - Undertones/Undertones - Analog/AN 09 Material B.wav	Archetype SFX（大气深沉2 · 紧张气氛片头转场渲染无损音效素材包）/05 - Undertones/Undertones - Analog/AN 09 Material B.wav	
/volume1/主目录/Collection/素材&模板&音库/音效/02_中文音效合集/气氛音乐音效/Archetype SFX/05 - Undertones/Undertones - Analog/AN 03 Motion Sickness.wav	Archetype SFX（大气深沉2 · 紧张气氛片头转场渲染无损音效素材包）/05 - Undertones/Undertones - Analog/AN 03 Motion Sickness.wav	
/volume1/主目录/Collection/素材&模板&音库/音效/02_中文音效合集/气氛音乐音效/Archetype SFX/05 - Undertones/Undertones - Analog/AN 10 Dark Pit.wav	Archetype SFX（大气深沉2 · 紧张气氛片头转场渲染无损音效素材包）/05 - Undertones/Undertones - Analog/AN 10 Dark Pit.wav	
/volume1/主目录/Collection/素材&模板&音库/音效/02_中文音效合集/气氛音乐音效/Archetype SFX/05 - Undertones/Undertones - Analog/AN 13 Hollow Drone.wav	Archetype SFX（大气深沉2 · 紧张气氛片头转场渲染无损音效素材包）/05 - Undertones/Undertones - Analog/AN 13 Hollow Drone.wav	
/volume1/主目录/Collection/素材&模板&音库/音效/02_中文音效合集/气氛音乐音效/Archetype SFX/05 - Undertones/Undertones - Analog/AN 02 Stranger Danger.wav	Archetype SFX（大气深沉2 · 紧张气氛片头转场渲染无损音效素材包）/05 - Undertones/Undertones - Analog/AN 02 Stranger Danger.wav	
/volume1/主目录/Collection/素材&模板&音库/音效/02_中文音效合集/气氛音乐音效/Archetype SFX/05 - Undertones/Undertones - Analog/AN 08 Material A.wav	Archetype SFX（大气深沉2 · 紧张气氛片头转场渲染无损音效素材包）/05 - Undertones/Undertones - Analog/AN 08 Material A.wav	
/volume1/主目录/Collection/素材&模板&音库/音效/02_中文音效合集/气氛音乐音效/Archetype SFX/05 - Undertones/Undertones - Analog/AN 04 Dark Drone.wav	Archetype SFX（大气深沉2 · 紧张气氛片头转场渲染无损音效素材包）/05 - Undertones/Undertones - Analog/AN 04 Dark Drone.wav	
/volume1/主目录/Collection/素材&模板&音库/音效/02_中文音效合集/气氛音乐音效/Archetype SFX/05 - Undertones/Undertones - Analog/AN 14 Detuned.wav	Archetype SFX（大气深沉2 · 紧张气氛片头转场渲染无损音效素材包）/05 - Undertones/Undertones - Analog/AN 14 Detuned.wav	
/volume1/主目录/Collection/素材&模板&音库/音效/02_中文音效合集/气氛音乐音效/Archetype SFX/05 - Undertones/Undertones - Analog/AN 01 Dark Hold.wav	Archetype SFX（大气深沉2 · 紧张气氛片头转场渲染无损音效素材包）/05 - Undertones/Undertones - Analog/AN 01 Dark Hold.wav	
/volume1/主目录/Collection/素材&模板&音库/音效/02_中文音效合集/气氛音乐音效/Archetype SFX/05 - Undertones/Undertones - Analog/AN 12 Last Flight.wav	Archetype SFX（大气深沉2 · 紧张气氛片头转场渲染无损音效素材包）/05 - Undertones/Undertones - Analog/AN 12 Last Flight.wav	
/volume1/主目录/Collection/素材&模板&音库/音效/02_中文音效合集/气氛音乐音效/Archetype SFX/05 - Undertones/Undertones - Analog/AN 07 Aftermath B.wav	Archetype SFX（大气深沉2 · 紧张气氛片头转场渲染无损音效素材包）/05 - Undertones/Undertones - Analog/AN 07 Aftermath B.wav	
/volume1/主目录/Collection/素材&模板&音库/音效/02_中文音效合集/气氛音乐音效/Archetype SFX/05 - Undertones/Undertones - Analog/AN 15 Warmth.wav	Archetype SFX（大气深沉2 · 紧张气氛片头转场渲染无损音效素材包）/05 - Undertones/Undertones - Analog/AN 15 Warmth.wav	
/volume1/主目录/Collection/素材&模板&音库/音效/02_中文音效合集/气氛音乐音效/Archetype SFX/05 - Undertones/Undertones - Distortion/DS 06 Aftermath A.wav	Archetype SFX（大气深沉2 · 紧张气氛片头转场渲染无损音效素材包）/05 - Undertones/Undertones - Distortion/DS 06 Aftermath A.wav	
/volume1/主目录/Collection/素材&模板&音库/音效/02_中文音效合集/气氛音乐音效/Archetype SFX/05 - Undertones/Undertones - Distortion/DS 15 Warmth.wav	Archetype SFX（大气深沉2 · 紧张气氛片头转场渲染无损音效素材包）/05 - Undertones/Undertones - Distortion/DS 15 Warmth.wav	
/volume1/主目录/Collection/素材&模板&音库/音效/02_中文音效合集/气氛音乐音效/Archetype SFX/05 - Undertones/Undertones - Distortion/DS 09 Material B.wav	Archetype SFX（大气深沉2 · 紧张气氛片头转场渲染无损音效素材包）/05 - Undertones/Undertones - Distortion/DS 09 Material B.wav	
/volume1/主目录/Collection/素材&模板&音库/音效/02_中文音效合集/气氛音乐音效/Archetype SFX/05 - Undertones/Undertones - Distortion/DS 03 Motion Sickness.wav	Archetype SFX（大气深沉2 · 紧张气氛片头转场渲染无损音效素材包）/05 - Undertones/Undertones - Distortion/DS 03 Motion Sickness.wav	
/volume1/主目录/Collection/素材&模板&音库/音效/02_中文音效合集/气氛音乐音效/Archetype SFX/05 - Undertones/Undertones - Distortion/DS 01 Dark Hold.wav	Archetype SFX（大气深沉2 · 紧张气氛片头转场渲染无损音效素材包）/05 - Undertones/Undertones - Distortion/DS 01 Dark Hold.wav	
/volume1/主目录/Collection/素材&模板&音库/音效/02_中文音效合集/气氛音乐音效/Archetype SFX/05 - Undertones/Undertones - Distortion/DS 14 Detuned.wav	Archetype SFX（大气深沉2 · 紧张气氛片头转场渲染无损音效素材包）/05 - Undertones/Undertones - Distortion/DS 14 Detuned.wav	
/volume1/主目录/Collection/素材&模板&音库/音效/02_中文音效合集/气氛音乐音效/Archetype SFX/05 - Undertones/Undertones - Distortion/DS 08 Material A.wav	Archetype SFX（大气深沉2 · 紧张气氛片头转场渲染无损音效素材包）/05 - Undertones/Undertones - Distortion/DS 08 Material A.wav	
/volume1/主目录/Collection/素材&模板&音库/音效/02_中文音效合集/气氛音乐音效/Archetype SFX/05 - Undertones/Undertones - Distortion/DS 07 Aftermath B.wav	Archetype SFX（大气深沉2 · 紧张气氛片头转场渲染无损音效素材包）/05 - Undertones/Undertones - Distortion/DS 07 Aftermath B.wav	
/volume1/主目录/Collection/素材&模板&音库/音效/02_中文音效合集/气氛音乐音效/Archetype SFX/05 - Undertones/Undertones - Distortion/DS 12 Last Flight.wav	Archetype SFX（大气深沉2 · 紧张气氛片头转场渲染无损音效素材包）/05 - Undertones/Undertones - Distortion/DS 12 Last Flight.wav	
/volume1/主目录/Collection/素材&模板&音库/音效/02_中文音效合集/气氛音乐音效/Archetype SFX/05 - Undertones/Undertones - Distortion/DS 04 Dark Drone.wav	Archetype SFX（大气深沉2 · 紧张气氛片头转场渲染无损音效素材包）/05 - Undertones/Undertones - Distortion/DS 04 Dark Drone.wav	
/volume1/主目录/Collection/素材&模板&音库/音效/02_中文音效合集/气氛音乐音效/Archetype SFX/05 - Undertones/Undertones - Distortion/DS 10 Dark Pit.wav	Archetype SFX（大气深沉2 · 紧张气氛片头转场渲染无损音效素材包）/05 - Undertones/Undertones - Distortion/DS 10 Dark Pit.wav	
/volume1/主目录/Collection/素材&模板&音库/音效/02_中文音效合集/气氛音乐音效/Archetype SFX/05 - Undertones/Undertones - Distortion/DS 13 Hollow Drone.wav	Archetype SFX（大气深沉2 · 紧张气氛片头转场渲染无损音效素材包）/05 - Undertones/Undertones - Distortion/DS 13 Hollow Drone.wav	
/volume1/主目录/Collection/素材&模板&音库/音效/02_中文音效合集/气氛音乐音效/Archetype SFX/05 - Undertones/Undertones - Distortion/DS 05 Subconscious.wav	Archetype SFX（大气深沉2 · 紧张气氛片头转场渲染无损音效素材包）/05 - Undertones/Undertones - Distortion/DS 05 Subconscious.wav	
/volume1/主目录/Collection/素材&模板&音库/音效/02_中文音效合集/气氛音乐音效/Archetype SFX/05 - Undertones/Undertones - Distortion/DS 02 Stranger Danger.wav	Archetype SFX（大气深沉2 · 紧张气氛片头转场渲染无损音效素材包）/05 - Undertones/Undertones - Distortion/DS 02 Stranger Danger.wav	
/volume1/主目录/Collection/素材&模板&音库/音效/02_中文音效合集/气氛音乐音效/Archetype SFX/05 - Undertones/Undertones - Distortion/DS 11 Sub Drone.wav	Archetype SFX（大气深沉2 · 紧张气氛片头转场渲染无损音效素材包）/05 - Undertones/Undertones - Distortion/DS 11 Sub Drone.wav	
/volume1/主目录/Collection/素材&模板&音库/音效/02_中文音效合集/气氛音乐音效/Archetype SFX/05 - Undertones/Undertones - Silk/SL 09 Material B.wav	Archetype SFX（大气深沉2 · 紧张气氛片头转场渲染无损音效素材包）/05 - Undertones/Undertones - Silk/SL 09 Material B.wav	
/volume1/主目录/Collection/素材&模板&音库/音效/02_中文音效合集/气氛音乐音效/Archetype SFX/05 - Undertones/Undertones - Silk/SL 07 Aftermath B.wav	Archetype SFX（大气深沉2 · 紧张气氛片头转场渲染无损音效素材包）/05 - Undertones/Undertones - Silk/SL 07 Aftermath B.wav	
/volume1/主目录/Collection/素材&模板&音库/音效/02_中文音效合集/气氛音乐音效/Archetype SFX/05 - Undertones/Undertones - Silk/SL 03 Motion Sickness.wav	Archetype SFX（大气深沉2 · 紧张气氛片头转场渲染无损音效素材包）/05 - Undertones/Undertones - Silk/SL 03 Motion Sickness.wav	
/volume1/主目录/Collection/素材&模板&音库/音效/02_中文音效合集/气氛音乐音效/Archetype SFX/05 - Undertones/Undertones - Silk/SL 01 Dark Hold.wav	Archetype SFX（大气深沉2 · 紧张气氛片头转场渲染无损音效素材包）/05 - Undertones/Undertones - Silk/SL 01 Dark Hold.wav	
/volume1/主目录/Collection/素材&模板&音库/音效/02_中文音效合集/气氛音乐音效/Archetype SFX/05 - Undertones/Undertones - Silk/SL 11 Sub Drone.wav	Archetype SFX（大气深沉2 · 紧张气氛片头转场渲染无损音效素材包）/05 - Undertones/Undertones - Silk/SL 11 Sub Drone.wav	
/volume1/主目录/Collection/素材&模板&音库/音效/02_中文音效合集/气氛音乐音效/Archetype SFX/05 - Undertones/Undertones - Silk/SL 12 Last Flight.wav	Archetype SFX（大气深沉2 · 紧张气氛片头转场渲染无损音效素材包）/05 - Undertones/Undertones - Silk/SL 12 Last Flight.wav	
/volume1/主目录/Collection/素材&模板&音库/音效/02_中文音效合集/气氛音乐音效/Archetype SFX/05 - Undertones/Undertones - Silk/SL 04 Dark Drone.wav	Archetype SFX（大气深沉2 · 紧张气氛片头转场渲染无损音效素材包）/05 - Undertones/Undertones - Silk/SL 04 Dark Drone.wav	
/volume1/主目录/Collection/素材&模板&音库/音效/02_中文音效合集/气氛音乐音效/Archetype SFX/05 - Undertones/Undertones - Silk/SL 10 Dark Pit.wav	Archetype SFX（大气深沉2 · 紧张气氛片头转场渲染无损音效素材包）/05 - Undertones/Undertones - Silk/SL 10 Dark Pit.wav	
/volume1/主目录/Collection/素材&模板&音库/音效/02_中文音效合集/气氛音乐音效/Archetype SFX/05 - Undertones/Undertones - Silk/SL 08 Material A.wav	Archetype SFX（大气深沉2 · 紧张气氛片头转场渲染无损音效素材包）/05 - Undertones/Undertones - Silk/SL 08 Material A.wav	
/volume1/主目录/Collection/素材&模板&音库/音效/02_中文音效合集/气氛音乐音效/Archetype SFX/05 - Undertones/Undertones - Silk/SL 02 Stranger Danger.wav	Archetype SFX（大气深沉2 · 紧张气氛片头转场渲染无损音效素材包）/05 - Undertones/Undertones - Silk/SL 02 Stranger Danger.wav	
/volume1/主目录/Collection/素材&模板&音库/音效/02_中文音效合集/气氛音乐音效/Archetype SFX/05 - Undertones/Undertones - Silk/SL 14 Detuned.wav	Archetype SFX（大气深沉2 · 紧张气氛片头转场渲染无损音效素材包）/05 - Undertones/Undertones - Silk/SL 14 Detuned.wav	
/volume1/主目录/Collection/素材&模板&音库/音效/02_中文音效合集/气氛音乐音效/Archetype SFX/05 - Undertones/Undertones - Silk/SL 05 Subconscious.wav	Archetype SFX（大气深沉2 · 紧张气氛片头转场渲染无损音效素材包）/05 - Undertones/Undertones - Silk/SL 05 Subconscious.wav	
/volume1/主目录/Collection/素材&模板&音库/音效/02_中文音效合集/气氛音乐音效/Archetype SFX/05 - Undertones/Undertones - Silk/SL 06 Aftermath A.wav	Archetype SFX（大气深沉2 · 紧张气氛片头转场渲染无损音效素材包）/05 - Undertones/Undertones - Silk/SL 06 Aftermath A.wav	
/volume1/主目录/Collection/素材&模板&音库/音效/02_中文音效合集/气氛音乐音效/Archetype SFX/05 - Undertones/Undertones - Silk/SL 15 Warmth.wav	Archetype SFX（大气深沉2 · 紧张气氛片头转场渲染无损音效素材包）/05 - Undertones/Undertones - Silk/SL 15 Warmth.wav	
/volume1/主目录/Collection/素材&模板&音库/音效/02_中文音效合集/气氛音乐音效/Archetype SFX/05 - Undertones/Undertones - Silk/SL 13 Hollow Drone.wav	Archetype SFX（大气深沉2 · 紧张气氛片头转场渲染无损音效素材包）/05 - Undertones/Undertones - Silk/SL 13 Hollow Drone.wav	
/volume1/主目录/Collection/素材&模板&音库/音效/02_中文音效合集/气氛音乐音效/Archetype SFX/05 - Undertones/Undertones/12 Last Flight.wav	Archetype SFX（大气深沉2 · 紧张气氛片头转场渲染无损音效素材包）/05 - Undertones/Undertones/12 Last Flight.wav	
/volume1/主目录/Collection/素材&模板&音库/音效/02_中文音效合集/气氛音乐音效/Archetype SFX/05 - Undertones/Undertones/01 Dark Hold.wav	Archetype SFX（大气深沉2 · 紧张气氛片头转场渲染无损音效素材包）/05 - Undertones/Undertones/01 Dark Hold.wav	
/volume1/主目录/Collection/素材&模板&音库/音效/02_中文音效合集/气氛音乐音效/Archetype SFX/05 - Undertones/Undertones/02 Stranger Danger.wav	Archetype SFX（大气深沉2 · 紧张气氛片头转场渲染无损音效素材包）/05 - Undertones/Undertones/02 Stranger Danger.wav	
/volume1/主目录/Collection/素材&模板&音库/音效/02_中文音效合集/气氛音乐音效/Archetype SFX/05 - Undertones/Undertones/06 Aftermath A.wav	Archetype SFX（大气深沉2 · 紧张气氛片头转场渲染无损音效素材包）/05 - Undertones/Undertones/06 Aftermath A.wav	
/volume1/主目录/Collection/素材&模板&音库/音效/02_中文音效合集/气氛音乐音效/Archetype SFX/05 - Undertones/Undertones/10 Dark Pit.wav	Archetype SFX（大气深沉2 · 紧张气氛片头转场渲染无损音效素材包）/05 - Undertones/Undertones/10 Dark Pit.wav	
/volume1/主目录/Collection/素材&模板&音库/音效/02_中文音效合集/气氛音乐音效/Archetype SFX/05 - Undertones/Undertones/13 Hollow Drone.wav	Archetype SFX（大气深沉2 · 紧张气氛片头转场渲染无损音效素材包）/05 - Undertones/Undertones/13 Hollow Drone.wav	
/volume1/主目录/Collection/素材&模板&音库/音效/02_中文音效合集/气氛音乐音效/Archetype SFX/05 - Undertones/Undertones/15 Warmth.wav	Archetype SFX（大气深沉2 · 紧张气氛片头转场渲染无损音效素材包）/05 - Undertones/Undertones/15 Warmth.wav	
/volume1/主目录/Collection/素材&模板&音库/音效/02_中文音效合集/气氛音乐音效/Archetype SFX/05 - Undertones/Undertones/07 Aftermath B.wav	Archetype SFX（大气深沉2 · 紧张气氛片头转场渲染无损音效素材包）/05 - Undertones/Undertones/07 Aftermath B.wav	
/volume1/主目录/Collection/素材&模板&音库/音效/02_中文音效合集/气氛音乐音效/Archetype SFX/05 - Undertones/Undertones/05 Subconscious.wav	Archetype SFX（大气深沉2 · 紧张气氛片头转场渲染无损音效素材包）/05 - Undertones/Undertones/05 Subconscious.wav	
/volume1/主目录/Collection/素材&模板&音库/音效/02_中文音效合集/气氛音乐音效/Archetype SFX/05 - Undertones/Undertones/08 Material A.wav	Archetype SFX（大气深沉2 · 紧张气氛片头转场渲染无损音效素材包）/05 - Undertones/Undertones/08 Material A.wav	
/volume1/主目录/Collection/素材&模板&音库/音效/02_中文音效合集/气氛音乐音效/Archetype SFX/05 - Undertones/Undertones/11 Sub Drone.wav	Archetype SFX（大气深沉2 · 紧张气氛片头转场渲染无损音效素材包）/05 - Undertones/Undertones/11 Sub Drone.wav	
/volume1/主目录/Collection/素材&模板&音库/音效/02_中文音效合集/气氛音乐音效/Archetype SFX/05 - Undertones/Undertones/04 Dark Drone.wav	Archetype SFX（大气深沉2 · 紧张气氛片头转场渲染无损音效素材包）/05 - Undertones/Undertones/04 Dark Drone.wav	
/volume1/主目录/Collection/素材&模板&音库/音效/02_中文音效合集/气氛音乐音效/Archetype SFX/05 - Undertones/Undertones/03 Motion Sickness.wav	Archetype SFX（大气深沉2 · 紧张气氛片头转场渲染无损音效素材包）/05 - Undertones/Undertones/03 Motion Sickness.wav	
/volume1/主目录/Collection/素材&模板&音库/音效/02_中文音效合集/气氛音乐音效/Archetype SFX/05 - Undertones/Undertones/14 Detuned.wav	Archetype SFX（大气深沉2 · 紧张气氛片头转场渲染无损音效素材包）/05 - Undertones/Undertones/14 Detuned.wav	
/volume1/主目录/Collection/素材&模板&音库/音效/02_中文音效合集/气氛音乐音效/Archetype SFX/05 - Undertones/Undertones/09 Material B.wav	Archetype SFX（大气深沉2 · 紧张气氛片头转场渲染无损音效素材包）/05 - Undertones/Undertones/09 Material B.wav	
/volume1/主目录/Collection/素材&模板&音库/音效/02_中文音效合集/气氛音乐音效/Archetype SFX/05 - Undertones/Undertones - Space/SP 13 Hollow Drone.wav	Archetype SFX（大气深沉2 · 紧张气氛片头转场渲染无损音效素材包）/05 - Undertones/Undertones - Space/SP 13 Hollow Drone.wav	
/volume1/主目录/Collection/素材&模板&音库/音效/02_中文音效合集/气氛音乐音效/Archetype SFX/05 - Undertones/Undertones - Space/SP 15 Warmth.wav	Archetype SFX（大气深沉2 · 紧张气氛片头转场渲染无损音效素材包）/05 - Undertones/Undertones - Space/SP 15 Warmth.wav	
/volume1/主目录/Collection/素材&模板&音库/音效/02_中文音效合集/气氛音乐音效/Archetype SFX/05 - Undertones/Undertones - Space/SP 14 Detuned.wav	Archetype SFX（大气深沉2 · 紧张气氛片头转场渲染无损音效素材包）/05 - Undertones/Undertones - Space/SP 14 Detuned.wav	
/volume1/主目录/Collection/素材&模板&音库/音效/02_中文音效合集/气氛音乐音效/Archetype SFX/05 - Undertones/Undertones - Space/SP 03 Motion Sickness.wav	Archetype SFX（大气深沉2 · 紧张气氛片头转场渲染无损音效素材包）/05 - Undertones/Undertones - Space/SP 03 Motion Sickness.wav	
/volume1/主目录/Collection/素材&模板&音库/音效/02_中文音效合集/气氛音乐音效/Archetype SFX/05 - Undertones/Undertones - Space/SP 06 Aftermath A.wav	Archetype SFX（大气深沉2 · 紧张气氛片头转场渲染无损音效素材包）/05 - Undertones/Undertones - Space/SP 06 Aftermath A.wav	
/volume1/主目录/Collection/素材&模板&音库/音效/02_中文音效合集/气氛音乐音效/Archetype SFX/05 - Undertones/Undertones - Space/SP 01 Dark Hold.wav	Archetype SFX（大气深沉2 · 紧张气氛片头转场渲染无损音效素材包）/05 - Undertones/Undertones - Space/SP 01 Dark Hold.wav	
/volume1/主目录/Collection/素材&模板&音库/音效/02_中文音效合集/气氛音乐音效/Archetype SFX/05 - Undertones/Undertones - Space/SP 07 Aftermath B.wav	Archetype SFX（大气深沉2 · 紧张气氛片头转场渲染无损音效素材包）/05 - Undertones/Undertones - Space/SP 07 Aftermath B.wav	
/volume1/主目录/Collection/素材&模板&音库/音效/02_中文音效合集/气氛音乐音效/Archetype SFX/05 - Undertones/Undertones - Space/SP 05 Subconscious.wav	Archetype SFX（大气深沉2 · 紧张气氛片头转场渲染无损音效素材包）/05 - Undertones/Undertones - Space/SP 05 Subconscious.wav	
/volume1/主目录/Collection/素材&模板&音库/音效/02_中文音效合集/气氛音乐音效/Archetype SFX/05 - Undertones/Undertones - Space/SP 11 Sub Drone.wav	Archetype SFX（大气深沉2 · 紧张气氛片头转场渲染无损音效素材包）/05 - Undertones/Undertones - Space/SP 11 Sub Drone.wav	
/volume1/主目录/Collection/素材&模板&音库/音效/02_中文音效合集/气氛音乐音效/Archetype SFX/05 - Undertones/Undertones - Space/SP 04 Dark Drone.wav	Archetype SFX（大气深沉2 · 紧张气氛片头转场渲染无损音效素材包）/05 - Undertones/Undertones - Space/SP 04 Dark Drone.wav	
/volume1/主目录/Collection/素材&模板&音库/音效/02_中文音效合集/气氛音乐音效/Archetype SFX/05 - Undertones/Undertones - Space/SP 02 Stranger Danger.wav	Archetype SFX（大气深沉2 · 紧张气氛片头转场渲染无损音效素材包）/05 - Undertones/Undertones - Space/SP 02 Stranger Danger.wav	
/volume1/主目录/Collection/素材&模板&音库/音效/02_中文音效合集/气氛音乐音效/Archetype SFX/05 - Undertones/Undertones - Space/SP 09 Material B.wav	Archetype SFX（大气深沉2 · 紧张气氛片头转场渲染无损音效素材包）/05 - Undertones/Undertones - Space/SP 09 Material B.wav	
/volume1/主目录/Collection/素材&模板&音库/音效/02_中文音效合集/气氛音乐音效/Archetype SFX/05 - Undertones/Undertones - Space/SP 08 Material A.wav	Archetype SFX（大气深沉2 · 紧张气氛片头转场渲染无损音效素材包）/05 - Undertones/Undertones - Space/SP 08 Material A.wav	
/volume1/主目录/Collection/素材&模板&音库/音效/02_中文音效合集/气氛音乐音效/Archetype SFX/05 - Undertones/Undertones - Space/SP 12 Last Flight.wav	Archetype SFX（大气深沉2 · 紧张气氛片头转场渲染无损音效素材包）/05 - Undertones/Undertones - Space/SP 12 Last Flight.wav	
/volume1/主目录/Collection/素材&模板&音库/音效/02_中文音效合集/气氛音乐音效/Archetype SFX/03 - Whooshes/Whooshes/20 Whoosh Pulse.wav 96000.pek	Archetype SFX（大气深沉2 · 紧张气氛片头转场渲染无损音效素材包）/03 - Whooshes/Whooshes/20 Whoosh Pulse.wav 96000.pek	
/volume1/主目录/Collection/素材&模板&音库/音效/02_中文音效合集/气氛音乐音效/Archetype SFX/03 - Whooshes/Whooshes/11 Flange Whoosh A.wav	Archetype SFX（大气深沉2 · 紧张气氛片头转场渲染无损音效素材包）/03 - Whooshes/Whooshes/11 Flange Whoosh A.wav	
/volume1/主目录/Collection/素材&模板&音库/音效/02_中文音效合集/气氛音乐音效/Archetype SFX/03 - Whooshes/Whooshes/12 Flange Whoosh B.wav	Archetype SFX（大气深沉2 · 紧张气氛片头转场渲染无损音效素材包）/03 - Whooshes/Whooshes/12 Flange Whoosh B.wav	
/volume1/主目录/Collection/素材&模板&音库/音效/02_中文音效合集/气氛音乐音效/Archetype SFX/03 - Whooshes/Whooshes/10 Mother Ship D.wav	Archetype SFX（大气深沉2 · 紧张气氛片头转场渲染无损音效素材包）/03 - Whooshes/Whooshes/10 Mother Ship D.wav	
/volume1/主目录/Collection/素材&模板&音库/音效/02_中文音效合集/气氛音乐音效/Archetype SFX/03 - Whooshes/Whooshes/18 Low Whoosh A.wav	Archetype SFX（大气深沉2 · 紧张气氛片头转场渲染无损音效素材包）/03 - Whooshes/Whooshes/18 Low Whoosh A.wav	
/volume1/主目录/Collection/素材&模板&音库/音效/02_中文音效合集/气氛音乐音效/Archetype SFX/03 - Whooshes/Whooshes/04 Exhale Short.wav	Archetype SFX（大气深沉2 · 紧张气氛片头转场渲染无损音效素材包）/03 - Whooshes/Whooshes/04 Exhale Short.wav	
/volume1/主目录/Collection/素材&模板&音库/音效/02_中文音效合集/气氛音乐音效/Archetype SFX/03 - Whooshes/Whooshes/03 Exhale Long.wav	Archetype SFX（大气深沉2 · 紧张气氛片头转场渲染无损音效素材包）/03 - Whooshes/Whooshes/03 Exhale Long.wav	
/volume1/主目录/Collection/素材&模板&音库/音效/02_中文音效合集/气氛音乐音效/Archetype SFX/03 - Whooshes/Whooshes/07 Mother Ship A.wav	Archetype SFX（大气深沉2 · 紧张气氛片头转场渲染无损音效素材包）/03 - Whooshes/Whooshes/07 Mother Ship A.wav	
/volume1/主目录/Collection/素材&模板&音库/音效/02_中文音效合集/气氛音乐音效/Archetype SFX/03 - Whooshes/Whooshes/17 Simple_Whoosh.wav	Archetype SFX（大气深沉2 · 紧张气氛片头转场渲染无损音效素材包）/03 - Whooshes/Whooshes/17 Simple_Whoosh.wav	
/volume1/主目录/Collection/素材&模板&音库/音效/02_中文音效合集/气氛音乐音效/Archetype SFX/03 - Whooshes/Whooshes/02 Deep Whoosh B.wav	Archetype SFX（大气深沉2 · 紧张气氛片头转场渲染无损音效素材包）/03 - Whooshes/Whooshes/02 Deep Whoosh B.wav	
/volume1/主目录/Collection/素材&模板&音库/音效/02_中文音效合集/气氛音乐音效/Archetype SFX/03 - Whooshes/Whooshes/05 Drone Whoosh.wav	Archetype SFX（大气深沉2 · 紧张气氛片头转场渲染无损音效素材包）/03 - Whooshes/Whooshes/05 Drone Whoosh.wav	
/volume1/主目录/Collection/素材&模板&音库/音效/02_中文音效合集/气氛音乐音效/Archetype SFX/03 - Whooshes/Whooshes/15 Quick Whoosh A.wav 96000.pek	Archetype SFX（大气深沉2 · 紧张气氛片头转场渲染无损音效素材包）/03 - Whooshes/Whooshes/15 Quick Whoosh A.wav 96000.pek	
/volume1/主目录/Collection/素材&模板&音库/音效/02_中文音效合集/气氛音乐音效/Archetype SFX/03 - Whooshes/Whooshes/08 Mother Ship B.wav	Archetype SFX（大气深沉2 · 紧张气氛片头转场渲染无损音效素材包）/03 - Whooshes/Whooshes/08 Mother Ship B.wav	
/volume1/主目录/Collection/素材&模板&音库/音效/02_中文音效合集/气氛音乐音效/Archetype SFX/03 - Whooshes/Whooshes/14 Fast Whoosh B.wav	Archetype SFX（大气深沉2 · 紧张气氛片头转场渲染无损音效素材包）/03 - Whooshes/Whooshes/14 Fast Whoosh B.wav	
/volume1/主目录/Collection/素材&模板&音库/音效/02_中文音效合集/气氛音乐音效/Archetype SFX/03 - Whooshes/Whooshes/20 Whoosh Pulse.wav	Archetype SFX（大气深沉2 · 紧张气氛片头转场渲染无损音效素材包）/03 - Whooshes/Whooshes/20 Whoosh Pulse.wav	
/volume1/主目录/Collection/素材&模板&音库/音效/02_中文音效合集/气氛音乐音效/Archetype SFX/03 - Whooshes/Whooshes/09 Mother Ship C.wav	Archetype SFX（大气深沉2 · 紧张气氛片头转场渲染无损音效素材包）/03 - Whooshes/Whooshes/09 Mother Ship C.wav	
/volume1/主目录/Collection/素材&模板&音库/音效/02_中文音效合集/气氛音乐音效/Archetype SFX/03 - Whooshes/Whooshes/06 Neutral Whoosh.wav	Archetype SFX（大气深沉2 · 紧张气氛片头转场渲染无损音效素材包）/03 - Whooshes/Whooshes/06 Neutral Whoosh.wav	
/volume1/主目录/Collection/素材&模板&音库/音效/02_中文音效合集/气氛音乐音效/Archetype SFX/03 - Whooshes/Whooshes/01 Deep Whoosh A.wav	Archetype SFX（大气深沉2 · 紧张气氛片头转场渲染无损音效素材包）/03 - Whooshes/Whooshes/01 Deep Whoosh A.wav	
/volume1/主目录/Collection/素材&模板&音库/音效/02_中文音效合集/气氛音乐音效/Archetype SFX/03 - Whooshes/Whooshes/15 Quick Whoosh A.wav	Archetype SFX（大气深沉2 · 紧张气氛片头转场渲染无损音效素材包）/03 - Whooshes/Whooshes/15 Quick Whoosh A.wav	
/volume1/主目录/Collection/素材&模板&音库/音效/02_中文音效合集/气氛音乐音效/Archetype SFX/03 - Whooshes/Whooshes - Space/SP 14 Fast Whoosh B.wav	Archetype SFX（大气深沉2 · 紧张气氛片头转场渲染无损音效素材包）/03 - Whooshes/Whooshes - Space/SP 14 Fast Whoosh B.wav	
/volume1/主目录/Collection/素材&模板&音库/音效/02_中文音效合集/气氛音乐音效/Archetype SFX/03 - Whooshes/Whooshes - Space/SP 17 Simple Whoosh.wav	Archetype SFX（大气深沉2 · 紧张气氛片头转场渲染无损音效素材包）/03 - Whooshes/Whooshes - Space/SP 17 Simple Whoosh.wav	
/volume1/主目录/Collection/素材&模板&音库/音效/02_中文音效合集/气氛音乐音效/Archetype SFX/03 - Whooshes/Whooshes - Space/SP 06 Neutral Whoosh.wav	Archetype SFX（大气深沉2 · 紧张气氛片头转场渲染无损音效素材包）/03 - Whooshes/Whooshes - Space/SP 06 Neutral Whoosh.wav	
/volume1/主目录/Collection/素材&模板&音库/音效/02_中文音效合集/气氛音乐音效/Archetype SFX/03 - Whooshes/Whooshes - Space/SP 09 Mother Ship C.wav	Archetype SFX（大气深沉2 · 紧张气氛片头转场渲染无损音效素材包）/03 - Whooshes/Whooshes - Space/SP 09 Mother Ship C.wav	
/volume1/主目录/Collection/素材&模板&音库/音效/02_中文音效合集/气氛音乐音效/Archetype SFX/03 - Whooshes/Whooshes - Space/SP 11 Flange Whoosh A.wav	Archetype SFX（大气深沉2 · 紧张气氛片头转场渲染无损音效素材包）/03 - Whooshes/Whooshes - Space/SP 11 Flange Whoosh A.wav	
/volume1/主目录/Collection/素材&模板&音库/音效/02_中文音效合集/气氛音乐音效/Archetype SFX/03 - Whooshes/Whooshes - Space/SP 16 Quick Whoosh B.wav	Archetype SFX（大气深沉2 · 紧张气氛片头转场渲染无损音效素材包）/03 - Whooshes/Whooshes - Space/SP 16 Quick Whoosh B.wav	
/volume1/主目录/Collection/素材&模板&音库/音效/02_中文音效合集/气氛音乐音效/Archetype SFX/03 - Whooshes/Whooshes - Space/SP 08 Mother Ship B.wav	Archetype SFX（大气深沉2 · 紧张气氛片头转场渲染无损音效素材包）/03 - Whooshes/Whooshes - Space/SP 08 Mother Ship B.wav	
/volume1/主目录/Collection/素材&模板&音库/音效/02_中文音效合集/气氛音乐音效/Archetype SFX/03 - Whooshes/Whooshes - Space/SP 07 Mother Ship A.wav	Archetype SFX（大气深沉2 · 紧张气氛片头转场渲染无损音效素材包）/03 - Whooshes/Whooshes - Space/SP 07 Mother Ship A.wav	
/volume1/主目录/Collection/素材&模板&音库/音效/02_中文音效合集/气氛音乐音效/Archetype SFX/03 - Whooshes/Whooshes - Space/SP 05 Drone Whoosh.wav	Archetype SFX（大气深沉2 · 紧张气氛片头转场渲染无损音效素材包）/03 - Whooshes/Whooshes - Space/SP 05 Drone Whoosh.wav	
/volume1/主目录/Collection/素材&模板&音库/音效/02_中文音效合集/气氛音乐音效/Archetype SFX/03 - Whooshes/Whooshes - Space/SP 20 Whoosh Pulse.wav	Archetype SFX（大气深沉2 · 紧张气氛片头转场渲染无损音效素材包）/03 - Whooshes/Whooshes - Space/SP 20 Whoosh Pulse.wav	
/volume1/主目录/Collection/素材&模板&音库/音效/02_中文音效合集/气氛音乐音效/Archetype SFX/03 - Whooshes/Whooshes - Space/SP 18 Low Whoosh A.wav	Archetype SFX（大气深沉2 · 紧张气氛片头转场渲染无损音效素材包）/03 - Whooshes/Whooshes - Space/SP 18 Low Whoosh A.wav	
/volume1/主目录/Collection/素材&模板&音库/音效/02_中文音效合集/气氛音乐音效/Archetype SFX/03 - Whooshes/Whooshes - Space/SP 01 Deep Whoosh A.wav	Archetype SFX（大气深沉2 · 紧张气氛片头转场渲染无损音效素材包）/03 - Whooshes/Whooshes - Space/SP 01 Deep Whoosh A.wav	
/volume1/主目录/Collection/素材&模板&音库/音效/02_中文音效合集/气氛音乐音效/Archetype SFX/03 - Whooshes/Whooshes - Space/SP 13 Fast Whoosh A.wav	Archetype SFX（大气深沉2 · 紧张气氛片头转场渲染无损音效素材包）/03 - Whooshes/Whooshes - Space/SP 13 Fast Whoosh A.wav	
/volume1/主目录/Collection/素材&模板&音库/音效/02_中文音效合集/气氛音乐音效/Archetype SFX/03 - Whooshes/Whooshes - Space/SP 04 Exhale Short.wav	Archetype SFX（大气深沉2 · 紧张气氛片头转场渲染无损音效素材包）/03 - Whooshes/Whooshes - Space/SP 04 Exhale Short.wav	
/volume1/主目录/Collection/素材&模板&音库/音效/02_中文音效合集/气氛音乐音效/Archetype SFX/03 - Whooshes/Whooshes - Space/SP 03 Exhale Long.wav	Archetype SFX（大气深沉2 · 紧张气氛片头转场渲染无损音效素材包）/03 - Whooshes/Whooshes - Space/SP 03 Exhale Long.wav	
/volume1/主目录/Collection/素材&模板&音库/音效/02_中文音效合集/气氛音乐音效/Archetype SFX/03 - Whooshes/Whooshes - Space/SP 02 Deep Whoosh B.wav	Archetype SFX（大气深沉2 · 紧张气氛片头转场渲染无损音效素材包）/03 - Whooshes/Whooshes - Space/SP 02 Deep Whoosh B.wav	
/volume1/主目录/Collection/素材&模板&音库/音效/02_中文音效合集/气氛音乐音效/Archetype SFX/03 - Whooshes/Whooshes - Space/SP 10 Mother Ship D.wav	Archetype SFX（大气深沉2 · 紧张气氛片头转场渲染无损音效素材包）/03 - Whooshes/Whooshes - Space/SP 10 Mother Ship D.wav	
/volume1/主目录/Collection/素材&模板&音库/音效/02_中文音效合集/气氛音乐音效/Archetype SFX/03 - Whooshes/Whooshes - Space/SP 12 Flange Whoosh B.wav	Archetype SFX（大气深沉2 · 紧张气氛片头转场渲染无损音效素材包）/03 - Whooshes/Whooshes - Space/SP 12 Flange Whoosh B.wav	
/volume1/主目录/Collection/素材&模板&音库/音效/02_中文音效合集/气氛音乐音效/Archetype SFX/03 - Whooshes/Whooshes - Analog/AN 16 Quick Whoosh B.wav	Archetype SFX（大气深沉2 · 紧张气氛片头转场渲染无损音效素材包）/03 - Whooshes/Whooshes - Analog/AN 16 Quick Whoosh B.wav	
/volume1/主目录/Collection/素材&模板&音库/音效/02_中文音效合集/气氛音乐音效/Archetype SFX/03 - Whooshes/Whooshes - Analog/AN 19 Low Whoosh B.wav	Archetype SFX（大气深沉2 · 紧张气氛片头转场渲染无损音效素材包）/03 - Whooshes/Whooshes - Analog/AN 19 Low Whoosh B.wav	
/volume1/主目录/Collection/素材&模板&音库/音效/02_中文音效合集/气氛音乐音效/Archetype SFX/03 - Whooshes/Whooshes - Analog/AN 14 Fast Whoosh B.wav	Archetype SFX（大气深沉2 · 紧张气氛片头转场渲染无损音效素材包）/03 - Whooshes/Whooshes - Analog/AN 14 Fast Whoosh B.wav	
/volume1/主目录/Collection/素材&模板&音库/音效/02_中文音效合集/气氛音乐音效/Archetype SFX/03 - Whooshes/Whooshes - Analog/AN 17 Simple Whoosh.wav	Archetype SFX（大气深沉2 · 紧张气氛片头转场渲染无损音效素材包）/03 - Whooshes/Whooshes - Analog/AN 17 Simple Whoosh.wav	
/volume1/主目录/Collection/素材&模板&音库/音效/02_中文音效合集/气氛音乐音效/Archetype SFX/03 - Whooshes/Whooshes - Analog/AN 06 Neutral Whoosh.wav	Archetype SFX（大气深沉2 · 紧张气氛片头转场渲染无损音效素材包）/03 - Whooshes/Whooshes - Analog/AN 06 Neutral Whoosh.wav	
/volume1/主目录/Collection/素材&模板&音库/音效/02_中文音效合集/气氛音乐音效/Archetype SFX/03 - Whooshes/Whooshes - Analog/AN 10 Mother Ship D.wav	Archetype SFX（大气深沉2 · 紧张气氛片头转场渲染无损音效素材包）/03 - Whooshes/Whooshes - Analog/AN 10 Mother Ship D.wav	
/volume1/主目录/Collection/素材&模板&音库/音效/02_中文音效合集/气氛音乐音效/Archetype SFX/03 - Whooshes/Whooshes - Analog/AN 11 Flange Whoosh A.wav	Archetype SFX（大气深沉2 · 紧张气氛片头转场渲染无损音效素材包）/03 - Whooshes/Whooshes - Analog/AN 11 Flange Whoosh A.wav	
/volume1/主目录/Collection/素材&模板&音库/音效/02_中文音效合集/气氛音乐音效/Archetype SFX/03 - Whooshes/Whooshes - Analog/AN 07 Mother Ship A.wav	Archetype SFX（大气深沉2 · 紧张气氛片头转场渲染无损音效素材包）/03 - Whooshes/Whooshes - Analog/AN 07 Mother Ship A.wav	
/volume1/主目录/Collection/素材&模板&音库/音效/02_中文音效合集/气氛音乐音效/Archetype SFX/03 - Whooshes/Whooshes - Analog/AN 08 Mother Ship B.wav	Archetype SFX（大气深沉2 · 紧张气氛片头转场渲染无损音效素材包）/03 - Whooshes/Whooshes - Analog/AN 08 Mother Ship B.wav	
/volume1/主目录/Collection/素材&模板&音库/音效/02_中文音效合集/气氛音乐音效/Archetype SFX/03 - Whooshes/Whooshes - Analog/AN 03 Exhale Long.wav	Archetype SFX（大气深沉2 · 紧张气氛片头转场渲染无损音效素材包）/03 - Whooshes/Whooshes - Analog/AN 03 Exhale Long.wav	
/volume1/主目录/Collection/素材&模板&音库/音效/02_中文音效合集/气氛音乐音效/Archetype SFX/03 - Whooshes/Whooshes - Analog/AN 20 Whoosh Pulse.wav	Archetype SFX（大气深沉2 · 紧张气氛片头转场渲染无损音效素材包）/03 - Whooshes/Whooshes - Analog/AN 20 Whoosh Pulse.wav	
/volume1/主目录/Collection/素材&模板&音库/音效/02_中文音效合集/气氛音乐音效/Archetype SFX/03 - Whooshes/Whooshes - Analog/AN 15 Quick Whoosh A.wav	Archetype SFX（大气深沉2 · 紧张气氛片头转场渲染无损音效素材包）/03 - Whooshes/Whooshes - Analog/AN 15 Quick Whoosh A.wav	
/volume1/主目录/Collection/素材&模板&音库/音效/02_中文音效合集/气氛音乐音效/Archetype SFX/03 - Whooshes/Whooshes - Analog/AN 04 Exhale Short.wav	Archetype SFX（大气深沉2 · 紧张气氛片头转场渲染无损音效素材包）/03 - Whooshes/Whooshes - Analog/AN 04 Exhale Short.wav	
/volume1/主目录/Collection/素材&模板&音库/音效/02_中文音效合集/气氛音乐音效/Archetype SFX/03 - Whooshes/Whooshes - Analog/AN 12 Flange Whoosh B.wav	Archetype SFX（大气深沉2 · 紧张气氛片头转场渲染无损音效素材包）/03 - Whooshes/Whooshes - Analog/AN 12 Flange Whoosh B.wav	
/volume1/主目录/Collection/素材&模板&音库/音效/02_中文音效合集/气氛音乐音效/Archetype SFX/03 - Whooshes/Whooshes - Analog/AN 05 Drone Whoosh.wav	Archetype SFX（大气深沉2 · 紧张气氛片头转场渲染无损音效素材包）/03 - Whooshes/Whooshes - Analog/AN 05 Drone Whoosh.wav	
/volume1/主目录/Collection/素材&模板&音库/音效/02_中文音效合集/气氛音乐音效/Archetype SFX/03 - Whooshes/Whooshes - Analog/AN 02 Deep Whoosh B.wav	Archetype SFX（大气深沉2 · 紧张气氛片头转场渲染无损音效素材包）/03 - Whooshes/Whooshes - Analog/AN 02 Deep Whoosh B.wav	
/volume1/主目录/Collection/素材&模板&音库/音效/02_中文音效合集/气氛音乐音效/Archetype SFX/03 - Whooshes/Whooshes - Analog/AN 01 Deep Whoosh A.wav	Archetype SFX（大气深沉2 · 紧张气氛片头转场渲染无损音效素材包）/03 - Whooshes/Whooshes - Analog/AN 01 Deep Whoosh A.wav	
/volume1/主目录/Collection/素材&模板&音库/音效/02_中文音效合集/气氛音乐音效/Archetype SFX/03 - Whooshes/Whooshes - Analog/AN 13 Fast Whoosh A.wav	Archetype SFX（大气深沉2 · 紧张气氛片头转场渲染无损音效素材包）/03 - Whooshes/Whooshes - Analog/AN 13 Fast Whoosh A.wav	
/volume1/主目录/Collection/素材&模板&音库/音效/02_中文音效合集/气氛音乐音效/Archetype SFX/03 - Whooshes/Whooshes - Analog/AN 18 Low Whoosh A.wav	Archetype SFX（大气深沉2 · 紧张气氛片头转场渲染无损音效素材包）/03 - Whooshes/Whooshes - Analog/AN 18 Low Whoosh A.wav	
/volume1/主目录/Collection/素材&模板&音库/音效/02_中文音效合集/气氛音乐音效/Archetype SFX/03 - Whooshes/Whooshes - Analog/AN 09 Mother Ship C.wav	Archetype SFX（大气深沉2 · 紧张气氛片头转场渲染无损音效素材包）/03 - Whooshes/Whooshes - Analog/AN 09 Mother Ship C.wav	
/volume1/主目录/Collection/素材&模板&音库/音效/02_中文音效合集/气氛音乐音效/Archetype SFX/03 - Whooshes/Whooshes - Silk/SL 12 Flange Whoosh B.wav	Archetype SFX（大气深沉2 · 紧张气氛片头转场渲染无损音效素材包）/03 - Whooshes/Whooshes - Silk/SL 12 Flange Whoosh B.wav	
/volume1/主目录/Collection/素材&模板&音库/音效/02_中文音效合集/气氛音乐音效/Archetype SFX/03 - Whooshes/Whooshes - Silk/SL 11 Flange Whoosh A.wav	Archetype SFX（大气深沉2 · 紧张气氛片头转场渲染无损音效素材包）/03 - Whooshes/Whooshes - Silk/SL 11 Flange Whoosh A.wav	
/volume1/主目录/Collection/素材&模板&音库/音效/02_中文音效合集/气氛音乐音效/Archetype SFX/03 - Whooshes/Whooshes - Silk/SL 05 Drone Whoosh.wav	Archetype SFX（大气深沉2 · 紧张气氛片头转场渲染无损音效素材包）/03 - Whooshes/Whooshes - Silk/SL 05 Drone Whoosh.wav	
/volume1/主目录/Collection/素材&模板&音库/音效/02_中文音效合集/气氛音乐音效/Archetype SFX/03 - Whooshes/Whooshes - Silk/SL 08 Mother Ship B.wav	Archetype SFX（大气深沉2 · 紧张气氛片头转场渲染无损音效素材包）/03 - Whooshes/Whooshes - Silk/SL 08 Mother Ship B.wav	
/volume1/主目录/Collection/素材&模板&音库/音效/02_中文音效合集/气氛音乐音效/Archetype SFX/03 - Whooshes/Whooshes - Silk/SL 13 Fast Whoosh A.wav	Archetype SFX（大气深沉2 · 紧张气氛片头转场渲染无损音效素材包）/03 - Whooshes/Whooshes - Silk/SL 13 Fast Whoosh A.wav	
/volume1/主目录/Collection/素材&模板&音库/音效/02_中文音效合集/气氛音乐音效/Archetype SFX/03 - Whooshes/Whooshes - Silk/SL 04 Exhale Short.wav	Archetype SFX（大气深沉2 · 紧张气氛片头转场渲染无损音效素材包）/03 - Whooshes/Whooshes - Silk/SL 04 Exhale Short.wav	
/volume1/主目录/Collection/素材&模板&音库/音效/02_中文音效合集/气氛音乐音效/Archetype SFX/03 - Whooshes/Whooshes - Silk/SL 15 Quick Whoosh A.wav	Archetype SFX（大气深沉2 · 紧张气氛片头转场渲染无损音效素材包）/03 - Whooshes/Whooshes - Silk/SL 15 Quick Whoosh A.wav	
/volume1/主目录/Collection/素材&模板&音库/音效/02_中文音效合集/气氛音乐音效/Archetype SFX/03 - Whooshes/Whooshes - Silk/SL 18 Low Whoosh A.wav	Archetype SFX（大气深沉2 · 紧张气氛片头转场渲染无损音效素材包）/03 - Whooshes/Whooshes - Silk/SL 18 Low Whoosh A.wav	
/volume1/主目录/Collection/素材&模板&音库/音效/02_中文音效合集/气氛音乐音效/Archetype SFX/03 - Whooshes/Whooshes - Silk/SL 14 Fast Whoosh B.wav	Archetype SFX（大气深沉2 · 紧张气氛片头转场渲染无损音效素材包）/03 - Whooshes/Whooshes - Silk/SL 14 Fast Whoosh B.wav	
/volume1/主目录/Collection/素材&模板&音库/音效/02_中文音效合集/气氛音乐音效/Archetype SFX/03 - Whooshes/Whooshes - Silk/SL 06 Neutral Whoosh.wav	Archetype SFX（大气深沉2 · 紧张气氛片头转场渲染无损音效素材包）/03 - Whooshes/Whooshes - Silk/SL 06 Neutral Whoosh.wav	
/volume1/主目录/Collection/素材&模板&音库/音效/02_中文音效合集/气氛音乐音效/Archetype SFX/03 - Whooshes/Whooshes - Silk/SL 16 Quick Whoosh B.wav	Archetype SFX（大气深沉2 · 紧张气氛片头转场渲染无损音效素材包）/03 - Whooshes/Whooshes - Silk/SL 16 Quick Whoosh B.wav	
/volume1/主目录/Collection/素材&模板&音库/音效/02_中文音效合集/气氛音乐音效/Archetype SFX/03 - Whooshes/Whooshes - Silk/SL 10 Mother Ship D.wav	Archetype SFX（大气深沉2 · 紧张气氛片头转场渲染无损音效素材包）/03 - Whooshes/Whooshes - Silk/SL 10 Mother Ship D.wav	
/volume1/主目录/Collection/素材&模板&音库/音效/02_中文音效合集/气氛音乐音效/Archetype SFX/03 - Whooshes/Whooshes - Silk/SL 07 Mother Ship A.wav	Archetype SFX（大气深沉2 · 紧张气氛片头转场渲染无损音效素材包）/03 - Whooshes/Whooshes - Silk/SL 07 Mother Ship A.wav	
/volume1/主目录/Collection/素材&模板&音库/音效/02_中文音效合集/气氛音乐音效/Archetype SFX/03 - Whooshes/Whooshes - Silk/SL 09 Mother Ship C.wav	Archetype SFX（大气深沉2 · 紧张气氛片头转场渲染无损音效素材包）/03 - Whooshes/Whooshes - Silk/SL 09 Mother Ship C.wav	
/volume1/主目录/Collection/素材&模板&音库/音效/02_中文音效合集/气氛音乐音效/Archetype SFX/03 - Whooshes/Whooshes - Silk/SL 20 Whoosh Pulse.wav	Archetype SFX（大气深沉2 · 紧张气氛片头转场渲染无损音效素材包）/03 - Whooshes/Whooshes - Silk/SL 20 Whoosh Pulse.wav	
/volume1/主目录/Collection/素材&模板&音库/音效/02_中文音效合集/气氛音乐音效/Archetype SFX/03 - Whooshes/Whooshes - Silk/SL 17 Simple Whoosh.wav	Archetype SFX（大气深沉2 · 紧张气氛片头转场渲染无损音效素材包）/03 - Whooshes/Whooshes - Silk/SL 17 Simple Whoosh.wav	
/volume1/主目录/Collection/素材&模板&音库/音效/02_中文音效合集/气氛音乐音效/Archetype SFX/03 - Whooshes/Whooshes - Silk/SL 19 Low Whoosh B.wav 96000.pek	Archetype SFX（大气深沉2 · 紧张气氛片头转场渲染无损音效素材包）/03 - Whooshes/Whooshes - Silk/SL 19 Low Whoosh B.wav 96000.pek	
/volume1/主目录/Collection/素材&模板&音库/音效/02_中文音效合集/气氛音乐音效/Archetype SFX/03 - Whooshes/Whooshes - Silk/SL 03 Exhale Long.wav	Archetype SFX（大气深沉2 · 紧张气氛片头转场渲染无损音效素材包）/03 - Whooshes/Whooshes - Silk/SL 03 Exhale Long.wav	
/volume1/主目录/Collection/素材&模板&音库/音效/02_中文音效合集/气氛音乐音效/Archetype SFX/03 - Whooshes/Whooshes - Silk/SL 02 Deep Whoosh B.wav 96000.pek	Archetype SFX（大气深沉2 · 紧张气氛片头转场渲染无损音效素材包）/03 - Whooshes/Whooshes - Silk/SL 02 Deep Whoosh B.wav 96000.pek	
/volume1/主目录/Collection/素材&模板&音库/音效/02_中文音效合集/气氛音乐音效/Archetype SFX/03 - Whooshes/Whooshes - Silk/SL 02 Deep Whoosh B.wav	Archetype SFX（大气深沉2 · 紧张气氛片头转场渲染无损音效素材包）/03 - Whooshes/Whooshes - Silk/SL 02 Deep Whoosh B.wav	
/volume1/主目录/Collection/素材&模板&音库/音效/02_中文音效合集/气氛音乐音效/Archetype SFX/03 - Whooshes/Whooshes - Silk/SL 19 Low Whoosh B.wav	Archetype SFX（大气深沉2 · 紧张气氛片头转场渲染无损音效素材包）/03 - Whooshes/Whooshes - Silk/SL 19 Low Whoosh B.wav	
/volume1/主目录/Collection/素材&模板&音库/音效/02_中文音效合集/气氛音乐音效/Archetype SFX/03 - Whooshes/Whooshes - Distortion/DS 08 Mother Ship B.wav	Archetype SFX（大气深沉2 · 紧张气氛片头转场渲染无损音效素材包）/03 - Whooshes/Whooshes - Distortion/DS 08 Mother Ship B.wav	
/volume1/主目录/Collection/素材&模板&音库/音效/02_中文音效合集/气氛音乐音效/Archetype SFX/03 - Whooshes/Whooshes - Distortion/DS 09 Mother Ship C.wav	Archetype SFX（大气深沉2 · 紧张气氛片头转场渲染无损音效素材包）/03 - Whooshes/Whooshes - Distortion/DS 09 Mother Ship C.wav	
/volume1/主目录/Collection/素材&模板&音库/音效/02_中文音效合集/气氛音乐音效/Archetype SFX/03 - Whooshes/Whooshes - Distortion/DS 16 Quick Whoosh B.wav	Archetype SFX（大气深沉2 · 紧张气氛片头转场渲染无损音效素材包）/03 - Whooshes/Whooshes - Distortion/DS 16 Quick Whoosh B.wav	
/volume1/主目录/Collection/素材&模板&音库/音效/02_中文音效合集/气氛音乐音效/Archetype SFX/03 - Whooshes/Whooshes - Distortion/DS 13 Fast Whoosh A.wav	Archetype SFX（大气深沉2 · 紧张气氛片头转场渲染无损音效素材包）/03 - Whooshes/Whooshes - Distortion/DS 13 Fast Whoosh A.wav	
/volume1/主目录/Collection/素材&模板&音库/音效/02_中文音效合集/气氛音乐音效/Archetype SFX/03 - Whooshes/Whooshes - Distortion/DS 01 Deep Whoosh A.wav	Archetype SFX（大气深沉2 · 紧张气氛片头转场渲染无损音效素材包）/03 - Whooshes/Whooshes - Distortion/DS 01 Deep Whoosh A.wav	
/volume1/主目录/Collection/素材&模板&音库/音效/02_中文音效合集/气氛音乐音效/Archetype SFX/03 - Whooshes/Whooshes - Distortion/DS 20 Whoosh Pulse.wav	Archetype SFX（大气深沉2 · 紧张气氛片头转场渲染无损音效素材包）/03 - Whooshes/Whooshes - Distortion/DS 20 Whoosh Pulse.wav	
/volume1/主目录/Collection/素材&模板&音库/音效/02_中文音效合集/气氛音乐音效/Archetype SFX/03 - Whooshes/Whooshes - Distortion/DS 10 Mother Ship D.wav	Archetype SFX（大气深沉2 · 紧张气氛片头转场渲染无损音效素材包）/03 - Whooshes/Whooshes - Distortion/DS 10 Mother Ship D.wav	
/volume1/主目录/Collection/素材&模板&音库/音效/02_中文音效合集/气氛音乐音效/Archetype SFX/03 - Whooshes/Whooshes - Distortion/DS 12 Flange Whoosh B.wav	Archetype SFX（大气深沉2 · 紧张气氛片头转场渲染无损音效素材包）/03 - Whooshes/Whooshes - Distortion/DS 12 Flange Whoosh B.wav	
/volume1/主目录/Collection/素材&模板&音库/音效/02_中文音效合集/气氛音乐音效/Archetype SFX/03 - Whooshes/Whooshes - Distortion/DS 04 Exhale Short.wav	Archetype SFX（大气深沉2 · 紧张气氛片头转场渲染无损音效素材包）/03 - Whooshes/Whooshes - Distortion/DS 04 Exhale Short.wav	
/volume1/主目录/Collection/素材&模板&音库/音效/02_中文音效合集/气氛音乐音效/Archetype SFX/03 - Whooshes/Whooshes - Distortion/DS 14 Fast Whoosh B.wav	Archetype SFX（大气深沉2 · 紧张气氛片头转场渲染无损音效素材包）/03 - Whooshes/Whooshes - Distortion/DS 14 Fast Whoosh B.wav	
/volume1/主目录/Collection/素材&模板&音库/音效/02_中文音效合集/气氛音乐音效/Archetype SFX/03 - Whooshes/Whooshes - Distortion/DS 07 Mother Ship A.wav	Archetype SFX（大气深沉2 · 紧张气氛片头转场渲染无损音效素材包）/03 - Whooshes/Whooshes - Distortion/DS 07 Mother Ship A.wav	
/volume1/主目录/Collection/素材&模板&音库/音效/02_中文音效合集/气氛音乐音效/Archetype SFX/03 - Whooshes/Whooshes - Distortion/DS 02 Deep Whoosh B.wav	Archetype SFX（大气深沉2 · 紧张气氛片头转场渲染无损音效素材包）/03 - Whooshes/Whooshes - Distortion/DS 02 Deep Whoosh B.wav	
/volume1/主目录/Collection/素材&模板&音库/音效/02_中文音效合集/气氛音乐音效/Archetype SFX/03 - Whooshes/Whooshes - Distortion/DS 03 Exhale Long.wav	Archetype SFX（大气深沉2 · 紧张气氛片头转场渲染无损音效素材包）/03 - Whooshes/Whooshes - Distortion/DS 03 Exhale Long.wav	
/volume1/主目录/Collection/素材&模板&音库/音效/02_中文音效合集/气氛音乐音效/Archetype SFX/03 - Whooshes/Whooshes - Distortion/DS 06 Neutral Whoosh.wav	Archetype SFX（大气深沉2 · 紧张气氛片头转场渲染无损音效素材包）/03 - Whooshes/Whooshes - Distortion/DS 06 Neutral Whoosh.wav	
/volume1/主目录/Collection/素材&模板&音库/音效/02_中文音效合集/气氛音乐音效/Archetype SFX/03 - Whooshes/Whooshes - Distortion/DS 19 Low Whoosh B.wav	Archetype SFX（大气深沉2 · 紧张气氛片头转场渲染无损音效素材包）/03 - Whooshes/Whooshes - Distortion/DS 19 Low Whoosh B.wav	
/volume1/主目录/Collection/素材&模板&音库/音效/02_中文音效合集/气氛音乐音效/Archetype SFX/03 - Whooshes/Whooshes - Distortion/DS 11 Flange Whoosh A.wav	Archetype SFX（大气深沉2 · 紧张气氛片头转场渲染无损音效素材包）/03 - Whooshes/Whooshes - Distortion/DS 11 Flange Whoosh A.wav	
/volume1/主目录/Collection/素材&模板&音库/音效/02_中文音效合集/气氛音乐音效/Archetype SFX/03 - Whooshes/Whooshes - Distortion/DS 15 Quick Whoosh A.wav	Archetype SFX（大气深沉2 · 紧张气氛片头转场渲染无损音效素材包）/03 - Whooshes/Whooshes - Distortion/DS 15 Quick Whoosh A.wav	
/volume1/主目录/Collection/素材&模板&音库/音效/02_中文音效合集/气氛音乐音效/Archetype SFX/03 - Whooshes/Whooshes - Distortion/DS 18 Low Whoosh A.wav	Archetype SFX（大气深沉2 · 紧张气氛片头转场渲染无损音效素材包）/03 - Whooshes/Whooshes - Distortion/DS 18 Low Whoosh A.wav	
/volume1/主目录/Collection/素材&模板&音库/音效/02_中文音效合集/气氛音乐音效/Archetype SFX/03 - Whooshes/Whooshes - Distortion/DS 17 Simple Whoosh.wav	Archetype SFX（大气深沉2 · 紧张气氛片头转场渲染无损音效素材包）/03 - Whooshes/Whooshes - Distortion/DS 17 Simple Whoosh.wav	
/volume1/主目录/Collection/素材&模板&音库/音效/02_中文音效合集/气氛音乐音效/Archetype SFX/01 - Risers/Risers - Space/SP 13 Surfacing.wav	Archetype SFX（大气深沉2 · 紧张气氛片头转场渲染无损音效素材包）/01 - Risers/Risers - Space/SP 13 Surfacing.wav	
/volume1/主目录/Collection/素材&模板&音库/音效/02_中文音效合集/气氛音乐音效/Archetype SFX/01 - Risers/Risers - Space/SP 22 Neutral Riser.wav	Archetype SFX（大气深沉2 · 紧张气氛片头转场渲染无损音效素材包）/01 - Risers/Risers - Space/SP 22 Neutral Riser.wav	
/volume1/主目录/Collection/素材&模板&音库/音效/02_中文音效合集/气氛音乐音效/Archetype SFX/01 - Risers/Risers - Space/SP 20 Ear Grenade.wav	Archetype SFX（大气深沉2 · 紧张气氛片头转场渲染无损音效素材包）/01 - Risers/Risers - Space/SP 20 Ear Grenade.wav	
/volume1/主目录/Collection/素材&模板&音库/音效/02_中文音效合集/气氛音乐音效/Archetype SFX/01 - Risers/Risers - Space/SP 11 Precious Metal.wav	Archetype SFX（大气深沉2 · 紧张气氛片头转场渲染无损音效素材包）/01 - Risers/Risers - Space/SP 11 Precious Metal.wav	
/volume1/主目录/Collection/素材&模板&音库/音效/02_中文音效合集/气氛音乐音效/Archetype SFX/01 - Risers/Risers - Space/SP 01 Dark Riser A.wav	Archetype SFX（大气深沉2 · 紧张气氛片头转场渲染无损音效素材包）/01 - Risers/Risers - Space/SP 01 Dark Riser A.wav	
/volume1/主目录/Collection/素材&模板&音库/音效/02_中文音效合集/气氛音乐音效/Archetype SFX/01 - Risers/Risers - Space/SP 19 Year 1985.wav	Archetype SFX（大气深沉2 · 紧张气氛片头转场渲染无损音效素材包）/01 - Risers/Risers - Space/SP 19 Year 1985.wav	
/volume1/主目录/Collection/素材&模板&音库/音效/02_中文音效合集/气氛音乐音效/Archetype SFX/01 - Risers/Risers - Space/SP 05 Dramatic Riser.wav	Archetype SFX（大气深沉2 · 紧张气氛片头转场渲染无损音效素材包）/01 - Risers/Risers - Space/SP 05 Dramatic Riser.wav	
/volume1/主目录/Collection/素材&模板&音库/音效/02_中文音效合集/气氛音乐音效/Archetype SFX/01 - Risers/Risers - Space/SP 10 Deep Character.wav	Archetype SFX（大气深沉2 · 紧张气氛片头转场渲染无损音效素材包）/01 - Risers/Risers - Space/SP 10 Deep Character.wav	
/volume1/主目录/Collection/素材&模板&音库/音效/02_中文音效合集/气氛音乐音效/Archetype SFX/01 - Risers/Risers - Space/SP 03 Escalate.wav	Archetype SFX（大气深沉2 · 紧张气氛片头转场渲染无损音效素材包）/01 - Risers/Risers - Space/SP 03 Escalate.wav	
/volume1/主目录/Collection/素材&模板&音库/音效/02_中文音效合集/气氛音乐音效/Archetype SFX/01 - Risers/Risers - Space/SP 16 Behind You.wav	Archetype SFX（大气深沉2 · 紧张气氛片头转场渲染无损音效素材包）/01 - Risers/Risers - Space/SP 16 Behind You.wav	
/volume1/主目录/Collection/素材&模板&音库/音效/02_中文音效合集/气氛音乐音效/Archetype SFX/01 - Risers/Risers - Space/SP 02 Dark Riser B.wav	Archetype SFX（大气深沉2 · 紧张气氛片头转场渲染无损音效素材包）/01 - Risers/Risers - Space/SP 02 Dark Riser B.wav	
/volume1/主目录/Collection/素材&模板&音库/音效/02_中文音效合集/气氛音乐音效/Archetype SFX/01 - Risers/Risers - Space/SP 21 Blood Pressure.wav	Archetype SFX（大气深沉2 · 紧张气氛片头转场渲染无损音效素材包）/01 - Risers/Risers - Space/SP 21 Blood Pressure.wav	
/volume1/主目录/Collection/素材&模板&音库/音效/02_中文音效合集/气氛音乐音效/Archetype SFX/01 - Risers/Risers - Space/SP 14 Close Your Eyes.wav	Archetype SFX（大气深沉2 · 紧张气氛片头转场渲染无损音效素材包）/01 - Risers/Risers - Space/SP 14 Close Your Eyes.wav	
/volume1/主目录/Collection/素材&模板&音库/音效/02_中文音效合集/气氛音乐音效/Archetype SFX/01 - Risers/Risers - Space/SP 23 Mechanical Riser.wav	Archetype SFX（大气深沉2 · 紧张气氛片头转场渲染无损音效素材包）/01 - Risers/Risers - Space/SP 23 Mechanical Riser.wav	
/volume1/主目录/Collection/素材&模板&音库/音效/02_中文音效合集/气氛音乐音效/Archetype SFX/01 - Risers/Risers - Space/SP 06 Memories.wav	Archetype SFX（大气深沉2 · 紧张气氛片头转场渲染无损音效素材包）/01 - Risers/Risers - Space/SP 06 Memories.wav	
/volume1/主目录/Collection/素材&模板&音库/音效/02_中文音效合集/气氛音乐音效/Archetype SFX/01 - Risers/Risers - Space/SP 17 Surfacing Pulse.wav	Archetype SFX（大气深沉2 · 紧张气氛片头转场渲染无损音效素材包）/01 - Risers/Risers - Space/SP 17 Surfacing Pulse.wav	
/volume1/主目录/Collection/素材&模板&音库/音效/02_中文音效合集/气氛音乐音效/Archetype SFX/01 - Risers/Risers - Space/SP 12 Waking Up.wav	Archetype SFX（大气深沉2 · 紧张气氛片头转场渲染无损音效素材包）/01 - Risers/Risers - Space/SP 12 Waking Up.wav	
/volume1/主目录/Collection/素材&模板&音库/音效/02_中文音效合集/气氛音乐音效/Archetype SFX/01 - Risers/Risers - Space/SP 09 Simple Riser.wav	Archetype SFX（大气深沉2 · 紧张气氛片头转场渲染无损音效素材包）/01 - Risers/Risers - Space/SP 09 Simple Riser.wav	
/volume1/主目录/Collection/素材&模板&音库/音效/02_中文音效合集/气氛音乐音效/Archetype SFX/01 - Risers/Risers - Space/SP 18 Year 1984.wav	Archetype SFX（大气深沉2 · 紧张气氛片头转场渲染无损音效素材包）/01 - Risers/Risers - Space/SP 18 Year 1984.wav	
/volume1/主目录/Collection/素材&模板&音库/音效/02_中文音效合集/气氛音乐音效/Archetype SFX/01 - Risers/Risers - Space/SP 15 Dark Riser Delay.wav	Archetype SFX（大气深沉2 · 紧张气氛片头转场渲染无损音效素材包）/01 - Risers/Risers - Space/SP 15 Dark Riser Delay.wav	
/volume1/主目录/Collection/素材&模板&音库/音效/02_中文音效合集/气氛音乐音效/Archetype SFX/01 - Risers/Risers - Space/SP 08 Ancient Riser.wav	Archetype SFX（大气深沉2 · 紧张气氛片头转场渲染无损音效素材包）/01 - Risers/Risers - Space/SP 08 Ancient Riser.wav	
/volume1/主目录/Collection/素材&模板&音库/音效/02_中文音效合集/气氛音乐音效/Archetype SFX/01 - Risers/Risers - Space/SP 04 Deep Riser.wav	Archetype SFX（大气深沉2 · 紧张气氛片头转场渲染无损音效素材包）/01 - Risers/Risers - Space/SP 04 Deep Riser.wav	
/volume1/主目录/Collection/素材&模板&音库/音效/02_中文音效合集/气氛音乐音效/Archetype SFX/01 - Risers/Risers - Distortion/DS 15 Dark Riser Delay.wav	Archetype SFX（大气深沉2 · 紧张气氛片头转场渲染无损音效素材包）/01 - Risers/Risers - Distortion/DS 15 Dark Riser Delay.wav	
/volume1/主目录/Collection/素材&模板&音库/音效/02_中文音效合集/气氛音乐音效/Archetype SFX/01 - Risers/Risers - Distortion/DS 17 Surfacing Pulse.wav	Archetype SFX（大气深沉2 · 紧张气氛片头转场渲染无损音效素材包）/01 - Risers/Risers - Distortion/DS 17 Surfacing Pulse.wav	
/volume1/主目录/Collection/素材&模板&音库/音效/02_中文音效合集/气氛音乐音效/Archetype SFX/01 - Risers/Risers - Distortion/DS 08 Ancient Riser.wav	Archetype SFX（大气深沉2 · 紧张气氛片头转场渲染无损音效素材包）/01 - Risers/Risers - Distortion/DS 08 Ancient Riser.wav	
/volume1/主目录/Collection/素材&模板&音库/音效/02_中文音效合集/气氛音乐音效/Archetype SFX/01 - Risers/Risers - Distortion/DS 07 Dark Build and Drop.wav	Archetype SFX（大气深沉2 · 紧张气氛片头转场渲染无损音效素材包）/01 - Risers/Risers - Distortion/DS 07 Dark Build and Drop.wav	
/volume1/主目录/Collection/素材&模板&音库/音效/02_中文音效合集/气氛音乐音效/Archetype SFX/01 - Risers/Risers - Distortion/DS 05 Dramatic Riser.wav	Archetype SFX（大气深沉2 · 紧张气氛片头转场渲染无损音效素材包）/01 - Risers/Risers - Distortion/DS 05 Dramatic Riser.wav	
/volume1/主目录/Collection/素材&模板&音库/音效/02_中文音效合集/气氛音乐音效/Archetype SFX/01 - Risers/Risers - Distortion/DS 19 Year 1985.wav	Archetype SFX（大气深沉2 · 紧张气氛片头转场渲染无损音效素材包）/01 - Risers/Risers - Distortion/DS 19 Year 1985.wav	
/volume1/主目录/Collection/素材&模板&音库/音效/02_中文音效合集/气氛音乐音效/Archetype SFX/01 - Risers/Risers - Distortion/DS 23 Mechanical Riser.wav	Archetype SFX（大气深沉2 · 紧张气氛片头转场渲染无损音效素材包）/01 - Risers/Risers - Distortion/DS 23 Mechanical Riser.wav	
/volume1/主目录/Collection/素材&模板&音库/音效/02_中文音效合集/气氛音乐音效/Archetype SFX/01 - Risers/Risers - Distortion/DS 21 Blood Pressure.wav	Archetype SFX（大气深沉2 · 紧张气氛片头转场渲染无损音效素材包）/01 - Risers/Risers - Distortion/DS 21 Blood Pressure.wav	
/volume1/主目录/Collection/素材&模板&音库/音效/02_中文音效合集/气氛音乐音效/Archetype SFX/01 - Risers/Risers - Distortion/DS 22 Neutral Riser.wav	Archetype SFX（大气深沉2 · 紧张气氛片头转场渲染无损音效素材包）/01 - Risers/Risers - Distortion/DS 22 Neutral Riser.wav	
/volume1/主目录/Collection/素材&模板&音库/音效/02_中文音效合集/气氛音乐音效/Archetype SFX/01 - Risers/Risers - Distortion/DS 06 Memories.wav	Archetype SFX（大气深沉2 · 紧张气氛片头转场渲染无损音效素材包）/01 - Risers/Risers - Distortion/DS 06 Memories.wav	
/volume1/主目录/Collection/素材&模板&音库/音效/02_中文音效合集/气氛音乐音效/Archetype SFX/01 - Risers/Risers - Distortion/DS 03 Escalate.wav	Archetype SFX（大气深沉2 · 紧张气氛片头转场渲染无损音效素材包）/01 - Risers/Risers - Distortion/DS 03 Escalate.wav	
/volume1/主目录/Collection/素材&模板&音库/音效/02_中文音效合集/气氛音乐音效/Archetype SFX/01 - Risers/Risers - Distortion/DS 14 Close Your Eyes.wav	Archetype SFX（大气深沉2 · 紧张气氛片头转场渲染无损音效素材包）/01 - Risers/Risers - Distortion/DS 14 Close Your Eyes.wav	
/volume1/主目录/Collection/素材&模板&音库/音效/02_中文音效合集/气氛音乐音效/Archetype SFX/01 - Risers/Risers - Distortion/DS 01 Dark Riser A.wav	Archetype SFX（大气深沉2 · 紧张气氛片头转场渲染无损音效素材包）/01 - Risers/Risers - Distortion/DS 01 Dark Riser A.wav	
/volume1/主目录/Collection/素材&模板&音库/音效/02_中文音效合集/气氛音乐音效/Archetype SFX/01 - Risers/Risers - Distortion/DS 04 Deep Riser.wav	Archetype SFX（大气深沉2 · 紧张气氛片头转场渲染无损音效素材包）/01 - Risers/Risers - Distortion/DS 04 Deep Riser.wav	
/volume1/主目录/Collection/素材&模板&音库/音效/02_中文音效合集/气氛音乐音效/Archetype SFX/01 - Risers/Risers - Distortion/DS 09 Simple Riser.wav	Archetype SFX（大气深沉2 · 紧张气氛片头转场渲染无损音效素材包）/01 - Risers/Risers - Distortion/DS 09 Simple Riser.wav	
/volume1/主目录/Collection/素材&模板&音库/音效/02_中文音效合集/气氛音乐音效/Archetype SFX/01 - Risers/Risers - Distortion/DS 02 Dark Riser B.wav	Archetype SFX（大气深沉2 · 紧张气氛片头转场渲染无损音效素材包）/01 - Risers/Risers - Distortion/DS 02 Dark Riser B.wav	
/volume1/主目录/Collection/素材&模板&音库/音效/02_中文音效合集/气氛音乐音效/Archetype SFX/01 - Risers/Risers - Distortion/DS 18 Year 1984.wav	Archetype SFX（大气深沉2 · 紧张气氛片头转场渲染无损音效素材包）/01 - Risers/Risers - Distortion/DS 18 Year 1984.wav	
/volume1/主目录/Collection/素材&模板&音库/音效/02_中文音效合集/气氛音乐音效/Archetype SFX/01 - Risers/Risers - Distortion/DS 10 Deep Character.wav	Archetype SFX（大气深沉2 · 紧张气氛片头转场渲染无损音效素材包）/01 - Risers/Risers - Distortion/DS 10 Deep Character.wav	
/volume1/主目录/Collection/素材&模板&音库/音效/02_中文音效合集/气氛音乐音效/Archetype SFX/01 - Risers/Risers - Distortion/DS 16 Behind You.wav	Archetype SFX（大气深沉2 · 紧张气氛片头转场渲染无损音效素材包）/01 - Risers/Risers - Distortion/DS 16 Behind You.wav	
/volume1/主目录/Collection/素材&模板&音库/音效/02_中文音效合集/气氛音乐音效/Archetype SFX/01 - Risers/Risers - Distortion/DS 11 Precious Metal.wav	Archetype SFX（大气深沉2 · 紧张气氛片头转场渲染无损音效素材包）/01 - Risers/Risers - Distortion/DS 11 Precious Metal.wav	
/volume1/主目录/Collection/素材&模板&音库/音效/02_中文音效合集/气氛音乐音效/Archetype SFX/01 - Risers/Risers - Distortion/DS 13 Surfacing.wav	Archetype SFX（大气深沉2 · 紧张气氛片头转场渲染无损音效素材包）/01 - Risers/Risers - Distortion/DS 13 Surfacing.wav	
/volume1/主目录/Collection/素材&模板&音库/音效/02_中文音效合集/气氛音乐音效/Archetype SFX/01 - Risers/Risers - Distortion/DS 20 Ear Grenade.wav	Archetype SFX（大气深沉2 · 紧张气氛片头转场渲染无损音效素材包）/01 - Risers/Risers - Distortion/DS 20 Ear Grenade.wav	
/volume1/主目录/Collection/素材&模板&音库/音效/02_中文音效合集/气氛音乐音效/Archetype SFX/01 - Risers/Risers - Distortion/DS 12 Waking Up.wav	Archetype SFX（大气深沉2 · 紧张气氛片头转场渲染无损音效素材包）/01 - Risers/Risers - Distortion/DS 12 Waking Up.wav	
/volume1/主目录/Collection/素材&模板&音库/音效/02_中文音效合集/气氛音乐音效/Archetype SFX/01 - Risers/Risers - Silk/SL 22 Neutral Riser.wav	Archetype SFX（大气深沉2 · 紧张气氛片头转场渲染无损音效素材包）/01 - Risers/Risers - Silk/SL 22 Neutral Riser.wav	
/volume1/主目录/Collection/素材&模板&音库/音效/02_中文音效合集/气氛音乐音效/Archetype SFX/01 - Risers/Risers - Silk/SL 09 Simple Riser.wav	Archetype SFX（大气深沉2 · 紧张气氛片头转场渲染无损音效素材包）/01 - Risers/Risers - Silk/SL 09 Simple Riser.wav	
/volume1/主目录/Collection/素材&模板&音库/音效/02_中文音效合集/气氛音乐音效/Archetype SFX/01 - Risers/Risers - Silk/SL 16 Behind You.wav	Archetype SFX（大气深沉2 · 紧张气氛片头转场渲染无损音效素材包）/01 - Risers/Risers - Silk/SL 16 Behind You.wav	
/volume1/主目录/Collection/素材&模板&音库/音效/02_中文音效合集/气氛音乐音效/Archetype SFX/01 - Risers/Risers - Silk/SL 10 Deep Character.wav	Archetype SFX（大气深沉2 · 紧张气氛片头转场渲染无损音效素材包）/01 - Risers/Risers - Silk/SL 10 Deep Character.wav	
/volume1/主目录/Collection/素材&模板&音库/音效/02_中文音效合集/气氛音乐音效/Archetype SFX/01 - Risers/Risers - Silk/SL 08 Ancient Riser.wav	Archetype SFX（大气深沉2 · 紧张气氛片头转场渲染无损音效素材包）/01 - Risers/Risers - Silk/SL 08 Ancient Riser.wav	
/volume1/主目录/Collection/素材&模板&音库/音效/02_中文音效合集/气氛音乐音效/Archetype SFX/01 - Risers/Risers - Silk/SL 02 Dark Riser B.wav	Archetype SFX（大气深沉2 · 紧张气氛片头转场渲染无损音效素材包）/01 - Risers/Risers - Silk/SL 02 Dark Riser B.wav	
/volume1/主目录/Collection/素材&模板&音库/音效/02_中文音效合集/气氛音乐音效/Archetype SFX/01 - Risers/Risers - Silk/SL 01 Dark Riser A.wav	Archetype SFX（大气深沉2 · 紧张气氛片头转场渲染无损音效素材包）/01 - Risers/Risers - Silk/SL 01 Dark Riser A.wav	
/volume1/主目录/Collection/素材&模板&音库/音效/02_中文音效合集/气氛音乐音效/Archetype SFX/01 - Risers/Risers - Silk/SL 17 Surfacing Pulse.wav	Archetype SFX（大气深沉2 · 紧张气氛片头转场渲染无损音效素材包）/01 - Risers/Risers - Silk/SL 17 Surfacing Pulse.wav	
/volume1/主目录/Collection/素材&模板&音库/音效/02_中文音效合集/气氛音乐音效/Archetype SFX/01 - Risers/Risers - Silk/SL 19 Year 1985.wav	Archetype SFX（大气深沉2 · 紧张气氛片头转场渲染无损音效素材包）/01 - Risers/Risers - Silk/SL 19 Year 1985.wav	
/volume1/主目录/Collection/素材&模板&音库/音效/02_中文音效合集/气氛音乐音效/Archetype SFX/01 - Risers/Risers - Silk/SL 06 Memories.wav	Archetype SFX（大气深沉2 · 紧张气氛片头转场渲染无损音效素材包）/01 - Risers/Risers - Silk/SL 06 Memories.wav	
/volume1/主目录/Collection/素材&模板&音库/音效/02_中文音效合集/气氛音乐音效/Archetype SFX/01 - Risers/Risers - Silk/SL 15 Dark Riser Delay.wav	Archetype SFX（大气深沉2 · 紧张气氛片头转场渲染无损音效素材包）/01 - Risers/Risers - Silk/SL 15 Dark Riser Delay.wav	
/volume1/主目录/Collection/素材&模板&音库/音效/02_中文音效合集/气氛音乐音效/Archetype SFX/01 - Risers/Risers - Silk/SL 05 Dramatic Riser.wav	Archetype SFX（大气深沉2 · 紧张气氛片头转场渲染无损音效素材包）/01 - Risers/Risers - Silk/SL 05 Dramatic Riser.wav	
/volume1/主目录/Collection/素材&模板&音库/音效/02_中文音效合集/气氛音乐音效/Archetype SFX/01 - Risers/Risers - Silk/SL 03 Escalate.wav	Archetype SFX（大气深沉2 · 紧张气氛片头转场渲染无损音效素材包）/01 - Risers/Risers - Silk/SL 03 Escalate.wav	
/volume1/主目录/Collection/素材&模板&音库/音效/02_中文音效合集/气氛音乐音效/Archetype SFX/01 - Risers/Risers - Silk/SL 07 Dark Build and Drop.wav	Archetype SFX（大气深沉2 · 紧张气氛片头转场渲染无损音效素材包）/01 - Risers/Risers - Silk/SL 07 Dark Build and Drop.wav	
/volume1/主目录/Collection/素材&模板&音库/音效/02_中文音效合集/气氛音乐音效/Archetype SFX/01 - Risers/Risers - Silk/SL 12 Waking Up.wav	Archetype SFX（大气深沉2 · 紧张气氛片头转场渲染无损音效素材包）/01 - Risers/Risers - Silk/SL 12 Waking Up.wav	
/volume1/主目录/Collection/素材&模板&音库/音效/02_中文音效合集/气氛音乐音效/Archetype SFX/01 - Risers/Risers - Silk/SL 13 Surfacing.wav	Archetype SFX（大气深沉2 · 紧张气氛片头转场渲染无损音效素材包）/01 - Risers/Risers - Silk/SL 13 Surfacing.wav	
/volume1/主目录/Collection/素材&模板&音库/音效/02_中文音效合集/气氛音乐音效/Archetype SFX/01 - Risers/Risers - Silk/SL 23 Mechanical Riser.wav	Archetype SFX（大气深沉2 · 紧张气氛片头转场渲染无损音效素材包）/01 - Risers/Risers - Silk/SL 23 Mechanical Riser.wav	
/volume1/主目录/Collection/素材&模板&音库/音效/02_中文音效合集/气氛音乐音效/Archetype SFX/01 - Risers/Risers - Silk/SL 14 Close Your Eyes.wav	Archetype SFX（大气深沉2 · 紧张气氛片头转场渲染无损音效素材包）/01 - Risers/Risers - Silk/SL 14 Close Your Eyes.wav	
/volume1/主目录/Collection/素材&模板&音库/音效/02_中文音效合集/气氛音乐音效/Archetype SFX/01 - Risers/Risers - Silk/SL 18 Year 1984.wav	Archetype SFX（大气深沉2 · 紧张气氛片头转场渲染无损音效素材包）/01 - Risers/Risers - Silk/SL 18 Year 1984.wav	
/volume1/主目录/Collection/素材&模板&音库/音效/02_中文音效合集/气氛音乐音效/Archetype SFX/01 - Risers/Risers - Silk/SL 20 Ear Grenade.wav	Archetype SFX（大气深沉2 · 紧张气氛片头转场渲染无损音效素材包）/01 - Risers/Risers - Silk/SL 20 Ear Grenade.wav	
/volume1/主目录/Collection/素材&模板&音库/音效/02_中文音效合集/气氛音乐音效/Archetype SFX/01 - Risers/Risers - Silk/SL 11 Precious Metal.wav	Archetype SFX（大气深沉2 · 紧张气氛片头转场渲染无损音效素材包）/01 - Risers/Risers - Silk/SL 11 Precious Metal.wav	
/volume1/主目录/Collection/素材&模板&音库/音效/02_中文音效合集/气氛音乐音效/Archetype SFX/01 - Risers/Risers - Analog/AN 23 Mechanical Riser.wav	Archetype SFX（大气深沉2 · 紧张气氛片头转场渲染无损音效素材包）/01 - Risers/Risers - Analog/AN 23 Mechanical Riser.wav	
/volume1/主目录/Collection/素材&模板&音库/音效/02_中文音效合集/气氛音乐音效/Archetype SFX/01 - Risers/Risers - Analog/AN 11 Precious Metal.wav	Archetype SFX（大气深沉2 · 紧张气氛片头转场渲染无损音效素材包）/01 - Risers/Risers - Analog/AN 11 Precious Metal.wav	
/volume1/主目录/Collection/素材&模板&音库/音效/02_中文音效合集/气氛音乐音效/Archetype SFX/01 - Risers/Risers - Analog/AN 18 Year 1984.wav	Archetype SFX（大气深沉2 · 紧张气氛片头转场渲染无损音效素材包）/01 - Risers/Risers - Analog/AN 18 Year 1984.wav	
/volume1/主目录/Collection/素材&模板&音库/音效/02_中文音效合集/气氛音乐音效/Archetype SFX/01 - Risers/Risers - Analog/AN 16 Behind You.wav	Archetype SFX（大气深沉2 · 紧张气氛片头转场渲染无损音效素材包）/01 - Risers/Risers - Analog/AN 16 Behind You.wav	
/volume1/主目录/Collection/素材&模板&音库/音效/02_中文音效合集/气氛音乐音效/Archetype SFX/01 - Risers/Risers - Analog/AN 12 Waking Up.wav	Archetype SFX（大气深沉2 · 紧张气氛片头转场渲染无损音效素材包）/01 - Risers/Risers - Analog/AN 12 Waking Up.wav	
/volume1/主目录/Collection/素材&模板&音库/音效/02_中文音效合集/气氛音乐音效/Archetype SFX/01 - Risers/Risers - Analog/AN 19 Year 1985.wav	Archetype SFX（大气深沉2 · 紧张气氛片头转场渲染无损音效素材包）/01 - Risers/Risers - Analog/AN 19 Year 1985.wav	
/volume1/主目录/Collection/素材&模板&音库/音效/02_中文音效合集/气氛音乐音效/Archetype SFX/01 - Risers/Risers - Analog/AN 01 Dark Riser A.wav	Archetype SFX（大气深沉2 · 紧张气氛片头转场渲染无损音效素材包）/01 - Risers/Risers - Analog/AN 01 Dark Riser A.wav	
/volume1/主目录/Collection/素材&模板&音库/音效/02_中文音效合集/气氛音乐音效/Archetype SFX/01 - Risers/Risers - Analog/AN 10 Deep Character.wav	Archetype SFX（大气深沉2 · 紧张气氛片头转场渲染无损音效素材包）/01 - Risers/Risers - Analog/AN 10 Deep Character.wav	
/volume1/主目录/Collection/素材&模板&音库/音效/02_中文音效合集/气氛音乐音效/Archetype SFX/01 - Risers/Risers - Analog/AN 20 Ear Grenade.wav	Archetype SFX（大气深沉2 · 紧张气氛片头转场渲染无损音效素材包）/01 - Risers/Risers - Analog/AN 20 Ear Grenade.wav	
/volume1/主目录/Collection/素材&模板&音库/音效/02_中文音效合集/气氛音乐音效/Archetype SFX/01 - Risers/Risers - Analog/AN 21 Blood Pressure.wav	Archetype SFX（大气深沉2 · 紧张气氛片头转场渲染无损音效素材包）/01 - Risers/Risers - Analog/AN 21 Blood Pressure.wav	
/volume1/主目录/Collection/素材&模板&音库/音效/02_中文音效合集/气氛音乐音效/Archetype SFX/01 - Risers/Risers - Analog/AN 04 Deep Riser.wav	Archetype SFX（大气深沉2 · 紧张气氛片头转场渲染无损音效素材包）/01 - Risers/Risers - Analog/AN 04 Deep Riser.wav	
/volume1/主目录/Collection/素材&模板&音库/音效/02_中文音效合集/气氛音乐音效/Archetype SFX/01 - Risers/Risers - Analog/AN 13 Surfacing.wav	Archetype SFX（大气深沉2 · 紧张气氛片头转场渲染无损音效素材包）/01 - Risers/Risers - Analog/AN 13 Surfacing.wav	
/volume1/主目录/Collection/素材&模板&音库/音效/02_中文音效合集/气氛音乐音效/Archetype SFX/01 - Risers/Risers - Analog/AN 03 Escalate.wav	Archetype SFX（大气深沉2 · 紧张气氛片头转场渲染无损音效素材包）/01 - Risers/Risers - Analog/AN 03 Escalate.wav	
/volume1/主目录/Collection/素材&模板&音库/音效/02_中文音效合集/气氛音乐音效/Archetype SFX/01 - Risers/Risers - Analog/AN 15 Dark Riser Delay.wav	Archetype SFX（大气深沉2 · 紧张气氛片头转场渲染无损音效素材包）/01 - Risers/Risers - Analog/AN 15 Dark Riser Delay.wav	
/volume1/主目录/Collection/素材&模板&音库/音效/02_中文音效合集/气氛音乐音效/Archetype SFX/01 - Risers/Risers - Analog/AN 14 Close Your Eyes.wav	Archetype SFX（大气深沉2 · 紧张气氛片头转场渲染无损音效素材包）/01 - Risers/Risers - Analog/AN 14 Close Your Eyes.wav	
/volume1/主目录/Collection/素材&模板&音库/音效/02_中文音效合集/气氛音乐音效/Archetype SFX/01 - Risers/Risers - Analog/AN 17 Surfacing Pulse.wav	Archetype SFX（大气深沉2 · 紧张气氛片头转场渲染无损音效素材包）/01 - Risers/Risers - Analog/AN 17 Surfacing Pulse.wav	
/volume1/主目录/Collection/素材&模板&音库/音效/02_中文音效合集/气氛音乐音效/Archetype SFX/01 - Risers/Risers - Analog/AN 05 Dramatic Riser.wav	Archetype SFX（大气深沉2 · 紧张气氛片头转场渲染无损音效素材包）/01 - Risers/Risers - Analog/AN 05 Dramatic Riser.wav	
/volume1/主目录/Collection/素材&模板&音库/音效/02_中文音效合集/气氛音乐音效/Archetype SFX/01 - Risers/Risers - Analog/AN 02 Dark Riser B.wav	Archetype SFX（大气深沉2 · 紧张气氛片头转场渲染无损音效素材包）/01 - Risers/Risers - Analog/AN 02 Dark Riser B.wav	
/volume1/主目录/Collection/素材&模板&音库/音效/02_中文音效合集/气氛音乐音效/Archetype SFX/01 - Risers/Risers - Analog/AN 06 Memories.wav	Archetype SFX（大气深沉2 · 紧张气氛片头转场渲染无损音效素材包）/01 - Risers/Risers - Analog/AN 06 Memories.wav	
/volume1/主目录/Collection/素材&模板&音库/音效/02_中文音效合集/气氛音乐音效/Archetype SFX/01 - Risers/Risers - Analog/AN 08 Ancient Riser.wav	Archetype SFX（大气深沉2 · 紧张气氛片头转场渲染无损音效素材包）/01 - Risers/Risers - Analog/AN 08 Ancient Riser.wav	
/volume1/主目录/Collection/素材&模板&音库/音效/02_中文音效合集/气氛音乐音效/Archetype SFX/01 - Risers/Risers/06 Memories.wav	Archetype SFX（大气深沉2 · 紧张气氛片头转场渲染无损音效素材包）/01 - Risers/Risers/06 Memories.wav	
/volume1/主目录/Collection/素材&模板&音库/音效/02_中文音效合集/气氛音乐音效/Archetype SFX/01 - Risers/Risers/07 Dark Build and Drop.wav 96000.pek	Archetype SFX（大气深沉2 · 紧张气氛片头转场渲染无损音效素材包）/01 - Risers/Risers/07 Dark Build and Drop.wav 96000.pek	
/volume1/主目录/Collection/素材&模板&音库/音效/02_中文音效合集/气氛音乐音效/Archetype SFX/01 - Risers/Risers/16 Behind You.wav 96000.pek	Archetype SFX（大气深沉2 · 紧张气氛片头转场渲染无损音效素材包）/01 - Risers/Risers/16 Behind You.wav 96000.pek	
/volume1/主目录/Collection/素材&模板&音库/音效/02_中文音效合集/气氛音乐音效/Archetype SFX/01 - Risers/Risers/08 Ancient Riser.wav	Archetype SFX（大气深沉2 · 紧张气氛片头转场渲染无损音效素材包）/01 - Risers/Risers/08 Ancient Riser.wav	
/volume1/主目录/Collection/素材&模板&音库/音效/02_中文音效合集/气氛音乐音效/Archetype SFX/01 - Risers/Risers/19 Year 1985.wav	Archetype SFX（大气深沉2 · 紧张气氛片头转场渲染无损音效素材包）/01 - Risers/Risers/19 Year 1985.wav	
/volume1/主目录/Collection/素材&模板&音库/音效/02_中文音效合集/气氛音乐音效/Archetype SFX/01 - Risers/Risers/16 Behind You.wav	Archetype SFX（大气深沉2 · 紧张气氛片头转场渲染无损音效素材包）/01 - Risers/Risers/16 Behind You.wav	
/volume1/主目录/Collection/素材&模板&音库/音效/02_中文音效合集/气氛音乐音效/Archetype SFX/01 - Risers/Risers/15 Dark Riser Delay.wav	Archetype SFX（大气深沉2 · 紧张气氛片头转场渲染无损音效素材包）/01 - Risers/Risers/15 Dark Riser Delay.wav	
/volume1/主目录/Collection/素材&模板&音库/音效/02_中文音效合集/气氛音乐音效/Archetype SFX/01 - Risers/Risers/13 Surfacing.wav	Archetype SFX（大气深沉2 · 紧张气氛片头转场渲染无损音效素材包）/01 - Risers/Risers/13 Surfacing.wav	
/volume1/主目录/Collection/素材&模板&音库/音效/02_中文音效合集/气氛音乐音效/Archetype SFX/01 - Risers/Risers/09 Simple Riser.wav	Archetype SFX（大气深沉2 · 紧张气氛片头转场渲染无损音效素材包）/01 - Risers/Risers/09 Simple Riser.wav	
/volume1/主目录/Collection/素材&模板&音库/音效/02_中文音效合集/气氛音乐音效/Archetype SFX/01 - Risers/Risers/17 Surfacing Pulse.wav	Archetype SFX（大气深沉2 · 紧张气氛片头转场渲染无损音效素材包）/01 - Risers/Risers/17 Surfacing Pulse.wav	
/volume1/主目录/Collection/素材&模板&音库/音效/02_中文音效合集/气氛音乐音效/Archetype SFX/01 - Risers/Risers/11 Precious Metal.wav	Archetype SFX（大气深沉2 · 紧张气氛片头转场渲染无损音效素材包）/01 - Risers/Risers/11 Precious Metal.wav	
/volume1/主目录/Collection/素材&模板&音库/音效/02_中文音效合集/气氛音乐音效/Archetype SFX/01 - Risers/Risers/10 Deep Character.wav	Archetype SFX（大气深沉2 · 紧张气氛片头转场渲染无损音效素材包）/01 - Risers/Risers/10 Deep Character.wav	
/volume1/主目录/Collection/素材&模板&音库/音效/02_中文音效合集/气氛音乐音效/Archetype SFX/01 - Risers/Risers/07 Dark Build and Drop.wav	Archetype SFX（大气深沉2 · 紧张气氛片头转场渲染无损音效素材包）/01 - Risers/Risers/07 Dark Build and Drop.wav	
/volume1/主目录/Collection/素材&模板&音库/音效/02_中文音效合集/气氛音乐音效/Archetype SFX/01 - Risers/Risers/18 Year 1984.wav	Archetype SFX（大气深沉2 · 紧张气氛片头转场渲染无损音效素材包）/01 - Risers/Risers/18 Year 1984.wav	
/volume1/主目录/Collection/素材&模板&音库/音效/02_中文音效合集/气氛音乐音效/Archetype SFX/01 - Risers/Risers/03 Escalate.wav 96000.pek	Archetype SFX（大气深沉2 · 紧张气氛片头转场渲染无损音效素材包）/01 - Risers/Risers/03 Escalate.wav 96000.pek	
/volume1/主目录/Collection/素材&模板&音库/音效/02_中文音效合集/气氛音乐音效/Archetype SFX/01 - Risers/Risers/02 Dark Riser B.wav 96000.pek	Archetype SFX（大气深沉2 · 紧张气氛片头转场渲染无损音效素材包）/01 - Risers/Risers/02 Dark Riser B.wav 96000.pek	
/volume1/主目录/Collection/素材&模板&音库/音效/02_中文音效合集/气氛音乐音效/Archetype SFX/01 - Risers/Risers/12 Waking Up.wav	Archetype SFX（大气深沉2 · 紧张气氛片头转场渲染无损音效素材包）/01 - Risers/Risers/12 Waking Up.wav	
/volume1/主目录/Collection/素材&模板&音库/音效/02_中文音效合集/气氛音乐音效/Archetype SFX/01 - Risers/Risers/23 Mechanical Riser.wav	Archetype SFX（大气深沉2 · 紧张气氛片头转场渲染无损音效素材包）/01 - Risers/Risers/23 Mechanical Riser.wav	
/volume1/主目录/Collection/素材&模板&音库/音效/02_中文音效合集/气氛音乐音效/Archetype SFX/01 - Risers/Risers/06 Memories.wav 96000.pek	Archetype SFX（大气深沉2 · 紧张气氛片头转场渲染无损音效素材包）/01 - Risers/Risers/06 Memories.wav 96000.pek	
/volume1/主目录/Collection/素材&模板&音库/音效/02_中文音效合集/气氛音乐音效/Archetype SFX/01 - Risers/Risers/05 Dramatic Riser.wav	Archetype SFX（大气深沉2 · 紧张气氛片头转场渲染无损音效素材包）/01 - Risers/Risers/05 Dramatic Riser.wav	
/volume1/主目录/Collection/素材&模板&音库/音效/02_中文音效合集/气氛音乐音效/Archetype SFX/01 - Risers/Risers/03 Escalate.wav	Archetype SFX（大气深沉2 · 紧张气氛片头转场渲染无损音效素材包）/01 - Risers/Risers/03 Escalate.wav	
/volume1/主目录/Collection/素材&模板&音库/音效/02_中文音效合集/气氛音乐音效/Archetype SFX/01 - Risers/Risers/01 Dark Riser A.wav	Archetype SFX（大气深沉2 · 紧张气氛片头转场渲染无损音效素材包）/01 - Risers/Risers/01 Dark Riser A.wav	
/volume1/主目录/Collection/素材&模板&音库/音效/02_中文音效合集/气氛音乐音效/Archetype SFX/01 - Risers/Risers/21 Blood Pressure.wav	Archetype SFX（大气深沉2 · 紧张气氛片头转场渲染无损音效素材包）/01 - Risers/Risers/21 Blood Pressure.wav	
/volume1/主目录/Collection/素材&模板&音库/音效/02_中文音效合集/气氛音乐音效/Archetype SFX/02 - Hits/Hits/19 Sub Drop.wav	Archetype SFX（大气深沉2 · 紧张气氛片头转场渲染无损音效素材包）/02 - Hits/Hits/19 Sub Drop.wav	
/volume1/主目录/Collection/素材&模板&音库/音效/02_中文音效合集/气氛音乐音效/Archetype SFX/02 - Hits/Hits/16 Piano Stab.wav	Archetype SFX（大气深沉2 · 紧张气氛片头转场渲染无损音效素材包）/02 - Hits/Hits/16 Piano Stab.wav	
/volume1/主目录/Collection/素材&模板&音库/音效/02_中文音效合集/气氛音乐音效/Archetype SFX/02 - Hits/Hits/06 Whoosh Hit A.wav 96000.pek	Archetype SFX（大气深沉2 · 紧张气氛片头转场渲染无损音效素材包）/02 - Hits/Hits/06 Whoosh Hit A.wav 96000.pek	
/volume1/主目录/Collection/素材&模板&音库/音效/02_中文音效合集/气氛音乐音效/Archetype SFX/02 - Hits/Hits/10 Too Late.wav	Archetype SFX（大气深沉2 · 紧张气氛片头转场渲染无损音效素材包）/02 - Hits/Hits/10 Too Late.wav	
/volume1/主目录/Collection/素材&模板&音库/音效/02_中文音效合集/气氛音乐音效/Archetype SFX/02 - Hits/Hits/07 Whoosh Hit B.wav	Archetype SFX（大气深沉2 · 紧张气氛片头转场渲染无损音效素材包）/02 - Hits/Hits/07 Whoosh Hit B.wav	
/volume1/主目录/Collection/素材&模板&音库/音效/02_中文音效合集/气氛音乐音效/Archetype SFX/02 - Hits/Hits/15 Worst Case B.wav	Archetype SFX（大气深沉2 · 紧张气氛片头转场渲染无损音效素材包）/02 - Hits/Hits/15 Worst Case B.wav	
/volume1/主目录/Collection/素材&模板&音库/音效/02_中文音效合集/气氛音乐音效/Archetype SFX/02 - Hits/Hits/11 Sharp Hit.wav	Archetype SFX（大气深沉2 · 紧张气氛片头转场渲染无损音效素材包）/02 - Hits/Hits/11 Sharp Hit.wav	
/volume1/主目录/Collection/素材&模板&音库/音效/02_中文音效合集/气氛音乐音效/Archetype SFX/02 - Hits/Hits/17 Ghost Hit.wav	Archetype SFX（大气深沉2 · 紧张气氛片头转场渲染无损音效素材包）/02 - Hits/Hits/17 Ghost Hit.wav	
/volume1/主目录/Collection/素材&模板&音库/音效/02_中文音效合集/气氛音乐音效/Archetype SFX/02 - Hits/Hits/20 Say What.wav	Archetype SFX（大气深沉2 · 紧张气氛片头转场渲染无损音效素材包）/02 - Hits/Hits/20 Say What.wav	
/volume1/主目录/Collection/素材&模板&音库/音效/02_中文音效合集/气氛音乐音效/Archetype SFX/02 - Hits/Hits/09 Piano Hit B.wav	Archetype SFX（大气深沉2 · 紧张气氛片头转场渲染无损音效素材包）/02 - Hits/Hits/09 Piano Hit B.wav	
/volume1/主目录/Collection/素材&模板&音库/音效/02_中文音效合集/气氛音乐音效/Archetype SFX/02 - Hits/Hits/08 Piano Hit A.wav	Archetype SFX（大气深沉2 · 紧张气氛片头转场渲染无损音效素材包）/02 - Hits/Hits/08 Piano Hit A.wav	
/volume1/主目录/Collection/素材&模板&音库/音效/02_中文音效合集/气氛音乐音效/Archetype SFX/02 - Hits/Hits/18 Digital Hit.wav	Archetype SFX（大气深沉2 · 紧张气氛片头转场渲染无损音效素材包）/02 - Hits/Hits/18 Digital Hit.wav	
/volume1/主目录/Collection/素材&模板&音库/音效/02_中文音效合集/气氛音乐音效/Archetype SFX/02 - Hits/Hits/13 Dark Metal B.wav	Archetype SFX（大气深沉2 · 紧张气氛片头转场渲染无损音效素材包）/02 - Hits/Hits/13 Dark Metal B.wav	
/volume1/主目录/Collection/素材&模板&音库/音效/02_中文音效合集/气氛音乐音效/Archetype SFX/02 - Hits/Hits/06 Whoosh Hit A.wav	Archetype SFX（大气深沉2 · 紧张气氛片头转场渲染无损音效素材包）/02 - Hits/Hits/06 Whoosh Hit A.wav	
/volume1/主目录/Collection/素材&模板&音库/音效/02_中文音效合集/气氛音乐音效/Archetype SFX/02 - Hits/Hits/07 Whoosh Hit B.wav 96000.pek	Archetype SFX（大气深沉2 · 紧张气氛片头转场渲染无损音效素材包）/02 - Hits/Hits/07 Whoosh Hit B.wav 96000.pek	
/volume1/主目录/Collection/素材&模板&音库/音效/02_中文音效合集/气氛音乐音效/Archetype SFX/02 - Hits/Hits/05 Solid Hit.wav 96000.pek	Archetype SFX（大气深沉2 · 紧张气氛片头转场渲染无损音效素材包）/02 - Hits/Hits/05 Solid Hit.wav 96000.pek	
/volume1/主目录/Collection/素材&模板&音库/音效/02_中文音效合集/气氛音乐音效/Archetype SFX/02 - Hits/Hits/20 Say What.wav 96000.pek	Archetype SFX（大气深沉2 · 紧张气氛片头转场渲染无损音效素材包）/02 - Hits/Hits/20 Say What.wav 96000.pek	
/volume1/主目录/Collection/素材&模板&音库/音效/02_中文音效合集/气氛音乐音效/Archetype SFX/02 - Hits/Hits/15 Worst Case B.wav 96000.pek	Archetype SFX（大气深沉2 · 紧张气氛片头转场渲染无损音效素材包）/02 - Hits/Hits/15 Worst Case B.wav 96000.pek	
/volume1/主目录/Collection/素材&模板&音库/音效/02_中文音效合集/气氛音乐音效/Archetype SFX/02 - Hits/Hits/04 Dark Truth.wav	Archetype SFX（大气深沉2 · 紧张气氛片头转场渲染无损音效素材包）/02 - Hits/Hits/04 Dark Truth.wav	
/volume1/主目录/Collection/素材&模板&音库/音效/02_中文音效合集/气氛音乐音效/Archetype SFX/02 - Hits/Hits/10 Too Late.wav 96000.pek	Archetype SFX（大气深沉2 · 紧张气氛片头转场渲染无损音效素材包）/02 - Hits/Hits/10 Too Late.wav 96000.pek	
/volume1/主目录/Collection/素材&模板&音库/音效/02_中文音效合集/气氛音乐音效/Archetype SFX/02 - Hits/Hits/12 Dark Metal A.wav	Archetype SFX（大气深沉2 · 紧张气氛片头转场渲染无损音效素材包）/02 - Hits/Hits/12 Dark Metal A.wav	
/volume1/主目录/Collection/素材&模板&音库/音效/02_中文音效合集/气氛音乐音效/Archetype SFX/02 - Hits/Hits/19 Sub Drop.wav 96000.pek	Archetype SFX（大气深沉2 · 紧张气氛片头转场渲染无损音效素材包）/02 - Hits/Hits/19 Sub Drop.wav 96000.pek	
/volume1/主目录/Collection/素材&模板&音库/音效/02_中文音效合集/气氛音乐音效/Archetype SFX/02 - Hits/Hits/04 Dark Truth.wav 96000.pek	Archetype SFX（大气深沉2 · 紧张气氛片头转场渲染无损音效素材包）/02 - Hits/Hits/04 Dark Truth.wav 96000.pek	
/volume1/主目录/Collection/素材&模板&音库/音效/02_中文音效合集/气氛音乐音效/Archetype SFX/02 - Hits/Hits/02 Trailer Hit A.wav 96000.pek	Archetype SFX（大气深沉2 · 紧张气氛片头转场渲染无损音效素材包）/02 - Hits/Hits/02 Trailer Hit A.wav 96000.pek	
/volume1/主目录/Collection/素材&模板&音库/音效/02_中文音效合集/气氛音乐音效/Archetype SFX/02 - Hits/Hits - Space/SP 16 Piano Stab.wav	Archetype SFX（大气深沉2 · 紧张气氛片头转场渲染无损音效素材包）/02 - Hits/Hits - Space/SP 16 Piano Stab.wav	
/volume1/主目录/Collection/素材&模板&音库/音效/02_中文音效合集/气氛音乐音效/Archetype SFX/02 - Hits/Hits - Space/SP 18 Digital Hit.wav	Archetype SFX（大气深沉2 · 紧张气氛片头转场渲染无损音效素材包）/02 - Hits/Hits - Space/SP 18 Digital Hit.wav	
/volume1/主目录/Collection/素材&模板&音库/音效/02_中文音效合集/气氛音乐音效/Archetype SFX/02 - Hits/Hits - Space/SP 04 Dark Truth.wav	Archetype SFX（大气深沉2 · 紧张气氛片头转场渲染无损音效素材包）/02 - Hits/Hits - Space/SP 04 Dark Truth.wav	
/volume1/主目录/Collection/素材&模板&音库/音效/02_中文音效合集/气氛音乐音效/Archetype SFX/02 - Hits/Hits - Space/SP 09 Piano Hit B.wav	Archetype SFX（大气深沉2 · 紧张气氛片头转场渲染无损音效素材包）/02 - Hits/Hits - Space/SP 09 Piano Hit B.wav	
/volume1/主目录/Collection/素材&模板&音库/音效/02_中文音效合集/气氛音乐音效/Archetype SFX/02 - Hits/Hits - Space/SP 17 Ghost Hit.wav	Archetype SFX（大气深沉2 · 紧张气氛片头转场渲染无损音效素材包）/02 - Hits/Hits - Space/SP 17 Ghost Hit.wav	
/volume1/主目录/Collection/素材&模板&音库/音效/02_中文音效合集/气氛音乐音效/Archetype SFX/02 - Hits/Hits - Space/SP 15 Worst Case B.wav	Archetype SFX（大气深沉2 · 紧张气氛片头转场渲染无损音效素材包）/02 - Hits/Hits - Space/SP 15 Worst Case B.wav	
/volume1/主目录/Collection/素材&模板&音库/音效/02_中文音效合集/气氛音乐音效/Archetype SFX/02 - Hits/Hits - Space/SP 08 Piano Hit A.wav	Archetype SFX（大气深沉2 · 紧张气氛片头转场渲染无损音效素材包）/02 - Hits/Hits - Space/SP 08 Piano Hit A.wav	
/volume1/主目录/Collection/素材&模板&音库/音效/02_中文音效合集/气氛音乐音效/Archetype SFX/02 - Hits/Hits - Space/SP 05 Solid Hit.wav	Archetype SFX（大气深沉2 · 紧张气氛片头转场渲染无损音效素材包）/02 - Hits/Hits - Space/SP 05 Solid Hit.wav	
/volume1/主目录/Collection/素材&模板&音库/音效/02_中文音效合集/气氛音乐音效/Archetype SFX/02 - Hits/Hits - Space/SP 20 Say What.wav	Archetype SFX（大气深沉2 · 紧张气氛片头转场渲染无损音效素材包）/02 - Hits/Hits - Space/SP 20 Say What.wav	
/volume1/主目录/Collection/素材&模板&音库/音效/02_中文音效合集/气氛音乐音效/Archetype SFX/02 - Hits/Hits - Space/SP 10 Too Late.wav	Archetype SFX（大气深沉2 · 紧张气氛片头转场渲染无损音效素材包）/02 - Hits/Hits - Space/SP 10 Too Late.wav	
/volume1/主目录/Collection/素材&模板&音库/音效/02_中文音效合集/气氛音乐音效/Archetype SFX/02 - Hits/Hits - Space/SP 07 Whoosh Hit B.wav	Archetype SFX（大气深沉2 · 紧张气氛片头转场渲染无损音效素材包）/02 - Hits/Hits - Space/SP 07 Whoosh Hit B.wav	
/volume1/主目录/Collection/素材&模板&音库/音效/02_中文音效合集/气氛音乐音效/Archetype SFX/02 - Hits/Hits - Space/SP 11 Sharp Hit.wav	Archetype SFX（大气深沉2 · 紧张气氛片头转场渲染无损音效素材包）/02 - Hits/Hits - Space/SP 11 Sharp Hit.wav	
/volume1/主目录/Collection/素材&模板&音库/音效/02_中文音效合集/气氛音乐音效/Archetype SFX/02 - Hits/Hits - Space/SP 03 Trailer Hit B.wav	Archetype SFX（大气深沉2 · 紧张气氛片头转场渲染无损音效素材包）/02 - Hits/Hits - Space/SP 03 Trailer Hit B.wav	
/volume1/主目录/Collection/素材&模板&音库/音效/02_中文音效合集/气氛音乐音效/Archetype SFX/02 - Hits/Hits - Space/SP 06 Whoosh Hit A.wav	Archetype SFX（大气深沉2 · 紧张气氛片头转场渲染无损音效素材包）/02 - Hits/Hits - Space/SP 06 Whoosh Hit A.wav	
/volume1/主目录/Collection/素材&模板&音库/音效/02_中文音效合集/气氛音乐音效/Archetype SFX/02 - Hits/Hits - Space/SP 12 Dark Metal A.wav	Archetype SFX（大气深沉2 · 紧张气氛片头转场渲染无损音效素材包）/02 - Hits/Hits - Space/SP 12 Dark Metal A.wav	
/volume1/主目录/Collection/素材&模板&音库/音效/02_中文音效合集/气氛音乐音效/Archetype SFX/02 - Hits/Hits - Space/SP 13 Dark Metal B.wav	Archetype SFX（大气深沉2 · 紧张气氛片头转场渲染无损音效素材包）/02 - Hits/Hits - Space/SP 13 Dark Metal B.wav	
/volume1/主目录/Collection/素材&模板&音库/音效/02_中文音效合集/气氛音乐音效/Archetype SFX/02 - Hits/Hits - Space/SP 01 The Arrival.wav	Archetype SFX（大气深沉2 · 紧张气氛片头转场渲染无损音效素材包）/02 - Hits/Hits - Space/SP 01 The Arrival.wav	
/volume1/主目录/Collection/素材&模板&音库/音效/02_中文音效合集/气氛音乐音效/Archetype SFX/02 - Hits/Hits - Space/SP 19 Sub Drop.wav	Archetype SFX（大气深沉2 · 紧张气氛片头转场渲染无损音效素材包）/02 - Hits/Hits - Space/SP 19 Sub Drop.wav	
/volume1/主目录/Collection/素材&模板&音库/音效/02_中文音效合集/气氛音乐音效/Archetype SFX/02 - Hits/Hits - Space/SP 14 Worst Case A.wav	Archetype SFX（大气深沉2 · 紧张气氛片头转场渲染无损音效素材包）/02 - Hits/Hits - Space/SP 14 Worst Case A.wav	
/volume1/主目录/Collection/素材&模板&音库/音效/02_中文音效合集/气氛音乐音效/Archetype SFX/02 - Hits/Hits - Space/SP 02 Trailer Hit A.wav	Archetype SFX（大气深沉2 · 紧张气氛片头转场渲染无损音效素材包）/02 - Hits/Hits - Space/SP 02 Trailer Hit A.wav	
/volume1/主目录/Collection/素材&模板&音库/音效/02_中文音效合集/气氛音乐音效/Archetype SFX/02 - Hits/Hits - Analog/AN 03 Trailer Hit B.wav	Archetype SFX（大气深沉2 · 紧张气氛片头转场渲染无损音效素材包）/02 - Hits/Hits - Analog/AN 03 Trailer Hit B.wav	
/volume1/主目录/Collection/素材&模板&音库/音效/02_中文音效合集/气氛音乐音效/Archetype SFX/02 - Hits/Hits - Analog/AN 11 Sharp Hit.wav	Archetype SFX（大气深沉2 · 紧张气氛片头转场渲染无损音效素材包）/02 - Hits/Hits - Analog/AN 11 Sharp Hit.wav	
/volume1/主目录/Collection/素材&模板&音库/音效/02_中文音效合集/气氛音乐音效/Archetype SFX/02 - Hits/Hits - Analog/AN 07 Whoosh Hit B.wav	Archetype SFX（大气深沉2 · 紧张气氛片头转场渲染无损音效素材包）/02 - Hits/Hits - Analog/AN 07 Whoosh Hit B.wav	
/volume1/主目录/Collection/素材&模板&音库/音效/02_中文音效合集/气氛音乐音效/Archetype SFX/02 - Hits/Hits - Analog/AN 15 Worst Case B.wav	Archetype SFX（大气深沉2 · 紧张气氛片头转场渲染无损音效素材包）/02 - Hits/Hits - Analog/AN 15 Worst Case B.wav	
/volume1/主目录/Collection/素材&模板&音库/音效/02_中文音效合集/气氛音乐音效/Archetype SFX/02 - Hits/Hits - Analog/AN 01 The Arrival.wav	Archetype SFX（大气深沉2 · 紧张气氛片头转场渲染无损音效素材包）/02 - Hits/Hits - Analog/AN 01 The Arrival.wav	
/volume1/主目录/Collection/素材&模板&音库/音效/02_中文音效合集/气氛音乐音效/Archetype SFX/02 - Hits/Hits - Analog/AN 08 Piano Hit A.wav	Archetype SFX（大气深沉2 · 紧张气氛片头转场渲染无损音效素材包）/02 - Hits/Hits - Analog/AN 08 Piano Hit A.wav	
/volume1/主目录/Collection/素材&模板&音库/音效/02_中文音效合集/气氛音乐音效/Archetype SFX/02 - Hits/Hits - Analog/AN 05 Solid Hit.wav	Archetype SFX（大气深沉2 · 紧张气氛片头转场渲染无损音效素材包）/02 - Hits/Hits - Analog/AN 05 Solid Hit.wav	
/volume1/主目录/Collection/素材&模板&音库/音效/02_中文音效合集/气氛音乐音效/Archetype SFX/02 - Hits/Hits - Analog/AN 10 Too Late.wav	Archetype SFX（大气深沉2 · 紧张气氛片头转场渲染无损音效素材包）/02 - Hits/Hits - Analog/AN 10 Too Late.wav	
/volume1/主目录/Collection/素材&模板&音库/音效/02_中文音效合集/气氛音乐音效/Archetype SFX/02 - Hits/Hits - Analog/AN 09 Piano Hit B.wav	Archetype SFX（大气深沉2 · 紧张气氛片头转场渲染无损音效素材包）/02 - Hits/Hits - Analog/AN 09 Piano Hit B.wav	
/volume1/主目录/Collection/素材&模板&音库/音效/02_中文音效合集/气氛音乐音效/Archetype SFX/02 - Hits/Hits - Analog/AN 19 Sub Drop.wav	Archetype SFX（大气深沉2 · 紧张气氛片头转场渲染无损音效素材包）/02 - Hits/Hits - Analog/AN 19 Sub Drop.wav	
/volume1/主目录/Collection/素材&模板&音库/音效/02_中文音效合集/气氛音乐音效/Archetype SFX/02 - Hits/Hits - Analog/AN 17 Ghost Hit.wav	Archetype SFX（大气深沉2 · 紧张气氛片头转场渲染无损音效素材包）/02 - Hits/Hits - Analog/AN 17 Ghost Hit.wav	
/volume1/主目录/Collection/素材&模板&音库/音效/02_中文音效合集/气氛音乐音效/Archetype SFX/02 - Hits/Hits - Analog/AN 20 Say What.wav	Archetype SFX（大气深沉2 · 紧张气氛片头转场渲染无损音效素材包）/02 - Hits/Hits - Analog/AN 20 Say What.wav	
/volume1/主目录/Collection/素材&模板&音库/音效/02_中文音效合集/气氛音乐音效/Archetype SFX/02 - Hits/Hits - Analog/AN 06 Whoosh Hit A.wav	Archetype SFX（大气深沉2 · 紧张气氛片头转场渲染无损音效素材包）/02 - Hits/Hits - Analog/AN 06 Whoosh Hit A.wav	
/volume1/主目录/Collection/素材&模板&音库/音效/02_中文音效合集/气氛音乐音效/Archetype SFX/02 - Hits/Hits - Analog/AN 02 Trailer Hit A.wav	Archetype SFX（大气深沉2 · 紧张气氛片头转场渲染无损音效素材包）/02 - Hits/Hits - Analog/AN 02 Trailer Hit A.wav	
/volume1/主目录/Collection/素材&模板&音库/音效/02_中文音效合集/气氛音乐音效/Archetype SFX/02 - Hits/Hits - Analog/AN 14 Worst Case A.wav	Archetype SFX（大气深沉2 · 紧张气氛片头转场渲染无损音效素材包）/02 - Hits/Hits - Analog/AN 14 Worst Case A.wav	
/volume1/主目录/Collection/素材&模板&音库/音效/02_中文音效合集/气氛音乐音效/Archetype SFX/02 - Hits/Hits - Analog/AN 13 Dark Metal B.wav	Archetype SFX（大气深沉2 · 紧张气氛片头转场渲染无损音效素材包）/02 - Hits/Hits - Analog/AN 13 Dark Metal B.wav	
/volume1/主目录/Collection/素材&模板&音库/音效/02_中文音效合集/气氛音乐音效/Archetype SFX/02 - Hits/Hits - Analog/AN 18 Digital Hit.wav	Archetype SFX（大气深沉2 · 紧张气氛片头转场渲染无损音效素材包）/02 - Hits/Hits - Analog/AN 18 Digital Hit.wav	
/volume1/主目录/Collection/素材&模板&音库/音效/02_中文音效合集/气氛音乐音效/Archetype SFX/02 - Hits/Hits - Analog/AN 12 Dark Metal A.wav	Archetype SFX（大气深沉2 · 紧张气氛片头转场渲染无损音效素材包）/02 - Hits/Hits - Analog/AN 12 Dark Metal A.wav	
/volume1/主目录/Collection/素材&模板&音库/音效/02_中文音效合集/气氛音乐音效/Archetype SFX/02 - Hits/Hits - Silk/SL 19 Sub Drop.wav	Archetype SFX（大气深沉2 · 紧张气氛片头转场渲染无损音效素材包）/02 - Hits/Hits - Silk/SL 19 Sub Drop.wav	
/volume1/主目录/Collection/素材&模板&音库/音效/02_中文音效合集/气氛音乐音效/Archetype SFX/02 - Hits/Hits - Silk/SL 20 Say What.wav	Archetype SFX（大气深沉2 · 紧张气氛片头转场渲染无损音效素材包）/02 - Hits/Hits - Silk/SL 20 Say What.wav	
/volume1/主目录/Collection/素材&模板&音库/音效/02_中文音效合集/气氛音乐音效/Archetype SFX/02 - Hits/Hits - Silk/SL 13 Dark Metal B.wav	Archetype SFX（大气深沉2 · 紧张气氛片头转场渲染无损音效素材包）/02 - Hits/Hits - Silk/SL 13 Dark Metal B.wav	
/volume1/主目录/Collection/素材&模板&音库/音效/02_中文音效合集/气氛音乐音效/Archetype SFX/02 - Hits/Hits - Silk/SL 10 Too Late.wav	Archetype SFX（大气深沉2 · 紧张气氛片头转场渲染无损音效素材包）/02 - Hits/Hits - Silk/SL 10 Too Late.wav	
/volume1/主目录/Collection/素材&模板&音库/音效/02_中文音效合集/气氛音乐音效/Archetype SFX/02 - Hits/Hits - Silk/SL 03 Trailer Hit B.wav	Archetype SFX（大气深沉2 · 紧张气氛片头转场渲染无损音效素材包）/02 - Hits/Hits - Silk/SL 03 Trailer Hit B.wav	
/volume1/主目录/Collection/素材&模板&音库/音效/02_中文音效合集/气氛音乐音效/Archetype SFX/02 - Hits/Hits - Silk/SL 12 Dark Metal A.wav	Archetype SFX（大气深沉2 · 紧张气氛片头转场渲染无损音效素材包）/02 - Hits/Hits - Silk/SL 12 Dark Metal A.wav	
/volume1/主目录/Collection/素材&模板&音库/音效/02_中文音效合集/气氛音乐音效/Archetype SFX/02 - Hits/Hits - Silk/SL 14 Worst Case A.wav	Archetype SFX（大气深沉2 · 紧张气氛片头转场渲染无损音效素材包）/02 - Hits/Hits - Silk/SL 14 Worst Case A.wav	
/volume1/主目录/Collection/素材&模板&音库/音效/02_中文音效合集/气氛音乐音效/Archetype SFX/02 - Hits/Hits - Silk/SL 05 Solid Hit.wav	Archetype SFX（大气深沉2 · 紧张气氛片头转场渲染无损音效素材包）/02 - Hits/Hits - Silk/SL 05 Solid Hit.wav	
/volume1/主目录/Collection/素材&模板&音库/音效/02_中文音效合集/气氛音乐音效/Archetype SFX/02 - Hits/Hits - Silk/SL 07 Whoosh Hit B.wav	Archetype SFX（大气深沉2 · 紧张气氛片头转场渲染无损音效素材包）/02 - Hits/Hits - Silk/SL 07 Whoosh Hit B.wav	
/volume1/主目录/Collection/素材&模板&音库/音效/02_中文音效合集/气氛音乐音效/Archetype SFX/02 - Hits/Hits - Silk/SL 15 Worst Case B.wav	Archetype SFX（大气深沉2 · 紧张气氛片头转场渲染无损音效素材包）/02 - Hits/Hits - Silk/SL 15 Worst Case B.wav	
/volume1/主目录/Collection/素材&模板&音库/音效/02_中文音效合集/气氛音乐音效/Archetype SFX/02 - Hits/Hits - Silk/SL 04 Dark Truth.wav	Archetype SFX（大气深沉2 · 紧张气氛片头转场渲染无损音效素材包）/02 - Hits/Hits - Silk/SL 04 Dark Truth.wav	
/volume1/主目录/Collection/素材&模板&音库/音效/02_中文音效合集/气氛音乐音效/Archetype SFX/02 - Hits/Hits - Silk/SL 11 Sharp Hit.wav	Archetype SFX（大气深沉2 · 紧张气氛片头转场渲染无损音效素材包）/02 - Hits/Hits - Silk/SL 11 Sharp Hit.wav	
/volume1/主目录/Collection/素材&模板&音库/音效/02_中文音效合集/气氛音乐音效/Archetype SFX/02 - Hits/Hits - Silk/SL 06 Whoosh Hit A.wav	Archetype SFX（大气深沉2 · 紧张气氛片头转场渲染无损音效素材包）/02 - Hits/Hits - Silk/SL 06 Whoosh Hit A.wav	
/volume1/主目录/Collection/素材&模板&音库/音效/02_中文音效合集/气氛音乐音效/Archetype SFX/02 - Hits/Hits - Silk/SL 18 Digital Hit.wav	Archetype SFX（大气深沉2 · 紧张气氛片头转场渲染无损音效素材包）/02 - Hits/Hits - Silk/SL 18 Digital Hit.wav	
/volume1/主目录/Collection/素材&模板&音库/音效/02_中文音效合集/气氛音乐音效/Archetype SFX/02 - Hits/Hits - Silk/SL 08 Piano Hit A.wav	Archetype SFX（大气深沉2 · 紧张气氛片头转场渲染无损音效素材包）/02 - Hits/Hits - Silk/SL 08 Piano Hit A.wav	
/volume1/主目录/Collection/素材&模板&音库/音效/02_中文音效合集/气氛音乐音效/Archetype SFX/02 - Hits/Hits - Silk/SL 09 Piano Hit B.wav	Archetype SFX（大气深沉2 · 紧张气氛片头转场渲染无损音效素材包）/02 - Hits/Hits - Silk/SL 09 Piano Hit B.wav	
/volume1/主目录/Collection/素材&模板&音库/音效/02_中文音效合集/气氛音乐音效/Archetype SFX/02 - Hits/Hits - Silk/SL 16 Piano Stab.wav	Archetype SFX（大气深沉2 · 紧张气氛片头转场渲染无损音效素材包）/02 - Hits/Hits - Silk/SL 16 Piano Stab.wav	
/volume1/主目录/Collection/素材&模板&音库/音效/02_中文音效合集/气氛音乐音效/Archetype SFX/02 - Hits/Hits - Silk/SL 17 Ghost Hit.wav	Archetype SFX（大气深沉2 · 紧张气氛片头转场渲染无损音效素材包）/02 - Hits/Hits - Silk/SL 17 Ghost Hit.wav	
/volume1/主目录/Collection/素材&模板&音库/音效/02_中文音效合集/气氛音乐音效/Archetype SFX/02 - Hits/Hits - Silk/SL 01 The Arrival.wav	Archetype SFX（大气深沉2 · 紧张气氛片头转场渲染无损音效素材包）/02 - Hits/Hits - Silk/SL 01 The Arrival.wav	
/volume1/主目录/Collection/素材&模板&音库/音效/02_中文音效合集/气氛音乐音效/Archetype SFX/02 - Hits/Hits - Distortion/DS 13 Dark Metal B.wav	Archetype SFX（大气深沉2 · 紧张气氛片头转场渲染无损音效素材包）/02 - Hits/Hits - Distortion/DS 13 Dark Metal B.wav	
/volume1/主目录/Collection/素材&模板&音库/音效/02_中文音效合集/气氛音乐音效/Archetype SFX/02 - Hits/Hits - Distortion/DS 16 Piano Stab.wav	Archetype SFX（大气深沉2 · 紧张气氛片头转场渲染无损音效素材包）/02 - Hits/Hits - Distortion/DS 16 Piano Stab.wav	
/volume1/主目录/Collection/素材&模板&音库/音效/02_中文音效合集/气氛音乐音效/Archetype SFX/02 - Hits/Hits - Distortion/DS 18 Digital Hit.wav	Archetype SFX（大气深沉2 · 紧张气氛片头转场渲染无损音效素材包）/02 - Hits/Hits - Distortion/DS 18 Digital Hit.wav	
/volume1/主目录/Collection/素材&模板&音库/音效/02_中文音效合集/气氛音乐音效/Archetype SFX/02 - Hits/Hits - Distortion/DS 17 Ghost Hit.wav	Archetype SFX（大气深沉2 · 紧张气氛片头转场渲染无损音效素材包）/02 - Hits/Hits - Distortion/DS 17 Ghost Hit.wav	
/volume1/主目录/Collection/素材&模板&音库/音效/02_中文音效合集/气氛音乐音效/Archetype SFX/02 - Hits/Hits - Distortion/DS 03 Trailer Hit B.wav	Archetype SFX（大气深沉2 · 紧张气氛片头转场渲染无损音效素材包）/02 - Hits/Hits - Distortion/DS 03 Trailer Hit B.wav	
/volume1/主目录/Collection/素材&模板&音库/音效/02_中文音效合集/气氛音乐音效/Archetype SFX/02 - Hits/Hits - Distortion/DS 02 Trailer Hit A.wav	Archetype SFX（大气深沉2 · 紧张气氛片头转场渲染无损音效素材包）/02 - Hits/Hits - Distortion/DS 02 Trailer Hit A.wav	
/volume1/主目录/Collection/素材&模板&音库/音效/02_中文音效合集/气氛音乐音效/Archetype SFX/02 - Hits/Hits - Distortion/DS 14 Worst Case A.wav	Archetype SFX（大气深沉2 · 紧张气氛片头转场渲染无损音效素材包）/02 - Hits/Hits - Distortion/DS 14 Worst Case A.wav	
/volume1/主目录/Collection/素材&模板&音库/音效/02_中文音效合集/气氛音乐音效/Archetype SFX/02 - Hits/Hits - Distortion/DS 06 Whoosh Hit A.wav	Archetype SFX（大气深沉2 · 紧张气氛片头转场渲染无损音效素材包）/02 - Hits/Hits - Distortion/DS 06 Whoosh Hit A.wav	
/volume1/主目录/Collection/素材&模板&音库/音效/02_中文音效合集/气氛音乐音效/Archetype SFX/02 - Hits/Hits - Distortion/DS 09 Piano Hit B.wav	Archetype SFX（大气深沉2 · 紧张气氛片头转场渲染无损音效素材包）/02 - Hits/Hits - Distortion/DS 09 Piano Hit B.wav	
/volume1/主目录/Collection/素材&模板&音库/音效/02_中文音效合集/气氛音乐音效/Archetype SFX/02 - Hits/Hits - Distortion/DS 10 Too Late.wav	Archetype SFX（大气深沉2 · 紧张气氛片头转场渲染无损音效素材包）/02 - Hits/Hits - Distortion/DS 10 Too Late.wav	
/volume1/主目录/Collection/素材&模板&音库/音效/02_中文音效合集/气氛音乐音效/Archetype SFX/02 - Hits/Hits - Distortion/DS 04 Dark Truth.wav	Archetype SFX（大气深沉2 · 紧张气氛片头转场渲染无损音效素材包）/02 - Hits/Hits - Distortion/DS 04 Dark Truth.wav	
/volume1/主目录/Collection/素材&模板&音库/音效/02_中文音效合集/气氛音乐音效/Archetype SFX/02 - Hits/Hits - Distortion/DS 01 The Arrival.wav	Archetype SFX（大气深沉2 · 紧张气氛片头转场渲染无损音效素材包）/02 - Hits/Hits - Distortion/DS 01 The Arrival.wav	
/volume1/主目录/Collection/素材&模板&音库/音效/02_中文音效合集/气氛音乐音效/Archetype SFX/02 - Hits/Hits - Distortion/DS 05 Solid Hit.wav	Archetype SFX（大气深沉2 · 紧张气氛片头转场渲染无损音效素材包）/02 - Hits/Hits - Distortion/DS 05 Solid Hit.wav	
/volume1/主目录/Collection/素材&模板&音库/音效/02_中文音效合集/气氛音乐音效/Archetype SFX/02 - Hits/Hits - Distortion/DS 08 Piano Hit A.wav	Archetype SFX（大气深沉2 · 紧张气氛片头转场渲染无损音效素材包）/02 - Hits/Hits - Distortion/DS 08 Piano Hit A.wav	
/volume1/主目录/Collection/素材&模板&音库/音效/02_中文音效合集/气氛音乐音效/Archetype SFX/02 - Hits/Hits - Distortion/DS 15 Worst Case B.wav	Archetype SFX（大气深沉2 · 紧张气氛片头转场渲染无损音效素材包）/02 - Hits/Hits - Distortion/DS 15 Worst Case B.wav	
/volume1/主目录/Collection/素材&模板&音库/音效/02_中文音效合集/气氛音乐音效/Archetype SFX/02 - Hits/Hits - Distortion/DS 20 Say What.wav	Archetype SFX（大气深沉2 · 紧张气氛片头转场渲染无损音效素材包）/02 - Hits/Hits - Distortion/DS 20 Say What.wav	
/volume1/主目录/Collection/素材&模板&音库/音效/02_中文音效合集/气氛音乐音效/Archetype SFX/02 - Hits/Hits - Distortion/DS 07 Whoosh Hit B.wav	Archetype SFX（大气深沉2 · 紧张气氛片头转场渲染无损音效素材包）/02 - Hits/Hits - Distortion/DS 07 Whoosh Hit B.wav	
/volume1/主目录/Collection/素材&模板&音库/音效/02_中文音效合集/气氛音乐音效/Archetype SFX/02 - Hits/Hits - Distortion/DS 12 Dark Metal A.wav	Archetype SFX（大气深沉2 · 紧张气氛片头转场渲染无损音效素材包）/02 - Hits/Hits - Distortion/DS 12 Dark Metal A.wav	
/volume1/主目录/Collection/素材&模板&音库/音效/02_中文音效合集/气氛音乐音效/Archetype SFX/02 - Hits/Hits - Distortion/DS 19 Sub Drop.wav	Archetype SFX（大气深沉2 · 紧张气氛片头转场渲染无损音效素材包）/02 - Hits/Hits - Distortion/DS 19 Sub Drop.wav	
/volume1/主目录/Collection/素材&模板&音库/音效/02_中文音效合集/气氛音乐音效/Archetype SFX/02 - Hits/Hits - Distortion/DS 11 Sharp Hit.wav	Archetype SFX（大气深沉2 · 紧张气氛片头转场渲染无损音效素材包）/02 - Hits/Hits - Distortion/DS 11 Sharp Hit.wav	
/volume1/主目录/Collection/素材&模板&音库/音效/02_中文音效合集/大气深沉2【音效：紧张气氛片头转场渲染无损音效素材包】/Archetype_SFX/Archetype SFX MP3/04 - Glitches/Glitches - Analog/AN 09 Dark Order B.mp3	Archetype SFX（大气深沉2 · 紧张气氛片头转场渲染无损音效素材包）/04 - Glitches/Glitches - Analog/AN 09 Dark Order B.mp3	
/volume1/主目录/Collection/素材&模板&音库/音效/02_中文音效合集/大气深沉2【音效：紧张气氛片头转场渲染无损音效素材包】/Archetype_SFX/Archetype SFX MP3/04 - Glitches/Glitches - Analog/AN 30 Heartbeat.mp3	Archetype SFX（大气深沉2 · 紧张气氛片头转场渲染无损音效素材包）/04 - Glitches/Glitches - Analog/AN 30 Heartbeat.mp3	
/volume1/主目录/Collection/素材&模板&音库/音效/02_中文音效合集/大气深沉2【音效：紧张气氛片头转场渲染无损音效素材包】/Archetype_SFX/Archetype SFX MP3/04 - Glitches/Glitches - Analog/AN 35 Decisions.mp3	Archetype SFX（大气深沉2 · 紧张气氛片头转场渲染无损音效素材包）/04 - Glitches/Glitches - Analog/AN 35 Decisions.mp3	
/volume1/主目录/Collection/素材&模板&音库/音效/02_中文音效合集/大气深沉2【音效：紧张气氛片头转场渲染无损音效素材包】/Archetype_SFX/Archetype SFX MP3/04 - Glitches/Glitches - Analog/AN 01 Code Black A.mp3	Archetype SFX（大气深沉2 · 紧张气氛片头转场渲染无损音效素材包）/04 - Glitches/Glitches - Analog/AN 01 Code Black A.mp3	
/volume1/主目录/Collection/素材&模板&音库/音效/02_中文音效合集/大气深沉2【音效：紧张气氛片头转场渲染无损音效素材包】/Archetype_SFX/Archetype SFX MP3/04 - Glitches/Glitches - Analog/AN 21 Dark Range.mp3	Archetype SFX（大气深沉2 · 紧张气氛片头转场渲染无损音效素材包）/04 - Glitches/Glitches - Analog/AN 21 Dark Range.mp3	
/volume1/主目录/Collection/素材&模板&音库/音效/02_中文音效合集/大气深沉2【音效：紧张气氛片头转场渲染无损音效素材包】/Archetype_SFX/Archetype SFX MP3/04 - Glitches/Glitches - Analog/AN 23 Fast Clicks Low.mp3	Archetype SFX（大气深沉2 · 紧张气氛片头转场渲染无损音效素材包）/04 - Glitches/Glitches - Analog/AN 23 Fast Clicks Low.mp3	
/volume1/主目录/Collection/素材&模板&音库/音效/02_中文音效合集/大气深沉2【音效：紧张气氛片头转场渲染无损音效素材包】/Archetype_SFX/Archetype SFX MP3/04 - Glitches/Glitches - Analog/AN 25 Exp Pops.mp3	Archetype SFX（大气深沉2 · 紧张气氛片头转场渲染无损音效素材包）/04 - Glitches/Glitches - Analog/AN 25 Exp Pops.mp3	
/volume1/主目录/Collection/素材&模板&音库/音效/02_中文音效合集/大气深沉2【音效：紧张气氛片头转场渲染无损音效素材包】/Archetype_SFX/Archetype SFX MP3/04 - Glitches/Glitches - Analog/AN 13 Subtle Glitch.mp3	Archetype SFX（大气深沉2 · 紧张气氛片头转场渲染无损音效素材包）/04 - Glitches/Glitches - Analog/AN 13 Subtle Glitch.mp3	
/volume1/主目录/Collection/素材&模板&音库/音效/02_中文音效合集/大气深沉2【音效：紧张气氛片头转场渲染无损音效素材包】/Archetype_SFX/Archetype SFX MP3/04 - Glitches/Glitches - Analog/AN 29 Ticker Fast.mp3	Archetype SFX（大气深沉2 · 紧张气氛片头转场渲染无损音效素材包）/04 - Glitches/Glitches - Analog/AN 29 Ticker Fast.mp3	
/volume1/主目录/Collection/素材&模板&音库/音效/02_中文音效合集/大气深沉2【音效：紧张气氛片头转场渲染无损音效素材包】/Archetype_SFX/Archetype SFX MP3/04 - Glitches/Glitches - Analog/AN 28 Ticker.mp3	Archetype SFX（大气深沉2 · 紧张气氛片头转场渲染无损音效素材包）/04 - Glitches/Glitches - Analog/AN 28 Ticker.mp3	
/volume1/主目录/Collection/素材&模板&音库/音效/02_中文音效合集/大气深沉2【音效：紧张气氛片头转场渲染无损音效素材包】/Archetype_SFX/Archetype SFX MP3/04 - Glitches/Glitches - Analog/AN 07 Erase.mp3	Archetype SFX（大气深沉2 · 紧张气氛片头转场渲染无损音效素材包）/04 - Glitches/Glitches - Analog/AN 07 Erase.mp3	
/volume1/主目录/Collection/素材&模板&音库/音效/02_中文音效合集/大气深沉2【音效：紧张气氛片头转场渲染无损音效素材包】/Archetype_SFX/Archetype SFX MP3/04 - Glitches/Glitches - Analog/AN 08 Dark Order A.mp3	Archetype SFX（大气深沉2 · 紧张气氛片头转场渲染无损音效素材包）/04 - Glitches/Glitches - Analog/AN 08 Dark Order A.mp3	
/volume1/主目录/Collection/素材&模板&音库/音效/02_中文音效合集/大气深沉2【音效：紧张气氛片头转场渲染无损音效素材包】/Archetype_SFX/Archetype SFX MP3/04 - Glitches/Glitches - Analog/AN 12 Last Word.mp3	Archetype SFX（大气深沉2 · 紧张气氛片头转场渲染无损音效素材包）/04 - Glitches/Glitches - Analog/AN 12 Last Word.mp3	
/volume1/主目录/Collection/素材&模板&音库/音效/02_中文音效合集/大气深沉2【音效：紧张气氛片头转场渲染无损音效素材包】/Archetype_SFX/Archetype SFX MP3/04 - Glitches/Glitches - Analog/AN 22 Exp Clicks.mp3	Archetype SFX（大气深沉2 · 紧张气氛片头转场渲染无损音效素材包）/04 - Glitches/Glitches - Analog/AN 22 Exp Clicks.mp3	
/volume1/主目录/Collection/素材&模板&音库/音效/02_中文音效合集/大气深沉2【音效：紧张气氛片头转场渲染无损音效素材包】/Archetype_SFX/Archetype SFX MP3/04 - Glitches/Glitches - Analog/AN 26 Fast Pops.mp3	Archetype SFX（大气深沉2 · 紧张气氛片头转场渲染无损音效素材包）/04 - Glitches/Glitches - Analog/AN 26 Fast Pops.mp3	
/volume1/主目录/Collection/素材&模板&音库/音效/02_中文音效合集/大气深沉2【音效：紧张气氛片头转场渲染无损音效素材包】/Archetype_SFX/Archetype SFX MP3/04 - Glitches/Glitches - Analog/AN 16 Noise Glitch A.mp3	Archetype SFX（大气深沉2 · 紧张气氛片头转场渲染无损音效素材包）/04 - Glitches/Glitches - Analog/AN 16 Noise Glitch A.mp3	
/volume1/主目录/Collection/素材&模板&音库/音效/02_中文音效合集/大气深沉2【音效：紧张气氛片头转场渲染无损音效素材包】/Archetype_SFX/Archetype SFX MP3/04 - Glitches/Glitches - Analog/AN 05 Chatter Gate.mp3	Archetype SFX（大气深沉2 · 紧张气氛片头转场渲染无损音效素材包）/04 - Glitches/Glitches - Analog/AN 05 Chatter Gate.mp3	
/volume1/主目录/Collection/素材&模板&音库/音效/02_中文音效合集/大气深沉2【音效：紧张气氛片头转场渲染无损音效素材包】/Archetype_SFX/Archetype SFX MP3/04 - Glitches/Glitches - Analog/AN 03 Code Black C.mp3	Archetype SFX（大气深沉2 · 紧张气氛片头转场渲染无损音效素材包）/04 - Glitches/Glitches - Analog/AN 03 Code Black C.mp3	
/volume1/主目录/Collection/素材&模板&音库/音效/02_中文音效合集/大气深沉2【音效：紧张气氛片头转场渲染无损音效素材包】/Archetype_SFX/Archetype SFX MP3/04 - Glitches/Glitches - Analog/AN 10 Wrong Input.mp3	Archetype SFX（大气深沉2 · 紧张气氛片头转场渲染无损音效素材包）/04 - Glitches/Glitches - Analog/AN 10 Wrong Input.mp3	
/volume1/主目录/Collection/素材&模板&音库/音效/02_中文音效合集/大气深沉2【音效：紧张气氛片头转场渲染无损音效素材包】/Archetype_SFX/Archetype SFX MP3/04 - Glitches/Glitches - Analog/AN 02 Code Black B.mp3	Archetype SFX（大气深沉2 · 紧张气氛片头转场渲染无损音效素材包）/04 - Glitches/Glitches - Analog/AN 02 Code Black B.mp3	
/volume1/主目录/Collection/素材&模板&音库/音效/02_中文音效合集/大气深沉2【音效：紧张气氛片头转场渲染无损音效素材包】/Archetype_SFX/Archetype SFX MP3/04 - Glitches/Glitches - Analog/AN 18 Thumper A.mp3	Archetype SFX（大气深沉2 · 紧张气氛片头转场渲染无损音效素材包）/04 - Glitches/Glitches - Analog/AN 18 Thumper A.mp3	
/volume1/主目录/Collection/素材&模板&音库/音效/02_中文音效合集/大气深沉2【音效：紧张气氛片头转场渲染无损音效素材包】/Archetype_SFX/Archetype SFX MP3/04 - Glitches/Glitches - Analog/AN 31 Heartbeat Slow.mp3	Archetype SFX（大气深沉2 · 紧张气氛片头转场渲染无损音效素材包）/04 - Glitches/Glitches - Analog/AN 31 Heartbeat Slow.mp3	
/volume1/主目录/Collection/素材&模板&音库/音效/02_中文音效合集/大气深沉2【音效：紧张气氛片头转场渲染无损音效素材包】/Archetype_SFX/Archetype SFX MP3/04 - Glitches/Glitches - Analog/AN 04 Fat Glitch.mp3	Archetype SFX（大气深沉2 · 紧张气氛片头转场渲染无损音效素材包）/04 - Glitches/Glitches - Analog/AN 04 Fat Glitch.mp3	
/volume1/主目录/Collection/素材&模板&音库/音效/02_中文音效合集/大气深沉2【音效：紧张气氛片头转场渲染无损音效素材包】/Archetype_SFX/Archetype SFX MP3/04 - Glitches/Glitches - Analog/AN 15 Lines Dead B.mp3	Archetype SFX（大气深沉2 · 紧张气氛片头转场渲染无损音效素材包）/04 - Glitches/Glitches - Analog/AN 15 Lines Dead B.mp3	
/volume1/主目录/Collection/素材&模板&音库/音效/02_中文音效合集/大气深沉2【音效：紧张气氛片头转场渲染无损音效素材包】/Archetype_SFX/Archetype SFX MP3/04 - Glitches/Glitches - Analog/AN 32 Old Clock.mp3	Archetype SFX（大气深沉2 · 紧张气氛片头转场渲染无损音效素材包）/04 - Glitches/Glitches - Analog/AN 32 Old Clock.mp3	
/volume1/主目录/Collection/素材&模板&音库/音效/02_中文音效合集/大气深沉2【音效：紧张气氛片头转场渲染无损音效素材包】/Archetype_SFX/Archetype SFX MP3/04 - Glitches/Glitches - Analog/AN 19 Thumper B.mp3	Archetype SFX（大气深沉2 · 紧张气氛片头转场渲染无损音效素材包）/04 - Glitches/Glitches - Analog/AN 19 Thumper B.mp3	
/volume1/主目录/Collection/素材&模板&音库/音效/02_中文音效合集/大气深沉2【音效：紧张气氛片头转场渲染无损音效素材包】/Archetype_SFX/Archetype SFX MP3/04 - Glitches/Glitches - Analog/AN 33 Old Clock Fast.mp3	Archetype SFX（大气深沉2 · 紧张气氛片头转场渲染无损音效素材包）/04 - Glitches/Glitches - Analog/AN 33 Old Clock Fast.mp3	
/volume1/主目录/Collection/素材&模板&音库/音效/02_中文音效合集/大气深沉2【音效：紧张气氛片头转场渲染无损音效素材包】/Archetype_SFX/Archetype SFX MP3/04 - Glitches/Glitches - Analog/AN 34 Moments.mp3	Archetype SFX（大气深沉2 · 紧张气氛片头转场渲染无损音效素材包）/04 - Glitches/Glitches - Analog/AN 34 Moments.mp3	
/volume1/主目录/Collection/素材&模板&音库/音效/02_中文音效合集/大气深沉2【音效：紧张气氛片头转场渲染无损音效素材包】/Archetype_SFX/Archetype SFX MP3/04 - Glitches/Glitches - Analog/AN 17 Noise Glitch B.mp3	Archetype SFX（大气深沉2 · 紧张气氛片头转场渲染无损音效素材包）/04 - Glitches/Glitches - Analog/AN 17 Noise Glitch B.mp3	
/volume1/主目录/Collection/素材&模板&音库/音效/02_中文音效合集/大气深沉2【音效：紧张气氛片头转场渲染无损音效素材包】/Archetype_SFX/Archetype SFX MP3/04 - Glitches/Glitches - Analog/AN 20 Deep Pulse.mp3	Archetype SFX（大气深沉2 · 紧张气氛片头转场渲染无损音效素材包）/04 - Glitches/Glitches - Analog/AN 20 Deep Pulse.mp3	
/volume1/主目录/Collection/素材&模板&音库/音效/02_中文音效合集/大气深沉2【音效：紧张气氛片头转场渲染无损音效素材包】/Archetype_SFX/Archetype SFX MP3/04 - Glitches/Glitches - Analog/AN 06 Flutter Glitch.mp3	Archetype SFX（大气深沉2 · 紧张气氛片头转场渲染无损音效素材包）/04 - Glitches/Glitches - Analog/AN 06 Flutter Glitch.mp3	
/volume1/主目录/Collection/素材&模板&音库/音效/02_中文音效合集/大气深沉2【音效：紧张气氛片头转场渲染无损音效素材包】/Archetype_SFX/Archetype SFX MP3/04 - Glitches/Glitches - Analog/AN 14 Lines Dead A.mp3	Archetype SFX（大气深沉2 · 紧张气氛片头转场渲染无损音效素材包）/04 - Glitches/Glitches - Analog/AN 14 Lines Dead A.mp3	
/volume1/主目录/Collection/素材&模板&音库/音效/02_中文音效合集/大气深沉2【音效：紧张气氛片头转场渲染无损音效素材包】/Archetype_SFX/Archetype SFX MP3/04 - Glitches/Glitches - Analog/AN 11 Signal Decode.mp3	Archetype SFX（大气深沉2 · 紧张气氛片头转场渲染无损音效素材包）/04 - Glitches/Glitches - Analog/AN 11 Signal Decode.mp3	
/volume1/主目录/Collection/素材&模板&音库/音效/02_中文音效合集/大气深沉2【音效：紧张气氛片头转场渲染无损音效素材包】/Archetype_SFX/Archetype SFX MP3/04 - Glitches/Glitches - Analog/AN 24 Fast Clicks High.mp3	Archetype SFX（大气深沉2 · 紧张气氛片头转场渲染无损音效素材包）/04 - Glitches/Glitches - Analog/AN 24 Fast Clicks High.mp3	
/volume1/主目录/Collection/素材&模板&音库/音效/02_中文音效合集/大气深沉2【音效：紧张气氛片头转场渲染无损音效素材包】/Archetype_SFX/Archetype SFX MP3/04 - Glitches/Glitches - Analog/AN 27 Ticker Ramp.mp3	Archetype SFX（大气深沉2 · 紧张气氛片头转场渲染无损音效素材包）/04 - Glitches/Glitches - Analog/AN 27 Ticker Ramp.mp3	
/volume1/主目录/Collection/素材&模板&音库/音效/02_中文音效合集/大气深沉2【音效：紧张气氛片头转场渲染无损音效素材包】/Archetype_SFX/Archetype SFX MP3/04 - Glitches/Glitches - Distortion/DS 24 Fast Clicks High.mp3	Archetype SFX（大气深沉2 · 紧张气氛片头转场渲染无损音效素材包）/04 - Glitches/Glitches - Distortion/DS 24 Fast Clicks High.mp3	
/volume1/主目录/Collection/素材&模板&音库/音效/02_中文音效合集/大气深沉2【音效：紧张气氛片头转场渲染无损音效素材包】/Archetype_SFX/Archetype SFX MP3/04 - Glitches/Glitches - Distortion/DS 16 Noise Glitch A.mp3	Archetype SFX（大气深沉2 · 紧张气氛片头转场渲染无损音效素材包）/04 - Glitches/Glitches - Distortion/DS 16 Noise Glitch A.mp3	
/volume1/主目录/Collection/素材&模板&音库/音效/02_中文音效合集/大气深沉2【音效：紧张气氛片头转场渲染无损音效素材包】/Archetype_SFX/Archetype SFX MP3/04 - Glitches/Glitches - Distortion/DS 07 Erase.mp3	Archetype SFX（大气深沉2 · 紧张气氛片头转场渲染无损音效素材包）/04 - Glitches/Glitches - Distortion/DS 07 Erase.mp3	
/volume1/主目录/Collection/素材&模板&音库/音效/02_中文音效合集/大气深沉2【音效：紧张气氛片头转场渲染无损音效素材包】/Archetype_SFX/Archetype SFX MP3/04 - Glitches/Glitches - Distortion/DS 35 Decisions.mp3	Archetype SFX（大气深沉2 · 紧张气氛片头转场渲染无损音效素材包）/04 - Glitches/Glitches - Distortion/DS 35 Decisions.mp3	
/volume1/主目录/Collection/素材&模板&音库/音效/02_中文音效合集/大气深沉2【音效：紧张气氛片头转场渲染无损音效素材包】/Archetype_SFX/Archetype SFX MP3/04 - Glitches/Glitches - Distortion/DS 22 Exp Clicks.mp3	Archetype SFX（大气深沉2 · 紧张气氛片头转场渲染无损音效素材包）/04 - Glitches/Glitches - Distortion/DS 22 Exp Clicks.mp3	
/volume1/主目录/Collection/素材&模板&音库/音效/02_中文音效合集/大气深沉2【音效：紧张气氛片头转场渲染无损音效素材包】/Archetype_SFX/Archetype SFX MP3/04 - Glitches/Glitches - Distortion/DS 25 Exp Pops.mp3	Archetype SFX（大气深沉2 · 紧张气氛片头转场渲染无损音效素材包）/04 - Glitches/Glitches - Distortion/DS 25 Exp Pops.mp3	
/volume1/主目录/Collection/素材&模板&音库/音效/02_中文音效合集/大气深沉2【音效：紧张气氛片头转场渲染无损音效素材包】/Archetype_SFX/Archetype SFX MP3/04 - Glitches/Glitches - Distortion/DS 34 Moments.mp3	Archetype SFX（大气深沉2 · 紧张气氛片头转场渲染无损音效素材包）/04 - Glitches/Glitches - Distortion/DS 34 Moments.mp3	
/volume1/主目录/Collection/素材&模板&音库/音效/02_中文音效合集/大气深沉2【音效：紧张气氛片头转场渲染无损音效素材包】/Archetype_SFX/Archetype SFX MP3/04 - Glitches/Glitches - Distortion/DS 04 Fat Glitch.mp3	Archetype SFX（大气深沉2 · 紧张气氛片头转场渲染无损音效素材包）/04 - Glitches/Glitches - Distortion/DS 04 Fat Glitch.mp3	
/volume1/主目录/Collection/素材&模板&音库/音效/02_中文音效合集/大气深沉2【音效：紧张气氛片头转场渲染无损音效素材包】/Archetype_SFX/Archetype SFX MP3/04 - Glitches/Glitches - Distortion/DS 12 Last Word.mp3	Archetype SFX（大气深沉2 · 紧张气氛片头转场渲染无损音效素材包）/04 - Glitches/Glitches - Distortion/DS 12 Last Word.mp3	
/volume1/主目录/Collection/素材&模板&音库/音效/02_中文音效合集/大气深沉2【音效：紧张气氛片头转场渲染无损音效素材包】/Archetype_SFX/Archetype SFX MP3/04 - Glitches/Glitches - Distortion/DS 26 Fast Pops.mp3	Archetype SFX（大气深沉2 · 紧张气氛片头转场渲染无损音效素材包）/04 - Glitches/Glitches - Distortion/DS 26 Fast Pops.mp3	
/volume1/主目录/Collection/素材&模板&音库/音效/02_中文音效合集/大气深沉2【音效：紧张气氛片头转场渲染无损音效素材包】/Archetype_SFX/Archetype SFX MP3/04 - Glitches/Glitches - Distortion/DS 17 Noise Glitch B.mp3	Archetype SFX（大气深沉2 · 紧张气氛片头转场渲染无损音效素材包）/04 - Glitches/Glitches - Distortion/DS 17 Noise Glitch B.mp3	
/volume1/主目录/Collection/素材&模板&音库/音效/02_中文音效合集/大气深沉2【音效：紧张气氛片头转场渲染无损音效素材包】/Archetype_SFX/Archetype SFX MP3/04 - Glitches/Glitches - Distortion/DS 09 Dark Order B.mp3	Archetype SFX（大气深沉2 · 紧张气氛片头转场渲染无损音效素材包）/04 - Glitches/Glitches - Distortion/DS 09 Dark Order B.mp3	
/volume1/主目录/Collection/素材&模板&音库/音效/02_中文音效合集/大气深沉2【音效：紧张气氛片头转场渲染无损音效素材包】/Archetype_SFX/Archetype SFX MP3/04 - Glitches/Glitches - Distortion/DS 31 Heartbeat Slow.mp3	Archetype SFX（大气深沉2 · 紧张气氛片头转场渲染无损音效素材包）/04 - Glitches/Glitches - Distortion/DS 31 Heartbeat Slow.mp3	
/volume1/主目录/Collection/素材&模板&音库/音效/02_中文音效合集/大气深沉2【音效：紧张气氛片头转场渲染无损音效素材包】/Archetype_SFX/Archetype SFX MP3/04 - Glitches/Glitches - Distortion/DS 27 Ticker Ramp.mp3	Archetype SFX（大气深沉2 · 紧张气氛片头转场渲染无损音效素材包）/04 - Glitches/Glitches - Distortion/DS 27 Ticker Ramp.mp3	
/volume1/主目录/Collection/素材&模板&音库/音效/02_中文音效合集/大气深沉2【音效：紧张气氛片头转场渲染无损音效素材包】/Archetype_SFX/Archetype SFX MP3/04 - Glitches/Glitches - Distortion/DS 02 Code Black B.mp3	Archetype SFX（大气深沉2 · 紧张气氛片头转场渲染无损音效素材包）/04 - Glitches/Glitches - Distortion/DS 02 Code Black B.mp3	
/volume1/主目录/Collection/素材&模板&音库/音效/02_中文音效合集/大气深沉2【音效：紧张气氛片头转场渲染无损音效素材包】/Archetype_SFX/Archetype SFX MP3/04 - Glitches/Glitches - Distortion/DS 05 Chatter Gate.mp3	Archetype SFX（大气深沉2 · 紧张气氛片头转场渲染无损音效素材包）/04 - Glitches/Glitches - Distortion/DS 05 Chatter Gate.mp3	
/volume1/主目录/Collection/素材&模板&音库/音效/02_中文音效合集/大气深沉2【音效：紧张气氛片头转场渲染无损音效素材包】/Archetype_SFX/Archetype SFX MP3/04 - Glitches/Glitches - Distortion/DS 14 Lines Dead A.mp3	Archetype SFX（大气深沉2 · 紧张气氛片头转场渲染无损音效素材包）/04 - Glitches/Glitches - Distortion/DS 14 Lines Dead A.mp3	
/volume1/主目录/Collection/素材&模板&音库/音效/02_中文音效合集/大气深沉2【音效：紧张气氛片头转场渲染无损音效素材包】/Archetype_SFX/Archetype SFX MP3/04 - Glitches/Glitches - Distortion/DS 01 Code Black A.mp3	Archetype SFX（大气深沉2 · 紧张气氛片头转场渲染无损音效素材包）/04 - Glitches/Glitches - Distortion/DS 01 Code Black A.mp3	
/volume1/主目录/Collection/素材&模板&音库/音效/02_中文音效合集/大气深沉2【音效：紧张气氛片头转场渲染无损音效素材包】/Archetype_SFX/Archetype SFX MP3/04 - Glitches/Glitches - Distortion/DS 32 Old Clock.mp3	Archetype SFX（大气深沉2 · 紧张气氛片头转场渲染无损音效素材包）/04 - Glitches/Glitches - Distortion/DS 32 Old Clock.mp3	
/volume1/主目录/Collection/素材&模板&音库/音效/02_中文音效合集/大气深沉2【音效：紧张气氛片头转场渲染无损音效素材包】/Archetype_SFX/Archetype SFX MP3/04 - Glitches/Glitches - Distortion/DS 28 Ticker.mp3	Archetype SFX（大气深沉2 · 紧张气氛片头转场渲染无损音效素材包）/04 - Glitches/Glitches - Distortion/DS 28 Ticker.mp3	
/volume1/主目录/Collection/素材&模板&音库/音效/02_中文音效合集/大气深沉2【音效：紧张气氛片头转场渲染无损音效素材包】/Archetype_SFX/Archetype SFX MP3/04 - Glitches/Glitches - Distortion/DS 29 Ticker Fast.mp3	Archetype SFX（大气深沉2 · 紧张气氛片头转场渲染无损音效素材包）/04 - Glitches/Glitches - Distortion/DS 29 Ticker Fast.mp3	
/volume1/主目录/Collection/素材&模板&音库/音效/02_中文音效合集/大气深沉2【音效：紧张气氛片头转场渲染无损音效素材包】/Archetype_SFX/Archetype SFX MP3/04 - Glitches/Glitches - Distortion/DS 19 Thumper B.mp3	Archetype SFX（大气深沉2 · 紧张气氛片头转场渲染无损音效素材包）/04 - Glitches/Glitches - Distortion/DS 19 Thumper B.mp3	
/volume1/主目录/Collection/素材&模板&音库/音效/02_中文音效合集/大气深沉2【音效：紧张气氛片头转场渲染无损音效素材包】/Archetype_SFX/Archetype SFX MP3/04 - Glitches/Glitches - Distortion/DS 11 Signal Decode.mp3	Archetype SFX（大气深沉2 · 紧张气氛片头转场渲染无损音效素材包）/04 - Glitches/Glitches - Distortion/DS 11 Signal Decode.mp3	
/volume1/主目录/Collection/素材&模板&音库/音效/02_中文音效合集/大气深沉2【音效：紧张气氛片头转场渲染无损音效素材包】/Archetype_SFX/Archetype SFX MP3/04 - Glitches/Glitches - Distortion/DS 15 Lines Dead B.mp3	Archetype SFX（大气深沉2 · 紧张气氛片头转场渲染无损音效素材包）/04 - Glitches/Glitches - Distortion/DS 15 Lines Dead B.mp3	
/volume1/主目录/Collection/素材&模板&音库/音效/02_中文音效合集/大气深沉2【音效：紧张气氛片头转场渲染无损音效素材包】/Archetype_SFX/Archetype SFX MP3/04 - Glitches/Glitches - Distortion/DS 30 Heartbeat.mp3	Archetype SFX（大气深沉2 · 紧张气氛片头转场渲染无损音效素材包）/04 - Glitches/Glitches - Distortion/DS 30 Heartbeat.mp3	
/volume1/主目录/Collection/素材&模板&音库/音效/02_中文音效合集/大气深沉2【音效：紧张气氛片头转场渲染无损音效素材包】/Archetype_SFX/Archetype SFX MP3/04 - Glitches/Glitches - Distortion/DS 18 Thumper A.mp3	Archetype SFX（大气深沉2 · 紧张气氛片头转场渲染无损音效素材包）/04 - Glitches/Glitches - Distortion/DS 18 Thumper A.mp3	
/volume1/主目录/Collection/素材&模板&音库/音效/02_中文音效合集/大气深沉2【音效：紧张气氛片头转场渲染无损音效素材包】/Archetype_SFX/Archetype SFX MP3/04 - Glitches/Glitches - Distortion/DS 08 Dark Order A.mp3	Archetype SFX（大气深沉2 · 紧张气氛片头转场渲染无损音效素材包）/04 - Glitches/Glitches - Distortion/DS 08 Dark Order A.mp3	
/volume1/主目录/Collection/素材&模板&音库/音效/02_中文音效合集/大气深沉2【音效：紧张气氛片头转场渲染无损音效素材包】/Archetype_SFX/Archetype SFX MP3/04 - Glitches/Glitches - Distortion/DS 13 Subtle Glitch.mp3	Archetype SFX（大气深沉2 · 紧张气氛片头转场渲染无损音效素材包）/04 - Glitches/Glitches - Distortion/DS 13 Subtle Glitch.mp3	
/volume1/主目录/Collection/素材&模板&音库/音效/02_中文音效合集/大气深沉2【音效：紧张气氛片头转场渲染无损音效素材包】/Archetype_SFX/Archetype SFX MP3/04 - Glitches/Glitches - Distortion/DS 06 Flutter Glitch.mp3	Archetype SFX（大气深沉2 · 紧张气氛片头转场渲染无损音效素材包）/04 - Glitches/Glitches - Distortion/DS 06 Flutter Glitch.mp3	
/volume1/主目录/Collection/素材&模板&音库/音效/02_中文音效合集/大气深沉2【音效：紧张气氛片头转场渲染无损音效素材包】/Archetype_SFX/Archetype SFX MP3/04 - Glitches/Glitches - Distortion/DS 20 Deep Pulse.mp3	Archetype SFX（大气深沉2 · 紧张气氛片头转场渲染无损音效素材包）/04 - Glitches/Glitches - Distortion/DS 20 Deep Pulse.mp3	
/volume1/主目录/Collection/素材&模板&音库/音效/02_中文音效合集/大气深沉2【音效：紧张气氛片头转场渲染无损音效素材包】/Archetype_SFX/Archetype SFX MP3/04 - Glitches/Glitches - Distortion/DS 21 Dark Range.mp3	Archetype SFX（大气深沉2 · 紧张气氛片头转场渲染无损音效素材包）/04 - Glitches/Glitches - Distortion/DS 21 Dark Range.mp3	
/volume1/主目录/Collection/素材&模板&音库/音效/02_中文音效合集/大气深沉2【音效：紧张气氛片头转场渲染无损音效素材包】/Archetype_SFX/Archetype SFX MP3/04 - Glitches/Glitches - Distortion/DS 23 Fast Clicks Low.mp3	Archetype SFX（大气深沉2 · 紧张气氛片头转场渲染无损音效素材包）/04 - Glitches/Glitches - Distortion/DS 23 Fast Clicks Low.mp3	
/volume1/主目录/Collection/素材&模板&音库/音效/02_中文音效合集/大气深沉2【音效：紧张气氛片头转场渲染无损音效素材包】/Archetype_SFX/Archetype SFX MP3/04 - Glitches/Glitches - Distortion/DS 33 Old Clock Fast.mp3	Archetype SFX（大气深沉2 · 紧张气氛片头转场渲染无损音效素材包）/04 - Glitches/Glitches - Distortion/DS 33 Old Clock Fast.mp3	
/volume1/主目录/Collection/素材&模板&音库/音效/02_中文音效合集/大气深沉2【音效：紧张气氛片头转场渲染无损音效素材包】/Archetype_SFX/Archetype SFX MP3/04 - Glitches/Glitches - Distortion/DS 10 Wrong Input.mp3	Archetype SFX（大气深沉2 · 紧张气氛片头转场渲染无损音效素材包）/04 - Glitches/Glitches - Distortion/DS 10 Wrong Input.mp3	
/volume1/主目录/Collection/素材&模板&音库/音效/02_中文音效合集/大气深沉2【音效：紧张气氛片头转场渲染无损音效素材包】/Archetype_SFX/Archetype SFX MP3/04 - Glitches/Glitches - Distortion/DS 03 Code Black C.mp3	Archetype SFX（大气深沉2 · 紧张气氛片头转场渲染无损音效素材包）/04 - Glitches/Glitches - Distortion/DS 03 Code Black C.mp3	
/volume1/主目录/Collection/素材&模板&音库/音效/02_中文音效合集/大气深沉2【音效：紧张气氛片头转场渲染无损音效素材包】/Archetype_SFX/Archetype SFX MP3/04 - Glitches/Glitches - Space/SP 07 Erase.mp3	Archetype SFX（大气深沉2 · 紧张气氛片头转场渲染无损音效素材包）/04 - Glitches/Glitches - Space/SP 07 Erase.mp3	
/volume1/主目录/Collection/素材&模板&音库/音效/02_中文音效合集/大气深沉2【音效：紧张气氛片头转场渲染无损音效素材包】/Archetype_SFX/Archetype SFX MP3/04 - Glitches/Glitches - Space/SP 31 Heartbeat Slow.mp3	Archetype SFX（大气深沉2 · 紧张气氛片头转场渲染无损音效素材包）/04 - Glitches/Glitches - Space/SP 31 Heartbeat Slow.mp3	
/volume1/主目录/Collection/素材&模板&音库/音效/02_中文音效合集/大气深沉2【音效：紧张气氛片头转场渲染无损音效素材包】/Archetype_SFX/Archetype SFX MP3/04 - Glitches/Glitches - Space/SP 14 Lines Dead A.mp3	Archetype SFX（大气深沉2 · 紧张气氛片头转场渲染无损音效素材包）/04 - Glitches/Glitches - Space/SP 14 Lines Dead A.mp3	
/volume1/主目录/Collection/素材&模板&音库/音效/02_中文音效合集/大气深沉2【音效：紧张气氛片头转场渲染无损音效素材包】/Archetype_SFX/Archetype SFX MP3/04 - Glitches/Glitches - Space/SP 16 Noise Glitch A.mp3	Archetype SFX（大气深沉2 · 紧张气氛片头转场渲染无损音效素材包）/04 - Glitches/Glitches - Space/SP 16 Noise Glitch A.mp3	
/volume1/主目录/Collection/素材&模板&音库/音效/02_中文音效合集/大气深沉2【音效：紧张气氛片头转场渲染无损音效素材包】/Archetype_SFX/Archetype SFX MP3/04 - Glitches/Glitches - Space/SP 03 Code Black C.mp3	Archetype SFX（大气深沉2 · 紧张气氛片头转场渲染无损音效素材包）/04 - Glitches/Glitches - Space/SP 03 Code Black C.mp3	
/volume1/主目录/Collection/素材&模板&音库/音效/02_中文音效合集/大气深沉2【音效：紧张气氛片头转场渲染无损音效素材包】/Archetype_SFX/Archetype SFX MP3/04 - Glitches/Glitches - Space/SP 04 Fat Glitch.mp3	Archetype SFX（大气深沉2 · 紧张气氛片头转场渲染无损音效素材包）/04 - Glitches/Glitches - Space/SP 04 Fat Glitch.mp3	
/volume1/主目录/Collection/素材&模板&音库/音效/02_中文音效合集/大气深沉2【音效：紧张气氛片头转场渲染无损音效素材包】/Archetype_SFX/Archetype SFX MP3/04 - Glitches/Glitches - Space/SP 32 Old Clock.mp3	Archetype SFX（大气深沉2 · 紧张气氛片头转场渲染无损音效素材包）/04 - Glitches/Glitches - Space/SP 32 Old Clock.mp3	
/volume1/主目录/Collection/素材&模板&音库/音效/02_中文音效合集/大气深沉2【音效：紧张气氛片头转场渲染无损音效素材包】/Archetype_SFX/Archetype SFX MP3/04 - Glitches/Glitches - Space/SP 29 Ticker Fast.mp3	Archetype SFX（大气深沉2 · 紧张气氛片头转场渲染无损音效素材包）/04 - Glitches/Glitches - Space/SP 29 Ticker Fast.mp3	
/volume1/主目录/Collection/素材&模板&音库/音效/02_中文音效合集/大气深沉2【音效：紧张气氛片头转场渲染无损音效素材包】/Archetype_SFX/Archetype SFX MP3/04 - Glitches/Glitches - Space/SP 09 Dark Order B.mp3	Archetype SFX（大气深沉2 · 紧张气氛片头转场渲染无损音效素材包）/04 - Glitches/Glitches - Space/SP 09 Dark Order B.mp3	
/volume1/主目录/Collection/素材&模板&音库/音效/02_中文音效合集/大气深沉2【音效：紧张气氛片头转场渲染无损音效素材包】/Archetype_SFX/Archetype SFX MP3/04 - Glitches/Glitches - Space/SP 35 Decisions.mp3	Archetype SFX（大气深沉2 · 紧张气氛片头转场渲染无损音效素材包）/04 - Glitches/Glitches - Space/SP 35 Decisions.mp3	
/volume1/主目录/Collection/素材&模板&音库/音效/02_中文音效合集/大气深沉2【音效：紧张气氛片头转场渲染无损音效素材包】/Archetype_SFX/Archetype SFX MP3/04 - Glitches/Glitches - Space/SP 30 Heartbeat.mp3	Archetype SFX（大气深沉2 · 紧张气氛片头转场渲染无损音效素材包）/04 - Glitches/Glitches - Space/SP 30 Heartbeat.mp3	
/volume1/主目录/Collection/素材&模板&音库/音效/02_中文音效合集/大气深沉2【音效：紧张气氛片头转场渲染无损音效素材包】/Archetype_SFX/Archetype SFX MP3/04 - Glitches/Glitches - Space/SP 19 Thumper B.mp3	Archetype SFX（大气深沉2 · 紧张气氛片头转场渲染无损音效素材包）/04 - Glitches/Glitches - Space/SP 19 Thumper B.mp3	
/volume1/主目录/Collection/素材&模板&音库/音效/02_中文音效合集/大气深沉2【音效：紧张气氛片头转场渲染无损音效素材包】/Archetype_SFX/Archetype SFX MP3/04 - Glitches/Glitches - Space/SP 33 Old Clock Fast.mp3	Archetype SFX（大气深沉2 · 紧张气氛片头转场渲染无损音效素材包）/04 - Glitches/Glitches - Space/SP 33 Old Clock Fast.mp3	
/volume1/主目录/Collection/素材&模板&音库/音效/02_中文音效合集/大气深沉2【音效：紧张气氛片头转场渲染无损音效素材包】/Archetype_SFX/Archetype SFX MP3/04 - Glitches/Glitches - Space/SP 27 Ticker Ramp.mp3	Archetype SFX（大气深沉2 · 紧张气氛片头转场渲染无损音效素材包）/04 - Glitches/Glitches - Space/SP 27 Ticker Ramp.mp3	
/volume1/主目录/Collection/素材&模板&音库/音效/02_中文音效合集/大气深沉2【音效：紧张气氛片头转场渲染无损音效素材包】/Archetype_SFX/Archetype SFX MP3/04 - Glitches/Glitches - Space/SP 17 Noise Glitch B.mp3	Archetype SFX（大气深沉2 · 紧张气氛片头转场渲染无损音效素材包）/04 - Glitches/Glitches - Space/SP 17 Noise Glitch B.mp3	
/volume1/主目录/Collection/素材&模板&音库/音效/02_中文音效合集/大气深沉2【音效：紧张气氛片头转场渲染无损音效素材包】/Archetype_SFX/Archetype SFX MP3/04 - Glitches/Glitches - Space/SP 20 Deep Pulse.mp3	Archetype SFX（大气深沉2 · 紧张气氛片头转场渲染无损音效素材包）/04 - Glitches/Glitches - Space/SP 20 Deep Pulse.mp3	
/volume1/主目录/Collection/素材&模板&音库/音效/02_中文音效合集/大气深沉2【音效：紧张气氛片头转场渲染无损音效素材包】/Archetype_SFX/Archetype SFX MP3/04 - Glitches/Glitches - Space/SP 12 Last Word.mp3	Archetype SFX（大气深沉2 · 紧张气氛片头转场渲染无损音效素材包）/04 - Glitches/Glitches - Space/SP 12 Last Word.mp3	
/volume1/主目录/Collection/素材&模板&音库/音效/02_中文音效合集/大气深沉2【音效：紧张气氛片头转场渲染无损音效素材包】/Archetype_SFX/Archetype SFX MP3/04 - Glitches/Glitches - Space/SP 15 Lines Dead B.mp3	Archetype SFX（大气深沉2 · 紧张气氛片头转场渲染无损音效素材包）/04 - Glitches/Glitches - Space/SP 15 Lines Dead B.mp3	
/volume1/主目录/Collection/素材&模板&音库/音效/02_中文音效合集/大气深沉2【音效：紧张气氛片头转场渲染无损音效素材包】/Archetype_SFX/Archetype SFX MP3/04 - Glitches/Glitches - Space/SP 08 Dark Order A.mp3	Archetype SFX（大气深沉2 · 紧张气氛片头转场渲染无损音效素材包）/04 - Glitches/Glitches - Space/SP 08 Dark Order A.mp3	
/volume1/主目录/Collection/素材&模板&音库/音效/02_中文音效合集/大气深沉2【音效：紧张气氛片头转场渲染无损音效素材包】/Archetype_SFX/Archetype SFX MP3/04 - Glitches/Glitches - Space/SP 34 Moments.mp3	Archetype SFX（大气深沉2 · 紧张气氛片头转场渲染无损音效素材包）/04 - Glitches/Glitches - Space/SP 34 Moments.mp3	
/volume1/主目录/Collection/素材&模板&音库/音效/02_中文音效合集/大气深沉2【音效：紧张气氛片头转场渲染无损音效素材包】/Archetype_SFX/Archetype SFX MP3/04 - Glitches/Glitches - Space/SP 11 Signal Decode.mp3	Archetype SFX（大气深沉2 · 紧张气氛片头转场渲染无损音效素材包）/04 - Glitches/Glitches - Space/SP 11 Signal Decode.mp3	
/volume1/主目录/Collection/素材&模板&音库/音效/02_中文音效合集/大气深沉2【音效：紧张气氛片头转场渲染无损音效素材包】/Archetype_SFX/Archetype SFX MP3/04 - Glitches/Glitches - Space/SP 02 Code Black B.mp3	Archetype SFX（大气深沉2 · 紧张气氛片头转场渲染无损音效素材包）/04 - Glitches/Glitches - Space/SP 02 Code Black B.mp3	
/volume1/主目录/Collection/素材&模板&音库/音效/02_中文音效合集/大气深沉2【音效：紧张气氛片头转场渲染无损音效素材包】/Archetype_SFX/Archetype SFX MP3/04 - Glitches/Glitches - Space/SP 21 Dark Range.mp3	Archetype SFX（大气深沉2 · 紧张气氛片头转场渲染无损音效素材包）/04 - Glitches/Glitches - Space/SP 21 Dark Range.mp3	
/volume1/主目录/Collection/素材&模板&音库/音效/02_中文音效合集/大气深沉2【音效：紧张气氛片头转场渲染无损音效素材包】/Archetype_SFX/Archetype SFX MP3/04 - Glitches/Glitches - Space/SP 06 Flutter Glitch.mp3	Archetype SFX（大气深沉2 · 紧张气氛片头转场渲染无损音效素材包）/04 - Glitches/Glitches - Space/SP 06 Flutter Glitch.mp3	
/volume1/主目录/Collection/素材&模板&音库/音效/02_中文音效合集/大气深沉2【音效：紧张气氛片头转场渲染无损音效素材包】/Archetype_SFX/Archetype SFX MP3/04 - Glitches/Glitches - Space/SP 22 Exp Clicks.mp3	Archetype SFX（大气深沉2 · 紧张气氛片头转场渲染无损音效素材包）/04 - Glitches/Glitches - Space/SP 22 Exp Clicks.mp3	
/volume1/主目录/Collection/素材&模板&音库/音效/02_中文音效合集/大气深沉2【音效：紧张气氛片头转场渲染无损音效素材包】/Archetype_SFX/Archetype SFX MP3/04 - Glitches/Glitches - Space/SP 13 Subtle Glitch.mp3	Archetype SFX（大气深沉2 · 紧张气氛片头转场渲染无损音效素材包）/04 - Glitches/Glitches - Space/SP 13 Subtle Glitch.mp3	
/volume1/主目录/Collection/素材&模板&音库/音效/02_中文音效合集/大气深沉2【音效：紧张气氛片头转场渲染无损音效素材包】/Archetype_SFX/Archetype SFX MP3/04 - Glitches/Glitches - Space/SP 23 Fast Clicks Low.mp3	Archetype SFX（大气深沉2 · 紧张气氛片头转场渲染无损音效素材包）/04 - Glitches/Glitches - Space/SP 23 Fast Clicks Low.mp3	
/volume1/主目录/Collection/素材&模板&音库/音效/02_中文音效合集/大气深沉2【音效：紧张气氛片头转场渲染无损音效素材包】/Archetype_SFX/Archetype SFX MP3/04 - Glitches/Glitches - Space/SP 10 Wrong Input.mp3	Archetype SFX（大气深沉2 · 紧张气氛片头转场渲染无损音效素材包）/04 - Glitches/Glitches - Space/SP 10 Wrong Input.mp3	
/volume1/主目录/Collection/素材&模板&音库/音效/02_中文音效合集/大气深沉2【音效：紧张气氛片头转场渲染无损音效素材包】/Archetype_SFX/Archetype SFX MP3/04 - Glitches/Glitches - Space/SP 26 Fast Pops.mp3	Archetype SFX（大气深沉2 · 紧张气氛片头转场渲染无损音效素材包）/04 - Glitches/Glitches - Space/SP 26 Fast Pops.mp3	
/volume1/主目录/Collection/素材&模板&音库/音效/02_中文音效合集/大气深沉2【音效：紧张气氛片头转场渲染无损音效素材包】/Archetype_SFX/Archetype SFX MP3/04 - Glitches/Glitches - Space/SP 25 Exp Pops.mp3	Archetype SFX（大气深沉2 · 紧张气氛片头转场渲染无损音效素材包）/04 - Glitches/Glitches - Space/SP 25 Exp Pops.mp3	
/volume1/主目录/Collection/素材&模板&音库/音效/02_中文音效合集/大气深沉2【音效：紧张气氛片头转场渲染无损音效素材包】/Archetype_SFX/Archetype SFX MP3/04 - Glitches/Glitches - Space/SP 24 Fast Clicks High.mp3	Archetype SFX（大气深沉2 · 紧张气氛片头转场渲染无损音效素材包）/04 - Glitches/Glitches - Space/SP 24 Fast Clicks High.mp3	
/volume1/主目录/Collection/素材&模板&音库/音效/02_中文音效合集/大气深沉2【音效：紧张气氛片头转场渲染无损音效素材包】/Archetype_SFX/Archetype SFX MP3/04 - Glitches/Glitches - Space/SP 28 Ticker.mp3	Archetype SFX（大气深沉2 · 紧张气氛片头转场渲染无损音效素材包）/04 - Glitches/Glitches - Space/SP 28 Ticker.mp3	
/volume1/主目录/Collection/素材&模板&音库/音效/02_中文音效合集/大气深沉2【音效：紧张气氛片头转场渲染无损音效素材包】/Archetype_SFX/Archetype SFX MP3/04 - Glitches/Glitches - Space/SP 05 Chatter Gate.mp3	Archetype SFX（大气深沉2 · 紧张气氛片头转场渲染无损音效素材包）/04 - Glitches/Glitches - Space/SP 05 Chatter Gate.mp3	
/volume1/主目录/Collection/素材&模板&音库/音效/02_中文音效合集/大气深沉2【音效：紧张气氛片头转场渲染无损音效素材包】/Archetype_SFX/Archetype SFX MP3/04 - Glitches/Glitches - Space/SP 01 Code Black A.mp3	Archetype SFX（大气深沉2 · 紧张气氛片头转场渲染无损音效素材包）/04 - Glitches/Glitches - Space/SP 01 Code Black A.mp3	
/volume1/主目录/Collection/素材&模板&音库/音效/02_中文音效合集/大气深沉2【音效：紧张气氛片头转场渲染无损音效素材包】/Archetype_SFX/Archetype SFX MP3/04 - Glitches/Glitches - Space/SP 18 Thumper A.mp3	Archetype SFX（大气深沉2 · 紧张气氛片头转场渲染无损音效素材包）/04 - Glitches/Glitches - Space/SP 18 Thumper A.mp3	
/volume1/主目录/Collection/素材&模板&音库/音效/02_中文音效合集/大气深沉2【音效：紧张气氛片头转场渲染无损音效素材包】/Archetype_SFX/Archetype SFX MP3/04 - Glitches/Glitches - Silk/SL 04 Fat Glitch.mp3	Archetype SFX（大气深沉2 · 紧张气氛片头转场渲染无损音效素材包）/04 - Glitches/Glitches - Silk/SL 04 Fat Glitch.mp3	
/volume1/主目录/Collection/素材&模板&音库/音效/02_中文音效合集/大气深沉2【音效：紧张气氛片头转场渲染无损音效素材包】/Archetype_SFX/Archetype SFX MP3/04 - Glitches/Glitches - Silk/SL 09 Dark Order B.mp3	Archetype SFX（大气深沉2 · 紧张气氛片头转场渲染无损音效素材包）/04 - Glitches/Glitches - Silk/SL 09 Dark Order B.mp3	
/volume1/主目录/Collection/素材&模板&音库/音效/02_中文音效合集/大气深沉2【音效：紧张气氛片头转场渲染无损音效素材包】/Archetype_SFX/Archetype SFX MP3/04 - Glitches/Glitches - Silk/SL 20 Deep Pulse.mp3	Archetype SFX（大气深沉2 · 紧张气氛片头转场渲染无损音效素材包）/04 - Glitches/Glitches - Silk/SL 20 Deep Pulse.mp3	
/volume1/主目录/Collection/素材&模板&音库/音效/02_中文音效合集/大气深沉2【音效：紧张气氛片头转场渲染无损音效素材包】/Archetype_SFX/Archetype SFX MP3/04 - Glitches/Glitches - Silk/SL 30 Heartbeat.mp3	Archetype SFX（大气深沉2 · 紧张气氛片头转场渲染无损音效素材包）/04 - Glitches/Glitches - Silk/SL 30 Heartbeat.mp3	
/volume1/主目录/Collection/素材&模板&音库/音效/02_中文音效合集/大气深沉2【音效：紧张气氛片头转场渲染无损音效素材包】/Archetype_SFX/Archetype SFX MP3/04 - Glitches/Glitches - Silk/SL 34 Moments.mp3	Archetype SFX（大气深沉2 · 紧张气氛片头转场渲染无损音效素材包）/04 - Glitches/Glitches - Silk/SL 34 Moments.mp3	
/volume1/主目录/Collection/素材&模板&音库/音效/02_中文音效合集/大气深沉2【音效：紧张气氛片头转场渲染无损音效素材包】/Archetype_SFX/Archetype SFX MP3/04 - Glitches/Glitches - Silk/SL 27 Ticker Ramp.mp3	Archetype SFX（大气深沉2 · 紧张气氛片头转场渲染无损音效素材包）/04 - Glitches/Glitches - Silk/SL 27 Ticker Ramp.mp3	
/volume1/主目录/Collection/素材&模板&音库/音效/02_中文音效合集/大气深沉2【音效：紧张气氛片头转场渲染无损音效素材包】/Archetype_SFX/Archetype SFX MP3/04 - Glitches/Glitches - Silk/SL 32 Old Clock.mp3	Archetype SFX（大气深沉2 · 紧张气氛片头转场渲染无损音效素材包）/04 - Glitches/Glitches - Silk/SL 32 Old Clock.mp3	
/volume1/主目录/Collection/素材&模板&音库/音效/02_中文音效合集/大气深沉2【音效：紧张气氛片头转场渲染无损音效素材包】/Archetype_SFX/Archetype SFX MP3/04 - Glitches/Glitches - Silk/SL 23 Fast Clicks Low.mp3	Archetype SFX（大气深沉2 · 紧张气氛片头转场渲染无损音效素材包）/04 - Glitches/Glitches - Silk/SL 23 Fast Clicks Low.mp3	
/volume1/主目录/Collection/素材&模板&音库/音效/02_中文音效合集/大气深沉2【音效：紧张气氛片头转场渲染无损音效素材包】/Archetype_SFX/Archetype SFX MP3/04 - Glitches/Glitches - Silk/SL 28 Ticker.mp3	Archetype SFX（大气深沉2 · 紧张气氛片头转场渲染无损音效素材包）/04 - Glitches/Glitches - Silk/SL 28 Ticker.mp3	
/volume1/主目录/Collection/素材&模板&音库/音效/02_中文音效合集/大气深沉2【音效：紧张气氛片头转场渲染无损音效素材包】/Archetype_SFX/Archetype SFX MP3/04 - Glitches/Glitches - Silk/SL 02 Code Black B.mp3	Archetype SFX（大气深沉2 · 紧张气氛片头转场渲染无损音效素材包）/04 - Glitches/Glitches - Silk/SL 02 Code Black B.mp3	
/volume1/主目录/Collection/素材&模板&音库/音效/02_中文音效合集/大气深沉2【音效：紧张气氛片头转场渲染无损音效素材包】/Archetype_SFX/Archetype SFX MP3/04 - Glitches/Glitches - Silk/SL 26 Fast Pops.mp3	Archetype SFX（大气深沉2 · 紧张气氛片头转场渲染无损音效素材包）/04 - Glitches/Glitches - Silk/SL 26 Fast Pops.mp3	
/volume1/主目录/Collection/素材&模板&音库/音效/02_中文音效合集/大气深沉2【音效：紧张气氛片头转场渲染无损音效素材包】/Archetype_SFX/Archetype SFX MP3/04 - Glitches/Glitches - Silk/SL 19 Thumper B.mp3	Archetype SFX（大气深沉2 · 紧张气氛片头转场渲染无损音效素材包）/04 - Glitches/Glitches - Silk/SL 19 Thumper B.mp3	
/volume1/主目录/Collection/素材&模板&音库/音效/02_中文音效合集/大气深沉2【音效：紧张气氛片头转场渲染无损音效素材包】/Archetype_SFX/Archetype SFX MP3/04 - Glitches/Glitches - Silk/SL 33 Old Clock Fast.mp3	Archetype SFX（大气深沉2 · 紧张气氛片头转场渲染无损音效素材包）/04 - Glitches/Glitches - Silk/SL 33 Old Clock Fast.mp3	
/volume1/主目录/Collection/素材&模板&音库/音效/02_中文音效合集/大气深沉2【音效：紧张气氛片头转场渲染无损音效素材包】/Archetype_SFX/Archetype SFX MP3/04 - Glitches/Glitches - Silk/SL 13 Subtle Glitch.mp3	Archetype SFX（大气深沉2 · 紧张气氛片头转场渲染无损音效素材包）/04 - Glitches/Glitches - Silk/SL 13 Subtle Glitch.mp3	
/volume1/主目录/Collection/素材&模板&音库/音效/02_中文音效合集/大气深沉2【音效：紧张气氛片头转场渲染无损音效素材包】/Archetype_SFX/Archetype SFX MP3/04 - Glitches/Glitches - Silk/SL 17 Noise Glitch B.mp3	Archetype SFX（大气深沉2 · 紧张气氛片头转场渲染无损音效素材包）/04 - Glitches/Glitches - Silk/SL 17 Noise Glitch B.mp3	
/volume1/主目录/Collection/素材&模板&音库/音效/02_中文音效合集/大气深沉2【音效：紧张气氛片头转场渲染无损音效素材包】/Archetype_SFX/Archetype SFX MP3/04 - Glitches/Glitches - Silk/SL 01 Code Black A.mp3	Archetype SFX（大气深沉2 · 紧张气氛片头转场渲染无损音效素材包）/04 - Glitches/Glitches - Silk/SL 01 Code Black A.mp3	
/volume1/主目录/Collection/素材&模板&音库/音效/02_中文音效合集/大气深沉2【音效：紧张气氛片头转场渲染无损音效素材包】/Archetype_SFX/Archetype SFX MP3/04 - Glitches/Glitches - Silk/SL 12 Last Word.mp3	Archetype SFX（大气深沉2 · 紧张气氛片头转场渲染无损音效素材包）/04 - Glitches/Glitches - Silk/SL 12 Last Word.mp3	
/volume1/主目录/Collection/素材&模板&音库/音效/02_中文音效合集/大气深沉2【音效：紧张气氛片头转场渲染无损音效素材包】/Archetype_SFX/Archetype SFX MP3/04 - Glitches/Glitches - Silk/SL 16 Noise Glitch A.mp3	Archetype SFX（大气深沉2 · 紧张气氛片头转场渲染无损音效素材包）/04 - Glitches/Glitches - Silk/SL 16 Noise Glitch A.mp3	
/volume1/主目录/Collection/素材&模板&音库/音效/02_中文音效合集/大气深沉2【音效：紧张气氛片头转场渲染无损音效素材包】/Archetype_SFX/Archetype SFX MP3/04 - Glitches/Glitches - Silk/SL 24 Fast Clicks High.mp3	Archetype SFX（大气深沉2 · 紧张气氛片头转场渲染无损音效素材包）/04 - Glitches/Glitches - Silk/SL 24 Fast Clicks High.mp3	
/volume1/主目录/Collection/素材&模板&音库/音效/02_中文音效合集/大气深沉2【音效：紧张气氛片头转场渲染无损音效素材包】/Archetype_SFX/Archetype SFX MP3/04 - Glitches/Glitches - Silk/SL 35 Decisions.mp3	Archetype SFX（大气深沉2 · 紧张气氛片头转场渲染无损音效素材包）/04 - Glitches/Glitches - Silk/SL 35 Decisions.mp3	
/volume1/主目录/Collection/素材&模板&音库/音效/02_中文音效合集/大气深沉2【音效：紧张气氛片头转场渲染无损音效素材包】/Archetype_SFX/Archetype SFX MP3/04 - Glitches/Glitches - Silk/SL 03 Code Black C.mp3	Archetype SFX（大气深沉2 · 紧张气氛片头转场渲染无损音效素材包）/04 - Glitches/Glitches - Silk/SL 03 Code Black C.mp3	
/volume1/主目录/Collection/素材&模板&音库/音效/02_中文音效合集/大气深沉2【音效：紧张气氛片头转场渲染无损音效素材包】/Archetype_SFX/Archetype SFX MP3/04 - Glitches/Glitches - Silk/SL 08 Dark Order A.mp3	Archetype SFX（大气深沉2 · 紧张气氛片头转场渲染无损音效素材包）/04 - Glitches/Glitches - Silk/SL 08 Dark Order A.mp3	
/volume1/主目录/Collection/素材&模板&音库/音效/02_中文音效合集/大气深沉2【音效：紧张气氛片头转场渲染无损音效素材包】/Archetype_SFX/Archetype SFX MP3/04 - Glitches/Glitches - Silk/SL 14 Lines Dead A.mp3	Archetype SFX（大气深沉2 · 紧张气氛片头转场渲染无损音效素材包）/04 - Glitches/Glitches - Silk/SL 14 Lines Dead A.mp3	
/volume1/主目录/Collection/素材&模板&音库/音效/02_中文音效合集/大气深沉2【音效：紧张气氛片头转场渲染无损音效素材包】/Archetype_SFX/Archetype SFX MP3/04 - Glitches/Glitches - Silk/SL 05 Chatter Gate.mp3	Archetype SFX（大气深沉2 · 紧张气氛片头转场渲染无损音效素材包）/04 - Glitches/Glitches - Silk/SL 05 Chatter Gate.mp3	
/volume1/主目录/Collection/素材&模板&音库/音效/02_中文音效合集/大气深沉2【音效：紧张气氛片头转场渲染无损音效素材包】/Archetype_SFX/Archetype SFX MP3/04 - Glitches/Glitches - Silk/SL 29 Ticker Fast.mp3	Archetype SFX（大气深沉2 · 紧张气氛片头转场渲染无损音效素材包）/04 - Glitches/Glitches - Silk/SL 29 Ticker Fast.mp3	
/volume1/主目录/Collection/素材&模板&音库/音效/02_中文音效合集/大气深沉2【音效：紧张气氛片头转场渲染无损音效素材包】/Archetype_SFX/Archetype SFX MP3/04 - Glitches/Glitches - Silk/SL 07 Erase.mp3	Archetype SFX（大气深沉2 · 紧张气氛片头转场渲染无损音效素材包）/04 - Glitches/Glitches - Silk/SL 07 Erase.mp3	
/volume1/主目录/Collection/素材&模板&音库/音效/02_中文音效合集/大气深沉2【音效：紧张气氛片头转场渲染无损音效素材包】/Archetype_SFX/Archetype SFX MP3/04 - Glitches/Glitches - Silk/SL 21 Dark Range.mp3	Archetype SFX（大气深沉2 · 紧张气氛片头转场渲染无损音效素材包）/04 - Glitches/Glitches - Silk/SL 21 Dark Range.mp3	
/volume1/主目录/Collection/素材&模板&音库/音效/02_中文音效合集/大气深沉2【音效：紧张气氛片头转场渲染无损音效素材包】/Archetype_SFX/Archetype SFX MP3/04 - Glitches/Glitches - Silk/SL 15 Lines Dead B.mp3	Archetype SFX（大气深沉2 · 紧张气氛片头转场渲染无损音效素材包）/04 - Glitches/Glitches - Silk/SL 15 Lines Dead B.mp3	
/volume1/主目录/Collection/素材&模板&音库/音效/02_中文音效合集/大气深沉2【音效：紧张气氛片头转场渲染无损音效素材包】/Archetype_SFX/Archetype SFX MP3/04 - Glitches/Glitches - Silk/SL 10 Wrong Input.mp3	Archetype SFX（大气深沉2 · 紧张气氛片头转场渲染无损音效素材包）/04 - Glitches/Glitches - Silk/SL 10 Wrong Input.mp3	
/volume1/主目录/Collection/素材&模板&音库/音效/02_中文音效合集/大气深沉2【音效：紧张气氛片头转场渲染无损音效素材包】/Archetype_SFX/Archetype SFX MP3/04 - Glitches/Glitches - Silk/SL 22 Exp Clicks.mp3	Archetype SFX（大气深沉2 · 紧张气氛片头转场渲染无损音效素材包）/04 - Glitches/Glitches - Silk/SL 22 Exp Clicks.mp3	
/volume1/主目录/Collection/素材&模板&音库/音效/02_中文音效合集/大气深沉2【音效：紧张气氛片头转场渲染无损音效素材包】/Archetype_SFX/Archetype SFX MP3/04 - Glitches/Glitches - Silk/SL 31 Heartbeat Slow.mp3	Archetype SFX（大气深沉2 · 紧张气氛片头转场渲染无损音效素材包）/04 - Glitches/Glitches - Silk/SL 31 Heartbeat Slow.mp3	
/volume1/主目录/Collection/素材&模板&音库/音效/02_中文音效合集/大气深沉2【音效：紧张气氛片头转场渲染无损音效素材包】/Archetype_SFX/Archetype SFX MP3/04 - Glitches/Glitches - Silk/SL 06 Flutter Glitch.mp3	Archetype SFX（大气深沉2 · 紧张气氛片头转场渲染无损音效素材包）/04 - Glitches/Glitches - Silk/SL 06 Flutter Glitch.mp3	
/volume1/主目录/Collection/素材&模板&音库/音效/02_中文音效合集/大气深沉2【音效：紧张气氛片头转场渲染无损音效素材包】/Archetype_SFX/Archetype SFX MP3/04 - Glitches/Glitches - Silk/SL 25 Exp Pops.mp3	Archetype SFX（大气深沉2 · 紧张气氛片头转场渲染无损音效素材包）/04 - Glitches/Glitches - Silk/SL 25 Exp Pops.mp3	
/volume1/主目录/Collection/素材&模板&音库/音效/02_中文音效合集/大气深沉2【音效：紧张气氛片头转场渲染无损音效素材包】/Archetype_SFX/Archetype SFX MP3/04 - Glitches/Glitches - Silk/SL 18 Thumper A.mp3	Archetype SFX（大气深沉2 · 紧张气氛片头转场渲染无损音效素材包）/04 - Glitches/Glitches - Silk/SL 18 Thumper A.mp3	
/volume1/主目录/Collection/素材&模板&音库/音效/02_中文音效合集/大气深沉2【音效：紧张气氛片头转场渲染无损音效素材包】/Archetype_SFX/Archetype SFX MP3/04 - Glitches/Glitches - Silk/SL 11 Signal Decode.mp3	Archetype SFX（大气深沉2 · 紧张气氛片头转场渲染无损音效素材包）/04 - Glitches/Glitches - Silk/SL 11 Signal Decode.mp3	
/volume1/主目录/Collection/素材&模板&音库/音效/02_中文音效合集/大气深沉2【音效：紧张气氛片头转场渲染无损音效素材包】/Archetype_SFX/Archetype SFX MP3/06 - Atmospheres/Atmospheres - Analog/AN 13 Subtle Wind.mp3	Archetype SFX（大气深沉2 · 紧张气氛片头转场渲染无损音效素材包）/06 - Atmospheres/Atmospheres - Analog/AN 13 Subtle Wind.mp3	
/volume1/主目录/Collection/素材&模板&音库/音效/02_中文音效合集/大气深沉2【音效：紧张气氛片头转场渲染无损音效素材包】/Archetype_SFX/Archetype SFX MP3/06 - Atmospheres/Atmospheres - Analog/AN 04 Submerged.mp3	Archetype SFX（大气深沉2 · 紧张气氛片头转场渲染无损音效素材包）/06 - Atmospheres/Atmospheres - Analog/AN 04 Submerged.mp3	
/volume1/主目录/Collection/素材&模板&音库/音效/02_中文音效合集/大气深沉2【音效：紧张气氛片头转场渲染无损音效素材包】/Archetype_SFX/Archetype SFX MP3/06 - Atmospheres/Atmospheres - Analog/AN 03 Damp Cave.mp3	Archetype SFX（大气深沉2 · 紧张气氛片头转场渲染无损音效素材包）/06 - Atmospheres/Atmospheres - Analog/AN 03 Damp Cave.mp3	
/volume1/主目录/Collection/素材&模板&音库/音效/02_中文音效合集/大气深沉2【音效：紧张气氛片头转场渲染无损音效素材包】/Archetype_SFX/Archetype SFX MP3/06 - Atmospheres/Atmospheres - Analog/AN 09 Car Interior A.mp3	Archetype SFX（大气深沉2 · 紧张气氛片头转场渲染无损音效素材包）/06 - Atmospheres/Atmospheres - Analog/AN 09 Car Interior A.mp3	
/volume1/主目录/Collection/素材&模板&音库/音效/02_中文音效合集/大气深沉2【音效：紧张气氛片头转场渲染无损音效素材包】/Archetype_SFX/Archetype SFX MP3/06 - Atmospheres/Atmospheres - Analog/AN 02 Nowhere.mp3	Archetype SFX（大气深沉2 · 紧张气氛片头转场渲染无损音效素材包）/06 - Atmospheres/Atmospheres - Analog/AN 02 Nowhere.mp3	
/volume1/主目录/Collection/素材&模板&音库/音效/02_中文音效合集/大气深沉2【音效：紧张气氛片头转场渲染无损音效素材包】/Archetype_SFX/Archetype SFX MP3/06 - Atmospheres/Atmospheres - Analog/AN 14 Shoreline.mp3	Archetype SFX（大气深沉2 · 紧张气氛片头转场渲染无损音效素材包）/06 - Atmospheres/Atmospheres - Analog/AN 14 Shoreline.mp3	
/volume1/主目录/Collection/素材&模板&音库/音效/02_中文音效合集/大气深沉2【音效：紧张气氛片头转场渲染无损音效素材包】/Archetype_SFX/Archetype SFX MP3/06 - Atmospheres/Atmospheres - Analog/AN 01 Above the Earth.mp3	Archetype SFX（大气深沉2 · 紧张气氛片头转场渲染无损音效素材包）/06 - Atmospheres/Atmospheres - Analog/AN 01 Above the Earth.mp3	
/volume1/主目录/Collection/素材&模板&音库/音效/02_中文音效合集/大气深沉2【音效：紧张气氛片头转场渲染无损音效素材包】/Archetype_SFX/Archetype SFX MP3/06 - Atmospheres/Atmospheres - Analog/AN 07 City A.mp3	Archetype SFX（大气深沉2 · 紧张气氛片头转场渲染无损音效素材包）/06 - Atmospheres/Atmospheres - Analog/AN 07 City A.mp3	
/volume1/主目录/Collection/素材&模板&音库/音效/02_中文音效合集/大气深沉2【音效：紧张气氛片头转场渲染无损音效素材包】/Archetype_SFX/Archetype SFX MP3/06 - Atmospheres/Atmospheres - Analog/AN 05 The Room.mp3	Archetype SFX（大气深沉2 · 紧张气氛片头转场渲染无损音效素材包）/06 - Atmospheres/Atmospheres - Analog/AN 05 The Room.mp3	
/volume1/主目录/Collection/素材&模板&音库/音效/02_中文音效合集/大气深沉2【音效：紧张气氛片头转场渲染无损音效素材包】/Archetype_SFX/Archetype SFX MP3/06 - Atmospheres/Atmospheres - Analog/AN 12 Woods.mp3	Archetype SFX（大气深沉2 · 紧张气氛片头转场渲染无损音效素材包）/06 - Atmospheres/Atmospheres - Analog/AN 12 Woods.mp3	
/volume1/主目录/Collection/素材&模板&音库/音效/02_中文音效合集/大气深沉2【音效：紧张气氛片头转场渲染无损音效素材包】/Archetype_SFX/Archetype SFX MP3/06 - Atmospheres/Atmospheres - Analog/AN 10 Car Interior B.mp3	Archetype SFX（大气深沉2 · 紧张气氛片头转场渲染无损音效素材包）/06 - Atmospheres/Atmospheres - Analog/AN 10 Car Interior B.mp3	
/volume1/主目录/Collection/素材&模板&音库/音效/02_中文音效合集/大气深沉2【音效：紧张气氛片头转场渲染无损音效素材包】/Archetype_SFX/Archetype SFX MP3/06 - Atmospheres/Atmospheres - Analog/AN 11 Rain.mp3	Archetype SFX（大气深沉2 · 紧张气氛片头转场渲染无损音效素材包）/06 - Atmospheres/Atmospheres - Analog/AN 11 Rain.mp3	
/volume1/主目录/Collection/素材&模板&音库/音效/02_中文音效合集/大气深沉2【音效：紧张气氛片头转场渲染无损音效素材包】/Archetype_SFX/Archetype SFX MP3/06 - Atmospheres/Atmospheres - Analog/AN 06 Empty Garage.mp3	Archetype SFX（大气深沉2 · 紧张气氛片头转场渲染无损音效素材包）/06 - Atmospheres/Atmospheres - Analog/AN 06 Empty Garage.mp3	
/volume1/主目录/Collection/素材&模板&音库/音效/02_中文音效合集/大气深沉2【音效：紧张气氛片头转场渲染无损音效素材包】/Archetype_SFX/Archetype SFX MP3/06 - Atmospheres/Atmospheres - Analog/AN 08 City B.mp3	Archetype SFX（大气深沉2 · 紧张气氛片头转场渲染无损音效素材包）/06 - Atmospheres/Atmospheres - Analog/AN 08 City B.mp3	
/volume1/主目录/Collection/素材&模板&音库/音效/02_中文音效合集/大气深沉2【音效：紧张气氛片头转场渲染无损音效素材包】/Archetype_SFX/Archetype SFX MP3/05 - Undertones/Undertones - Analog/AN 15 Warmth.mp3	Archetype SFX（大气深沉2 · 紧张气氛片头转场渲染无损音效素材包）/05 - Undertones/Undertones - Analog/AN 15 Warmth.mp3	
/volume1/主目录/Collection/素材&模板&音库/音效/02_中文音效合集/大气深沉2【音效：紧张气氛片头转场渲染无损音效素材包】/Archetype_SFX/Archetype SFX MP3/05 - Undertones/Undertones - Analog/AN 12 Last Flight.mp3	Archetype SFX（大气深沉2 · 紧张气氛片头转场渲染无损音效素材包）/05 - Undertones/Undertones - Analog/AN 12 Last Flight.mp3	
/volume1/主目录/Collection/素材&模板&音库/音效/02_中文音效合集/大气深沉2【音效：紧张气氛片头转场渲染无损音效素材包】/Archetype_SFX/Archetype SFX MP3/05 - Undertones/Undertones - Analog/AN 08 Material A.mp3	Archetype SFX（大气深沉2 · 紧张气氛片头转场渲染无损音效素材包）/05 - Undertones/Undertones - Analog/AN 08 Material A.mp3	
/volume1/主目录/Collection/素材&模板&音库/音效/02_中文音效合集/大气深沉2【音效：紧张气氛片头转场渲染无损音效素材包】/Archetype_SFX/Archetype SFX MP3/05 - Undertones/Undertones - Analog/AN 02 Stranger Danger.mp3	Archetype SFX（大气深沉2 · 紧张气氛片头转场渲染无损音效素材包）/05 - Undertones/Undertones - Analog/AN 02 Stranger Danger.mp3	
/volume1/主目录/Collection/素材&模板&音库/音效/02_中文音效合集/大气深沉2【音效：紧张气氛片头转场渲染无损音效素材包】/Archetype_SFX/Archetype SFX MP3/05 - Undertones/Undertones - Analog/AN 04 Dark Drone.mp3	Archetype SFX（大气深沉2 · 紧张气氛片头转场渲染无损音效素材包）/05 - Undertones/Undertones - Analog/AN 04 Dark Drone.mp3	
/volume1/主目录/Collection/素材&模板&音库/音效/02_中文音效合集/大气深沉2【音效：紧张气氛片头转场渲染无损音效素材包】/Archetype_SFX/Archetype SFX MP3/05 - Undertones/Undertones - Analog/AN 07 Aftermath B.mp3	Archetype SFX（大气深沉2 · 紧张气氛片头转场渲染无损音效素材包）/05 - Undertones/Undertones - Analog/AN 07 Aftermath B.mp3	
/volume1/主目录/Collection/素材&模板&音库/音效/02_中文音效合集/大气深沉2【音效：紧张气氛片头转场渲染无损音效素材包】/Archetype_SFX/Archetype SFX MP3/05 - Undertones/Undertones - Analog/AN 09 Material B.mp3	Archetype SFX（大气深沉2 · 紧张气氛片头转场渲染无损音效素材包）/05 - Undertones/Undertones - Analog/AN 09 Material B.mp3	
/volume1/主目录/Collection/素材&模板&音库/音效/02_中文音效合集/大气深沉2【音效：紧张气氛片头转场渲染无损音效素材包】/Archetype_SFX/Archetype SFX MP3/05 - Undertones/Undertones - Analog/AN 11 Sub Drone.mp3	Archetype SFX（大气深沉2 · 紧张气氛片头转场渲染无损音效素材包）/05 - Undertones/Undertones - Analog/AN 11 Sub Drone.mp3	
/volume1/主目录/Collection/素材&模板&音库/音效/02_中文音效合集/大气深沉2【音效：紧张气氛片头转场渲染无损音效素材包】/Archetype_SFX/Archetype SFX MP3/05 - Undertones/Undertones - Analog/AN 06 Aftermath A.mp3	Archetype SFX（大气深沉2 · 紧张气氛片头转场渲染无损音效素材包）/05 - Undertones/Undertones - Analog/AN 06 Aftermath A.mp3	
/volume1/主目录/Collection/素材&模板&音库/音效/02_中文音效合集/大气深沉2【音效：紧张气氛片头转场渲染无损音效素材包】/Archetype_SFX/Archetype SFX MP3/05 - Undertones/Undertones - Analog/AN 13 Hollow Drone.mp3	Archetype SFX（大气深沉2 · 紧张气氛片头转场渲染无损音效素材包）/05 - Undertones/Undertones - Analog/AN 13 Hollow Drone.mp3	
/volume1/主目录/Collection/素材&模板&音库/音效/02_中文音效合集/大气深沉2【音效：紧张气氛片头转场渲染无损音效素材包】/Archetype_SFX/Archetype SFX MP3/05 - Undertones/Undertones - Analog/AN 10 Dark Pit.mp3	Archetype SFX（大气深沉2 · 紧张气氛片头转场渲染无损音效素材包）/05 - Undertones/Undertones - Analog/AN 10 Dark Pit.mp3	
/volume1/主目录/Collection/素材&模板&音库/音效/02_中文音效合集/大气深沉2【音效：紧张气氛片头转场渲染无损音效素材包】/Archetype_SFX/Archetype SFX MP3/05 - Undertones/Undertones - Analog/AN 05 Subconscious.mp3	Archetype SFX（大气深沉2 · 紧张气氛片头转场渲染无损音效素材包）/05 - Undertones/Undertones - Analog/AN 05 Subconscious.mp3	
/volume1/主目录/Collection/素材&模板&音库/音效/02_中文音效合集/大气深沉2【音效：紧张气氛片头转场渲染无损音效素材包】/Archetype_SFX/Archetype SFX MP3/05 - Undertones/Undertones - Analog/AN 01 Dark Hold.mp3	Archetype SFX（大气深沉2 · 紧张气氛片头转场渲染无损音效素材包）/05 - Undertones/Undertones - Analog/AN 01 Dark Hold.mp3	
/volume1/主目录/Collection/素材&模板&音库/音效/02_中文音效合集/大气深沉2【音效：紧张气氛片头转场渲染无损音效素材包】/Archetype_SFX/Archetype SFX MP3/05 - Undertones/Undertones - Analog/AN 14 Detuned.mp3	Archetype SFX（大气深沉2 · 紧张气氛片头转场渲染无损音效素材包）/05 - Undertones/Undertones - Analog/AN 14 Detuned.mp3	
/volume1/主目录/Collection/素材&模板&音库/音效/02_中文音效合集/大气深沉2【音效：紧张气氛片头转场渲染无损音效素材包】/Archetype_SFX/Archetype SFX MP3/05 - Undertones/Undertones - Analog/AN 03 Motion Sickness.mp3	Archetype SFX（大气深沉2 · 紧张气氛片头转场渲染无损音效素材包）/05 - Undertones/Undertones - Analog/AN 03 Motion Sickness.mp3	
/volume1/主目录/Collection/素材&模板&音库/音效/02_中文音效合集/大气深沉2【音效：紧张气氛片头转场渲染无损音效素材包】/Archetype_SFX/Archetype SFX MP3/05 - Undertones/Undertones - Distortion/DS 15 Warmth.mp3	Archetype SFX（大气深沉2 · 紧张气氛片头转场渲染无损音效素材包）/05 - Undertones/Undertones - Distortion/DS 15 Warmth.mp3	
/volume1/主目录/Collection/素材&模板&音库/音效/02_中文音效合集/大气深沉2【音效：紧张气氛片头转场渲染无损音效素材包】/Archetype_SFX/Archetype SFX MP3/05 - Undertones/Undertones - Distortion/DS 01 Dark Hold.mp3	Archetype SFX（大气深沉2 · 紧张气氛片头转场渲染无损音效素材包）/05 - Undertones/Undertones - Distortion/DS 01 Dark Hold.mp3	
/volume1/主目录/Collection/素材&模板&音库/音效/02_中文音效合集/大气深沉2【音效：紧张气氛片头转场渲染无损音效素材包】/Archetype_SFX/Archetype SFX MP3/05 - Undertones/Undertones - Distortion/DS 10 Dark Pit.mp3	Archetype SFX（大气深沉2 · 紧张气氛片头转场渲染无损音效素材包）/05 - Undertones/Undertones - Distortion/DS 10 Dark Pit.mp3	
/volume1/主目录/Collection/素材&模板&音库/音效/02_中文音效合集/大气深沉2【音效：紧张气氛片头转场渲染无损音效素材包】/Archetype_SFX/Archetype SFX MP3/05 - Undertones/Undertones - Distortion/DS 14 Detuned.mp3	Archetype SFX（大气深沉2 · 紧张气氛片头转场渲染无损音效素材包）/05 - Undertones/Undertones - Distortion/DS 14 Detuned.mp3	
/volume1/主目录/Collection/素材&模板&音库/音效/02_中文音效合集/大气深沉2【音效：紧张气氛片头转场渲染无损音效素材包】/Archetype_SFX/Archetype SFX MP3/05 - Undertones/Undertones - Distortion/DS 08 Material A.mp3	Archetype SFX（大气深沉2 · 紧张气氛片头转场渲染无损音效素材包）/05 - Undertones/Undertones - Distortion/DS 08 Material A.mp3	
/volume1/主目录/Collection/素材&模板&音库/音效/02_中文音效合集/大气深沉2【音效：紧张气氛片头转场渲染无损音效素材包】/Archetype_SFX/Archetype SFX MP3/05 - Undertones/Undertones - Distortion/DS 04 Dark Drone.mp3	Archetype SFX（大气深沉2 · 紧张气氛片头转场渲染无损音效素材包）/05 - Undertones/Undertones - Distortion/DS 04 Dark Drone.mp3	
/volume1/主目录/Collection/素材&模板&音库/音效/02_中文音效合集/大气深沉2【音效：紧张气氛片头转场渲染无损音效素材包】/Archetype_SFX/Archetype SFX MP3/05 - Undertones/Undertones - Distortion/DS 09 Material B.mp3	Archetype SFX（大气深沉2 · 紧张气氛片头转场渲染无损音效素材包）/05 - Undertones/Undertones - Distortion/DS 09 Material B.mp3	
/volume1/主目录/Collection/素材&模板&音库/音效/02_中文音效合集/大气深沉2【音效：紧张气氛片头转场渲染无损音效素材包】/Archetype_SFX/Archetype SFX MP3/05 - Undertones/Undertones - Distortion/DS 02 Stranger Danger.mp3	Archetype SFX（大气深沉2 · 紧张气氛片头转场渲染无损音效素材包）/05 - Undertones/Undertones - Distortion/DS 02 Stranger Danger.mp3	
/volume1/主目录/Collection/素材&模板&音库/音效/02_中文音效合集/大气深沉2【音效：紧张气氛片头转场渲染无损音效素材包】/Archetype_SFX/Archetype SFX MP3/05 - Undertones/Undertones - Distortion/DS 13 Hollow Drone.mp3	Archetype SFX（大气深沉2 · 紧张气氛片头转场渲染无损音效素材包）/05 - Undertones/Undertones - Distortion/DS 13 Hollow Drone.mp3	
/volume1/主目录/Collection/素材&模板&音库/音效/02_中文音效合集/大气深沉2【音效：紧张气氛片头转场渲染无损音效素材包】/Archetype_SFX/Archetype SFX MP3/05 - Undertones/Undertones - Distortion/DS 12 Last Flight.mp3	Archetype SFX（大气深沉2 · 紧张气氛片头转场渲染无损音效素材包）/05 - Undertones/Undertones - Distortion/DS 12 Last Flight.mp3	
/volume1/主目录/Collection/素材&模板&音库/音效/02_中文音效合集/大气深沉2【音效：紧张气氛片头转场渲染无损音效素材包】/Archetype_SFX/Archetype SFX MP3/05 - Undertones/Undertones - Distortion/DS 05 Subconscious.mp3	Archetype SFX（大气深沉2 · 紧张气氛片头转场渲染无损音效素材包）/05 - Undertones/Undertones - Distortion/DS 05 Subconscious.mp3	
/volume1/主目录/Collection/素材&模板&音库/音效/02_中文音效合集/大气深沉2【音效：紧张气氛片头转场渲染无损音效素材包】/Archetype_SFX/Archetype SFX MP3/05 - Undertones/Undertones - Distortion/DS 07 Aftermath B.mp3	Archetype SFX（大气深沉2 · 紧张气氛片头转场渲染无损音效素材包）/05 - Undertones/Undertones - Distortion/DS 07 Aftermath B.mp3	
/volume1/主目录/Collection/素材&模板&音库/音效/02_中文音效合集/大气深沉2【音效：紧张气氛片头转场渲染无损音效素材包】/Archetype_SFX/Archetype SFX MP3/05 - Undertones/Undertones - Distortion/DS 11 Sub Drone.mp3	Archetype SFX（大气深沉2 · 紧张气氛片头转场渲染无损音效素材包）/05 - Undertones/Undertones - Distortion/DS 11 Sub Drone.mp3	
/volume1/主目录/Collection/素材&模板&音库/音效/02_中文音效合集/大气深沉2【音效：紧张气氛片头转场渲染无损音效素材包】/Archetype_SFX/Archetype SFX MP3/05 - Undertones/Undertones - Distortion/DS 03 Motion Sickness.mp3	Archetype SFX（大气深沉2 · 紧张气氛片头转场渲染无损音效素材包）/05 - Undertones/Undertones - Distortion/DS 03 Motion Sickness.mp3	
/volume1/主目录/Collection/素材&模板&音库/音效/02_中文音效合集/大气深沉2【音效：紧张气氛片头转场渲染无损音效素材包】/Archetype_SFX/Archetype SFX MP3/05 - Undertones/Undertones - Distortion/DS 06 Aftermath A.mp3	Archetype SFX（大气深沉2 · 紧张气氛片头转场渲染无损音效素材包）/05 - Undertones/Undertones - Distortion/DS 06 Aftermath A.mp3	
/volume1/主目录/Collection/素材&模板&音库/音效/02_中文音效合集/大气深沉2【音效：紧张气氛片头转场渲染无损音效素材包】/Archetype_SFX/Archetype SFX MP3/05 - Undertones/Undertones - Silk/SL 13 Hollow Drone.mp3	Archetype SFX（大气深沉2 · 紧张气氛片头转场渲染无损音效素材包）/05 - Undertones/Undertones - Silk/SL 13 Hollow Drone.mp3	
/volume1/主目录/Collection/素材&模板&音库/音效/02_中文音效合集/大气深沉2【音效：紧张气氛片头转场渲染无损音效素材包】/Archetype_SFX/Archetype SFX MP3/05 - Undertones/Undertones - Silk/SL 15 Warmth.mp3	Archetype SFX（大气深沉2 · 紧张气氛片头转场渲染无损音效素材包）/05 - Undertones/Undertones - Silk/SL 15 Warmth.mp3	
/volume1/主目录/Collection/素材&模板&音库/音效/02_中文音效合集/大气深沉2【音效：紧张气氛片头转场渲染无损音效素材包】/Archetype_SFX/Archetype SFX MP3/05 - Undertones/Undertones - Silk/SL 08 Material A.mp3	Archetype SFX（大气深沉2 · 紧张气氛片头转场渲染无损音效素材包）/05 - Undertones/Undertones - Silk/SL 08 Material A.mp3	
/volume1/主目录/Collection/素材&模板&音库/音效/02_中文音效合集/大气深沉2【音效：紧张气氛片头转场渲染无损音效素材包】/Archetype_SFX/Archetype SFX MP3/05 - Undertones/Undertones - Silk/SL 02 Stranger Danger.mp3	Archetype SFX（大气深沉2 · 紧张气氛片头转场渲染无损音效素材包）/05 - Undertones/Undertones - Silk/SL 02 Stranger Danger.mp3	
/volume1/主目录/Collection/素材&模板&音库/音效/02_中文音效合集/大气深沉2【音效：紧张气氛片头转场渲染无损音效素材包】/Archetype_SFX/Archetype SFX MP3/05 - Undertones/Undertones - Silk/SL 10 Dark Pit.mp3	Archetype SFX（大气深沉2 · 紧张气氛片头转场渲染无损音效素材包）/05 - Undertones/Undertones - Silk/SL 10 Dark Pit.mp3	
/volume1/主目录/Collection/素材&模板&音库/音效/02_中文音效合集/大气深沉2【音效：紧张气氛片头转场渲染无损音效素材包】/Archetype_SFX/Archetype SFX MP3/05 - Undertones/Undertones - Silk/SL 04 Dark Drone.mp3	Archetype SFX（大气深沉2 · 紧张气氛片头转场渲染无损音效素材包）/05 - Undertones/Undertones - Silk/SL 04 Dark Drone.mp3	
/volume1/主目录/Collection/素材&模板&音库/音效/02_中文音效合集/大气深沉2【音效：紧张气氛片头转场渲染无损音效素材包】/Archetype_SFX/Archetype SFX MP3/05 - Undertones/Undertones - Silk/SL 05 Subconscious.mp3	Archetype SFX（大气深沉2 · 紧张气氛片头转场渲染无损音效素材包）/05 - Undertones/Undertones - Silk/SL 05 Subconscious.mp3	
/volume1/主目录/Collection/素材&模板&音库/音效/02_中文音效合集/大气深沉2【音效：紧张气氛片头转场渲染无损音效素材包】/Archetype_SFX/Archetype SFX MP3/05 - Undertones/Undertones - Silk/SL 07 Aftermath B.mp3	Archetype SFX（大气深沉2 · 紧张气氛片头转场渲染无损音效素材包）/05 - Undertones/Undertones - Silk/SL 07 Aftermath B.mp3	
/volume1/主目录/Collection/素材&模板&音库/音效/02_中文音效合集/大气深沉2【音效：紧张气氛片头转场渲染无损音效素材包】/Archetype_SFX/Archetype SFX MP3/05 - Undertones/Undertones - Silk/SL 14 Detuned.mp3	Archetype SFX（大气深沉2 · 紧张气氛片头转场渲染无损音效素材包）/05 - Undertones/Undertones - Silk/SL 14 Detuned.mp3	
/volume1/主目录/Collection/素材&模板&音库/音效/02_中文音效合集/大气深沉2【音效：紧张气氛片头转场渲染无损音效素材包】/Archetype_SFX/Archetype SFX MP3/05 - Undertones/Undertones - Silk/SL 09 Material B.mp3	Archetype SFX（大气深沉2 · 紧张气氛片头转场渲染无损音效素材包）/05 - Undertones/Undertones - Silk/SL 09 Material B.mp3	
/volume1/主目录/Collection/素材&模板&音库/音效/02_中文音效合集/大气深沉2【音效：紧张气氛片头转场渲染无损音效素材包】/Archetype_SFX/Archetype SFX MP3/05 - Undertones/Undertones - Silk/SL 01 Dark Hold.mp3	Archetype SFX（大气深沉2 · 紧张气氛片头转场渲染无损音效素材包）/05 - Undertones/Undertones - Silk/SL 01 Dark Hold.mp3	
/volume1/主目录/Collection/素材&模板&音库/音效/02_中文音效合集/大气深沉2【音效：紧张气氛片头转场渲染无损音效素材包】/Archetype_SFX/Archetype SFX MP3/05 - Undertones/Undertones - Silk/SL 11 Sub Drone.mp3	Archetype SFX（大气深沉2 · 紧张气氛片头转场渲染无损音效素材包）/05 - Undertones/Undertones - Silk/SL 11 Sub Drone.mp3	
/volume1/主目录/Collection/素材&模板&音库/音效/02_中文音效合集/大气深沉2【音效：紧张气氛片头转场渲染无损音效素材包】/Archetype_SFX/Archetype SFX MP3/05 - Undertones/Undertones - Silk/SL 12 Last Flight.mp3	Archetype SFX（大气深沉2 · 紧张气氛片头转场渲染无损音效素材包）/05 - Undertones/Undertones - Silk/SL 12 Last Flight.mp3	
/volume1/主目录/Collection/素材&模板&音库/音效/02_中文音效合集/大气深沉2【音效：紧张气氛片头转场渲染无损音效素材包】/Archetype_SFX/Archetype SFX MP3/05 - Undertones/Undertones - Silk/SL 06 Aftermath A.mp3	Archetype SFX（大气深沉2 · 紧张气氛片头转场渲染无损音效素材包）/05 - Undertones/Undertones - Silk/SL 06 Aftermath A.mp3	
/volume1/主目录/Collection/素材&模板&音库/音效/02_中文音效合集/大气深沉2【音效：紧张气氛片头转场渲染无损音效素材包】/Archetype_SFX/Archetype SFX MP3/05 - Undertones/Undertones - Silk/SL 03 Motion Sickness.mp3	Archetype SFX（大气深沉2 · 紧张气氛片头转场渲染无损音效素材包）/05 - Undertones/Undertones - Silk/SL 03 Motion Sickness.mp3	
/volume1/主目录/Collection/素材&模板&音库/音效/02_中文音效合集/大气深沉2【音效：紧张气氛片头转场渲染无损音效素材包】/Archetype_SFX/Archetype SFX MP3/05 - Undertones/Undertones/08 Material A.mp3	Archetype SFX（大气深沉2 · 紧张气氛片头转场渲染无损音效素材包）/05 - Undertones/Undertones/08 Material A.mp3	
/volume1/主目录/Collection/素材&模板&音库/音效/02_中文音效合集/大气深沉2【音效：紧张气氛片头转场渲染无损音效素材包】/Archetype_SFX/Archetype SFX MP3/05 - Undertones/Undertones/10 Dark Pit.mp3	Archetype SFX（大气深沉2 · 紧张气氛片头转场渲染无损音效素材包）/05 - Undertones/Undertones/10 Dark Pit.mp3	
/volume1/主目录/Collection/素材&模板&音库/音效/02_中文音效合集/大气深沉2【音效：紧张气氛片头转场渲染无损音效素材包】/Archetype_SFX/Archetype SFX MP3/05 - Undertones/Undertones/14 Detuned.mp3	Archetype SFX（大气深沉2 · 紧张气氛片头转场渲染无损音效素材包）/05 - Undertones/Undertones/14 Detuned.mp3	
/volume1/主目录/Collection/素材&模板&音库/音效/02_中文音效合集/大气深沉2【音效：紧张气氛片头转场渲染无损音效素材包】/Archetype_SFX/Archetype SFX MP3/05 - Undertones/Undertones/04 Dark Drone.mp3	Archetype SFX（大气深沉2 · 紧张气氛片头转场渲染无损音效素材包）/05 - Undertones/Undertones/04 Dark Drone.mp3	
/volume1/主目录/Collection/素材&模板&音库/音效/02_中文音效合集/大气深沉2【音效：紧张气氛片头转场渲染无损音效素材包】/Archetype_SFX/Archetype SFX MP3/05 - Undertones/Undertones/11 Sub Drone.mp3	Archetype SFX（大气深沉2 · 紧张气氛片头转场渲染无损音效素材包）/05 - Undertones/Undertones/11 Sub Drone.mp3	
/volume1/主目录/Collection/素材&模板&音库/音效/02_中文音效合集/大气深沉2【音效：紧张气氛片头转场渲染无损音效素材包】/Archetype_SFX/Archetype SFX MP3/05 - Undertones/Undertones/13 Hollow Drone.mp3	Archetype SFX（大气深沉2 · 紧张气氛片头转场渲染无损音效素材包）/05 - Undertones/Undertones/13 Hollow Drone.mp3	
/volume1/主目录/Collection/素材&模板&音库/音效/02_中文音效合集/大气深沉2【音效：紧张气氛片头转场渲染无损音效素材包】/Archetype_SFX/Archetype SFX MP3/05 - Undertones/Undertones/03 Motion Sickness.mp3	Archetype SFX（大气深沉2 · 紧张气氛片头转场渲染无损音效素材包）/05 - Undertones/Undertones/03 Motion Sickness.mp3	
/volume1/主目录/Collection/素材&模板&音库/音效/02_中文音效合集/大气深沉2【音效：紧张气氛片头转场渲染无损音效素材包】/Archetype_SFX/Archetype SFX MP3/05 - Undertones/Undertones/06 Aftermath A.mp3	Archetype SFX（大气深沉2 · 紧张气氛片头转场渲染无损音效素材包）/05 - Undertones/Undertones/06 Aftermath A.mp3	
/volume1/主目录/Collection/素材&模板&音库/音效/02_中文音效合集/大气深沉2【音效：紧张气氛片头转场渲染无损音效素材包】/Archetype_SFX/Archetype SFX MP3/05 - Undertones/Undertones/01 Dark Hold.mp3	Archetype SFX（大气深沉2 · 紧张气氛片头转场渲染无损音效素材包）/05 - Undertones/Undertones/01 Dark Hold.mp3	
/volume1/主目录/Collection/素材&模板&音库/音效/02_中文音效合集/大气深沉2【音效：紧张气氛片头转场渲染无损音效素材包】/Archetype_SFX/Archetype SFX MP3/05 - Undertones/Undertones/15 Warmth.mp3	Archetype SFX（大气深沉2 · 紧张气氛片头转场渲染无损音效素材包）/05 - Undertones/Undertones/15 Warmth.mp3	
/volume1/主目录/Collection/素材&模板&音库/音效/02_中文音效合集/大气深沉2【音效：紧张气氛片头转场渲染无损音效素材包】/Archetype_SFX/Archetype SFX MP3/05 - Undertones/Undertones/09 Material B.mp3	Archetype SFX（大气深沉2 · 紧张气氛片头转场渲染无损音效素材包）/05 - Undertones/Undertones/09 Material B.mp3	
/volume1/主目录/Collection/素材&模板&音库/音效/02_中文音效合集/大气深沉2【音效：紧张气氛片头转场渲染无损音效素材包】/Archetype_SFX/Archetype SFX MP3/05 - Undertones/Undertones/12 Last Flight.mp3	Archetype SFX（大气深沉2 · 紧张气氛片头转场渲染无损音效素材包）/05 - Undertones/Undertones/12 Last Flight.mp3	
/volume1/主目录/Collection/素材&模板&音库/音效/02_中文音效合集/大气深沉2【音效：紧张气氛片头转场渲染无损音效素材包】/Archetype_SFX/Archetype SFX MP3/05 - Undertones/Undertones/02 Stranger Danger.mp3	Archetype SFX（大气深沉2 · 紧张气氛片头转场渲染无损音效素材包）/05 - Undertones/Undertones/02 Stranger Danger.mp3	
/volume1/主目录/Collection/素材&模板&音库/音效/02_中文音效合集/大气深沉2【音效：紧张气氛片头转场渲染无损音效素材包】/Archetype_SFX/Archetype SFX MP3/05 - Undertones/Undertones/05 Subconscious.mp3	Archetype SFX（大气深沉2 · 紧张气氛片头转场渲染无损音效素材包）/05 - Undertones/Undertones/05 Subconscious.mp3	
/volume1/主目录/Collection/素材&模板&音库/音效/02_中文音效合集/大气深沉2【音效：紧张气氛片头转场渲染无损音效素材包】/Archetype_SFX/Archetype SFX MP3/05 - Undertones/Undertones/07 Aftermath B.mp3	Archetype SFX（大气深沉2 · 紧张气氛片头转场渲染无损音效素材包）/05 - Undertones/Undertones/07 Aftermath B.mp3	
/volume1/主目录/Collection/素材&模板&音库/音效/02_中文音效合集/大气深沉2【音效：紧张气氛片头转场渲染无损音效素材包】/Archetype_SFX/Archetype SFX MP3/05 - Undertones/Undertones - Space/SP 13 Hollow Drone.mp3	Archetype SFX（大气深沉2 · 紧张气氛片头转场渲染无损音效素材包）/05 - Undertones/Undertones - Space/SP 13 Hollow Drone.mp3	
/volume1/主目录/Collection/素材&模板&音库/音效/02_中文音效合集/大气深沉2【音效：紧张气氛片头转场渲染无损音效素材包】/Archetype_SFX/Archetype SFX MP3/03 - Whooshes/Whooshes/14 Fast Whoosh B.mp3	Archetype SFX（大气深沉2 · 紧张气氛片头转场渲染无损音效素材包）/03 - Whooshes/Whooshes/14 Fast Whoosh B.mp3	
/volume1/主目录/Collection/素材&模板&音库/音效/02_中文音效合集/大气深沉2【音效：紧张气氛片头转场渲染无损音效素材包】/Archetype_SFX/Archetype SFX MP3/03 - Whooshes/Whooshes/06 Neutral Whoosh.mp3	Archetype SFX（大气深沉2 · 紧张气氛片头转场渲染无损音效素材包）/03 - Whooshes/Whooshes/06 Neutral Whoosh.mp3	
/volume1/主目录/Collection/素材&模板&音库/音效/02_中文音效合集/大气深沉2【音效：紧张气氛片头转场渲染无损音效素材包】/Archetype_SFX/Archetype SFX MP3/03 - Whooshes/Whooshes/13 Fast Whoosh A.mp3	Archetype SFX（大气深沉2 · 紧张气氛片头转场渲染无损音效素材包）/03 - Whooshes/Whooshes/13 Fast Whoosh A.mp3	
/volume1/主目录/Collection/素材&模板&音库/音效/02_中文音效合集/大气深沉2【音效：紧张气氛片头转场渲染无损音效素材包】/Archetype_SFX/Archetype SFX MP3/02 - Hits/Hits - Analog/AN 05 Solid Hit.mp3	Archetype SFX（大气深沉2 · 紧张气氛片头转场渲染无损音效素材包）/02 - Hits/Hits - Analog/AN 05 Solid Hit.mp3	
/volume1/主目录/Collection/素材&模板&音库/音效/02_中文音效合集/大气深沉2【音效：紧张气氛片头转场渲染无损音效素材包】/Archetype_SFX/Archetype SFX MP3/02 - Hits/Hits - Analog/AN 15 Worst Case B.mp3	Archetype SFX（大气深沉2 · 紧张气氛片头转场渲染无损音效素材包）/02 - Hits/Hits - Analog/AN 15 Worst Case B.mp3	
/volume1/主目录/Collection/素材&模板&音库/音效/02_中文音效合集/大气深沉2【音效：紧张气氛片头转场渲染无损音效素材包】/Archetype_SFX/Archetype SFX MP3/02 - Hits/Hits - Analog/AN 16 Piano Stab.mp3	Archetype SFX（大气深沉2 · 紧张气氛片头转场渲染无损音效素材包）/02 - Hits/Hits - Analog/AN 16 Piano Stab.mp3	
/volume1/主目录/Collection/素材&模板&音库/音效/02_中文音效合集/大气深沉2【音效：紧张气氛片头转场渲染无损音效素材包】/Archetype_SFX/Archetype SFX MP3/02 - Hits/Hits - Analog/AN 09 Piano Hit B.mp3	Archetype SFX（大气深沉2 · 紧张气氛片头转场渲染无损音效素材包）/02 - Hits/Hits - Analog/AN 09 Piano Hit B.mp3	
/volume1/主目录/Collection/素材&模板&音库/音效/02_中文音效合集/大气深沉2【音效：紧张气氛片头转场渲染无损音效素材包】/Archetype_SFX/Archetype SFX MP3/02 - Hits/Hits - Analog/AN 13 Dark Metal B.mp3	Archetype SFX（大气深沉2 · 紧张气氛片头转场渲染无损音效素材包）/02 - Hits/Hits - Analog/AN 13 Dark Metal B.mp3	
/volume1/主目录/Collection/素材&模板&音库/音效/02_中文音效合集/大气深沉2【音效：紧张气氛片头转场渲染无损音效素材包】/Archetype_SFX/Archetype SFX MP3/02 - Hits/Hits - Analog/AN 11 Sharp Hit.mp3	Archetype SFX（大气深沉2 · 紧张气氛片头转场渲染无损音效素材包）/02 - Hits/Hits - Analog/AN 11 Sharp Hit.mp3	
/volume1/主目录/Collection/素材&模板&音库/音效/02_中文音效合集/大气深沉2【音效：紧张气氛片头转场渲染无损音效素材包】/Archetype_SFX/Archetype SFX MP3/02 - Hits/Hits - Analog/AN 14 Worst Case A.mp3	Archetype SFX（大气深沉2 · 紧张气氛片头转场渲染无损音效素材包）/02 - Hits/Hits - Analog/AN 14 Worst Case A.mp3	
/volume1/主目录/Collection/素材&模板&音库/音效/02_中文音效合集/大气深沉2【音效：紧张气氛片头转场渲染无损音效素材包】/Archetype_SFX/Archetype SFX MP3/02 - Hits/Hits - Analog/AN 06 Whoosh Hit A.mp3	Archetype SFX（大气深沉2 · 紧张气氛片头转场渲染无损音效素材包）/02 - Hits/Hits - Analog/AN 06 Whoosh Hit A.mp3	
/volume1/主目录/Collection/素材&模板&音库/音效/02_中文音效合集/大气深沉2【音效：紧张气氛片头转场渲染无损音效素材包】/Archetype_SFX/Archetype SFX MP3/02 - Hits/Hits - Analog/AN 07 Whoosh Hit B.mp3	Archetype SFX（大气深沉2 · 紧张气氛片头转场渲染无损音效素材包）/02 - Hits/Hits - Analog/AN 07 Whoosh Hit B.mp3	
/volume1/主目录/Collection/素材&模板&音库/音效/02_中文音效合集/大气深沉2【音效：紧张气氛片头转场渲染无损音效素材包】/Archetype_SFX/Archetype SFX MP3/02 - Hits/Hits - Analog/AN 20 Say What.mp3	Archetype SFX（大气深沉2 · 紧张气氛片头转场渲染无损音效素材包）/02 - Hits/Hits - Analog/AN 20 Say What.mp3	
/volume1/主目录/Collection/素材&模板&音库/音效/02_中文音效合集/大气深沉2【音效：紧张气氛片头转场渲染无损音效素材包】/Archetype_SFX/Archetype SFX MP3/02 - Hits/Hits - Analog/AN 04 Dark Truth.mp3	Archetype SFX（大气深沉2 · 紧张气氛片头转场渲染无损音效素材包）/02 - Hits/Hits - Analog/AN 04 Dark Truth.mp3	
/volume1/主目录/Collection/素材&模板&音库/音效/02_中文音效合集/大气深沉2【音效：紧张气氛片头转场渲染无损音效素材包】/Archetype_SFX/Archetype SFX MP3/02 - Hits/Hits - Analog/AN 12 Dark Metal A.mp3	Archetype SFX（大气深沉2 · 紧张气氛片头转场渲染无损音效素材包）/02 - Hits/Hits - Analog/AN 12 Dark Metal A.mp3	
/volume1/主目录/Collection/素材&模板&音库/音效/02_中文音效合集/大气深沉2【音效：紧张气氛片头转场渲染无损音效素材包】/Archetype_SFX/Archetype SFX MP3/02 - Hits/Hits - Analog/AN 19 Sub Drop.mp3	Archetype SFX（大气深沉2 · 紧张气氛片头转场渲染无损音效素材包）/02 - Hits/Hits - Analog/AN 19 Sub Drop.mp3	
/volume1/主目录/Collection/素材&模板&音库/音效/02_中文音效合集/大气深沉2【音效：紧张气氛片头转场渲染无损音效素材包】/Archetype_SFX/Archetype SFX MP3/02 - Hits/Hits - Analog/AN 08 Piano Hit A.mp3	Archetype SFX（大气深沉2 · 紧张气氛片头转场渲染无损音效素材包）/02 - Hits/Hits - Analog/AN 08 Piano Hit A.mp3	
/volume1/主目录/Collection/素材&模板&音库/音效/02_中文音效合集/大气深沉2【音效：紧张气氛片头转场渲染无损音效素材包】/Archetype_SFX/Archetype SFX MP3/02 - Hits/Hits - Analog/AN 03 Trailer Hit B.mp3	Archetype SFX（大气深沉2 · 紧张气氛片头转场渲染无损音效素材包）/02 - Hits/Hits - Analog/AN 03 Trailer Hit B.mp3	
/volume1/主目录/Collection/素材&模板&音库/音效/02_中文音效合集/大气深沉2【音效：紧张气氛片头转场渲染无损音效素材包】/Archetype_SFX/Archetype SFX MP3/02 - Hits/Hits - Analog/AN 10 Too Late.mp3	Archetype SFX（大气深沉2 · 紧张气氛片头转场渲染无损音效素材包）/02 - Hits/Hits - Analog/AN 10 Too Late.mp3	
/volume1/主目录/Collection/素材&模板&音库/音效/02_中文音效合集/大气深沉2【音效：紧张气氛片头转场渲染无损音效素材包】/Archetype_SFX/Archetype SFX MP3/02 - Hits/Hits - Analog/AN 02 Trailer Hit A.mp3	Archetype SFX（大气深沉2 · 紧张气氛片头转场渲染无损音效素材包）/02 - Hits/Hits - Analog/AN 02 Trailer Hit A.mp3	
/volume1/主目录/Collection/素材&模板&音库/音效/02_中文音效合集/大气深沉2【音效：紧张气氛片头转场渲染无损音效素材包】/Archetype_SFX/Archetype SFX MP3/02 - Hits/Hits - Analog/AN 01 The Arrival.mp3	Archetype SFX（大气深沉2 · 紧张气氛片头转场渲染无损音效素材包）/02 - Hits/Hits - Analog/AN 01 The Arrival.mp3	
/volume1/主目录/Collection/素材&模板&音库/音效/02_中文音效合集/大气深沉2【音效：紧张气氛片头转场渲染无损音效素材包】/Archetype_SFX/Archetype SFX MP3/02 - Hits/Hits - Analog/AN 17 Ghost Hit.mp3	Archetype SFX（大气深沉2 · 紧张气氛片头转场渲染无损音效素材包）/02 - Hits/Hits - Analog/AN 17 Ghost Hit.mp3	
/volume1/主目录/Collection/素材&模板&音库/音效/02_中文音效合集/大气深沉2【音效：紧张气氛片头转场渲染无损音效素材包】/Archetype_SFX/Archetype SFX MP3/02 - Hits/Hits - Analog/AN 18 Digital Hit.mp3	Archetype SFX（大气深沉2 · 紧张气氛片头转场渲染无损音效素材包）/02 - Hits/Hits - Analog/AN 18 Digital Hit.mp3	
/volume1/主目录/Collection/素材&模板&音库/音效/02_中文音效合集/大气深沉2【音效：紧张气氛片头转场渲染无损音效素材包】/Archetype_SFX/Archetype SFX WAV/06 - Atmospheres/Atmospheres/01 Above the Earth.wav	Archetype SFX（大气深沉2 · 紧张气氛片头转场渲染无损音效素材包）/06 - Atmospheres/Atmospheres/01 Above the Earth_2.wav	conflict->suffix_2
/volume1/主目录/Collection/素材&模板&音库/音效/02_中文音效合集/大气深沉2【音效：紧张气氛片头转场渲染无损音效素材包】/Archetype_SFX/Archetype SFX WAV/06 - Atmospheres/Atmospheres/13 Subtle Wind.wav	Archetype SFX（大气深沉2 · 紧张气氛片头转场渲染无损音效素材包）/06 - Atmospheres/Atmospheres/13 Subtle Wind_2.wav	conflict->suffix_2
/volume1/主目录/Collection/素材&模板&音库/音效/02_中文音效合集/大气深沉2【音效：紧张气氛片头转场渲染无损音效素材包】/Archetype_SFX/Archetype SFX WAV/05 - Undertones/Undertones - Analog/AN 15 Warmth.wav	Archetype SFX（大气深沉2 · 紧张气氛片头转场渲染无损音效素材包）/05 - Undertones/Undertones - Analog/AN 15 Warmth_2.wav	conflict->suffix_2
/volume1/主目录/Collection/素材&模板&音库/音效/02_中文音效合集/大气深沉2【音效：紧张气氛片头转场渲染无损音效素材包】/Archetype_SFX/Archetype SFX WAV/05 - Undertones/Undertones - Silk/SL 04 Dark Drone.wav	Archetype SFX（大气深沉2 · 紧张气氛片头转场渲染无损音效素材包）/05 - Undertones/Undertones - Silk/SL 04 Dark Drone_2.wav	conflict->suffix_2
/volume1/主目录/Collection/素材&模板&音库/音效/02_中文音效合集/大气深沉2【音效：紧张气氛片头转场渲染无损音效素材包】/Archetype_SFX/Archetype SFX WAV/05 - Undertones/Undertones - Silk/SL 13 Hollow Drone.wav	Archetype SFX（大气深沉2 · 紧张气氛片头转场渲染无损音效素材包）/05 - Undertones/Undertones - Silk/SL 13 Hollow Drone_2.wav	conflict->suffix_2
/volume1/主目录/Collection/素材&模板&音库/音效/02_中文音效合集/大气深沉2【音效：紧张气氛片头转场渲染无损音效素材包】/Archetype_SFX/Archetype SFX WAV/03 - Whooshes/Whooshes/15 Quick Whoosh A.wav	Archetype SFX（大气深沉2 · 紧张气氛片头转场渲染无损音效素材包）/03 - Whooshes/Whooshes/15 Quick Whoosh A_2.wav	conflict->suffix_2
/volume1/主目录/Collection/素材&模板&音库/音效/02_中文音效合集/大气深沉2【音效：紧张气氛片头转场渲染无损音效素材包】/Archetype_SFX/Archetype SFX WAV/03 - Whooshes/Whooshes - Space/SP 14 Fast Whoosh B.wav	Archetype SFX（大气深沉2 · 紧张气氛片头转场渲染无损音效素材包）/03 - Whooshes/Whooshes - Space/SP 14 Fast Whoosh B_2.wav	conflict->suffix_2
/volume1/主目录/Collection/素材&模板&音库/音效/02_中文音效合集/大气深沉2【音效：紧张气氛片头转场渲染无损音效素材包】/Archetype_SFX/Archetype SFX WAV/03 - Whooshes/Whooshes - Space/SP 11 Flange Whoosh A.wav	Archetype SFX（大气深沉2 · 紧张气氛片头转场渲染无损音效素材包）/03 - Whooshes/Whooshes - Space/SP 11 Flange Whoosh A_2.wav	conflict->suffix_2
/volume1/主目录/Collection/素材&模板&音库/音效/02_中文音效合集/大气深沉2【音效：紧张气氛片头转场渲染无损音效素材包】/Archetype_SFX/Archetype SFX WAV/03 - Whooshes/Whooshes - Analog/AN 14 Fast Whoosh B.wav	Archetype SFX（大气深沉2 · 紧张气氛片头转场渲染无损音效素材包）/03 - Whooshes/Whooshes - Analog/AN 14 Fast Whoosh B_2.wav	conflict->suffix_2
/volume1/主目录/Collection/素材&模板&音库/音效/02_中文音效合集/大气深沉2【音效：紧张气氛片头转场渲染无损音效素材包】/Archetype_SFX/Archetype SFX WAV/03 - Whooshes/Whooshes - Silk/SL 02 Deep Whoosh B.wav	Archetype SFX（大气深沉2 · 紧张气氛片头转场渲染无损音效素材包）/03 - Whooshes/Whooshes - Silk/SL 02 Deep Whoosh B_2.wav	conflict->suffix_2
/volume1/主目录/Collection/素材&模板&音库/音效/02_中文音效合集/大气深沉2【音效：紧张气氛片头转场渲染无损音效素材包】/Archetype_SFX/Archetype SFX WAV/03 - Whooshes/Whooshes - Distortion/DS 16 Quick Whoosh B.wav	Archetype SFX（大气深沉2 · 紧张气氛片头转场渲染无损音效素材包）/03 - Whooshes/Whooshes - Distortion/DS 16 Quick Whoosh B_2.wav	conflict->suffix_2
/volume1/主目录/Collection/素材&模板&音库/音效/02_中文音效合集/大气深沉2【音效：紧张气氛片头转场渲染无损音效素材包】/Archetype_SFX/Archetype SFX WAV/03 - Whooshes/Whooshes - Distortion/DS 02 Deep Whoosh B.wav	Archetype SFX（大气深沉2 · 紧张气氛片头转场渲染无损音效素材包）/03 - Whooshes/Whooshes - Distortion/DS 02 Deep Whoosh B_2.wav	conflict->suffix_2
/volume1/主目录/Collection/素材&模板&音库/音效/02_中文音效合集/大气深沉2【音效：紧张气氛片头转场渲染无损音效素材包】/Archetype_SFX/Archetype SFX WAV/03 - Whooshes/Whooshes - Distortion/DS 18 Low Whoosh A.wav	Archetype SFX（大气深沉2 · 紧张气氛片头转场渲染无损音效素材包）/03 - Whooshes/Whooshes - Distortion/DS 18 Low Whoosh A_2.wav	conflict->suffix_2
/volume1/主目录/Collection/素材&模板&音库/音效/02_中文音效合集/大气深沉2【音效：紧张气氛片头转场渲染无损音效素材包】/Archetype_SFX/Archetype SFX WAV/01 - Risers/Risers - Space/SP 01 Dark Riser A.wav	Archetype SFX（大气深沉2 · 紧张气氛片头转场渲染无损音效素材包）/01 - Risers/Risers - Space/SP 01 Dark Riser A_2.wav	conflict->suffix_2
/volume1/主目录/Collection/素材&模板&音库/音效/02_中文音效合集/大气深沉2【音效：紧张气氛片头转场渲染无损音效素材包】/Archetype_SFX/Archetype SFX WAV/01 - Risers/Risers - Space/SP 05 Dramatic Riser.wav	Archetype SFX（大气深沉2 · 紧张气氛片头转场渲染无损音效素材包）/01 - Risers/Risers - Space/SP 05 Dramatic Riser_2.wav	conflict->suffix_2
/volume1/主目录/Collection/素材&模板&音库/音效/02_中文音效合集/大气深沉2【音效：紧张气氛片头转场渲染无损音效素材包】/Archetype_SFX/Archetype SFX WAV/01 - Risers/Risers - Space/SP 02 Dark Riser B.wav	Archetype SFX（大气深沉2 · 紧张气氛片头转场渲染无损音效素材包）/01 - Risers/Risers - Space/SP 02 Dark Riser B_2.wav	conflict->suffix_2
/volume1/主目录/Collection/素材&模板&音库/音效/02_中文音效合集/大气深沉2【音效：紧张气氛片头转场渲染无损音效素材包】/Archetype_SFX/Archetype SFX WAV/01 - Risers/Risers - Space/SP 09 Simple Riser.wav	Archetype SFX（大气深沉2 · 紧张气氛片头转场渲染无损音效素材包）/01 - Risers/Risers - Space/SP 09 Simple Riser_2.wav	conflict->suffix_2
/volume1/主目录/Collection/素材&模板&音库/音效/02_中文音效合集/大气深沉2【音效：紧张气氛片头转场渲染无损音效素材包】/Archetype_SFX/Archetype SFX WAV/01 - Risers/Risers - Distortion/DS 02 Dark Riser B.wav	Archetype SFX（大气深沉2 · 紧张气氛片头转场渲染无损音效素材包）/01 - Risers/Risers - Distortion/DS 02 Dark Riser B_2.wav	conflict->suffix_2
/volume1/主目录/Collection/素材&模板&音库/音效/02_中文音效合集/大气深沉2【音效：紧张气氛片头转场渲染无损音效素材包】/Archetype_SFX/Archetype SFX WAV/01 - Risers/Risers - Silk/SL 02 Dark Riser B.wav	Archetype SFX（大气深沉2 · 紧张气氛片头转场渲染无损音效素材包）/01 - Risers/Risers - Silk/SL 02 Dark Riser B_2.wav	conflict->suffix_2
/volume1/主目录/Collection/素材&模板&音库/音效/02_中文音效合集/大气深沉2【音效：紧张气氛片头转场渲染无损音效素材包】/Archetype_SFX/Archetype SFX WAV/01 - Risers/Risers - Silk/SL 05 Dramatic Riser.wav	Archetype SFX（大气深沉2 · 紧张气氛片头转场渲染无损音效素材包）/01 - Risers/Risers - Silk/SL 05 Dramatic Riser_2.wav	conflict->suffix_2
/volume1/主目录/Collection/素材&模板&音库/音效/02_中文音效合集/大气深沉2【音效：紧张气氛片头转场渲染无损音效素材包】/Archetype_SFX/Archetype SFX WAV/01 - Risers/Risers/23 Mechanical Riser.wav	Archetype SFX（大气深沉2 · 紧张气氛片头转场渲染无损音效素材包）/01 - Risers/Risers/23 Mechanical Riser_2.wav	conflict->suffix_2
/volume1/主目录/Collection/素材&模板&音库/音效/02_中文音效合集/大气深沉2【音效：紧张气氛片头转场渲染无损音效素材包】/Archetype_SFX/Archetype SFX WAV/02 - Hits/Hits/07 Whoosh Hit B.wav	Archetype SFX（大气深沉2 · 紧张气氛片头转场渲染无损音效素材包）/02 - Hits/Hits/07 Whoosh Hit B_2.wav	conflict->suffix_2
/volume1/主目录/Collection/素材&模板&音库/音效/02_中文音效合集/大气深沉2【音效：紧张气氛片头转场渲染无损音效素材包】/Archetype_SFX/Archetype SFX WAV/02 - Hits/Hits/18 Digital Hit.wav	Archetype SFX（大气深沉2 · 紧张气氛片头转场渲染无损音效素材包）/02 - Hits/Hits/18 Digital Hit_2.wav	conflict->suffix_2
/volume1/主目录/Collection/素材&模板&音库/音效/02_中文音效合集/大气深沉2【音效：紧张气氛片头转场渲染无损音效素材包】/Archetype_SFX/Archetype SFX WAV/02 - Hits/Hits - Silk/SL 13 Dark Metal B.wav	Archetype SFX（大气深沉2 · 紧张气氛片头转场渲染无损音效素材包）/02 - Hits/Hits - Silk/SL 13 Dark Metal B_2.wav	conflict->suffix_2
/volume1/主目录/Collection/素材&模板&音库/音效/02_中文音效合集/大气深沉2【音效：紧张气氛片头转场渲染无损音效素材包】/Archetype_SFX/Archetype SFX WAV/02 - Hits/Hits - Silk/SL 05 Solid Hit.wav	Archetype SFX（大气深沉2 · 紧张气氛片头转场渲染无损音效素材包）/02 - Hits/Hits - Silk/SL 05 Solid Hit_2.wav	conflict->suffix_2
/volume1/主目录/Collection/素材&模板&音库/音效/02_中文音效合集/大气深沉2【音效：紧张气氛片头转场渲染无损音效素材包】/Archetype_SFX/Archetype SFX WAV/02 - Hits/Hits - Silk/SL 04 Dark Truth.wav	Archetype SFX（大气深沉2 · 紧张气氛片头转场渲染无损音效素材包）/02 - Hits/Hits - Silk/SL 04 Dark Truth_2.wav	conflict->suffix_2
/volume1/主目录/Collection/素材&模板&音库/音效/02_中文音效合集/气氛音乐音效/Endurance SFX/03 - Patterns/Patterns - Space/SP 11 Static Train B.mp3	Endurance SFX（大气深沉3 · 低音节奏感紧张气氛渲染无损音效素材包）/03 - Patterns/Patterns - Space/SP 11 Static Train B.mp3	
/volume1/主目录/Collection/素材&模板&音库/音效/02_中文音效合集/气氛音乐音效/Endurance SFX/03 - Patterns/Patterns - Space/SP 26 Insect Stopwatch.mp3	Endurance SFX（大气深沉3 · 低音节奏感紧张气氛渲染无损音效素材包）/03 - Patterns/Patterns - Space/SP 26 Insect Stopwatch.mp3	
/volume1/主目录/Collection/素材&模板&音库/音效/02_中文音效合集/气氛音乐音效/Endurance SFX/03 - Patterns/Patterns - Space/SP 17 Clicker B.mp3	Endurance SFX（大气深沉3 · 低音节奏感紧张气氛渲染无损音效素材包）/03 - Patterns/Patterns - Space/SP 17 Clicker B.mp3	
/volume1/主目录/Collection/素材&模板&音库/音效/02_中文音效合集/气氛音乐音效/Endurance SFX/03 - Patterns/Patterns - Space/SP 03 Washing Money B.mp3	Endurance SFX（大气深沉3 · 低音节奏感紧张气氛渲染无损音效素材包）/03 - Patterns/Patterns - Space/SP 03 Washing Money B.mp3	
/volume1/主目录/Collection/素材&模板&音库/音效/02_中文音效合集/气氛音乐音效/Endurance SFX/03 - Patterns/Patterns - Space/SP 04 Night Run.mp3	Endurance SFX（大气深沉3 · 低音节奏感紧张气氛渲染无损音效素材包）/03 - Patterns/Patterns - Space/SP 04 Night Run.mp3	
/volume1/主目录/Collection/素材&模板&音库/音效/02_中文音效合集/气氛音乐音效/Endurance SFX/03 - Patterns/Patterns - Space/SP 08 Breath A.mp3	Endurance SFX（大气深沉3 · 低音节奏感紧张气氛渲染无损音效素材包）/03 - Patterns/Patterns - Space/SP 08 Breath A.mp3	
/volume1/主目录/Collection/素材&模板&音库/音效/02_中文音效合集/气氛音乐音效/Endurance SFX/03 - Patterns/Patterns - Space/SP 15 Machine B.mp3	Endurance SFX（大气深沉3 · 低音节奏感紧张气氛渲染无损音效素材包）/03 - Patterns/Patterns - Space/SP 15 Machine B.mp3	
/volume1/主目录/Collection/素材&模板&音库/音效/02_中文音效合集/气氛音乐音效/Endurance SFX/03 - Patterns/Patterns - Space/SP 27 Knife Bow.mp3	Endurance SFX（大气深沉3 · 低音节奏感紧张气氛渲染无损音效素材包）/03 - Patterns/Patterns - Space/SP 27 Knife Bow.mp3	
/volume1/主目录/Collection/素材&模板&音库/音效/02_中文音效合集/气氛音乐音效/Endurance SFX/03 - Patterns/Patterns - Space/SP 10 Static Train A.mp3	Endurance SFX（大气深沉3 · 低音节奏感紧张气氛渲染无损音效素材包）/03 - Patterns/Patterns - Space/SP 10 Static Train A.mp3	
/volume1/主目录/Collection/素材&模板&音库/音效/02_中文音效合集/气氛音乐音效/Endurance SFX/03 - Patterns/Patterns - Space/SP 24 Cicada Clock.mp3	Endurance SFX（大气深沉3 · 低音节奏感紧张气氛渲染无损音效素材包）/03 - Patterns/Patterns - Space/SP 24 Cicada Clock.mp3	
/volume1/主目录/Collection/素材&模板&音库/音效/02_中文音效合集/气氛音乐音效/Endurance SFX/03 - Patterns/Patterns - Space/SP 02 Washing Money A.mp3	Endurance SFX（大气深沉3 · 低音节奏感紧张气氛渲染无损音效素材包）/03 - Patterns/Patterns - Space/SP 02 Washing Money A.mp3	
/volume1/主目录/Collection/素材&模板&音库/音效/02_中文音效合集/气氛音乐音效/Endurance SFX/03 - Patterns/Patterns - Space/SP 13 Steady Grind.mp3	Endurance SFX（大气深沉3 · 低音节奏感紧张气氛渲染无损音效素材包）/03 - Patterns/Patterns - Space/SP 13 Steady Grind.mp3	
/volume1/主目录/Collection/素材&模板&音库/音效/02_中文音效合集/气氛音乐音效/Endurance SFX/03 - Patterns/Patterns - Space/SP 06 Future Glow.mp3	Endurance SFX（大气深沉3 · 低音节奏感紧张气氛渲染无损音效素材包）/03 - Patterns/Patterns - Space/SP 06 Future Glow.mp3	
/volume1/主目录/Collection/素材&模板&音库/音效/02_中文音效合集/气氛音乐音效/Endurance SFX/03 - Patterns/Patterns - Space/SP 25 Perpetual Crickets.mp3	Endurance SFX（大气深沉3 · 低音节奏感紧张气氛渲染无损音效素材包）/03 - Patterns/Patterns - Space/SP 25 Perpetual Crickets.mp3	
/volume1/主目录/Collection/素材&模板&音库/音效/02_中文音效合集/气氛音乐音效/Endurance SFX/03 - Patterns/Patterns - Space/SP 18 Circuits.mp3	Endurance SFX（大气深沉3 · 低音节奏感紧张气氛渲染无损音效素材包）/03 - Patterns/Patterns - Space/SP 18 Circuits.mp3	
/volume1/主目录/Collection/素材&模板&音库/音效/02_中文音效合集/气氛音乐音效/Endurance SFX/03 - Patterns/Patterns - Space/SP 22 Dot Matrix C.mp3	Endurance SFX（大气深沉3 · 低音节奏感紧张气氛渲染无损音效素材包）/03 - Patterns/Patterns - Space/SP 22 Dot Matrix C.mp3	
/volume1/主目录/Collection/素材&模板&音库/音效/02_中文音效合集/气氛音乐音效/Endurance SFX/03 - Patterns/Patterns - Space/SP 05 Mind Game.mp3	Endurance SFX（大气深沉3 · 低音节奏感紧张气氛渲染无损音效素材包）/03 - Patterns/Patterns - Space/SP 05 Mind Game.mp3	
/volume1/主目录/Collection/素材&模板&音库/音效/02_中文音效合集/气氛音乐音效/Endurance SFX/03 - Patterns/Patterns - Space/SP 14 Machine A.mp3	Endurance SFX（大气深沉3 · 低音节奏感紧张气氛渲染无损音效素材包）/03 - Patterns/Patterns - Space/SP 14 Machine A.mp3	
/volume1/主目录/Collection/素材&模板&音库/音效/02_中文音效合集/气氛音乐音效/Endurance SFX/03 - Patterns/Patterns - Space/SP 21 Dot Matrix B.mp3	Endurance SFX（大气深沉3 · 低音节奏感紧张气氛渲染无损音效素材包）/03 - Patterns/Patterns - Space/SP 21 Dot Matrix B.mp3	
/volume1/主目录/Collection/素材&模板&音库/音效/02_中文音效合集/气氛音乐音效/Endurance SFX/03 - Patterns/Patterns - Space/SP 07 Breathing Pattern.mp3	Endurance SFX（大气深沉3 · 低音节奏感紧张气氛渲染无损音效素材包）/03 - Patterns/Patterns - Space/SP 07 Breathing Pattern.mp3	
/volume1/主目录/Collection/素材&模板&音库/音效/02_中文音效合集/气氛音乐音效/Endurance SFX/03 - Patterns/Patterns - Space/SP 19 Crunch Pop.mp3	Endurance SFX（大气深沉3 · 低音节奏感紧张气氛渲染无损音效素材包）/03 - Patterns/Patterns - Space/SP 19 Crunch Pop.mp3	
/volume1/主目录/Collection/素材&模板&音库/音效/02_中文音效合集/气氛音乐音效/Endurance SFX/03 - Patterns/Patterns - Space/SP 16 Clicker A.mp3	Endurance SFX（大气深沉3 · 低音节奏感紧张气氛渲染无损音效素材包）/03 - Patterns/Patterns - Space/SP 16 Clicker A.mp3	
/volume1/主目录/Collection/素材&模板&音库/音效/02_中文音效合集/气氛音乐音效/Endurance SFX/03 - Patterns/Patterns - Space/SP 20 Dot Matrix A.mp3	Endurance SFX（大气深沉3 · 低音节奏感紧张气氛渲染无损音效素材包）/03 - Patterns/Patterns - Space/SP 20 Dot Matrix A.mp3	
/volume1/主目录/Collection/素材&模板&音库/音效/02_中文音效合集/气氛音乐音效/Endurance SFX/03 - Patterns/Patterns - Space/SP 01 Keep Moving.mp3	Endurance SFX（大气深沉3 · 低音节奏感紧张气氛渲染无损音效素材包）/03 - Patterns/Patterns - Space/SP 01 Keep Moving.mp3	
/volume1/主目录/Collection/素材&模板&音库/音效/02_中文音效合集/气氛音乐音效/Endurance SFX/03 - Patterns/Patterns - Space/SP 12 Static Train C.mp3	Endurance SFX（大气深沉3 · 低音节奏感紧张气氛渲染无损音效素材包）/03 - Patterns/Patterns - Space/SP 12 Static Train C.mp3	
/volume1/主目录/Collection/素材&模板&音库/音效/02_中文音效合集/气氛音乐音效/Endurance SFX/03 - Patterns/Patterns - Space/SP 09 Breath B.mp3	Endurance SFX（大气深沉3 · 低音节奏感紧张气氛渲染无损音效素材包）/03 - Patterns/Patterns - Space/SP 09 Breath B.mp3	
/volume1/主目录/Collection/素材&模板&音库/音效/02_中文音效合集/气氛音乐音效/Endurance SFX/03 - Patterns/Patterns - Space/SP 23 Dot Matrix D.mp3	Endurance SFX（大气深沉3 · 低音节奏感紧张气氛渲染无损音效素材包）/03 - Patterns/Patterns - Space/SP 23 Dot Matrix D.mp3	
/volume1/主目录/Collection/素材&模板&音库/音效/02_中文音效合集/气氛音乐音效/Endurance SFX/03 - Patterns/Patterns - Silk/SL 06 Future Glow.mp3	Endurance SFX（大气深沉3 · 低音节奏感紧张气氛渲染无损音效素材包）/03 - Patterns/Patterns - Silk/SL 06 Future Glow.mp3	
/volume1/主目录/Collection/素材&模板&音库/音效/02_中文音效合集/气氛音乐音效/Endurance SFX/03 - Patterns/Patterns - Silk/SL 18 Circuits.mp3	Endurance SFX（大气深沉3 · 低音节奏感紧张气氛渲染无损音效素材包）/03 - Patterns/Patterns - Silk/SL 18 Circuits.mp3	
/volume1/主目录/Collection/素材&模板&音库/音效/02_中文音效合集/气氛音乐音效/Endurance SFX/03 - Patterns/Patterns - Silk/SL 21 Dot Matrix B.mp3	Endurance SFX（大气深沉3 · 低音节奏感紧张气氛渲染无损音效素材包）/03 - Patterns/Patterns - Silk/SL 21 Dot Matrix B.mp3	
/volume1/主目录/Collection/素材&模板&音库/音效/02_中文音效合集/气氛音乐音效/Endurance SFX/03 - Patterns/Patterns - Silk/SL 20 Dot Matrix A.mp3	Endurance SFX（大气深沉3 · 低音节奏感紧张气氛渲染无损音效素材包）/03 - Patterns/Patterns - Silk/SL 20 Dot Matrix A.mp3	
/volume1/主目录/Collection/素材&模板&音库/音效/02_中文音效合集/气氛音乐音效/Endurance SFX/03 - Patterns/Patterns - Silk/SL 17 Clicker B.mp3	Endurance SFX（大气深沉3 · 低音节奏感紧张气氛渲染无损音效素材包）/03 - Patterns/Patterns - Silk/SL 17 Clicker B.mp3	
/volume1/主目录/Collection/素材&模板&音库/音效/02_中文音效合集/气氛音乐音效/Endurance SFX/03 - Patterns/Patterns - Silk/SL 09 Breath B.mp3	Endurance SFX（大气深沉3 · 低音节奏感紧张气氛渲染无损音效素材包）/03 - Patterns/Patterns - Silk/SL 09 Breath B.mp3	
/volume1/主目录/Collection/素材&模板&音库/音效/02_中文音效合集/气氛音乐音效/Endurance SFX/03 - Patterns/Patterns - Silk/SL 12 Static Train C.mp3	Endurance SFX（大气深沉3 · 低音节奏感紧张气氛渲染无损音效素材包）/03 - Patterns/Patterns - Silk/SL 12 Static Train C.mp3	
/volume1/主目录/Collection/素材&模板&音库/音效/02_中文音效合集/气氛音乐音效/Endurance SFX/03 - Patterns/Patterns - Silk/SL 02 Washing Money A.mp3	Endurance SFX（大气深沉3 · 低音节奏感紧张气氛渲染无损音效素材包）/03 - Patterns/Patterns - Silk/SL 02 Washing Money A.mp3	
/volume1/主目录/Collection/素材&模板&音库/音效/02_中文音效合集/气氛音乐音效/Endurance SFX/03 - Patterns/Patterns - Silk/SL 16 Clicker A.mp3	Endurance SFX（大气深沉3 · 低音节奏感紧张气氛渲染无损音效素材包）/03 - Patterns/Patterns - Silk/SL 16 Clicker A.mp3	
/volume1/主目录/Collection/素材&模板&音库/音效/02_中文音效合集/气氛音乐音效/Endurance SFX/03 - Patterns/Patterns - Silk/SL 10 Static Train A.mp3	Endurance SFX（大气深沉3 · 低音节奏感紧张气氛渲染无损音效素材包）/03 - Patterns/Patterns - Silk/SL 10 Static Train A.mp3	
/volume1/主目录/Collection/素材&模板&音库/音效/02_中文音效合集/气氛音乐音效/Endurance SFX/03 - Patterns/Patterns - Silk/SL 13 Steady Grind.mp3	Endurance SFX（大气深沉3 · 低音节奏感紧张气氛渲染无损音效素材包）/03 - Patterns/Patterns - Silk/SL 13 Steady Grind.mp3	
/volume1/主目录/Collection/素材&模板&音库/音效/02_中文音效合集/气氛音乐音效/Endurance SFX/03 - Patterns/Patterns - Silk/SL 03 Washing Money B.mp3	Endurance SFX（大气深沉3 · 低音节奏感紧张气氛渲染无损音效素材包）/03 - Patterns/Patterns - Silk/SL 03 Washing Money B.mp3	
/volume1/主目录/Collection/素材&模板&音库/音效/02_中文音效合集/气氛音乐音效/Endurance SFX/03 - Patterns/Patterns - Silk/SL 15 Machine B.mp3	Endurance SFX（大气深沉3 · 低音节奏感紧张气氛渲染无损音效素材包）/03 - Patterns/Patterns - Silk/SL 15 Machine B.mp3	
/volume1/主目录/Collection/素材&模板&音库/音效/02_中文音效合集/气氛音乐音效/Endurance SFX/03 - Patterns/Patterns - Silk/SL 27 Knife Bow.mp3	Endurance SFX（大气深沉3 · 低音节奏感紧张气氛渲染无损音效素材包）/03 - Patterns/Patterns - Silk/SL 27 Knife Bow.mp3	
/volume1/主目录/Collection/素材&模板&音库/音效/02_中文音效合集/气氛音乐音效/Endurance SFX/03 - Patterns/Patterns - Silk/SL 14 Machine A.mp3	Endurance SFX（大气深沉3 · 低音节奏感紧张气氛渲染无损音效素材包）/03 - Patterns/Patterns - Silk/SL 14 Machine A.mp3	
/volume1/主目录/Collection/素材&模板&音库/音效/02_中文音效合集/气氛音乐音效/Endurance SFX/03 - Patterns/Patterns - Silk/SL 11 Static Train B.mp3	Endurance SFX（大气深沉3 · 低音节奏感紧张气氛渲染无损音效素材包）/03 - Patterns/Patterns - Silk/SL 11 Static Train B.mp3	
/volume1/主目录/Collection/素材&模板&音库/音效/02_中文音效合集/气氛音乐音效/Endurance SFX/03 - Patterns/Patterns - Silk/SL 08 Breath A.mp3	Endurance SFX（大气深沉3 · 低音节奏感紧张气氛渲染无损音效素材包）/03 - Patterns/Patterns - Silk/SL 08 Breath A.mp3	
/volume1/主目录/Collection/素材&模板&音库/音效/02_中文音效合集/气氛音乐音效/Endurance SFX/03 - Patterns/Patterns - Silk/SL 23 Dot Matrix D.mp3	Endurance SFX（大气深沉3 · 低音节奏感紧张气氛渲染无损音效素材包）/03 - Patterns/Patterns - Silk/SL 23 Dot Matrix D.mp3	
/volume1/主目录/Collection/素材&模板&音库/音效/02_中文音效合集/气氛音乐音效/Endurance SFX/03 - Patterns/Patterns - Silk/SL 24 Cicada Clock.mp3	Endurance SFX（大气深沉3 · 低音节奏感紧张气氛渲染无损音效素材包）/03 - Patterns/Patterns - Silk/SL 24 Cicada Clock.mp3	
/volume1/主目录/Collection/素材&模板&音库/音效/02_中文音效合集/气氛音乐音效/Endurance SFX/03 - Patterns/Patterns - Silk/SL 22 Dot Matrix C.mp3	Endurance SFX（大气深沉3 · 低音节奏感紧张气氛渲染无损音效素材包）/03 - Patterns/Patterns - Silk/SL 22 Dot Matrix C.mp3	
/volume1/主目录/Collection/素材&模板&音库/音效/02_中文音效合集/气氛音乐音效/Endurance SFX/03 - Patterns/Patterns - Silk/SL 05 Mind Game.mp3	Endurance SFX（大气深沉3 · 低音节奏感紧张气氛渲染无损音效素材包）/03 - Patterns/Patterns - Silk/SL 05 Mind Game.mp3	
/volume1/主目录/Collection/素材&模板&音库/音效/02_中文音效合集/气氛音乐音效/Endurance SFX/03 - Patterns/Patterns - Silk/SL 07 Breathing Pattern.mp3	Endurance SFX（大气深沉3 · 低音节奏感紧张气氛渲染无损音效素材包）/03 - Patterns/Patterns - Silk/SL 07 Breathing Pattern.mp3	
/volume1/主目录/Collection/素材&模板&音库/音效/02_中文音效合集/气氛音乐音效/Endurance SFX/03 - Patterns/Patterns - Silk/SL 01 Keep Moving.mp3	Endurance SFX（大气深沉3 · 低音节奏感紧张气氛渲染无损音效素材包）/03 - Patterns/Patterns - Silk/SL 01 Keep Moving.mp3	
/volume1/主目录/Collection/素材&模板&音库/音效/02_中文音效合集/气氛音乐音效/Endurance SFX/03 - Patterns/Patterns - Silk/SL 25 Perpetual Crickets.mp3	Endurance SFX（大气深沉3 · 低音节奏感紧张气氛渲染无损音效素材包）/03 - Patterns/Patterns - Silk/SL 25 Perpetual Crickets.mp3	
/volume1/主目录/Collection/素材&模板&音库/音效/02_中文音效合集/气氛音乐音效/Endurance SFX/03 - Patterns/Patterns - Silk/SL 26 Insect Stopwatch.mp3	Endurance SFX（大气深沉3 · 低音节奏感紧张气氛渲染无损音效素材包）/03 - Patterns/Patterns - Silk/SL 26 Insect Stopwatch.mp3	
/volume1/主目录/Collection/素材&模板&音库/音效/02_中文音效合集/气氛音乐音效/Endurance SFX/03 - Patterns/Patterns - Silk/SL 19 Crunch Pop.mp3	Endurance SFX（大气深沉3 · 低音节奏感紧张气氛渲染无损音效素材包）/03 - Patterns/Patterns - Silk/SL 19 Crunch Pop.mp3	
/volume1/主目录/Collection/素材&模板&音库/音效/02_中文音效合集/气氛音乐音效/Endurance SFX/03 - Patterns/Patterns - Silk/SL 04 Night Run.mp3	Endurance SFX（大气深沉3 · 低音节奏感紧张气氛渲染无损音效素材包）/03 - Patterns/Patterns - Silk/SL 04 Night Run.mp3	
/volume1/主目录/Collection/素材&模板&音库/音效/02_中文音效合集/气氛音乐音效/Endurance SFX/03 - Patterns/Patterns - Distortion/DS 25 Perpetual Crickets.mp3	Endurance SFX（大气深沉3 · 低音节奏感紧张气氛渲染无损音效素材包）/03 - Patterns/Patterns - Distortion/DS 25 Perpetual Crickets.mp3	
/volume1/主目录/Collection/素材&模板&音库/音效/02_中文音效合集/气氛音乐音效/Endurance SFX/03 - Patterns/Patterns - Distortion/DS 08 Breath A.mp3	Endurance SFX（大气深沉3 · 低音节奏感紧张气氛渲染无损音效素材包）/03 - Patterns/Patterns - Distortion/DS 08 Breath A.mp3	
/volume1/主目录/Collection/素材&模板&音库/音效/02_中文音效合集/气氛音乐音效/Endurance SFX/03 - Patterns/Patterns - Distortion/DS 23 Dot Matrix D.mp3	Endurance SFX（大气深沉3 · 低音节奏感紧张气氛渲染无损音效素材包）/03 - Patterns/Patterns - Distortion/DS 23 Dot Matrix D.mp3	
/volume1/主目录/Collection/素材&模板&音库/音效/02_中文音效合集/气氛音乐音效/Endurance SFX/03 - Patterns/Patterns - Distortion/DS 12 Static Train C.mp3	Endurance SFX（大气深沉3 · 低音节奏感紧张气氛渲染无损音效素材包）/03 - Patterns/Patterns - Distortion/DS 12 Static Train C.mp3	
/volume1/主目录/Collection/素材&模板&音库/音效/02_中文音效合集/气氛音乐音效/Endurance SFX/03 - Patterns/Patterns - Distortion/DS 21 Dot Matrix B.mp3	Endurance SFX（大气深沉3 · 低音节奏感紧张气氛渲染无损音效素材包）/03 - Patterns/Patterns - Distortion/DS 21 Dot Matrix B.mp3	
/volume1/主目录/Collection/素材&模板&音库/音效/02_中文音效合集/气氛音乐音效/Endurance SFX/03 - Patterns/Patterns - Distortion/DS 27 Knife Bow.mp3	Endurance SFX（大气深沉3 · 低音节奏感紧张气氛渲染无损音效素材包）/03 - Patterns/Patterns - Distortion/DS 27 Knife Bow.mp3	
/volume1/主目录/Collection/素材&模板&音库/音效/02_中文音效合集/气氛音乐音效/Endurance SFX/03 - Patterns/Patterns - Distortion/DS 05 Mind Game.mp3	Endurance SFX（大气深沉3 · 低音节奏感紧张气氛渲染无损音效素材包）/03 - Patterns/Patterns - Distortion/DS 05 Mind Game.mp3	
/volume1/主目录/Collection/素材&模板&音库/音效/02_中文音效合集/气氛音乐音效/Endurance SFX/03 - Patterns/Patterns - Distortion/DS 04 Night Run.mp3	Endurance SFX（大气深沉3 · 低音节奏感紧张气氛渲染无损音效素材包）/03 - Patterns/Patterns - Distortion/DS 04 Night Run.mp3	
/volume1/主目录/Collection/素材&模板&音库/音效/02_中文音效合集/气氛音乐音效/Endurance SFX/03 - Patterns/Patterns - Distortion/DS 22 Dot Matrix C.mp3	Endurance SFX（大气深沉3 · 低音节奏感紧张气氛渲染无损音效素材包）/03 - Patterns/Patterns - Distortion/DS 22 Dot Matrix C.mp3	
/volume1/主目录/Collection/素材&模板&音库/音效/02_中文音效合集/气氛音乐音效/Endurance SFX/03 - Patterns/Patterns - Distortion/DS 17 Clicker B.mp3	Endurance SFX（大气深沉3 · 低音节奏感紧张气氛渲染无损音效素材包）/03 - Patterns/Patterns - Distortion/DS 17 Clicker B.mp3	
/volume1/主目录/Collection/素材&模板&音库/音效/02_中文音效合集/气氛音乐音效/Endurance SFX/03 - Patterns/Patterns - Distortion/DS 10 Static Train A.mp3	Endurance SFX（大气深沉3 · 低音节奏感紧张气氛渲染无损音效素材包）/03 - Patterns/Patterns - Distortion/DS 10 Static Train A.mp3	
/volume1/主目录/Collection/素材&模板&音库/音效/02_中文音效合集/气氛音乐音效/Endurance SFX/03 - Patterns/Patterns - Distortion/DS 02 Washing Money A.mp3	Endurance SFX（大气深沉3 · 低音节奏感紧张气氛渲染无损音效素材包）/03 - Patterns/Patterns - Distortion/DS 02 Washing Money A.mp3	
/volume1/主目录/Collection/素材&模板&音库/音效/02_中文音效合集/气氛音乐音效/Endurance SFX/03 - Patterns/Patterns - Distortion/DS 24 Cicada Clock.mp3	Endurance SFX（大气深沉3 · 低音节奏感紧张气氛渲染无损音效素材包）/03 - Patterns/Patterns - Distortion/DS 24 Cicada Clock.mp3	
/volume1/主目录/Collection/素材&模板&音库/音效/02_中文音效合集/气氛音乐音效/Endurance SFX/03 - Patterns/Patterns - Distortion/DS 20 Dot Matrix A.mp3	Endurance SFX（大气深沉3 · 低音节奏感紧张气氛渲染无损音效素材包）/03 - Patterns/Patterns - Distortion/DS 20 Dot Matrix A.mp3	
/volume1/主目录/Collection/素材&模板&音库/音效/02_中文音效合集/气氛音乐音效/Endurance SFX/03 - Patterns/Patterns - Distortion/DS 18 Circuits.mp3	Endurance SFX（大气深沉3 · 低音节奏感紧张气氛渲染无损音效素材包）/03 - Patterns/Patterns - Distortion/DS 18 Circuits.mp3	
/volume1/主目录/Collection/素材&模板&音库/音效/02_中文音效合集/气氛音乐音效/Endurance SFX/03 - Patterns/Patterns - Distortion/DS 07 Breathing Pattern.mp3	Endurance SFX（大气深沉3 · 低音节奏感紧张气氛渲染无损音效素材包）/03 - Patterns/Patterns - Distortion/DS 07 Breathing Pattern.mp3	
/volume1/主目录/Collection/素材&模板&音库/音效/02_中文音效合集/气氛音乐音效/Endurance SFX/03 - Patterns/Patterns - Distortion/DS 11 Static Train B.mp3	Endurance SFX（大气深沉3 · 低音节奏感紧张气氛渲染无损音效素材包）/03 - Patterns/Patterns - Distortion/DS 11 Static Train B.mp3	
/volume1/主目录/Collection/素材&模板&音库/音效/02_中文音效合集/气氛音乐音效/Endurance SFX/03 - Patterns/Patterns - Distortion/DS 14 Machine A.mp3	Endurance SFX（大气深沉3 · 低音节奏感紧张气氛渲染无损音效素材包）/03 - Patterns/Patterns - Distortion/DS 14 Machine A.mp3	
/volume1/主目录/Collection/素材&模板&音库/音效/02_中文音效合集/气氛音乐音效/Endurance SFX/03 - Patterns/Patterns - Distortion/DS 26 Insect Stopwatch.mp3	Endurance SFX（大气深沉3 · 低音节奏感紧张气氛渲染无损音效素材包）/03 - Patterns/Patterns - Distortion/DS 26 Insect Stopwatch.mp3	
/volume1/主目录/Collection/素材&模板&音库/音效/02_中文音效合集/气氛音乐音效/Endurance SFX/03 - Patterns/Patterns - Distortion/DS 16 Clicker A.mp3	Endurance SFX（大气深沉3 · 低音节奏感紧张气氛渲染无损音效素材包）/03 - Patterns/Patterns - Distortion/DS 16 Clicker A.mp3	
/volume1/主目录/Collection/素材&模板&音库/音效/02_中文音效合集/气氛音乐音效/Endurance SFX/03 - Patterns/Patterns - Distortion/DS 03 Washing Money B.mp3	Endurance SFX（大气深沉3 · 低音节奏感紧张气氛渲染无损音效素材包）/03 - Patterns/Patterns - Distortion/DS 03 Washing Money B.mp3	
/volume1/主目录/Collection/素材&模板&音库/音效/02_中文音效合集/气氛音乐音效/Endurance SFX/03 - Patterns/Patterns - Distortion/DS 13 Steady Grind.mp3	Endurance SFX（大气深沉3 · 低音节奏感紧张气氛渲染无损音效素材包）/03 - Patterns/Patterns - Distortion/DS 13 Steady Grind.mp3	
/volume1/主目录/Collection/素材&模板&音库/音效/02_中文音效合集/气氛音乐音效/Endurance SFX/03 - Patterns/Patterns - Distortion/DS 01 Keep Moving.mp3	Endurance SFX（大气深沉3 · 低音节奏感紧张气氛渲染无损音效素材包）/03 - Patterns/Patterns - Distortion/DS 01 Keep Moving.mp3	
/volume1/主目录/Collection/素材&模板&音库/音效/02_中文音效合集/气氛音乐音效/Endurance SFX/03 - Patterns/Patterns - Distortion/DS 15 Machine B.mp3	Endurance SFX（大气深沉3 · 低音节奏感紧张气氛渲染无损音效素材包）/03 - Patterns/Patterns - Distortion/DS 15 Machine B.mp3	
/volume1/主目录/Collection/素材&模板&音库/音效/02_中文音效合集/气氛音乐音效/Endurance SFX/03 - Patterns/Patterns - Distortion/DS 09 Breath B.mp3	Endurance SFX（大气深沉3 · 低音节奏感紧张气氛渲染无损音效素材包）/03 - Patterns/Patterns - Distortion/DS 09 Breath B.mp3	
/volume1/主目录/Collection/素材&模板&音库/音效/02_中文音效合集/气氛音乐音效/Endurance SFX/03 - Patterns/Patterns - Distortion/DS 19 Crunch Pop.mp3	Endurance SFX（大气深沉3 · 低音节奏感紧张气氛渲染无损音效素材包）/03 - Patterns/Patterns - Distortion/DS 19 Crunch Pop.mp3	
/volume1/主目录/Collection/素材&模板&音库/音效/02_中文音效合集/气氛音乐音效/Endurance SFX/03 - Patterns/Patterns - Distortion/DS 06 Future Glow.mp3	Endurance SFX（大气深沉3 · 低音节奏感紧张气氛渲染无损音效素材包）/03 - Patterns/Patterns - Distortion/DS 06 Future Glow.mp3	
/volume1/主目录/Collection/素材&模板&音库/音效/02_中文音效合集/气氛音乐音效/Endurance SFX/03 - Patterns/Patterns/17 Clicker B.mp3	Endurance SFX（大气深沉3 · 低音节奏感紧张气氛渲染无损音效素材包）/03 - Patterns/Patterns/17 Clicker B.mp3	
/volume1/主目录/Collection/素材&模板&音库/音效/02_中文音效合集/气氛音乐音效/Endurance SFX/03 - Patterns/Patterns/01 Keep Moving.mp3	Endurance SFX（大气深沉3 · 低音节奏感紧张气氛渲染无损音效素材包）/03 - Patterns/Patterns/01 Keep Moving.mp3	
/volume1/主目录/Collection/素材&模板&音库/音效/02_中文音效合集/气氛音乐音效/Endurance SFX/03 - Patterns/Patterns/15 Machine B.mp3	Endurance SFX（大气深沉3 · 低音节奏感紧张气氛渲染无损音效素材包）/03 - Patterns/Patterns/15 Machine B.mp3	
/volume1/主目录/Collection/素材&模板&音库/音效/02_中文音效合集/气氛音乐音效/Endurance SFX/03 - Patterns/Patterns/11 Static Train B.mp3	Endurance SFX（大气深沉3 · 低音节奏感紧张气氛渲染无损音效素材包）/03 - Patterns/Patterns/11 Static Train B.mp3	
/volume1/主目录/Collection/素材&模板&音库/音效/02_中文音效合集/气氛音乐音效/Endurance SFX/03 - Patterns/Patterns/10 Static Train A.mp3	Endurance SFX（大气深沉3 · 低音节奏感紧张气氛渲染无损音效素材包）/03 - Patterns/Patterns/10 Static Train A.mp3	
/volume1/主目录/Collection/素材&模板&音库/音效/02_中文音效合集/气氛音乐音效/Endurance SFX/03 - Patterns/Patterns/22 Dot Matrix C.mp3	Endurance SFX（大气深沉3 · 低音节奏感紧张气氛渲染无损音效素材包）/03 - Patterns/Patterns/22 Dot Matrix C.mp3	
/volume1/主目录/Collection/素材&模板&音库/音效/02_中文音效合集/气氛音乐音效/Endurance SFX/03 - Patterns/Patterns/03 Washing Money B.mp3	Endurance SFX（大气深沉3 · 低音节奏感紧张气氛渲染无损音效素材包）/03 - Patterns/Patterns/03 Washing Money B.mp3	
/volume1/主目录/Collection/素材&模板&音库/音效/02_中文音效合集/气氛音乐音效/Endurance SFX/03 - Patterns/Patterns/21 Dot Matrix B.mp3	Endurance SFX（大气深沉3 · 低音节奏感紧张气氛渲染无损音效素材包）/03 - Patterns/Patterns/21 Dot Matrix B.mp3	
/volume1/主目录/Collection/素材&模板&音库/音效/02_中文音效合集/气氛音乐音效/Endurance SFX/03 - Patterns/Patterns/16 Clicker A.mp3	Endurance SFX（大气深沉3 · 低音节奏感紧张气氛渲染无损音效素材包）/03 - Patterns/Patterns/16 Clicker A.mp3	
/volume1/主目录/Collection/素材&模板&音库/音效/02_中文音效合集/气氛音乐音效/Endurance SFX/03 - Patterns/Patterns/18 Circuits.mp3	Endurance SFX（大气深沉3 · 低音节奏感紧张气氛渲染无损音效素材包）/03 - Patterns/Patterns/18 Circuits.mp3	
/volume1/主目录/Collection/素材&模板&音库/音效/02_中文音效合集/气氛音乐音效/Endurance SFX/03 - Patterns/Patterns/09 Breath B.mp3	Endurance SFX（大气深沉3 · 低音节奏感紧张气氛渲染无损音效素材包）/03 - Patterns/Patterns/09 Breath B.mp3	
/volume1/主目录/Collection/素材&模板&音库/音效/02_中文音效合集/气氛音乐音效/Endurance SFX/03 - Patterns/Patterns/06 Future Glow.mp3	Endurance SFX（大气深沉3 · 低音节奏感紧张气氛渲染无损音效素材包）/03 - Patterns/Patterns/06 Future Glow.mp3	
/volume1/主目录/Collection/素材&模板&音库/音效/02_中文音效合集/气氛音乐音效/Endurance SFX/03 - Patterns/Patterns/25 Perpetual Crickets.mp3	Endurance SFX（大气深沉3 · 低音节奏感紧张气氛渲染无损音效素材包）/03 - Patterns/Patterns/25 Perpetual Crickets.mp3	
/volume1/主目录/Collection/素材&模板&音库/音效/02_中文音效合集/气氛音乐音效/Endurance SFX/03 - Patterns/Patterns/20 Dot Matrix A.mp3	Endurance SFX（大气深沉3 · 低音节奏感紧张气氛渲染无损音效素材包）/03 - Patterns/Patterns/20 Dot Matrix A.mp3	
/volume1/主目录/Collection/素材&模板&音库/音效/02_中文音效合集/气氛音乐音效/Endurance SFX/03 - Patterns/Patterns/12 Static Train C.mp3	Endurance SFX（大气深沉3 · 低音节奏感紧张气氛渲染无损音效素材包）/03 - Patterns/Patterns/12 Static Train C.mp3	
/volume1/主目录/Collection/素材&模板&音库/音效/02_中文音效合集/气氛音乐音效/Endurance SFX/03 - Patterns/Patterns/02 Washing Money A.mp3	Endurance SFX（大气深沉3 · 低音节奏感紧张气氛渲染无损音效素材包）/03 - Patterns/Patterns/02 Washing Money A.mp3	
/volume1/主目录/Collection/素材&模板&音库/音效/02_中文音效合集/气氛音乐音效/Endurance SFX/03 - Patterns/Patterns/19 Crunch Pop.mp3	Endurance SFX（大气深沉3 · 低音节奏感紧张气氛渲染无损音效素材包）/03 - Patterns/Patterns/19 Crunch Pop.mp3	
/volume1/主目录/Collection/素材&模板&音库/音效/02_中文音效合集/气氛音乐音效/Endurance SFX/03 - Patterns/Patterns/14 Machine A.mp3	Endurance SFX（大气深沉3 · 低音节奏感紧张气氛渲染无损音效素材包）/03 - Patterns/Patterns/14 Machine A.mp3	
/volume1/主目录/Collection/素材&模板&音库/音效/02_中文音效合集/气氛音乐音效/Endurance SFX/03 - Patterns/Patterns/07 Breathing Pattern.mp3	Endurance SFX（大气深沉3 · 低音节奏感紧张气氛渲染无损音效素材包）/03 - Patterns/Patterns/07 Breathing Pattern.mp3	
/volume1/主目录/Collection/素材&模板&音库/音效/02_中文音效合集/气氛音乐音效/Endurance SFX/03 - Patterns/Patterns/08 Breath A.mp3	Endurance SFX（大气深沉3 · 低音节奏感紧张气氛渲染无损音效素材包）/03 - Patterns/Patterns/08 Breath A.mp3	
/volume1/主目录/Collection/素材&模板&音库/音效/02_中文音效合集/气氛音乐音效/Endurance SFX/03 - Patterns/Patterns/04 Night Run.mp3	Endurance SFX（大气深沉3 · 低音节奏感紧张气氛渲染无损音效素材包）/03 - Patterns/Patterns/04 Night Run.mp3	
/volume1/主目录/Collection/素材&模板&音库/音效/02_中文音效合集/气氛音乐音效/Endurance SFX/03 - Patterns/Patterns/26 Insect Stopwatch.mp3	Endurance SFX（大气深沉3 · 低音节奏感紧张气氛渲染无损音效素材包）/03 - Patterns/Patterns/26 Insect Stopwatch.mp3	
/volume1/主目录/Collection/素材&模板&音库/音效/02_中文音效合集/气氛音乐音效/Endurance SFX/03 - Patterns/Patterns/23 Dot Matrix D.mp3	Endurance SFX（大气深沉3 · 低音节奏感紧张气氛渲染无损音效素材包）/03 - Patterns/Patterns/23 Dot Matrix D.mp3	
/volume1/主目录/Collection/素材&模板&音库/音效/02_中文音效合集/气氛音乐音效/Endurance SFX/03 - Patterns/Patterns/05 Mind Game.mp3	Endurance SFX（大气深沉3 · 低音节奏感紧张气氛渲染无损音效素材包）/03 - Patterns/Patterns/05 Mind Game.mp3	
/volume1/主目录/Collection/素材&模板&音库/音效/02_中文音效合集/气氛音乐音效/Endurance SFX/03 - Patterns/Patterns/13 Steady Grind.mp3	Endurance SFX（大气深沉3 · 低音节奏感紧张气氛渲染无损音效素材包）/03 - Patterns/Patterns/13 Steady Grind.mp3	
/volume1/主目录/Collection/素材&模板&音库/音效/02_中文音效合集/气氛音乐音效/Endurance SFX/03 - Patterns/Patterns/24 Cicada Clock.mp3	Endurance SFX（大气深沉3 · 低音节奏感紧张气氛渲染无损音效素材包）/03 - Patterns/Patterns/24 Cicada Clock.mp3	
/volume1/主目录/Collection/素材&模板&音库/音效/02_中文音效合集/气氛音乐音效/Endurance SFX/04 - Undertones/Undertones - Distortion/DS 03 Beginning.mp3	Endurance SFX（大气深沉3 · 低音节奏感紧张气氛渲染无损音效素材包）/04 - Undertones/Undertones - Distortion/DS 03 Beginning.mp3	
/volume1/主目录/Collection/素材&模板&音库/音效/02_中文音效合集/气氛音乐音效/Endurance SFX/04 - Undertones/Undertones - Distortion/DS 16 Giant Beat.mp3	Endurance SFX（大气深沉3 · 低音节奏感紧张气氛渲染无损音效素材包）/04 - Undertones/Undertones - Distortion/DS 16 Giant Beat.mp3	
/volume1/主目录/Collection/素材&模板&音库/音效/02_中文音效合集/气氛音乐音效/Endurance SFX/04 - Undertones/Undertones - Distortion/DS 08 Bunker.mp3	Endurance SFX（大气深沉3 · 低音节奏感紧张气氛渲染无损音效素材包）/04 - Undertones/Undertones - Distortion/DS 08 Bunker.mp3	
/volume1/主目录/Collection/素材&模板&音库/音效/02_中文音效合集/气氛音乐音效/Endurance SFX/04 - Undertones/Undertones - Distortion/DS 11 Flashbacks.mp3	Endurance SFX（大气深沉3 · 低音节奏感紧张气氛渲染无损音效素材包）/04 - Undertones/Undertones - Distortion/DS 11 Flashbacks.mp3	
/volume1/主目录/Collection/素材&模板&音库/音效/02_中文音效合集/气氛音乐音效/Endurance SFX/04 - Undertones/Undertones - Distortion/DS 06 The Facility.mp3	Endurance SFX（大气深沉3 · 低音节奏感紧张气氛渲染无损音效素材包）/04 - Undertones/Undertones - Distortion/DS 06 The Facility.mp3	
/volume1/主目录/Collection/素材&模板&音库/音效/02_中文音效合集/气氛音乐音效/Endurance SFX/04 - Undertones/Undertones - Distortion/DS 20 Mistake.mp3	Endurance SFX（大气深沉3 · 低音节奏感紧张气氛渲染无损音效素材包）/04 - Undertones/Undertones - Distortion/DS 20 Mistake.mp3	
/volume1/主目录/Collection/素材&模板&音库/音效/02_中文音效合集/气氛音乐音效/Endurance SFX/04 - Undertones/Undertones - Distortion/DS 12 Unmotivated.mp3	Endurance SFX（大气深沉3 · 低音节奏感紧张气氛渲染无损音效素材包）/04 - Undertones/Undertones - Distortion/DS 12 Unmotivated.mp3	
/volume1/主目录/Collection/素材&模板&音库/音效/02_中文音效合集/气氛音乐音效/Endurance SFX/04 - Undertones/Undertones - Distortion/DS 18 Frequency Finder.mp3	Endurance SFX（大气深沉3 · 低音节奏感紧张气氛渲染无损音效素材包）/04 - Undertones/Undertones - Distortion/DS 18 Frequency Finder.mp3	
/volume1/主目录/Collection/素材&模板&音库/音效/02_中文音效合集/气氛音乐音效/Endurance SFX/04 - Undertones/Undertones - Distortion/DS 17 Searching.mp3	Endurance SFX（大气深沉3 · 低音节奏感紧张气氛渲染无损音效素材包）/04 - Undertones/Undertones - Distortion/DS 17 Searching.mp3	
/volume1/主目录/Collection/素材&模板&音库/音效/02_中文音效合集/气氛音乐音效/Endurance SFX/04 - Undertones/Undertones - Distortion/DS 05 Beneath Feet.mp3	Endurance SFX（大气深沉3 · 低音节奏感紧张气氛渲染无损音效素材包）/04 - Undertones/Undertones - Distortion/DS 05 Beneath Feet.mp3	
/volume1/主目录/Collection/素材&模板&音库/音效/02_中文音效合集/气氛音乐音效/Endurance SFX/04 - Undertones/Undertones - Distortion/DS 07 Tension.mp3	Endurance SFX（大气深沉3 · 低音节奏感紧张气氛渲染无损音效素材包）/04 - Undertones/Undertones - Distortion/DS 07 Tension.mp3	
/volume1/主目录/Collection/素材&模板&音库/音效/02_中文音效合集/气氛音乐音效/Endurance SFX/04 - Undertones/Undertones - Distortion/DS 01 Born For This.mp3	Endurance SFX（大气深沉3 · 低音节奏感紧张气氛渲染无损音效素材包）/04 - Undertones/Undertones - Distortion/DS 01 Born For This.mp3	
/volume1/主目录/Collection/素材&模板&音库/音效/02_中文音效合集/气氛音乐音效/Endurance SFX/04 - Undertones/Undertones - Distortion/DS 09 Sub Dirt.mp3	Endurance SFX（大气深沉3 · 低音节奏感紧张气氛渲染无损音效素材包）/04 - Undertones/Undertones - Distortion/DS 09 Sub Dirt.mp3	
/volume1/主目录/Collection/素材&模板&音库/音效/02_中文音效合集/气氛音乐音效/Endurance SFX/04 - Undertones/Undertones - Distortion/DS 02 High Stakes.mp3	Endurance SFX（大气深沉3 · 低音节奏感紧张气氛渲染无损音效素材包）/04 - Undertones/Undertones - Distortion/DS 02 High Stakes.mp3	
/volume1/主目录/Collection/素材&模板&音库/音效/02_中文音效合集/气氛音乐音效/Endurance SFX/04 - Undertones/Undertones - Distortion/DS 04 Tunnels.mp3	Endurance SFX（大气深沉3 · 低音节奏感紧张气氛渲染无损音效素材包）/04 - Undertones/Undertones - Distortion/DS 04 Tunnels.mp3	
/volume1/主目录/Collection/素材&模板&音库/音效/02_中文音效合集/气氛音乐音效/Endurance SFX/04 - Undertones/Undertones - Distortion/DS 19 Trouble Ahead.mp3	Endurance SFX（大气深沉3 · 低音节奏感紧张气氛渲染无损音效素材包）/04 - Undertones/Undertones - Distortion/DS 19 Trouble Ahead.mp3	
/volume1/主目录/Collection/素材&模板&音库/音效/02_中文音效合集/气氛音乐音效/Endurance SFX/04 - Undertones/Undertones - Distortion/DS 14 Nerves.mp3	Endurance SFX（大气深沉3 · 低音节奏感紧张气氛渲染无损音效素材包）/04 - Undertones/Undertones - Distortion/DS 14 Nerves.mp3	
/volume1/主目录/Collection/素材&模板&音库/音效/02_中文音效合集/气氛音乐音效/Endurance SFX/04 - Undertones/Undertones - Distortion/DS 15 Fast Pulse.mp3	Endurance SFX（大气深沉3 · 低音节奏感紧张气氛渲染无损音效素材包）/04 - Undertones/Undertones - Distortion/DS 15 Fast Pulse.mp3	
/volume1/主目录/Collection/素材&模板&音库/音效/02_中文音效合集/气氛音乐音效/Endurance SFX/04 - Undertones/Undertones - Distortion/DS 10 Gold.mp3	Endurance SFX（大气深沉3 · 低音节奏感紧张气氛渲染无损音效素材包）/04 - Undertones/Undertones - Distortion/DS 10 Gold.mp3	
/volume1/主目录/Collection/素材&模板&音库/音效/02_中文音效合集/气氛音乐音效/Endurance SFX/04 - Undertones/Undertones - Distortion/DS 13 Weight.mp3	Endurance SFX（大气深沉3 · 低音节奏感紧张气氛渲染无损音效素材包）/04 - Undertones/Undertones - Distortion/DS 13 Weight.mp3	
/volume1/主目录/Collection/素材&模板&音库/音效/02_中文音效合集/气氛音乐音效/Endurance SFX/04 - Undertones/Undertones - Silk/SL 07 Tension.mp3	Endurance SFX（大气深沉3 · 低音节奏感紧张气氛渲染无损音效素材包）/04 - Undertones/Undertones - Silk/SL 07 Tension.mp3	
/volume1/主目录/Collection/素材&模板&音库/音效/02_中文音效合集/气氛音乐音效/Endurance SFX/04 - Undertones/Undertones - Silk/SL 12 Unmotivated.mp3	Endurance SFX（大气深沉3 · 低音节奏感紧张气氛渲染无损音效素材包）/04 - Undertones/Undertones - Silk/SL 12 Unmotivated.mp3	
/volume1/主目录/Collection/素材&模板&音库/音效/02_中文音效合集/气氛音乐音效/Endurance SFX/04 - Undertones/Undertones - Silk/SL 01 Born For This.mp3	Endurance SFX（大气深沉3 · 低音节奏感紧张气氛渲染无损音效素材包）/04 - Undertones/Undertones - Silk/SL 01 Born For This.mp3	
/volume1/主目录/Collection/素材&模板&音库/音效/02_中文音效合集/气氛音乐音效/Endurance SFX/04 - Undertones/Undertones - Silk/SL 06 The Facility.mp3	Endurance SFX（大气深沉3 · 低音节奏感紧张气氛渲染无损音效素材包）/04 - Undertones/Undertones - Silk/SL 06 The Facility.mp3	
/volume1/主目录/Collection/素材&模板&音库/音效/02_中文音效合集/气氛音乐音效/Endurance SFX/04 - Undertones/Undertones - Silk/SL 13 Weight.mp3	Endurance SFX（大气深沉3 · 低音节奏感紧张气氛渲染无损音效素材包）/04 - Undertones/Undertones - Silk/SL 13 Weight.mp3	
/volume1/主目录/Collection/素材&模板&音库/音效/02_中文音效合集/气氛音乐音效/Endurance SFX/04 - Undertones/Undertones - Silk/SL 18 Frequency Finder.mp3	Endurance SFX（大气深沉3 · 低音节奏感紧张气氛渲染无损音效素材包）/04 - Undertones/Undertones - Silk/SL 18 Frequency Finder.mp3	
/volume1/主目录/Collection/素材&模板&音库/音效/02_中文音效合集/气氛音乐音效/Endurance SFX/04 - Undertones/Undertones - Silk/SL 17 Searching.mp3	Endurance SFX（大气深沉3 · 低音节奏感紧张气氛渲染无损音效素材包）/04 - Undertones/Undertones - Silk/SL 17 Searching.mp3	
/volume1/主目录/Collection/素材&模板&音库/音效/02_中文音效合集/气氛音乐音效/Endurance SFX/04 - Undertones/Undertones - Silk/SL 16 Giant Beat.mp3	Endurance SFX（大气深沉3 · 低音节奏感紧张气氛渲染无损音效素材包）/04 - Undertones/Undertones - Silk/SL 16 Giant Beat.mp3	
/volume1/主目录/Collection/素材&模板&音库/音效/02_中文音效合集/气氛音乐音效/Endurance SFX/04 - Undertones/Undertones - Silk/SL 09 Sub Dirt.mp3	Endurance SFX（大气深沉3 · 低音节奏感紧张气氛渲染无损音效素材包）/04 - Undertones/Undertones - Silk/SL 09 Sub Dirt.mp3	
/volume1/主目录/Collection/素材&模板&音库/音效/02_中文音效合集/气氛音乐音效/Endurance SFX/04 - Undertones/Undertones - Silk/SL 10 Gold.mp3	Endurance SFX（大气深沉3 · 低音节奏感紧张气氛渲染无损音效素材包）/04 - Undertones/Undertones - Silk/SL 10 Gold.mp3	
/volume1/主目录/Collection/素材&模板&音库/音效/02_中文音效合集/气氛音乐音效/Endurance SFX/04 - Undertones/Undertones - Silk/SL 03 Beginning.mp3	Endurance SFX（大气深沉3 · 低音节奏感紧张气氛渲染无损音效素材包）/04 - Undertones/Undertones - Silk/SL 03 Beginning.mp3	
/volume1/主目录/Collection/素材&模板&音库/音效/02_中文音效合集/气氛音乐音效/Endurance SFX/04 - Undertones/Undertones - Silk/SL 02 High Stakes.mp3	Endurance SFX（大气深沉3 · 低音节奏感紧张气氛渲染无损音效素材包）/04 - Undertones/Undertones - Silk/SL 02 High Stakes.mp3	
/volume1/主目录/Collection/素材&模板&音库/音效/02_中文音效合集/气氛音乐音效/Endurance SFX/04 - Undertones/Undertones - Silk/SL 14 Nerves.mp3	Endurance SFX（大气深沉3 · 低音节奏感紧张气氛渲染无损音效素材包）/04 - Undertones/Undertones - Silk/SL 14 Nerves.mp3	
/volume1/主目录/Collection/素材&模板&音库/音效/02_中文音效合集/气氛音乐音效/Endurance SFX/04 - Undertones/Undertones - Silk/SL 05 Beneath Feet.mp3	Endurance SFX（大气深沉3 · 低音节奏感紧张气氛渲染无损音效素材包）/04 - Undertones/Undertones - Silk/SL 05 Beneath Feet.mp3	
/volume1/主目录/Collection/素材&模板&音库/音效/02_中文音效合集/气氛音乐音效/Endurance SFX/04 - Undertones/Undertones - Silk/SL 19 Trouble Ahead.mp3	Endurance SFX（大气深沉3 · 低音节奏感紧张气氛渲染无损音效素材包）/04 - Undertones/Undertones - Silk/SL 19 Trouble Ahead.mp3	
/volume1/主目录/Collection/素材&模板&音库/音效/02_中文音效合集/气氛音乐音效/Endurance SFX/04 - Undertones/Undertones - Silk/SL 20 Mistake.mp3	Endurance SFX（大气深沉3 · 低音节奏感紧张气氛渲染无损音效素材包）/04 - Undertones/Undertones - Silk/SL 20 Mistake.mp3	
/volume1/主目录/Collection/素材&模板&音库/音效/02_中文音效合集/气氛音乐音效/Endurance SFX/04 - Undertones/Undertones - Silk/SL 08 Bunker.mp3	Endurance SFX（大气深沉3 · 低音节奏感紧张气氛渲染无损音效素材包）/04 - Undertones/Undertones - Silk/SL 08 Bunker.mp3	
/volume1/主目录/Collection/素材&模板&音库/音效/02_中文音效合集/气氛音乐音效/Endurance SFX/04 - Undertones/Undertones - Silk/SL 04 Tunnels.mp3	Endurance SFX（大气深沉3 · 低音节奏感紧张气氛渲染无损音效素材包）/04 - Undertones/Undertones - Silk/SL 04 Tunnels.mp3	
/volume1/主目录/Collection/素材&模板&音库/音效/02_中文音效合集/气氛音乐音效/Endurance SFX/04 - Undertones/Undertones - Silk/SL 15 Fast Pulse.mp3	Endurance SFX（大气深沉3 · 低音节奏感紧张气氛渲染无损音效素材包）/04 - Undertones/Undertones - Silk/SL 15 Fast Pulse.mp3	
/volume1/主目录/Collection/素材&模板&音库/音效/02_中文音效合集/气氛音乐音效/Endurance SFX/04 - Undertones/Undertones - Silk/SL 11 Flashbacks.mp3	Endurance SFX（大气深沉3 · 低音节奏感紧张气氛渲染无损音效素材包）/04 - Undertones/Undertones - Silk/SL 11 Flashbacks.mp3	
/volume1/主目录/Collection/素材&模板&音库/音效/02_中文音效合集/气氛音乐音效/Endurance SFX/04 - Undertones/Undertones/04 Tunnels.mp3	Endurance SFX（大气深沉3 · 低音节奏感紧张气氛渲染无损音效素材包）/04 - Undertones/Undertones/04 Tunnels.mp3	
/volume1/主目录/Collection/素材&模板&音库/音效/02_中文音效合集/气氛音乐音效/Endurance SFX/04 - Undertones/Undertones/01 Born For This.mp3	Endurance SFX（大气深沉3 · 低音节奏感紧张气氛渲染无损音效素材包）/04 - Undertones/Undertones/01 Born For This.mp3	
/volume1/主目录/Collection/素材&模板&音库/音效/02_中文音效合集/气氛音乐音效/Endurance SFX/04 - Undertones/Undertones/06 The Facility.mp3	Endurance SFX（大气深沉3 · 低音节奏感紧张气氛渲染无损音效素材包）/04 - Undertones/Undertones/06 The Facility.mp3	
/volume1/主目录/Collection/素材&模板&音库/音效/02_中文音效合集/气氛音乐音效/Endurance SFX/04 - Undertones/Undertones/10 Gold.mp3	Endurance SFX（大气深沉3 · 低音节奏感紧张气氛渲染无损音效素材包）/04 - Undertones/Undertones/10 Gold.mp3	
/volume1/主目录/Collection/素材&模板&音库/音效/02_中文音效合集/气氛音乐音效/Endurance SFX/04 - Undertones/Undertones/16 Giant Beat.mp3	Endurance SFX（大气深沉3 · 低音节奏感紧张气氛渲染无损音效素材包）/04 - Undertones/Undertones/16 Giant Beat.mp3	
/volume1/主目录/Collection/素材&模板&音库/音效/02_中文音效合集/气氛音乐音效/Endurance SFX/04 - Undertones/Undertones/02 High Stakes.mp3	Endurance SFX（大气深沉3 · 低音节奏感紧张气氛渲染无损音效素材包）/04 - Undertones/Undertones/02 High Stakes.mp3	
/volume1/主目录/Collection/素材&模板&音库/音效/02_中文音效合集/气氛音乐音效/Endurance SFX/04 - Undertones/Undertones/19 Trouble Ahead.mp3	Endurance SFX（大气深沉3 · 低音节奏感紧张气氛渲染无损音效素材包）/04 - Undertones/Undertones/19 Trouble Ahead.mp3	
/volume1/主目录/Collection/素材&模板&音库/音效/02_中文音效合集/气氛音乐音效/Endurance SFX/04 - Undertones/Undertones/12 Unmotivated.mp3	Endurance SFX（大气深沉3 · 低音节奏感紧张气氛渲染无损音效素材包）/04 - Undertones/Undertones/12 Unmotivated.mp3	
/volume1/主目录/Collection/素材&模板&音库/音效/02_中文音效合集/气氛音乐音效/Endurance SFX/04 - Undertones/Undertones/07 Tension.mp3	Endurance SFX（大气深沉3 · 低音节奏感紧张气氛渲染无损音效素材包）/04 - Undertones/Undertones/07 Tension.mp3	
/volume1/主目录/Collection/素材&模板&音库/音效/02_中文音效合集/气氛音乐音效/Endurance SFX/04 - Undertones/Undertones/03 Beginning.mp3	Endurance SFX（大气深沉3 · 低音节奏感紧张气氛渲染无损音效素材包）/04 - Undertones/Undertones/03 Beginning.mp3	
/volume1/主目录/Collection/素材&模板&音库/音效/02_中文音效合集/气氛音乐音效/Endurance SFX/04 - Undertones/Undertones/05 Beneath Feet.mp3	Endurance SFX（大气深沉3 · 低音节奏感紧张气氛渲染无损音效素材包）/04 - Undertones/Undertones/05 Beneath Feet.mp3	
/volume1/主目录/Collection/素材&模板&音库/音效/02_中文音效合集/气氛音乐音效/Endurance SFX/04 - Undertones/Undertones/17 Searching.mp3	Endurance SFX（大气深沉3 · 低音节奏感紧张气氛渲染无损音效素材包）/04 - Undertones/Undertones/17 Searching.mp3	
/volume1/主目录/Collection/素材&模板&音库/音效/02_中文音效合集/气氛音乐音效/Endurance SFX/04 - Undertones/Undertones/09 Sub Dirt.mp3	Endurance SFX（大气深沉3 · 低音节奏感紧张气氛渲染无损音效素材包）/04 - Undertones/Undertones/09 Sub Dirt.mp3	
/volume1/主目录/Collection/素材&模板&音库/音效/02_中文音效合集/气氛音乐音效/Endurance SFX/04 - Undertones/Undertones/14 Nerves.mp3	Endurance SFX（大气深沉3 · 低音节奏感紧张气氛渲染无损音效素材包）/04 - Undertones/Undertones/14 Nerves.mp3	
/volume1/主目录/Collection/素材&模板&音库/音效/02_中文音效合集/气氛音乐音效/Endurance SFX/04 - Undertones/Undertones/18 Frequency Finder.mp3	Endurance SFX（大气深沉3 · 低音节奏感紧张气氛渲染无损音效素材包）/04 - Undertones/Undertones/18 Frequency Finder.mp3	
/volume1/主目录/Collection/素材&模板&音库/音效/02_中文音效合集/气氛音乐音效/Endurance SFX/04 - Undertones/Undertones/08 Bunker.mp3	Endurance SFX（大气深沉3 · 低音节奏感紧张气氛渲染无损音效素材包）/04 - Undertones/Undertones/08 Bunker.mp3	
/volume1/主目录/Collection/素材&模板&音库/音效/02_中文音效合集/气氛音乐音效/Endurance SFX/04 - Undertones/Undertones/13 Weight.mp3	Endurance SFX（大气深沉3 · 低音节奏感紧张气氛渲染无损音效素材包）/04 - Undertones/Undertones/13 Weight.mp3	
/volume1/主目录/Collection/素材&模板&音库/音效/02_中文音效合集/气氛音乐音效/Endurance SFX/04 - Undertones/Undertones/11 Flashbacks.mp3	Endurance SFX（大气深沉3 · 低音节奏感紧张气氛渲染无损音效素材包）/04 - Undertones/Undertones/11 Flashbacks.mp3	
/volume1/主目录/Collection/素材&模板&音库/音效/02_中文音效合集/气氛音乐音效/Endurance SFX/04 - Undertones/Undertones/20 Mistake.mp3	Endurance SFX（大气深沉3 · 低音节奏感紧张气氛渲染无损音效素材包）/04 - Undertones/Undertones/20 Mistake.mp3	
/volume1/主目录/Collection/素材&模板&音库/音效/02_中文音效合集/气氛音乐音效/Endurance SFX/04 - Undertones/Undertones/15 Fast Pulse.mp3	Endurance SFX（大气深沉3 · 低音节奏感紧张气氛渲染无损音效素材包）/04 - Undertones/Undertones/15 Fast Pulse.mp3	
/volume1/主目录/Collection/素材&模板&音库/音效/02_中文音效合集/气氛音乐音效/Endurance SFX/04 - Undertones/Undertones - Space/SP 18 Frequency Finder.mp3	Endurance SFX（大气深沉3 · 低音节奏感紧张气氛渲染无损音效素材包）/04 - Undertones/Undertones - Space/SP 18 Frequency Finder.mp3	
/volume1/主目录/Collection/素材&模板&音库/音效/02_中文音效合集/气氛音乐音效/Endurance SFX/04 - Undertones/Undertones - Space/SP 06 The Facility.mp3	Endurance SFX（大气深沉3 · 低音节奏感紧张气氛渲染无损音效素材包）/04 - Undertones/Undertones - Space/SP 06 The Facility.mp3	
/volume1/主目录/Collection/素材&模板&音库/音效/02_中文音效合集/气氛音乐音效/Endurance SFX/04 - Undertones/Undertones - Space/SP 07 Tension.mp3	Endurance SFX（大气深沉3 · 低音节奏感紧张气氛渲染无损音效素材包）/04 - Undertones/Undertones - Space/SP 07 Tension.mp3	
/volume1/主目录/Collection/素材&模板&音库/音效/02_中文音效合集/气氛音乐音效/Endurance SFX/04 - Undertones/Undertones - Space/SP 13 Weight.mp3	Endurance SFX（大气深沉3 · 低音节奏感紧张气氛渲染无损音效素材包）/04 - Undertones/Undertones - Space/SP 13 Weight.mp3	
/volume1/主目录/Collection/素材&模板&音库/音效/02_中文音效合集/气氛音乐音效/Endurance SFX/04 - Undertones/Undertones - Space/SP 17 Searching.mp3	Endurance SFX（大气深沉3 · 低音节奏感紧张气氛渲染无损音效素材包）/04 - Undertones/Undertones - Space/SP 17 Searching.mp3	
/volume1/主目录/Collection/素材&模板&音库/音效/02_中文音效合集/气氛音乐音效/Endurance SFX/04 - Undertones/Undertones - Space/SP 20 Mistake.mp3	Endurance SFX（大气深沉3 · 低音节奏感紧张气氛渲染无损音效素材包）/04 - Undertones/Undertones - Space/SP 20 Mistake.mp3	
/volume1/主目录/Collection/素材&模板&音库/音效/02_中文音效合集/气氛音乐音效/Endurance SFX/04 - Undertones/Undertones - Space/SP 05 Beneath Feet.mp3	Endurance SFX（大气深沉3 · 低音节奏感紧张气氛渲染无损音效素材包）/04 - Undertones/Undertones - Space/SP 05 Beneath Feet.mp3	
/volume1/主目录/Collection/素材&模板&音库/音效/02_中文音效合集/气氛音乐音效/Endurance SFX/04 - Undertones/Undertones - Space/SP 15 Fast Pulse.mp3	Endurance SFX（大气深沉3 · 低音节奏感紧张气氛渲染无损音效素材包）/04 - Undertones/Undertones - Space/SP 15 Fast Pulse.mp3	
/volume1/主目录/Collection/素材&模板&音库/音效/02_中文音效合集/气氛音乐音效/Endurance SFX/04 - Undertones/Undertones - Space/SP 01 Born For This.mp3	Endurance SFX（大气深沉3 · 低音节奏感紧张气氛渲染无损音效素材包）/04 - Undertones/Undertones - Space/SP 01 Born For This.mp3	
/volume1/主目录/Collection/素材&模板&音库/音效/02_中文音效合集/气氛音乐音效/Endurance SFX/04 - Undertones/Undertones - Space/SP 11 Flashbacks.mp3	Endurance SFX（大气深沉3 · 低音节奏感紧张气氛渲染无损音效素材包）/04 - Undertones/Undertones - Space/SP 11 Flashbacks.mp3	
/volume1/主目录/Collection/素材&模板&音库/音效/02_中文音效合集/气氛音乐音效/Endurance SFX/04 - Undertones/Undertones - Space/SP 03 Beginning.mp3	Endurance SFX（大气深沉3 · 低音节奏感紧张气氛渲染无损音效素材包）/04 - Undertones/Undertones - Space/SP 03 Beginning.mp3	
/volume1/主目录/Collection/素材&模板&音库/音效/02_中文音效合集/气氛音乐音效/Endurance SFX/04 - Undertones/Undertones - Space/SP 16 Giant Beat.mp3	Endurance SFX（大气深沉3 · 低音节奏感紧张气氛渲染无损音效素材包）/04 - Undertones/Undertones - Space/SP 16 Giant Beat.mp3	
/volume1/主目录/Collection/素材&模板&音库/音效/02_中文音效合集/气氛音乐音效/Endurance SFX/04 - Undertones/Undertones - Space/SP 14 Nerves.mp3	Endurance SFX（大气深沉3 · 低音节奏感紧张气氛渲染无损音效素材包）/04 - Undertones/Undertones - Space/SP 14 Nerves.mp3	
/volume1/主目录/Collection/素材&模板&音库/音效/02_中文音效合集/气氛音乐音效/Endurance SFX/04 - Undertones/Undertones - Space/SP 02 High Stakes.mp3	Endurance SFX（大气深沉3 · 低音节奏感紧张气氛渲染无损音效素材包）/04 - Undertones/Undertones - Space/SP 02 High Stakes.mp3	
/volume1/主目录/Collection/素材&模板&音库/音效/02_中文音效合集/气氛音乐音效/Endurance SFX/04 - Undertones/Undertones - Space/SP 09 Sub Dirt.mp3	Endurance SFX（大气深沉3 · 低音节奏感紧张气氛渲染无损音效素材包）/04 - Undertones/Undertones - Space/SP 09 Sub Dirt.mp3	
/volume1/主目录/Collection/素材&模板&音库/音效/02_中文音效合集/气氛音乐音效/Endurance SFX/04 - Undertones/Undertones - Space/SP 08 Bunker.mp3	Endurance SFX（大气深沉3 · 低音节奏感紧张气氛渲染无损音效素材包）/04 - Undertones/Undertones - Space/SP 08 Bunker.mp3	
/volume1/主目录/Collection/素材&模板&音库/音效/02_中文音效合集/气氛音乐音效/Endurance SFX/04 - Undertones/Undertones - Space/SP 04 Tunnels.mp3	Endurance SFX（大气深沉3 · 低音节奏感紧张气氛渲染无损音效素材包）/04 - Undertones/Undertones - Space/SP 04 Tunnels.mp3	
/volume1/主目录/Collection/素材&模板&音库/音效/02_中文音效合集/气氛音乐音效/Endurance SFX/04 - Undertones/Undertones - Space/SP 12 Unmotivated.mp3	Endurance SFX（大气深沉3 · 低音节奏感紧张气氛渲染无损音效素材包）/04 - Undertones/Undertones - Space/SP 12 Unmotivated.mp3	
/volume1/主目录/Collection/素材&模板&音库/音效/02_中文音效合集/气氛音乐音效/Endurance SFX/04 - Undertones/Undertones - Space/SP 19 Trouble Ahead.mp3	Endurance SFX（大气深沉3 · 低音节奏感紧张气氛渲染无损音效素材包）/04 - Undertones/Undertones - Space/SP 19 Trouble Ahead.mp3	
/volume1/主目录/Collection/素材&模板&音库/音效/02_中文音效合集/气氛音乐音效/Endurance SFX/04 - Undertones/Undertones - Space/SP 10 Gold.mp3	Endurance SFX（大气深沉3 · 低音节奏感紧张气氛渲染无损音效素材包）/04 - Undertones/Undertones - Space/SP 10 Gold.mp3	
/volume1/主目录/Collection/素材&模板&音库/音效/02_中文音效合集/气氛音乐音效/Endurance SFX/01 - Percussion/Percussion - Space/SP 20 Echo Hit.mp3	Endurance SFX（大气深沉3 · 低音节奏感紧张气氛渲染无损音效素材包）/01 - Percussion/Percussion - Space/SP 20 Echo Hit.mp3	
/volume1/主目录/Collection/素材&模板&音库/音效/02_中文音效合集/气氛音乐音效/Endurance SFX/01 - Percussion/Percussion - Space/SP 17 Metal Echoes.mp3	Endurance SFX（大气深沉3 · 低音节奏感紧张气氛渲染无损音效素材包）/01 - Percussion/Percussion - Space/SP 17 Metal Echoes.mp3	
/volume1/主目录/Collection/素材&模板&音库/音效/02_中文音效合集/气氛音乐音效/Endurance SFX/01 - Percussion/Percussion - Space/SP 07 Thunder Drums.mp3	Endurance SFX（大气深沉3 · 低音节奏感紧张气氛渲染无损音效素材包）/01 - Percussion/Percussion - Space/SP 07 Thunder Drums.mp3	
/volume1/主目录/Collection/素材&模板&音库/音效/02_中文音效合集/气氛音乐音效/Endurance SFX/01 - Percussion/Percussion - Space/SP 22 Clean Rhythm.mp3	Endurance SFX（大气深沉3 · 低音节奏感紧张气氛渲染无损音效素材包）/01 - Percussion/Percussion - Space/SP 22 Clean Rhythm.mp3	
/volume1/主目录/Collection/素材&模板&音库/音效/02_中文音效合集/气氛音乐音效/Endurance SFX/01 - Percussion/Percussion - Space/SP 13 Dark Kick C.mp3	Endurance SFX（大气深沉3 · 低音节奏感紧张气氛渲染无损音效素材包）/01 - Percussion/Percussion - Space/SP 13 Dark Kick C.mp3	
/volume1/主目录/Collection/素材&模板&音库/音效/02_中文音效合集/气氛音乐音效/Endurance SFX/01 - Percussion/Percussion - Space/SP 05 Deep Beat A.mp3	Endurance SFX（大气深沉3 · 低音节奏感紧张气氛渲染无损音效素材包）/01 - Percussion/Percussion - Space/SP 05 Deep Beat A.mp3	
/volume1/主目录/Collection/素材&模板&音库/音效/02_中文音效合集/气氛音乐音效/Endurance SFX/01 - Percussion/Percussion - Space/SP 11 Dark Kick A.mp3	Endurance SFX（大气深沉3 · 低音节奏感紧张气氛渲染无损音效素材包）/01 - Percussion/Percussion - Space/SP 11 Dark Kick A.mp3	
/volume1/主目录/Collection/素材&模板&音库/音效/02_中文音效合集/气氛音乐音效/Endurance SFX/01 - Percussion/Percussion - Space/SP 19 Simple Set.mp3	Endurance SFX（大气深沉3 · 低音节奏感紧张气氛渲染无损音效素材包）/01 - Percussion/Percussion - Space/SP 19 Simple Set.mp3	
/volume1/主目录/Collection/素材&模板&音库/音效/02_中文音效合集/气氛音乐音效/Endurance SFX/01 - Percussion/Percussion - Space/SP 25 Crunchy Hits.mp3	Endurance SFX（大气深沉3 · 低音节奏感紧张气氛渲染无损音效素材包）/01 - Percussion/Percussion - Space/SP 25 Crunchy Hits.mp3	
/volume1/主目录/Collection/素材&模板&音库/音效/02_中文音效合集/气氛音乐音效/Endurance SFX/01 - Percussion/Percussion - Space/SP 26 Electricity.mp3	Endurance SFX（大气深沉3 · 低音节奏感紧张气氛渲染无损音效素材包）/01 - Percussion/Percussion - Space/SP 26 Electricity.mp3	
/volume1/主目录/Collection/素材&模板&音库/音效/02_中文音效合集/气氛音乐音效/Endurance SFX/01 - Percussion/Percussion - Space/SP 16 Chamber Hits C.mp3	Endurance SFX（大气深沉3 · 低音节奏感紧张气氛渲染无损音效素材包）/01 - Percussion/Percussion - Space/SP 16 Chamber Hits C.mp3	
/volume1/主目录/Collection/素材&模板&音库/音效/02_中文音效合集/气氛音乐音效/Endurance SFX/01 - Percussion/Percussion - Space/SP 21 Rimshot.mp3	Endurance SFX（大气深沉3 · 低音节奏感紧张气氛渲染无损音效素材包）/01 - Percussion/Percussion - Space/SP 21 Rimshot.mp3	
/volume1/主目录/Collection/素材&模板&音库/音效/02_中文音效合集/气氛音乐音效/Endurance SFX/01 - Percussion/Percussion - Space/SP 24 Future Kick.mp3	Endurance SFX（大气深沉3 · 低音节奏感紧张气氛渲染无损音效素材包）/01 - Percussion/Percussion - Space/SP 24 Future Kick.mp3	
/volume1/主目录/Collection/素材&模板&音库/音效/02_中文音效合集/气氛音乐音效/Endurance SFX/01 - Percussion/Percussion - Space/SP 28 Drop Beat.mp3	Endurance SFX（大气深沉3 · 低音节奏感紧张气氛渲染无损音效素材包）/01 - Percussion/Percussion - Space/SP 28 Drop Beat.mp3	
/volume1/主目录/Collection/素材&模板&音库/音效/02_中文音效合集/气氛音乐音效/Endurance SFX/01 - Percussion/Percussion - Space/SP 09 Massive Hits A.mp3	Endurance SFX（大气深沉3 · 低音节奏感紧张气氛渲染无损音效素材包）/01 - Percussion/Percussion - Space/SP 09 Massive Hits A.mp3	
/volume1/主目录/Collection/素材&模板&音库/音效/02_中文音效合集/气氛音乐音效/Endurance SFX/01 - Percussion/Percussion - Space/SP 12 Dark Kick B.mp3	Endurance SFX（大气深沉3 · 低音节奏感紧张气氛渲染无损音效素材包）/01 - Percussion/Percussion - Space/SP 12 Dark Kick B.mp3	
/volume1/主目录/Collection/素材&模板&音库/音效/02_中文音效合集/气氛音乐音效/Endurance SFX/01 - Percussion/Percussion - Space/SP 27 Boom Pop.mp3	Endurance SFX（大气深沉3 · 低音节奏感紧张气氛渲染无损音效素材包）/01 - Percussion/Percussion - Space/SP 27 Boom Pop.mp3	
/volume1/主目录/Collection/素材&模板&音库/音效/02_中文音效合集/气氛音乐音效/Endurance SFX/01 - Percussion/Percussion - Space/SP 02 Bank Heist.mp3	Endurance SFX（大气深沉3 · 低音节奏感紧张气氛渲染无损音效素材包）/01 - Percussion/Percussion - Space/SP 02 Bank Heist.mp3	
/volume1/主目录/Collection/素材&模板&音库/音效/02_中文音效合集/气氛音乐音效/Endurance SFX/01 - Percussion/Percussion - Space/SP 01 Moving Target.mp3	Endurance SFX（大气深沉3 · 低音节奏感紧张气氛渲染无损音效素材包）/01 - Percussion/Percussion - Space/SP 01 Moving Target.mp3	
/volume1/主目录/Collection/素材&模板&音库/音效/02_中文音效合集/气氛音乐音效/Endurance SFX/01 - Percussion/Percussion - Space/SP 15 Chamber Hits B.mp3	Endurance SFX（大气深沉3 · 低音节奏感紧张气氛渲染无损音效素材包）/01 - Percussion/Percussion - Space/SP 15 Chamber Hits B.mp3	
/volume1/主目录/Collection/素材&模板&音库/音效/02_中文音效合集/气氛音乐音效/Endurance SFX/01 - Percussion/Percussion - Space/SP 23 Dark Toms.mp3	Endurance SFX（大气深沉3 · 低音节奏感紧张气氛渲染无损音效素材包）/01 - Percussion/Percussion - Space/SP 23 Dark Toms.mp3	
/volume1/主目录/Collection/素材&模板&音库/音效/02_中文音效合集/气氛音乐音效/Endurance SFX/01 - Percussion/Percussion - Space/SP 14 Chamber Hits A.mp3	Endurance SFX（大气深沉3 · 低音节奏感紧张气氛渲染无损音效素材包）/01 - Percussion/Percussion - Space/SP 14 Chamber Hits A.mp3	
/volume1/主目录/Collection/素材&模板&音库/音效/02_中文音效合集/气氛音乐音效/Endurance SFX/01 - Percussion/Percussion - Space/SP 18 Alley Beat.mp3	Endurance SFX（大气深沉3 · 低音节奏感紧张气氛渲染无损音效素材包）/01 - Percussion/Percussion - Space/SP 18 Alley Beat.mp3	
/volume1/主目录/Collection/素材&模板&音库/音效/02_中文音效合集/气氛音乐音效/Endurance SFX/01 - Percussion/Percussion - Space/SP 08 Game Face.mp3	Endurance SFX（大气深沉3 · 低音节奏感紧张气氛渲染无损音效素材包）/01 - Percussion/Percussion - Space/SP 08 Game Face.mp3	
/volume1/主目录/Collection/素材&模板&音库/音效/02_中文音效合集/气氛音乐音效/Endurance SFX/01 - Percussion/Percussion - Space/SP 04 Training Day B.mp3	Endurance SFX（大气深沉3 · 低音节奏感紧张气氛渲染无损音效素材包）/01 - Percussion/Percussion - Space/SP 04 Training Day B.mp3	
/volume1/主目录/Collection/素材&模板&音库/音效/02_中文音效合集/气氛音乐音效/Endurance SFX/01 - Percussion/Percussion - Space/SP 10 Massive Hits B.mp3	Endurance SFX（大气深沉3 · 低音节奏感紧张气氛渲染无损音效素材包）/01 - Percussion/Percussion - Space/SP 10 Massive Hits B.mp3	
/volume1/主目录/Collection/素材&模板&音库/音效/02_中文音效合集/气氛音乐音效/Endurance SFX/01 - Percussion/Percussion - Space/SP 03 Training Day A.mp3	Endurance SFX（大气深沉3 · 低音节奏感紧张气氛渲染无损音效素材包）/01 - Percussion/Percussion - Space/SP 03 Training Day A.mp3	
/volume1/主目录/Collection/素材&模板&音库/音效/02_中文音效合集/气氛音乐音效/Endurance SFX/01 - Percussion/Percussion - Space/Closers/SP 03 Massive Hits A.mp3	Endurance SFX（大气深沉3 · 低音节奏感紧张气氛渲染无损音效素材包）/01 - Percussion/Percussion - Space/Closers/SP 03 Massive Hits A.mp3	
/volume1/主目录/Collection/素材&模板&音库/音效/02_中文音效合集/气氛音乐音效/Endurance SFX/01 - Percussion/Percussion - Space/Closers/SP 07 Boom Pop A.mp3	Endurance SFX（大气深沉3 · 低音节奏感紧张气氛渲染无损音效素材包）/01 - Percussion/Percussion - Space/Closers/SP 07 Boom Pop A.mp3	
/volume1/主目录/Collection/素材&模板&音库/音效/02_中文音效合集/气氛音乐音效/Endurance SFX/01 - Percussion/Percussion - Space/Closers/SP 05 Massive Hits C.mp3	Endurance SFX（大气深沉3 · 低音节奏感紧张气氛渲染无损音效素材包）/01 - Percussion/Percussion - Space/Closers/SP 05 Massive Hits C.mp3	
/volume1/主目录/Collection/素材&模板&音库/音效/02_中文音效合集/气氛音乐音效/Endurance SFX/01 - Percussion/Percussion - Space/Closers/SP 09 Boom Pop C.mp3	Endurance SFX（大气深沉3 · 低音节奏感紧张气氛渲染无损音效素材包）/01 - Percussion/Percussion - Space/Closers/SP 09 Boom Pop C.mp3	
/volume1/主目录/Collection/素材&模板&音库/音效/02_中文音效合集/气氛音乐音效/Endurance SFX/01 - Percussion/Percussion - Space/Closers/SP 10 Future Kick.mp3	Endurance SFX（大气深沉3 · 低音节奏感紧张气氛渲染无损音效素材包）/01 - Percussion/Percussion - Space/Closers/SP 10 Future Kick.mp3	
/volume1/主目录/Collection/素材&模板&音库/音效/02_中文音效合集/气氛音乐音效/Endurance SFX/01 - Percussion/Percussion - Space/Closers/SP 08 Boom Pop B.mp3	Endurance SFX（大气深沉3 · 低音节奏感紧张气氛渲染无损音效素材包）/01 - Percussion/Percussion - Space/Closers/SP 08 Boom Pop B.mp3	
/volume1/主目录/Collection/素材&模板&音库/音效/02_中文音效合集/气氛音乐音效/Endurance SFX/01 - Percussion/Percussion - Space/Closers/SP 06 Simple Set.mp3	Endurance SFX（大气深沉3 · 低音节奏感紧张气氛渲染无损音效素材包）/01 - Percussion/Percussion - Space/Closers/SP 06 Simple Set.mp3	
/volume1/主目录/Collection/素材&模板&音库/音效/02_中文音效合集/气氛音乐音效/Endurance SFX/01 - Percussion/Percussion - Space/Closers/SP 01 Bank Heist A.mp3	Endurance SFX（大气深沉3 · 低音节奏感紧张气氛渲染无损音效素材包）/01 - Percussion/Percussion - Space/Closers/SP 01 Bank Heist A.mp3	
/volume1/主目录/Collection/素材&模板&音库/音效/02_中文音效合集/气氛音乐音效/Endurance SFX/01 - Percussion/Percussion - Space/Closers/SP 04 Massive Hits B.mp3	Endurance SFX（大气深沉3 · 低音节奏感紧张气氛渲染无损音效素材包）/01 - Percussion/Percussion - Space/Closers/SP 04 Massive Hits B.mp3	
/volume1/主目录/Collection/素材&模板&音库/音效/02_中文音效合集/气氛音乐音效/Endurance SFX/01 - Percussion/Percussion - Space/Closers/SP 02 Bank Heist B.mp3	Endurance SFX（大气深沉3 · 低音节奏感紧张气氛渲染无损音效素材包）/01 - Percussion/Percussion - Space/Closers/SP 02 Bank Heist B.mp3	
/volume1/主目录/Collection/素材&模板&音库/音效/02_中文音效合集/气氛音乐音效/Endurance SFX/01 - Percussion/Percussion - Silk/SL 07 Thunder Drums.mp3	Endurance SFX（大气深沉3 · 低音节奏感紧张气氛渲染无损音效素材包）/01 - Percussion/Percussion - Silk/SL 07 Thunder Drums.mp3	
/volume1/主目录/Collection/素材&模板&音库/音效/02_中文音效合集/气氛音乐音效/Endurance SFX/01 - Percussion/Percussion - Silk/SL 01 Moving Target.mp3	Endurance SFX（大气深沉3 · 低音节奏感紧张气氛渲染无损音效素材包）/01 - Percussion/Percussion - Silk/SL 01 Moving Target.mp3	
/volume1/主目录/Collection/素材&模板&音库/音效/02_中文音效合集/气氛音乐音效/Endurance SFX/01 - Percussion/Percussion - Silk/SL 20 Echo Hit.mp3	Endurance SFX（大气深沉3 · 低音节奏感紧张气氛渲染无损音效素材包）/01 - Percussion/Percussion - Silk/SL 20 Echo Hit.mp3	
/volume1/主目录/Collection/素材&模板&音库/音效/02_中文音效合集/气氛音乐音效/Endurance SFX/01 - Percussion/Percussion - Silk/SL 12 Dark Kick B.mp3	Endurance SFX（大气深沉3 · 低音节奏感紧张气氛渲染无损音效素材包）/01 - Percussion/Percussion - Silk/SL 12 Dark Kick B.mp3	
/volume1/主目录/Collection/素材&模板&音库/音效/02_中文音效合集/气氛音乐音效/Endurance SFX/01 - Percussion/Percussion - Silk/SL 04 Training Day B.mp3	Endurance SFX（大气深沉3 · 低音节奏感紧张气氛渲染无损音效素材包）/01 - Percussion/Percussion - Silk/SL 04 Training Day B.mp3	
/volume1/主目录/Collection/素材&模板&音库/音效/02_中文音效合集/气氛音乐音效/Endurance SFX/01 - Percussion/Percussion - Silk/SL 28 Drop Beat.mp3	Endurance SFX（大气深沉3 · 低音节奏感紧张气氛渲染无损音效素材包）/01 - Percussion/Percussion - Silk/SL 28 Drop Beat.mp3	
/volume1/主目录/Collection/素材&模板&音库/音效/02_中文音效合集/气氛音乐音效/Endurance SFX/01 - Percussion/Percussion - Silk/SL 06 Deep Beat B.mp3	Endurance SFX（大气深沉3 · 低音节奏感紧张气氛渲染无损音效素材包）/01 - Percussion/Percussion - Silk/SL 06 Deep Beat B.mp3	
/volume1/主目录/Collection/素材&模板&音库/音效/02_中文音效合集/气氛音乐音效/Endurance SFX/01 - Percussion/Percussion - Silk/SL 15 Chamber Hits B.mp3	Endurance SFX（大气深沉3 · 低音节奏感紧张气氛渲染无损音效素材包）/01 - Percussion/Percussion - Silk/SL 15 Chamber Hits B.mp3	
/volume1/主目录/Collection/素材&模板&音库/音效/02_中文音效合集/气氛音乐音效/Endurance SFX/01 - Percussion/Percussion - Silk/SL 03 Training Day A.mp3	Endurance SFX（大气深沉3 · 低音节奏感紧张气氛渲染无损音效素材包）/01 - Percussion/Percussion - Silk/SL 03 Training Day A.mp3	
/volume1/主目录/Collection/素材&模板&音库/音效/02_中文音效合集/气氛音乐音效/Endurance SFX/01 - Percussion/Percussion - Silk/SL 11 Dark Kick A.mp3	Endurance SFX（大气深沉3 · 低音节奏感紧张气氛渲染无损音效素材包）/01 - Percussion/Percussion - Silk/SL 11 Dark Kick A.mp3	
/volume1/主目录/Collection/素材&模板&音库/音效/02_中文音效合集/气氛音乐音效/Endurance SFX/01 - Percussion/Percussion - Silk/SL 22 Clean Rhythm.mp3	Endurance SFX（大气深沉3 · 低音节奏感紧张气氛渲染无损音效素材包）/01 - Percussion/Percussion - Silk/SL 22 Clean Rhythm.mp3	
/volume1/主目录/Collection/素材&模板&音库/音效/02_中文音效合集/气氛音乐音效/Endurance SFX/01 - Percussion/Percussion - Silk/SL 09 Massive Hits A.mp3	Endurance SFX（大气深沉3 · 低音节奏感紧张气氛渲染无损音效素材包）/01 - Percussion/Percussion - Silk/SL 09 Massive Hits A.mp3	
/volume1/主目录/Collection/素材&模板&音库/音效/02_中文音效合集/气氛音乐音效/Endurance SFX/01 - Percussion/Percussion - Silk/SL 26 Electricity.mp3	Endurance SFX（大气深沉3 · 低音节奏感紧张气氛渲染无损音效素材包）/01 - Percussion/Percussion - Silk/SL 26 Electricity.mp3	
/volume1/主目录/Collection/素材&模板&音库/音效/02_中文音效合集/气氛音乐音效/Endurance SFX/01 - Percussion/Percussion - Silk/SL 21 Rimshot.mp3	Endurance SFX（大气深沉3 · 低音节奏感紧张气氛渲染无损音效素材包）/01 - Percussion/Percussion - Silk/SL 21 Rimshot.mp3	
/volume1/主目录/Collection/素材&模板&音库/音效/02_中文音效合集/气氛音乐音效/Endurance SFX/01 - Percussion/Percussion - Silk/SL 05 Deep Beat A.mp3	Endurance SFX（大气深沉3 · 低音节奏感紧张气氛渲染无损音效素材包）/01 - Percussion/Percussion - Silk/SL 05 Deep Beat A.mp3	
/volume1/主目录/Collection/素材&模板&音库/音效/02_中文音效合集/气氛音乐音效/Endurance SFX/01 - Percussion/Percussion - Silk/SL 02 Bank Heist.mp3	Endurance SFX（大气深沉3 · 低音节奏感紧张气氛渲染无损音效素材包）/01 - Percussion/Percussion - Silk/SL 02 Bank Heist.mp3	
/volume1/主目录/Collection/素材&模板&音库/音效/02_中文音效合集/气氛音乐音效/Endurance SFX/01 - Percussion/Percussion - Silk/SL 17 Metal Echoes.mp3	Endurance SFX（大气深沉3 · 低音节奏感紧张气氛渲染无损音效素材包）/01 - Percussion/Percussion - Silk/SL 17 Metal Echoes.mp3	
/volume1/主目录/Collection/素材&模板&音库/音效/02_中文音效合集/气氛音乐音效/Endurance SFX/01 - Percussion/Percussion - Silk/SL 24 Future Kick.mp3	Endurance SFX（大气深沉3 · 低音节奏感紧张气氛渲染无损音效素材包）/01 - Percussion/Percussion - Silk/SL 24 Future Kick.mp3	
/volume1/主目录/Collection/素材&模板&音库/音效/02_中文音效合集/气氛音乐音效/Endurance SFX/01 - Percussion/Percussion - Silk/SL 25 Crunchy Hits.mp3	Endurance SFX（大气深沉3 · 低音节奏感紧张气氛渲染无损音效素材包）/01 - Percussion/Percussion - Silk/SL 25 Crunchy Hits.mp3	
/volume1/主目录/Collection/素材&模板&音库/音效/02_中文音效合集/气氛音乐音效/Endurance SFX/01 - Percussion/Percussion - Silk/SL 23 Dark Toms.mp3	Endurance SFX（大气深沉3 · 低音节奏感紧张气氛渲染无损音效素材包）/01 - Percussion/Percussion - Silk/SL 23 Dark Toms.mp3	
/volume1/主目录/Collection/素材&模板&音库/音效/02_中文音效合集/气氛音乐音效/Endurance SFX/01 - Percussion/Percussion - Silk/SL 13 Dark Kick C.mp3	Endurance SFX（大气深沉3 · 低音节奏感紧张气氛渲染无损音效素材包）/01 - Percussion/Percussion - Silk/SL 13 Dark Kick C.mp3	
/volume1/主目录/Collection/素材&模板&音库/音效/02_中文音效合集/气氛音乐音效/Endurance SFX/01 - Percussion/Percussion - Silk/SL 16 Chamber Hits C.mp3	Endurance SFX（大气深沉3 · 低音节奏感紧张气氛渲染无损音效素材包）/01 - Percussion/Percussion - Silk/SL 16 Chamber Hits C.mp3	
/volume1/主目录/Collection/素材&模板&音库/音效/02_中文音效合集/气氛音乐音效/Endurance SFX/01 - Percussion/Percussion - Silk/SL 18 Alley Beat.mp3	Endurance SFX（大气深沉3 · 低音节奏感紧张气氛渲染无损音效素材包）/01 - Percussion/Percussion - Silk/SL 18 Alley Beat.mp3	
/volume1/主目录/Collection/素材&模板&音库/音效/02_中文音效合集/气氛音乐音效/Endurance SFX/01 - Percussion/Percussion - Silk/SL 19 Simple Set.mp3	Endurance SFX（大气深沉3 · 低音节奏感紧张气氛渲染无损音效素材包）/01 - Percussion/Percussion - Silk/SL 19 Simple Set.mp3	
/volume1/主目录/Collection/素材&模板&音库/音效/02_中文音效合集/气氛音乐音效/Endurance SFX/01 - Percussion/Percussion - Silk/SL 14 Chamber Hits A.mp3	Endurance SFX（大气深沉3 · 低音节奏感紧张气氛渲染无损音效素材包）/01 - Percussion/Percussion - Silk/SL 14 Chamber Hits A.mp3	
/volume1/主目录/Collection/素材&模板&音库/音效/02_中文音效合集/气氛音乐音效/Endurance SFX/01 - Percussion/Percussion - Silk/SL 08 Game Face.mp3	Endurance SFX（大气深沉3 · 低音节奏感紧张气氛渲染无损音效素材包）/01 - Percussion/Percussion - Silk/SL 08 Game Face.mp3	
/volume1/主目录/Collection/素材&模板&音库/音效/02_中文音效合集/气氛音乐音效/Endurance SFX/01 - Percussion/Percussion - Silk/SP 10 Massive Hits B.mp3	Endurance SFX（大气深沉3 · 低音节奏感紧张气氛渲染无损音效素材包）/01 - Percussion/Percussion - Silk/SP 10 Massive Hits B.mp3	
/volume1/主目录/Collection/素材&模板&音库/音效/02_中文音效合集/气氛音乐音效/Endurance SFX/01 - Percussion/Percussion - Silk/SL 27 Boom Pop.mp3	Endurance SFX（大气深沉3 · 低音节奏感紧张气氛渲染无损音效素材包）/01 - Percussion/Percussion - Silk/SL 27 Boom Pop.mp3	
/volume1/主目录/Collection/素材&模板&音库/音效/02_中文音效合集/气氛音乐音效/Endurance SFX/01 - Percussion/Percussion - Silk/Closers/SL 09 Boom Pop C.mp3	Endurance SFX（大气深沉3 · 低音节奏感紧张气氛渲染无损音效素材包）/01 - Percussion/Percussion - Silk/Closers/SL 09 Boom Pop C.mp3	
/volume1/主目录/Collection/素材&模板&音库/音效/02_中文音效合集/气氛音乐音效/Endurance SFX/01 - Percussion/Percussion - Silk/Closers/SL 04 Massive Hits B.mp3	Endurance SFX（大气深沉3 · 低音节奏感紧张气氛渲染无损音效素材包）/01 - Percussion/Percussion - Silk/Closers/SL 04 Massive Hits B.mp3	
/volume1/主目录/Collection/素材&模板&音库/音效/02_中文音效合集/气氛音乐音效/Endurance SFX/01 - Percussion/Percussion - Silk/Closers/SL 03 Massive Hits A.mp3	Endurance SFX（大气深沉3 · 低音节奏感紧张气氛渲染无损音效素材包）/01 - Percussion/Percussion - Silk/Closers/SL 03 Massive Hits A.mp3	
/volume1/主目录/Collection/素材&模板&音库/音效/02_中文音效合集/气氛音乐音效/Endurance SFX/01 - Percussion/Percussion - Silk/Closers/SL 05 Massive Hits C.mp3	Endurance SFX（大气深沉3 · 低音节奏感紧张气氛渲染无损音效素材包）/01 - Percussion/Percussion - Silk/Closers/SL 05 Massive Hits C.mp3	
/volume1/主目录/Collection/素材&模板&音库/音效/02_中文音效合集/气氛音乐音效/Endurance SFX/01 - Percussion/Percussion - Silk/Closers/SL 08 Boom Pop B.mp3	Endurance SFX（大气深沉3 · 低音节奏感紧张气氛渲染无损音效素材包）/01 - Percussion/Percussion - Silk/Closers/SL 08 Boom Pop B.mp3	
/volume1/主目录/Collection/素材&模板&音库/音效/02_中文音效合集/气氛音乐音效/Endurance SFX/01 - Percussion/Percussion - Silk/Closers/SL 10 Future Kick.mp3	Endurance SFX（大气深沉3 · 低音节奏感紧张气氛渲染无损音效素材包）/01 - Percussion/Percussion - Silk/Closers/SL 10 Future Kick.mp3	
/volume1/主目录/Collection/素材&模板&音库/音效/02_中文音效合集/气氛音乐音效/Endurance SFX/01 - Percussion/Percussion - Silk/Closers/SL 02 Bank Heist B.mp3	Endurance SFX（大气深沉3 · 低音节奏感紧张气氛渲染无损音效素材包）/01 - Percussion/Percussion - Silk/Closers/SL 02 Bank Heist B.mp3	
/volume1/主目录/Collection/素材&模板&音库/音效/02_中文音效合集/气氛音乐音效/Endurance SFX/01 - Percussion/Percussion - Silk/Closers/SL 01 Bank Heist A.mp3	Endurance SFX（大气深沉3 · 低音节奏感紧张气氛渲染无损音效素材包）/01 - Percussion/Percussion - Silk/Closers/SL 01 Bank Heist A.mp3	
/volume1/主目录/Collection/素材&模板&音库/音效/02_中文音效合集/气氛音乐音效/Endurance SFX/01 - Percussion/Percussion - Silk/Closers/SL 07 Boom Pop A.mp3	Endurance SFX（大气深沉3 · 低音节奏感紧张气氛渲染无损音效素材包）/01 - Percussion/Percussion - Silk/Closers/SL 07 Boom Pop A.mp3	
/volume1/主目录/Collection/素材&模板&音库/音效/02_中文音效合集/气氛音乐音效/Endurance SFX/01 - Percussion/Percussion - Silk/Closers/SL 06 Simple Set.mp3	Endurance SFX（大气深沉3 · 低音节奏感紧张气氛渲染无损音效素材包）/01 - Percussion/Percussion - Silk/Closers/SL 06 Simple Set.mp3	
/volume1/主目录/Collection/素材&模板&音库/音效/02_中文音效合集/气氛音乐音效/Endurance SFX/01 - Percussion/Percussion/23 Dark Toms.mp3	Endurance SFX（大气深沉3 · 低音节奏感紧张气氛渲染无损音效素材包）/01 - Percussion/Percussion/23 Dark Toms.mp3	
/volume1/主目录/Collection/素材&模板&音库/音效/02_中文音效合集/气氛音乐音效/Endurance SFX/01 - Percussion/Percussion/07 Thunder Drums.mp3	Endurance SFX（大气深沉3 · 低音节奏感紧张气氛渲染无损音效素材包）/01 - Percussion/Percussion/07 Thunder Drums.mp3	
/volume1/主目录/Collection/素材&模板&音库/音效/02_中文音效合集/气氛音乐音效/Endurance SFX/01 - Percussion/Percussion/10 Massive Hits B.mp3	Endurance SFX（大气深沉3 · 低音节奏感紧张气氛渲染无损音效素材包）/01 - Percussion/Percussion/10 Massive Hits B.mp3	
/volume1/主目录/Collection/素材&模板&音库/音效/02_中文音效合集/气氛音乐音效/Endurance SFX/01 - Percussion/Percussion/12 Dark Kick B.mp3	Endurance SFX（大气深沉3 · 低音节奏感紧张气氛渲染无损音效素材包）/01 - Percussion/Percussion/12 Dark Kick B.mp3	
/volume1/主目录/Collection/素材&模板&音库/音效/02_中文音效合集/气氛音乐音效/Endurance SFX/01 - Percussion/Percussion/21 Rimshot.mp3	Endurance SFX（大气深沉3 · 低音节奏感紧张气氛渲染无损音效素材包）/01 - Percussion/Percussion/21 Rimshot.mp3	
/volume1/主目录/Collection/素材&模板&音库/音效/02_中文音效合集/气氛音乐音效/Endurance SFX/01 - Percussion/Percussion/11 Dark Kick A.mp3	Endurance SFX（大气深沉3 · 低音节奏感紧张气氛渲染无损音效素材包）/01 - Percussion/Percussion/11 Dark Kick A.mp3	
/volume1/主目录/Collection/素材&模板&音库/音效/02_中文音效合集/气氛音乐音效/Endurance SFX/01 - Percussion/Percussion/05 Deep Beat A.mp3	Endurance SFX（大气深沉3 · 低音节奏感紧张气氛渲染无损音效素材包）/01 - Percussion/Percussion/05 Deep Beat A.mp3	
/volume1/主目录/Collection/素材&模板&音库/音效/02_中文音效合集/气氛音乐音效/Endurance SFX/01 - Percussion/Percussion/09 Massive Hits A.mp3	Endurance SFX（大气深沉3 · 低音节奏感紧张气氛渲染无损音效素材包）/01 - Percussion/Percussion/09 Massive Hits A.mp3	
/volume1/主目录/Collection/素材&模板&音库/音效/02_中文音效合集/气氛音乐音效/Endurance SFX/01 - Percussion/Percussion/17 Metal Echoes.mp3	Endurance SFX（大气深沉3 · 低音节奏感紧张气氛渲染无损音效素材包）/01 - Percussion/Percussion/17 Metal Echoes.mp3	
/volume1/主目录/Collection/素材&模板&音库/音效/02_中文音效合集/气氛音乐音效/Endurance SFX/01 - Percussion/Percussion/06 Deep Beat B.mp3	Endurance SFX（大气深沉3 · 低音节奏感紧张气氛渲染无损音效素材包）/01 - Percussion/Percussion/06 Deep Beat B.mp3	
/volume1/主目录/Collection/素材&模板&音库/音效/02_中文音效合集/气氛音乐音效/Endurance SFX/01 - Percussion/Percussion/27 Boom Pop.mp3	Endurance SFX（大气深沉3 · 低音节奏感紧张气氛渲染无损音效素材包）/01 - Percussion/Percussion/27 Boom Pop.mp3	
/volume1/主目录/Collection/素材&模板&音库/音效/02_中文音效合集/气氛音乐音效/Endurance SFX/01 - Percussion/Percussion/25 Crunchy Hits.mp3	Endurance SFX（大气深沉3 · 低音节奏感紧张气氛渲染无损音效素材包）/01 - Percussion/Percussion/25 Crunchy Hits.mp3	
/volume1/主目录/Collection/素材&模板&音库/音效/02_中文音效合集/气氛音乐音效/Endurance SFX/01 - Percussion/Percussion/08 Game Face.mp3	Endurance SFX（大气深沉3 · 低音节奏感紧张气氛渲染无损音效素材包）/01 - Percussion/Percussion/08 Game Face.mp3	
/volume1/主目录/Collection/素材&模板&音库/音效/02_中文音效合集/气氛音乐音效/Endurance SFX/01 - Percussion/Percussion/04 Training Day B.mp3	Endurance SFX（大气深沉3 · 低音节奏感紧张气氛渲染无损音效素材包）/01 - Percussion/Percussion/04 Training Day B.mp3	
/volume1/主目录/Collection/素材&模板&音库/音效/02_中文音效合集/气氛音乐音效/Endurance SFX/01 - Percussion/Percussion/28 Drop Beat.mp3	Endurance SFX（大气深沉3 · 低音节奏感紧张气氛渲染无损音效素材包）/01 - Percussion/Percussion/28 Drop Beat.mp3	
/volume1/主目录/Collection/素材&模板&音库/音效/02_中文音效合集/气氛音乐音效/Endurance SFX/01 - Percussion/Percussion/02 Bank Heist.mp3	Endurance SFX（大气深沉3 · 低音节奏感紧张气氛渲染无损音效素材包）/01 - Percussion/Percussion/02 Bank Heist.mp3	
/volume1/主目录/Collection/素材&模板&音库/音效/02_中文音效合集/气氛音乐音效/Endurance SFX/01 - Percussion/Percussion/01 Moving Target.mp3	Endurance SFX（大气深沉3 · 低音节奏感紧张气氛渲染无损音效素材包）/01 - Percussion/Percussion/01 Moving Target.mp3	
/volume1/主目录/Collection/素材&模板&音库/音效/02_中文音效合集/气氛音乐音效/Endurance SFX/01 - Percussion/Percussion/20 Echo Hit.mp3	Endurance SFX（大气深沉3 · 低音节奏感紧张气氛渲染无损音效素材包）/01 - Percussion/Percussion/20 Echo Hit.mp3	
/volume1/主目录/Collection/素材&模板&音库/音效/02_中文音效合集/气氛音乐音效/Endurance SFX/01 - Percussion/Percussion/16 Chamber Hits C.mp3	Endurance SFX（大气深沉3 · 低音节奏感紧张气氛渲染无损音效素材包）/01 - Percussion/Percussion/16 Chamber Hits C.mp3	
/volume1/主目录/Collection/素材&模板&音库/音效/02_中文音效合集/气氛音乐音效/Endurance SFX/01 - Percussion/Percussion/22 Clean Rhythm.mp3	Endurance SFX（大气深沉3 · 低音节奏感紧张气氛渲染无损音效素材包）/01 - Percussion/Percussion/22 Clean Rhythm.mp3	
/volume1/主目录/Collection/素材&模板&音库/音效/02_中文音效合集/气氛音乐音效/Endurance SFX/01 - Percussion/Percussion/26 Electricity.mp3	Endurance SFX（大气深沉3 · 低音节奏感紧张气氛渲染无损音效素材包）/01 - Percussion/Percussion/26 Electricity.mp3	
/volume1/主目录/Collection/素材&模板&音库/音效/02_中文音效合集/气氛音乐音效/Endurance SFX/01 - Percussion/Percussion/13 Dark Kick C.mp3	Endurance SFX（大气深沉3 · 低音节奏感紧张气氛渲染无损音效素材包）/01 - Percussion/Percussion/13 Dark Kick C.mp3	
/volume1/主目录/Collection/素材&模板&音库/音效/02_中文音效合集/气氛音乐音效/Endurance SFX/01 - Percussion/Percussion/03 Training Day A.mp3	Endurance SFX（大气深沉3 · 低音节奏感紧张气氛渲染无损音效素材包）/01 - Percussion/Percussion/03 Training Day A.mp3	
/volume1/主目录/Collection/素材&模板&音库/音效/02_中文音效合集/气氛音乐音效/Endurance SFX/01 - Percussion/Percussion/18 Alley Beat.mp3	Endurance SFX（大气深沉3 · 低音节奏感紧张气氛渲染无损音效素材包）/01 - Percussion/Percussion/18 Alley Beat.mp3	
/volume1/主目录/Collection/素材&模板&音库/音效/02_中文音效合集/气氛音乐音效/Endurance SFX/01 - Percussion/Percussion/19 Simple Set.mp3	Endurance SFX（大气深沉3 · 低音节奏感紧张气氛渲染无损音效素材包）/01 - Percussion/Percussion/19 Simple Set.mp3	
/volume1/主目录/Collection/素材&模板&音库/音效/02_中文音效合集/气氛音乐音效/Endurance SFX/01 - Percussion/Percussion/15 Chamber Hits B.mp3	Endurance SFX（大气深沉3 · 低音节奏感紧张气氛渲染无损音效素材包）/01 - Percussion/Percussion/15 Chamber Hits B.mp3	
/volume1/主目录/Collection/素材&模板&音库/音效/02_中文音效合集/气氛音乐音效/Endurance SFX/01 - Percussion/Percussion/24 Future Kick.mp3	Endurance SFX（大气深沉3 · 低音节奏感紧张气氛渲染无损音效素材包）/01 - Percussion/Percussion/24 Future Kick.mp3	
/volume1/主目录/Collection/素材&模板&音库/音效/02_中文音效合集/气氛音乐音效/Endurance SFX/01 - Percussion/Percussion/Closers/07 Boom Pop A.mp3	Endurance SFX（大气深沉3 · 低音节奏感紧张气氛渲染无损音效素材包）/01 - Percussion/Percussion/Closers/07 Boom Pop A.mp3	
/volume1/主目录/Collection/素材&模板&音库/音效/02_中文音效合集/气氛音乐音效/Endurance SFX/01 - Percussion/Percussion/Closers/01 Bank Heist A.mp3	Endurance SFX（大气深沉3 · 低音节奏感紧张气氛渲染无损音效素材包）/01 - Percussion/Percussion/Closers/01 Bank Heist A.mp3	
/volume1/主目录/Collection/素材&模板&音库/音效/02_中文音效合集/气氛音乐音效/Endurance SFX/01 - Percussion/Percussion/Closers/08 Boom Pop B.mp3	Endurance SFX（大气深沉3 · 低音节奏感紧张气氛渲染无损音效素材包）/01 - Percussion/Percussion/Closers/08 Boom Pop B.mp3	
/volume1/主目录/Collection/素材&模板&音库/音效/02_中文音效合集/气氛音乐音效/Endurance SFX/01 - Percussion/Percussion/Closers/04 Massive Hits B.mp3	Endurance SFX（大气深沉3 · 低音节奏感紧张气氛渲染无损音效素材包）/01 - Percussion/Percussion/Closers/04 Massive Hits B.mp3	
/volume1/主目录/Collection/素材&模板&音库/音效/02_中文音效合集/气氛音乐音效/Endurance SFX/01 - Percussion/Percussion/Closers/06 Simple Set.mp3	Endurance SFX（大气深沉3 · 低音节奏感紧张气氛渲染无损音效素材包）/01 - Percussion/Percussion/Closers/06 Simple Set.mp3	
/volume1/主目录/Collection/素材&模板&音库/音效/02_中文音效合集/气氛音乐音效/Endurance SFX/01 - Percussion/Percussion/Closers/03 Massive Hits A.mp3	Endurance SFX（大气深沉3 · 低音节奏感紧张气氛渲染无损音效素材包）/01 - Percussion/Percussion/Closers/03 Massive Hits A.mp3	
/volume1/主目录/Collection/素材&模板&音库/音效/02_中文音效合集/气氛音乐音效/Endurance SFX/01 - Percussion/Percussion/Closers/02 Bank Heist B.mp3	Endurance SFX（大气深沉3 · 低音节奏感紧张气氛渲染无损音效素材包）/01 - Percussion/Percussion/Closers/02 Bank Heist B.mp3	
/volume1/主目录/Collection/素材&模板&音库/音效/02_中文音效合集/气氛音乐音效/Endurance SFX/01 - Percussion/Percussion/Closers/05 Massive Hits C.mp3	Endurance SFX（大气深沉3 · 低音节奏感紧张气氛渲染无损音效素材包）/01 - Percussion/Percussion/Closers/05 Massive Hits C.mp3	
/volume1/主目录/Collection/素材&模板&音库/音效/02_中文音效合集/气氛音乐音效/Endurance SFX/01 - Percussion/Percussion/Closers/10 Future Kick.mp3	Endurance SFX（大气深沉3 · 低音节奏感紧张气氛渲染无损音效素材包）/01 - Percussion/Percussion/Closers/10 Future Kick.mp3	
/volume1/主目录/Collection/素材&模板&音库/音效/02_中文音效合集/气氛音乐音效/Endurance SFX/01 - Percussion/Percussion/Closers/09 Boom Pop C.mp3	Endurance SFX（大气深沉3 · 低音节奏感紧张气氛渲染无损音效素材包）/01 - Percussion/Percussion/Closers/09 Boom Pop C.mp3	
/volume1/主目录/Collection/素材&模板&音库/音效/02_中文音效合集/气氛音乐音效/Endurance SFX/01 - Percussion/Percussion - Distortion/DS 11 Dark Kick A.mp3	Endurance SFX（大气深沉3 · 低音节奏感紧张气氛渲染无损音效素材包）/01 - Percussion/Percussion - Distortion/DS 11 Dark Kick A.mp3	
/volume1/主目录/Collection/素材&模板&音库/音效/02_中文音效合集/气氛音乐音效/Endurance SFX/01 - Percussion/Percussion - Distortion/DS 15 Chamber Hits B.mp3	Endurance SFX（大气深沉3 · 低音节奏感紧张气氛渲染无损音效素材包）/01 - Percussion/Percussion - Distortion/DS 15 Chamber Hits B.mp3	
/volume1/主目录/Collection/素材&模板&音库/音效/02_中文音效合集/气氛音乐音效/Endurance SFX/01 - Percussion/Percussion - Distortion/DS 21 Rimshot.mp3	Endurance SFX（大气深沉3 · 低音节奏感紧张气氛渲染无损音效素材包）/01 - Percussion/Percussion - Distortion/DS 21 Rimshot.mp3	
/volume1/主目录/Collection/素材&模板&音库/音效/02_中文音效合集/气氛音乐音效/Endurance SFX/01 - Percussion/Percussion - Distortion/DS 14 Chamber Hits A.mp3	Endurance SFX（大气深沉3 · 低音节奏感紧张气氛渲染无损音效素材包）/01 - Percussion/Percussion - Distortion/DS 14 Chamber Hits A.mp3	
/volume1/主目录/Collection/素材&模板&音库/音效/02_中文音效合集/气氛音乐音效/Endurance SFX/01 - Percussion/Percussion - Distortion/DS 18 Alley Beat.mp3	Endurance SFX（大气深沉3 · 低音节奏感紧张气氛渲染无损音效素材包）/01 - Percussion/Percussion - Distortion/DS 18 Alley Beat.mp3	
/volume1/主目录/Collection/素材&模板&音库/音效/02_中文音效合集/气氛音乐音效/Endurance SFX/01 - Percussion/Percussion - Distortion/DS 07 Thunder Drums.mp3	Endurance SFX（大气深沉3 · 低音节奏感紧张气氛渲染无损音效素材包）/01 - Percussion/Percussion - Distortion/DS 07 Thunder Drums.mp3	
/volume1/主目录/Collection/素材&模板&音库/音效/02_中文音效合集/气氛音乐音效/Endurance SFX/01 - Percussion/Percussion - Distortion/DS 13 Dark Kick C.mp3	Endurance SFX（大气深沉3 · 低音节奏感紧张气氛渲染无损音效素材包）/01 - Percussion/Percussion - Distortion/DS 13 Dark Kick C.mp3	
/volume1/主目录/Collection/素材&模板&音库/音效/02_中文音效合集/气氛音乐音效/Endurance SFX/01 - Percussion/Percussion - Distortion/DS 12 Dark Kick B.mp3	Endurance SFX（大气深沉3 · 低音节奏感紧张气氛渲染无损音效素材包）/01 - Percussion/Percussion - Distortion/DS 12 Dark Kick B.mp3	
/volume1/主目录/Collection/素材&模板&音库/音效/02_中文音效合集/气氛音乐音效/Endurance SFX/01 - Percussion/Percussion - Distortion/DS 26 Electricity.mp3	Endurance SFX（大气深沉3 · 低音节奏感紧张气氛渲染无损音效素材包）/01 - Percussion/Percussion - Distortion/DS 26 Electricity.mp3	
/volume1/主目录/Collection/素材&模板&音库/音效/02_中文音效合集/气氛音乐音效/Endurance SFX/01 - Percussion/Percussion - Distortion/DS 06 Deep Beat B.mp3	Endurance SFX（大气深沉3 · 低音节奏感紧张气氛渲染无损音效素材包）/01 - Percussion/Percussion - Distortion/DS 06 Deep Beat B.mp3	
/volume1/主目录/Collection/素材&模板&音库/音效/02_中文音效合集/气氛音乐音效/Endurance SFX/01 - Percussion/Percussion - Distortion/DS 04 Training Day B.mp3	Endurance SFX（大气深沉3 · 低音节奏感紧张气氛渲染无损音效素材包）/01 - Percussion/Percussion - Distortion/DS 04 Training Day B.mp3	
/volume1/主目录/Collection/素材&模板&音库/音效/02_中文音效合集/气氛音乐音效/Endurance SFX/01 - Percussion/Percussion - Distortion/DS 25 Crunchy Hits.mp3	Endurance SFX（大气深沉3 · 低音节奏感紧张气氛渲染无损音效素材包）/01 - Percussion/Percussion - Distortion/DS 25 Crunchy Hits.mp3	
/volume1/主目录/Collection/素材&模板&音库/音效/02_中文音效合集/气氛音乐音效/Endurance SFX/01 - Percussion/Percussion - Distortion/DS 08 Game Face.mp3	Endurance SFX（大气深沉3 · 低音节奏感紧张气氛渲染无损音效素材包）/01 - Percussion/Percussion - Distortion/DS 08 Game Face.mp3	
/volume1/主目录/Collection/素材&模板&音库/音效/02_中文音效合集/气氛音乐音效/Endurance SFX/01 - Percussion/Percussion - Distortion/DS 23 Dark Toms.mp3	Endurance SFX（大气深沉3 · 低音节奏感紧张气氛渲染无损音效素材包）/01 - Percussion/Percussion - Distortion/DS 23 Dark Toms.mp3	
/volume1/主目录/Collection/素材&模板&音库/音效/02_中文音效合集/气氛音乐音效/Endurance SFX/01 - Percussion/Percussion - Distortion/DS 19 Simple Set.mp3	Endurance SFX（大气深沉3 · 低音节奏感紧张气氛渲染无损音效素材包）/01 - Percussion/Percussion - Distortion/DS 19 Simple Set.mp3	
/volume1/主目录/Collection/素材&模板&音库/音效/02_中文音效合集/气氛音乐音效/Endurance SFX/01 - Percussion/Percussion - Distortion/DS 22 Clean Rhythm.mp3	Endurance SFX（大气深沉3 · 低音节奏感紧张气氛渲染无损音效素材包）/01 - Percussion/Percussion - Distortion/DS 22 Clean Rhythm.mp3	
/volume1/主目录/Collection/素材&模板&音库/音效/02_中文音效合集/气氛音乐音效/Endurance SFX/01 - Percussion/Percussion - Distortion/DS 24 Future Kick.mp3	Endurance SFX（大气深沉3 · 低音节奏感紧张气氛渲染无损音效素材包）/01 - Percussion/Percussion - Distortion/DS 24 Future Kick.mp3	
/volume1/主目录/Collection/素材&模板&音库/音效/02_中文音效合集/气氛音乐音效/Endurance SFX/01 - Percussion/Percussion - Distortion/DS 10 Massive Hits B.mp3	Endurance SFX（大气深沉3 · 低音节奏感紧张气氛渲染无损音效素材包）/01 - Percussion/Percussion - Distortion/DS 10 Massive Hits B.mp3	
/volume1/主目录/Collection/素材&模板&音库/音效/02_中文音效合集/气氛音乐音效/Endurance SFX/01 - Percussion/Percussion - Distortion/DS 05 Deep Beat A.mp3	Endurance SFX（大气深沉3 · 低音节奏感紧张气氛渲染无损音效素材包）/01 - Percussion/Percussion - Distortion/DS 05 Deep Beat A.mp3	
/volume1/主目录/Collection/素材&模板&音库/音效/02_中文音效合集/气氛音乐音效/Endurance SFX/01 - Percussion/Percussion - Distortion/DS 17 Metal Echoes.mp3	Endurance SFX（大气深沉3 · 低音节奏感紧张气氛渲染无损音效素材包）/01 - Percussion/Percussion - Distortion/DS 17 Metal Echoes.mp3	
/volume1/主目录/Collection/素材&模板&音库/音效/02_中文音效合集/气氛音乐音效/Endurance SFX/01 - Percussion/Percussion - Distortion/DS 20 Echo Hit.mp3	Endurance SFX（大气深沉3 · 低音节奏感紧张气氛渲染无损音效素材包）/01 - Percussion/Percussion - Distortion/DS 20 Echo Hit.mp3	
/volume1/主目录/Collection/素材&模板&音库/音效/02_中文音效合集/气氛音乐音效/Endurance SFX/01 - Percussion/Percussion - Distortion/DS 27 Boom Pop.mp3	Endurance SFX（大气深沉3 · 低音节奏感紧张气氛渲染无损音效素材包）/01 - Percussion/Percussion - Distortion/DS 27 Boom Pop.mp3	
/volume1/主目录/Collection/素材&模板&音库/音效/02_中文音效合集/气氛音乐音效/Endurance SFX/01 - Percussion/Percussion - Distortion/DS 01 Moving Target.mp3	Endurance SFX（大气深沉3 · 低音节奏感紧张气氛渲染无损音效素材包）/01 - Percussion/Percussion - Distortion/DS 01 Moving Target.mp3	
/volume1/主目录/Collection/素材&模板&音库/音效/02_中文音效合集/气氛音乐音效/Endurance SFX/01 - Percussion/Percussion - Distortion/DS 28 Drop Beat.mp3	Endurance SFX（大气深沉3 · 低音节奏感紧张气氛渲染无损音效素材包）/01 - Percussion/Percussion - Distortion/DS 28 Drop Beat.mp3	
/volume1/主目录/Collection/素材&模板&音库/音效/02_中文音效合集/气氛音乐音效/Endurance SFX/01 - Percussion/Percussion - Distortion/DS 03 Training Day A.mp3	Endurance SFX（大气深沉3 · 低音节奏感紧张气氛渲染无损音效素材包）/01 - Percussion/Percussion - Distortion/DS 03 Training Day A.mp3	
/volume1/主目录/Collection/素材&模板&音库/音效/02_中文音效合集/气氛音乐音效/Endurance SFX/01 - Percussion/Percussion - Distortion/DS 02 Bank Heist.mp3	Endurance SFX（大气深沉3 · 低音节奏感紧张气氛渲染无损音效素材包）/01 - Percussion/Percussion - Distortion/DS 02 Bank Heist.mp3	
/volume1/主目录/Collection/素材&模板&音库/音效/02_中文音效合集/气氛音乐音效/Endurance SFX/01 - Percussion/Percussion - Distortion/DS 09 Massive Hits A.mp3	Endurance SFX（大气深沉3 · 低音节奏感紧张气氛渲染无损音效素材包）/01 - Percussion/Percussion - Distortion/DS 09 Massive Hits A.mp3	
/volume1/主目录/Collection/素材&模板&音库/音效/02_中文音效合集/气氛音乐音效/Endurance SFX/01 - Percussion/Percussion - Distortion/DS 16 Chamber Hits C.mp3	Endurance SFX（大气深沉3 · 低音节奏感紧张气氛渲染无损音效素材包）/01 - Percussion/Percussion - Distortion/DS 16 Chamber Hits C.mp3	
/volume1/主目录/Collection/素材&模板&音库/音效/02_中文音效合集/气氛音乐音效/Endurance SFX/01 - Percussion/Percussion - Distortion/Closers/DS 09 Boom Pop C.mp3	Endurance SFX（大气深沉3 · 低音节奏感紧张气氛渲染无损音效素材包）/01 - Percussion/Percussion - Distortion/Closers/DS 09 Boom Pop C.mp3	
/volume1/主目录/Collection/素材&模板&音库/音效/02_中文音效合集/气氛音乐音效/Endurance SFX/01 - Percussion/Percussion - Distortion/Closers/DS 03 Massive Hits A.mp3	Endurance SFX（大气深沉3 · 低音节奏感紧张气氛渲染无损音效素材包）/01 - Percussion/Percussion - Distortion/Closers/DS 03 Massive Hits A.mp3	
/volume1/主目录/Collection/素材&模板&音库/音效/02_中文音效合集/气氛音乐音效/Endurance SFX/01 - Percussion/Percussion - Distortion/Closers/DS 06 Simple Set.mp3	Endurance SFX（大气深沉3 · 低音节奏感紧张气氛渲染无损音效素材包）/01 - Percussion/Percussion - Distortion/Closers/DS 06 Simple Set.mp3	
/volume1/主目录/Collection/素材&模板&音库/音效/02_中文音效合集/气氛音乐音效/Endurance SFX/01 - Percussion/Percussion - Distortion/Closers/DS 07 Boom Pop A.mp3	Endurance SFX（大气深沉3 · 低音节奏感紧张气氛渲染无损音效素材包）/01 - Percussion/Percussion - Distortion/Closers/DS 07 Boom Pop A.mp3	
/volume1/主目录/Collection/素材&模板&音库/音效/02_中文音效合集/气氛音乐音效/Endurance SFX/01 - Percussion/Percussion - Distortion/Closers/DS 01 Bank Heist A.mp3	Endurance SFX（大气深沉3 · 低音节奏感紧张气氛渲染无损音效素材包）/01 - Percussion/Percussion - Distortion/Closers/DS 01 Bank Heist A.mp3	
/volume1/主目录/Collection/素材&模板&音库/音效/02_中文音效合集/气氛音乐音效/Endurance SFX/01 - Percussion/Percussion - Distortion/Closers/DS 02 Bank Heist B.mp3	Endurance SFX（大气深沉3 · 低音节奏感紧张气氛渲染无损音效素材包）/01 - Percussion/Percussion - Distortion/Closers/DS 02 Bank Heist B.mp3	
/volume1/主目录/Collection/素材&模板&音库/音效/02_中文音效合集/气氛音乐音效/Endurance SFX/01 - Percussion/Percussion - Distortion/Closers/DS 04 Massive Hits B.mp3	Endurance SFX（大气深沉3 · 低音节奏感紧张气氛渲染无损音效素材包）/01 - Percussion/Percussion - Distortion/Closers/DS 04 Massive Hits B.mp3	
/volume1/主目录/Collection/素材&模板&音库/音效/02_中文音效合集/气氛音乐音效/Endurance SFX/01 - Percussion/Percussion - Distortion/Closers/DS 08 Boom Pop B.mp3	Endurance SFX（大气深沉3 · 低音节奏感紧张气氛渲染无损音效素材包）/01 - Percussion/Percussion - Distortion/Closers/DS 08 Boom Pop B.mp3	
/volume1/主目录/Collection/素材&模板&音库/音效/02_中文音效合集/气氛音乐音效/Endurance SFX/01 - Percussion/Percussion - Distortion/Closers/DS 10 Future Kick.mp3	Endurance SFX（大气深沉3 · 低音节奏感紧张气氛渲染无损音效素材包）/01 - Percussion/Percussion - Distortion/Closers/DS 10 Future Kick.mp3	
/volume1/主目录/Collection/素材&模板&音库/音效/02_中文音效合集/气氛音乐音效/Endurance SFX/01 - Percussion/Percussion - Distortion/Closers/DS 05 Massive Hits C.mp3	Endurance SFX（大气深沉3 · 低音节奏感紧张气氛渲染无损音效素材包）/01 - Percussion/Percussion - Distortion/Closers/DS 05 Massive Hits C.mp3	
/volume1/主目录/Collection/素材&模板&音库/音效/02_中文音效合集/气氛音乐音效/Endurance SFX/05 - Strings/Strings - Silk/SL 08 Move It B.mp3	Endurance SFX（大气深沉3 · 低音节奏感紧张气氛渲染无损音效素材包）/05 - Strings/Strings - Silk/SL 08 Move It B.mp3	
/volume1/主目录/Collection/素材&模板&音库/音效/02_中文音效合集/气氛音乐音效/Endurance SFX/05 - Strings/Strings - Silk/SL 01 Razor Plucks.mp3	Endurance SFX（大气深沉3 · 低音节奏感紧张气氛渲染无损音效素材包）/05 - Strings/Strings - Silk/SL 01 Razor Plucks.mp3	
/volume1/主目录/Collection/素材&模板&音库/音效/02_中文音效合集/气氛音乐音效/Endurance SFX/05 - Strings/Strings - Silk/SL 13 Wasting Time B.mp3	Endurance SFX（大气深沉3 · 低音节奏感紧张气氛渲染无损音效素材包）/05 - Strings/Strings - Silk/SL 13 Wasting Time B.mp3	
/volume1/主目录/Collection/素材&模板&音库/音效/02_中文音效合集/气氛音乐音效/Endurance SFX/05 - Strings/Strings - Silk/SL 05 Simple Plan.mp3	Endurance SFX（大气深沉3 · 低音节奏感紧张气氛渲染无损音效素材包）/05 - Strings/Strings - Silk/SL 05 Simple Plan.mp3	
/volume1/主目录/Collection/素材&模板&音库/音效/02_中文音效合集/气氛音乐音效/Endurance SFX/05 - Strings/Strings - Silk/SL 12 Wasting Time A.mp3	Endurance SFX（大气深沉3 · 低音节奏感紧张气氛渲染无损音效素材包）/05 - Strings/Strings - Silk/SL 12 Wasting Time A.mp3	
/volume1/主目录/Collection/素材&模板&音库/音效/02_中文音效合集/气氛音乐音效/Endurance SFX/05 - Strings/Strings - Silk/SL 03 Choices.mp3	Endurance SFX（大气深沉3 · 低音节奏感紧张气氛渲染无损音效素材包）/05 - Strings/Strings - Silk/SL 03 Choices.mp3	
/volume1/主目录/Collection/素材&模板&音库/音效/02_中文音效合集/气氛音乐音效/Endurance SFX/05 - Strings/Strings - Silk/SL 06 Muted.mp3	Endurance SFX（大气深沉3 · 低音节奏感紧张气氛渲染无损音效素材包）/05 - Strings/Strings - Silk/SL 06 Muted.mp3	
/volume1/主目录/Collection/素材&模板&音库/音效/02_中文音效合集/气氛音乐音效/Endurance SFX/05 - Strings/Strings - Silk/SL 16 Scratches.mp3	Endurance SFX（大气深沉3 · 低音节奏感紧张气氛渲染无损音效素材包）/05 - Strings/Strings - Silk/SL 16 Scratches.mp3	
/volume1/主目录/Collection/素材&模板&音库/音效/02_中文音效合集/气氛音乐音效/Endurance SFX/05 - Strings/Strings - Silk/SL 11 Painful Wait B.mp3	Endurance SFX（大气深沉3 · 低音节奏感紧张气氛渲染无损音效素材包）/05 - Strings/Strings - Silk/SL 11 Painful Wait B.mp3	
/volume1/主目录/Collection/素材&模板&音库/音效/02_中文音效合集/气氛音乐音效/Endurance SFX/05 - Strings/Strings - Silk/SL 14 Distress.mp3	Endurance SFX（大气深沉3 · 低音节奏感紧张气氛渲染无损音效素材包）/05 - Strings/Strings - Silk/SL 14 Distress.mp3	
/volume1/主目录/Collection/素材&模板&音库/音效/02_中文音效合集/气氛音乐音效/Endurance SFX/05 - Strings/Strings - Silk/SL 09 Quick Bows.mp3	Endurance SFX（大气深沉3 · 低音节奏感紧张气氛渲染无损音效素材包）/05 - Strings/Strings - Silk/SL 09 Quick Bows.mp3	
/volume1/主目录/Collection/素材&模板&音库/音效/02_中文音效合集/气氛音乐音效/Endurance SFX/05 - Strings/Strings - Silk/SL 07 Move It A.mp3	Endurance SFX（大气深沉3 · 低音节奏感紧张气氛渲染无损音效素材包）/05 - Strings/Strings - Silk/SL 07 Move It A.mp3	
/volume1/主目录/Collection/素材&模板&音库/音效/02_中文音效合集/气氛音乐音效/Endurance SFX/05 - Strings/Strings - Silk/SL 10 Painful Wait A.mp3	Endurance SFX（大气深沉3 · 低音节奏感紧张气氛渲染无损音效素材包）/05 - Strings/Strings - Silk/SL 10 Painful Wait A.mp3	
/volume1/主目录/Collection/素材&模板&音库/音效/02_中文音效合集/气氛音乐音效/Endurance SFX/05 - Strings/Strings - Silk/SL 04 The Setup.mp3	Endurance SFX（大气深沉3 · 低音节奏感紧张气氛渲染无损音效素材包）/05 - Strings/Strings - Silk/SL 04 The Setup.mp3	
/volume1/主目录/Collection/素材&模板&音库/音效/02_中文音效合集/气氛音乐音效/Endurance SFX/05 - Strings/Strings - Silk/SL 02 Time Piece.mp3	Endurance SFX（大气深沉3 · 低音节奏感紧张气氛渲染无损音效素材包）/05 - Strings/Strings - Silk/SL 02 Time Piece.mp3	
/volume1/主目录/Collection/素材&模板&音库/音效/02_中文音效合集/气氛音乐音效/Endurance SFX/05 - Strings/Strings - Space/SP 11 Painful Wait B.mp3	Endurance SFX（大气深沉3 · 低音节奏感紧张气氛渲染无损音效素材包）/05 - Strings/Strings - Space/SP 11 Painful Wait B.mp3	
/volume1/主目录/Collection/素材&模板&音库/音效/02_中文音效合集/气氛音乐音效/Endurance SFX/05 - Strings/Strings - Space/SP 03 Choices.mp3	Endurance SFX（大气深沉3 · 低音节奏感紧张气氛渲染无损音效素材包）/05 - Strings/Strings - Space/SP 03 Choices.mp3	
/volume1/主目录/Collection/素材&模板&音库/音效/02_中文音效合集/气氛音乐音效/Endurance SFX/05 - Strings/Strings - Space/SP 02 Time Piece.mp3	Endurance SFX（大气深沉3 · 低音节奏感紧张气氛渲染无损音效素材包）/05 - Strings/Strings - Space/SP 02 Time Piece.mp3	
/volume1/主目录/Collection/素材&模板&音库/音效/02_中文音效合集/气氛音乐音效/Endurance SFX/05 - Strings/Strings - Space/SP 12 Wasting Time A.mp3	Endurance SFX（大气深沉3 · 低音节奏感紧张气氛渲染无损音效素材包）/05 - Strings/Strings - Space/SP 12 Wasting Time A.mp3	
/volume1/主目录/Collection/素材&模板&音库/音效/02_中文音效合集/气氛音乐音效/Endurance SFX/05 - Strings/Strings - Space/SP 08 Move It B.mp3	Endurance SFX（大气深沉3 · 低音节奏感紧张气氛渲染无损音效素材包）/05 - Strings/Strings - Space/SP 08 Move It B.mp3	
/volume1/主目录/Collection/素材&模板&音库/音效/02_中文音效合集/气氛音乐音效/Endurance SFX/05 - Strings/Strings - Space/SP 13 Wasting Time B.mp3	Endurance SFX（大气深沉3 · 低音节奏感紧张气氛渲染无损音效素材包）/05 - Strings/Strings - Space/SP 13 Wasting Time B.mp3	
/volume1/主目录/Collection/素材&模板&音库/音效/02_中文音效合集/气氛音乐音效/Endurance SFX/05 - Strings/Strings - Space/SP 15 Textures.mp3	Endurance SFX（大气深沉3 · 低音节奏感紧张气氛渲染无损音效素材包）/05 - Strings/Strings - Space/SP 15 Textures.mp3	
/volume1/主目录/Collection/素材&模板&音库/音效/02_中文音效合集/气氛音乐音效/Endurance SFX/05 - Strings/Strings - Space/SP 10 Painful Wait A.mp3	Endurance SFX（大气深沉3 · 低音节奏感紧张气氛渲染无损音效素材包）/05 - Strings/Strings - Space/SP 10 Painful Wait A.mp3	
/volume1/主目录/Collection/素材&模板&音库/音效/02_中文音效合集/气氛音乐音效/Endurance SFX/05 - Strings/Strings - Space/SP 14 Distress.mp3	Endurance SFX（大气深沉3 · 低音节奏感紧张气氛渲染无损音效素材包）/05 - Strings/Strings - Space/SP 14 Distress.mp3	
/volume1/主目录/Collection/素材&模板&音库/音效/02_中文音效合集/气氛音乐音效/Endurance SFX/05 - Strings/Strings - Space/SP 04 The Setup.mp3	Endurance SFX（大气深沉3 · 低音节奏感紧张气氛渲染无损音效素材包）/05 - Strings/Strings - Space/SP 04 The Setup.mp3	
/volume1/主目录/Collection/素材&模板&音库/音效/02_中文音效合集/气氛音乐音效/Endurance SFX/05 - Strings/Strings - Space/SP 01 Razor Plucks.mp3	Endurance SFX（大气深沉3 · 低音节奏感紧张气氛渲染无损音效素材包）/05 - Strings/Strings - Space/SP 01 Razor Plucks.mp3	
/volume1/主目录/Collection/素材&模板&音库/音效/02_中文音效合集/气氛音乐音效/Endurance SFX/05 - Strings/Strings - Space/SP 16 Scratches.mp3	Endurance SFX（大气深沉3 · 低音节奏感紧张气氛渲染无损音效素材包）/05 - Strings/Strings - Space/SP 16 Scratches.mp3	
/volume1/主目录/Collection/素材&模板&音库/音效/02_中文音效合集/气氛音乐音效/Endurance SFX/05 - Strings/Strings - Space/SP 05 Simple Plan.mp3	Endurance SFX（大气深沉3 · 低音节奏感紧张气氛渲染无损音效素材包）/05 - Strings/Strings - Space/SP 05 Simple Plan.mp3	
/volume1/主目录/Collection/素材&模板&音库/音效/02_中文音效合集/气氛音乐音效/Endurance SFX/05 - Strings/Strings - Space/SP 09 Quick Bows.mp3	Endurance SFX（大气深沉3 · 低音节奏感紧张气氛渲染无损音效素材包）/05 - Strings/Strings - Space/SP 09 Quick Bows.mp3	
/volume1/主目录/Collection/素材&模板&音库/音效/02_中文音效合集/气氛音乐音效/Endurance SFX/05 - Strings/Strings - Space/SP 06 Muted.mp3	Endurance SFX（大气深沉3 · 低音节奏感紧张气氛渲染无损音效素材包）/05 - Strings/Strings - Space/SP 06 Muted.mp3	
/volume1/主目录/Collection/素材&模板&音库/音效/02_中文音效合集/气氛音乐音效/Endurance SFX/05 - Strings/Strings - Space/SP 07 Move It A.mp3	Endurance SFX（大气深沉3 · 低音节奏感紧张气氛渲染无损音效素材包）/05 - Strings/Strings - Space/SP 07 Move It A.mp3	
/volume1/主目录/Collection/素材&模板&音库/音效/02_中文音效合集/气氛音乐音效/Endurance SFX/05 - Strings/Strings - Distortion/DS 13 Wasting Time B.mp3	Endurance SFX（大气深沉3 · 低音节奏感紧张气氛渲染无损音效素材包）/05 - Strings/Strings - Distortion/DS 13 Wasting Time B.mp3	
/volume1/主目录/Collection/素材&模板&音库/音效/02_中文音效合集/气氛音乐音效/Endurance SFX/05 - Strings/Strings - Distortion/DS 09 Quick Bows.mp3	Endurance SFX（大气深沉3 · 低音节奏感紧张气氛渲染无损音效素材包）/05 - Strings/Strings - Distortion/DS 09 Quick Bows.mp3	
/volume1/主目录/Collection/素材&模板&音库/音效/02_中文音效合集/气氛音乐音效/Endurance SFX/05 - Strings/Strings - Distortion/DS 12 Wasting Time A.mp3	Endurance SFX（大气深沉3 · 低音节奏感紧张气氛渲染无损音效素材包）/05 - Strings/Strings - Distortion/DS 12 Wasting Time A.mp3	
/volume1/主目录/Collection/素材&模板&音库/音效/02_中文音效合集/气氛音乐音效/Endurance SFX/05 - Strings/Strings - Distortion/DS 04 The Setup.mp3	Endurance SFX（大气深沉3 · 低音节奏感紧张气氛渲染无损音效素材包）/05 - Strings/Strings - Distortion/DS 04 The Setup.mp3	
/volume1/主目录/Collection/素材&模板&音库/音效/02_中文音效合集/气氛音乐音效/Endurance SFX/05 - Strings/Strings - Distortion/DS 02 Time Piece.mp3	Endurance SFX（大气深沉3 · 低音节奏感紧张气氛渲染无损音效素材包）/05 - Strings/Strings - Distortion/DS 02 Time Piece.mp3	
/volume1/主目录/Collection/素材&模板&音库/音效/02_中文音效合集/气氛音乐音效/Endurance SFX/05 - Strings/Strings - Distortion/DS 01 Razor Plucks.mp3	Endurance SFX（大气深沉3 · 低音节奏感紧张气氛渲染无损音效素材包）/05 - Strings/Strings - Distortion/DS 01 Razor Plucks.mp3	
/volume1/主目录/Collection/素材&模板&音库/音效/02_中文音效合集/气氛音乐音效/Endurance SFX/05 - Strings/Strings - Distortion/DS 08 Move It B.mp3	Endurance SFX（大气深沉3 · 低音节奏感紧张气氛渲染无损音效素材包）/05 - Strings/Strings - Distortion/DS 08 Move It B.mp3	
/volume1/主目录/Collection/素材&模板&音库/音效/02_中文音效合集/气氛音乐音效/Endurance SFX/05 - Strings/Strings - Distortion/DS 14 Distress.mp3	Endurance SFX（大气深沉3 · 低音节奏感紧张气氛渲染无损音效素材包）/05 - Strings/Strings - Distortion/DS 14 Distress.mp3	
/volume1/主目录/Collection/素材&模板&音库/音效/02_中文音效合集/气氛音乐音效/Endurance SFX/05 - Strings/Strings - Distortion/DS 03 Choices.mp3	Endurance SFX（大气深沉3 · 低音节奏感紧张气氛渲染无损音效素材包）/05 - Strings/Strings - Distortion/DS 03 Choices.mp3	
/volume1/主目录/Collection/素材&模板&音库/音效/02_中文音效合集/气氛音乐音效/Endurance SFX/05 - Strings/Strings - Distortion/DS 15 Textures.mp3	Endurance SFX（大气深沉3 · 低音节奏感紧张气氛渲染无损音效素材包）/05 - Strings/Strings - Distortion/DS 15 Textures.mp3	
/volume1/主目录/Collection/素材&模板&音库/音效/02_中文音效合集/气氛音乐音效/Endurance SFX/05 - Strings/Strings - Distortion/DS 16 Scratches.mp3	Endurance SFX（大气深沉3 · 低音节奏感紧张气氛渲染无损音效素材包）/05 - Strings/Strings - Distortion/DS 16 Scratches.mp3	
/volume1/主目录/Collection/素材&模板&音库/音效/02_中文音效合集/气氛音乐音效/Endurance SFX/05 - Strings/Strings - Distortion/DS 07 Move It A.mp3	Endurance SFX（大气深沉3 · 低音节奏感紧张气氛渲染无损音效素材包）/05 - Strings/Strings - Distortion/DS 07 Move It A.mp3	
/volume1/主目录/Collection/素材&模板&音库/音效/02_中文音效合集/气氛音乐音效/Endurance SFX/05 - Strings/Strings - Distortion/DS 10 Painful Wait A.mp3	Endurance SFX（大气深沉3 · 低音节奏感紧张气氛渲染无损音效素材包）/05 - Strings/Strings - Distortion/DS 10 Painful Wait A.mp3	
/volume1/主目录/Collection/素材&模板&音库/音效/02_中文音效合集/气氛音乐音效/Endurance SFX/05 - Strings/Strings - Distortion/DS 11 Painful Wait B.mp3	Endurance SFX（大气深沉3 · 低音节奏感紧张气氛渲染无损音效素材包）/05 - Strings/Strings - Distortion/DS 11 Painful Wait B.mp3	
/volume1/主目录/Collection/素材&模板&音库/音效/02_中文音效合集/气氛音乐音效/Endurance SFX/05 - Strings/Strings - Distortion/DS 06 Muted.mp3	Endurance SFX（大气深沉3 · 低音节奏感紧张气氛渲染无损音效素材包）/05 - Strings/Strings - Distortion/DS 06 Muted.mp3	
/volume1/主目录/Collection/素材&模板&音库/音效/02_中文音效合集/气氛音乐音效/Endurance SFX/05 - Strings/Strings - Distortion/DS 05 Simple Plan.mp3	Endurance SFX（大气深沉3 · 低音节奏感紧张气氛渲染无损音效素材包）/05 - Strings/Strings - Distortion/DS 05 Simple Plan.mp3	
/volume1/主目录/Collection/素材&模板&音库/音效/02_中文音效合集/气氛音乐音效/Endurance SFX/05 - Strings/Strings/06 Muted.mp3	Endurance SFX（大气深沉3 · 低音节奏感紧张气氛渲染无损音效素材包）/05 - Strings/Strings/06 Muted.mp3	
/volume1/主目录/Collection/素材&模板&音库/音效/02_中文音效合集/气氛音乐音效/Endurance SFX/05 - Strings/Strings/09 Quick Bows.mp3	Endurance SFX（大气深沉3 · 低音节奏感紧张气氛渲染无损音效素材包）/05 - Strings/Strings/09 Quick Bows.mp3	
/volume1/主目录/Collection/素材&模板&音库/音效/02_中文音效合集/气氛音乐音效/Endurance SFX/05 - Strings/Strings/12 Wasting Time A.mp3	Endurance SFX（大气深沉3 · 低音节奏感紧张气氛渲染无损音效素材包）/05 - Strings/Strings/12 Wasting Time A.mp3	
/volume1/主目录/Collection/素材&模板&音库/音效/02_中文音效合集/气氛音乐音效/Endurance SFX/05 - Strings/Strings/13 Wasting Time B.mp3	Endurance SFX（大气深沉3 · 低音节奏感紧张气氛渲染无损音效素材包）/05 - Strings/Strings/13 Wasting Time B.mp3	
/volume1/主目录/Collection/素材&模板&音库/音效/02_中文音效合集/气氛音乐音效/Endurance SFX/05 - Strings/Strings/01 Razor Plucks.mp3	Endurance SFX（大气深沉3 · 低音节奏感紧张气氛渲染无损音效素材包）/05 - Strings/Strings/01 Razor Plucks.mp3	
/volume1/主目录/Collection/素材&模板&音库/音效/02_中文音效合集/气氛音乐音效/Endurance SFX/05 - Strings/Strings/10 Painful Wait A.mp3	Endurance SFX（大气深沉3 · 低音节奏感紧张气氛渲染无损音效素材包）/05 - Strings/Strings/10 Painful Wait A.mp3	
/volume1/主目录/Collection/素材&模板&音库/音效/02_中文音效合集/气氛音乐音效/Endurance SFX/05 - Strings/Strings/16 Scratches.mp3	Endurance SFX（大气深沉3 · 低音节奏感紧张气氛渲染无损音效素材包）/05 - Strings/Strings/16 Scratches.mp3	
/volume1/主目录/Collection/素材&模板&音库/音效/02_中文音效合集/气氛音乐音效/Endurance SFX/05 - Strings/Strings/07 Move It A.mp3	Endurance SFX（大气深沉3 · 低音节奏感紧张气氛渲染无损音效素材包）/05 - Strings/Strings/07 Move It A.mp3	
/volume1/主目录/Collection/素材&模板&音库/音效/02_中文音效合集/气氛音乐音效/Endurance SFX/05 - Strings/Strings/14 Distress.mp3	Endurance SFX（大气深沉3 · 低音节奏感紧张气氛渲染无损音效素材包）/05 - Strings/Strings/14 Distress.mp3	
/volume1/主目录/Collection/素材&模板&音库/音效/02_中文音效合集/气氛音乐音效/Endurance SFX/05 - Strings/Strings/03 Choices.mp3	Endurance SFX（大气深沉3 · 低音节奏感紧张气氛渲染无损音效素材包）/05 - Strings/Strings/03 Choices.mp3	
/volume1/主目录/Collection/素材&模板&音库/音效/02_中文音效合集/气氛音乐音效/Endurance SFX/05 - Strings/Strings/04 The Setup.mp3	Endurance SFX（大气深沉3 · 低音节奏感紧张气氛渲染无损音效素材包）/05 - Strings/Strings/04 The Setup.mp3	
/volume1/主目录/Collection/素材&模板&音库/音效/02_中文音效合集/气氛音乐音效/Endurance SFX/05 - Strings/Strings/05 Simple Plan.mp3	Endurance SFX（大气深沉3 · 低音节奏感紧张气氛渲染无损音效素材包）/05 - Strings/Strings/05 Simple Plan.mp3	
/volume1/主目录/Collection/素材&模板&音库/音效/02_中文音效合集/气氛音乐音效/Endurance SFX/05 - Strings/Strings/15 Textures.mp3	Endurance SFX（大气深沉3 · 低音节奏感紧张气氛渲染无损音效素材包）/05 - Strings/Strings/15 Textures.mp3	
/volume1/主目录/Collection/素材&模板&音库/音效/02_中文音效合集/气氛音乐音效/Endurance SFX/05 - Strings/Strings/08 Move It B.mp3	Endurance SFX（大气深沉3 · 低音节奏感紧张气氛渲染无损音效素材包）/05 - Strings/Strings/08 Move It B.mp3	
/volume1/主目录/Collection/素材&模板&音库/音效/02_中文音效合集/气氛音乐音效/Endurance SFX/05 - Strings/Strings/02 Time Piece.mp3	Endurance SFX（大气深沉3 · 低音节奏感紧张气氛渲染无损音效素材包）/05 - Strings/Strings/02 Time Piece.mp3	
/volume1/主目录/Collection/素材&模板&音库/音效/02_中文音效合集/气氛音乐音效/Endurance SFX/05 - Strings/Strings/11 Painful Wait B.mp3	Endurance SFX（大气深沉3 · 低音节奏感紧张气氛渲染无损音效素材包）/05 - Strings/Strings/11 Painful Wait B.mp3	
/volume1/主目录/Collection/素材&模板&音库/音效/02_中文音效合集/气氛音乐音效/Endurance SFX/02 - Bass/Bass/10 Static Bass A.mp3	Endurance SFX（大气深沉3 · 低音节奏感紧张气氛渲染无损音效素材包）/02 - Bass/Bass/10 Static Bass A.mp3	
/volume1/主目录/Collection/素材&模板&音库/音效/02_中文音效合集/气氛音乐音效/Endurance SFX/02 - Bass/Bass/08 Gritty Bass.mp3	Endurance SFX（大气深沉3 · 低音节奏感紧张气氛渲染无损音效素材包）/02 - Bass/Bass/08 Gritty Bass.mp3	
/volume1/主目录/Collection/素材&模板&音库/音效/02_中文音效合集/气氛音乐音效/Endurance SFX/02 - Bass/Bass/14 Underworld.mp3	Endurance SFX（大气深沉3 · 低音节奏感紧张气氛渲染无损音效素材包）/02 - Bass/Bass/14 Underworld.mp3	
/volume1/主目录/Collection/素材&模板&音库/音效/02_中文音效合集/气氛音乐音效/Endurance SFX/02 - Bass/Bass/12 Static Bass C.mp3	Endurance SFX（大气深沉3 · 低音节奏感紧张气氛渲染无损音效素材包）/02 - Bass/Bass/12 Static Bass C.mp3	
/volume1/主目录/Collection/素材&模板&音库/音效/02_中文音效合集/气氛音乐音效/Endurance SFX/02 - Bass/Bass/13 Club Bass.mp3	Endurance SFX（大气深沉3 · 低音节奏感紧张气氛渲染无损音效素材包）/02 - Bass/Bass/13 Club Bass.mp3	
/volume1/主目录/Collection/素材&模板&音库/音效/02_中文音效合集/气氛音乐音效/Endurance SFX/02 - Bass/Bass/02 Dark Pulse.mp3	Endurance SFX（大气深沉3 · 低音节奏感紧张气氛渲染无损音效素材包）/02 - Bass/Bass/02 Dark Pulse.mp3	
/volume1/主目录/Collection/素材&模板&音库/音效/02_中文音效合集/气氛音乐音效/Endurance SFX/02 - Bass/Bass/17 Another Future.mp3	Endurance SFX（大气深沉3 · 低音节奏感紧张气氛渲染无损音效素材包）/02 - Bass/Bass/17 Another Future.mp3	
/volume1/主目录/Collection/素材&模板&音库/音效/02_中文音效合集/气氛音乐音效/Endurance SFX/02 - Bass/Bass/07 Analog Secret.mp3	Endurance SFX（大气深沉3 · 低音节奏感紧张气氛渲染无损音效素材包）/02 - Bass/Bass/07 Analog Secret.mp3	
/volume1/主目录/Collection/素材&模板&音库/音效/02_中文音效合集/气氛音乐音效/Endurance SFX/02 - Bass/Bass/11 Static Bass B.mp3	Endurance SFX（大气深沉3 · 低音节奏感紧张气氛渲染无损音效素材包）/02 - Bass/Bass/11 Static Bass B.mp3	
/volume1/主目录/Collection/素材&模板&音库/音效/02_中文音效合集/气氛音乐音效/Endurance SFX/02 - Bass/Bass/15 Clean Bass.mp3	Endurance SFX（大气深沉3 · 低音节奏感紧张气氛渲染无损音效素材包）/02 - Bass/Bass/15 Clean Bass.mp3	
/volume1/主目录/Collection/素材&模板&音库/音效/02_中文音效合集/气氛音乐音效/Endurance SFX/02 - Bass/Bass/04 Velvet Bass.mp3	Endurance SFX（大气深沉3 · 低音节奏感紧张气氛渲染无损音效素材包）/02 - Bass/Bass/04 Velvet Bass.mp3	
/volume1/主目录/Collection/素材&模板&音库/音效/02_中文音效合集/气氛音乐音效/Endurance SFX/02 - Bass/Bass/16 Tech Bass.mp3	Endurance SFX（大气深沉3 · 低音节奏感紧张气氛渲染无损音效素材包）/02 - Bass/Bass/16 Tech Bass.mp3	
/volume1/主目录/Collection/素材&模板&音库/音效/02_中文音效合集/气氛音乐音效/Endurance SFX/02 - Bass/Bass/06 Subtle Bass.mp3	Endurance SFX（大气深沉3 · 低音节奏感紧张气氛渲染无损音效素材包）/02 - Bass/Bass/06 Subtle Bass.mp3	
/volume1/主目录/Collection/素材&模板&音库/音效/02_中文音效合集/气氛音乐音效/Endurance SFX/02 - Bass/Bass/01 Drive.mp3	Endurance SFX（大气深沉3 · 低音节奏感紧张气氛渲染无损音效素材包）/02 - Bass/Bass/01 Drive.mp3	
/volume1/主目录/Collection/素材&模板&音库/音效/02_中文音效合集/气氛音乐音效/Endurance SFX/02 - Bass/Bass/18 Bold Drops.mp3	Endurance SFX（大气深沉3 · 低音节奏感紧张气氛渲染无损音效素材包）/02 - Bass/Bass/18 Bold Drops.mp3	
/volume1/主目录/Collection/素材&模板&音库/音效/02_中文音效合集/气氛音乐音效/Endurance SFX/02 - Bass/Bass/09 Hunter.mp3	Endurance SFX（大气深沉3 · 低音节奏感紧张气氛渲染无损音效素材包）/02 - Bass/Bass/09 Hunter.mp3	
/volume1/主目录/Collection/素材&模板&音库/音效/02_中文音效合集/气氛音乐音效/Endurance SFX/02 - Bass/Bass/03 Focus.mp3	Endurance SFX（大气深沉3 · 低音节奏感紧张气氛渲染无损音效素材包）/02 - Bass/Bass/03 Focus.mp3	
/volume1/主目录/Collection/素材&模板&音库/音效/02_中文音效合集/气氛音乐音效/Endurance SFX/02 - Bass/Bass/05 Overcast.mp3	Endurance SFX（大气深沉3 · 低音节奏感紧张气氛渲染无损音效素材包）/02 - Bass/Bass/05 Overcast.mp3	
/volume1/主目录/Collection/素材&模板&音库/音效/02_中文音效合集/气氛音乐音效/Endurance SFX/02 - Bass/Bass - Space/SP 14 Underworld.mp3	Endurance SFX（大气深沉3 · 低音节奏感紧张气氛渲染无损音效素材包）/02 - Bass/Bass - Space/SP 14 Underworld.mp3	
/volume1/主目录/Collection/素材&模板&音库/音效/02_中文音效合集/气氛音乐音效/Endurance SFX/02 - Bass/Bass - Space/SP 16 Tech Bass.mp3	Endurance SFX（大气深沉3 · 低音节奏感紧张气氛渲染无损音效素材包）/02 - Bass/Bass - Space/SP 16 Tech Bass.mp3	
/volume1/主目录/Collection/素材&模板&音库/音效/02_中文音效合集/气氛音乐音效/Endurance SFX/02 - Bass/Bass - Space/SP 05 Overcast.mp3	Endurance SFX（大气深沉3 · 低音节奏感紧张气氛渲染无损音效素材包）/02 - Bass/Bass - Space/SP 05 Overcast.mp3	
/volume1/主目录/Collection/素材&模板&音库/音效/02_中文音效合集/气氛音乐音效/Endurance SFX/02 - Bass/Bass - Space/SP 08 Gritty Bass.mp3	Endurance SFX（大气深沉3 · 低音节奏感紧张气氛渲染无损音效素材包）/02 - Bass/Bass - Space/SP 08 Gritty Bass.mp3	
/volume1/主目录/Collection/素材&模板&音库/音效/02_中文音效合集/气氛音乐音效/Endurance SFX/02 - Bass/Bass - Space/SP 12 Static Bass C.mp3	Endurance SFX（大气深沉3 · 低音节奏感紧张气氛渲染无损音效素材包）/02 - Bass/Bass - Space/SP 12 Static Bass C.mp3	
/volume1/主目录/Collection/素材&模板&音库/音效/02_中文音效合集/气氛音乐音效/Endurance SFX/02 - Bass/Bass - Space/SP 09 Hunter.mp3	Endurance SFX（大气深沉3 · 低音节奏感紧张气氛渲染无损音效素材包）/02 - Bass/Bass - Space/SP 09 Hunter.mp3	
/volume1/主目录/Collection/素材&模板&音库/音效/02_中文音效合集/气氛音乐音效/Endurance SFX/02 - Bass/Bass - Space/SP 06 Subtle Bass.mp3	Endurance SFX（大气深沉3 · 低音节奏感紧张气氛渲染无损音效素材包）/02 - Bass/Bass - Space/SP 06 Subtle Bass.mp3	
/volume1/主目录/Collection/素材&模板&音库/音效/02_中文音效合集/气氛音乐音效/Endurance SFX/02 - Bass/Bass - Space/SP 01 Drive.mp3	Endurance SFX（大气深沉3 · 低音节奏感紧张气氛渲染无损音效素材包）/02 - Bass/Bass - Space/SP 01 Drive.mp3	
/volume1/主目录/Collection/素材&模板&音库/音效/02_中文音效合集/气氛音乐音效/Endurance SFX/02 - Bass/Bass - Space/SP 04 Velvet Bass.mp3	Endurance SFX（大气深沉3 · 低音节奏感紧张气氛渲染无损音效素材包）/02 - Bass/Bass - Space/SP 04 Velvet Bass.mp3	
/volume1/主目录/Collection/素材&模板&音库/音效/02_中文音效合集/气氛音乐音效/Endurance SFX/02 - Bass/Bass - Space/SP 02 Dark Pulse.mp3	Endurance SFX（大气深沉3 · 低音节奏感紧张气氛渲染无损音效素材包）/02 - Bass/Bass - Space/SP 02 Dark Pulse.mp3	
/volume1/主目录/Collection/素材&模板&音库/音效/02_中文音效合集/气氛音乐音效/Endurance SFX/02 - Bass/Bass - Space/SP 17 Another Future.mp3	Endurance SFX（大气深沉3 · 低音节奏感紧张气氛渲染无损音效素材包）/02 - Bass/Bass - Space/SP 17 Another Future.mp3	
/volume1/主目录/Collection/素材&模板&音库/音效/02_中文音效合集/气氛音乐音效/Endurance SFX/02 - Bass/Bass - Space/SP 18 Bold Drops.mp3	Endurance SFX（大气深沉3 · 低音节奏感紧张气氛渲染无损音效素材包）/02 - Bass/Bass - Space/SP 18 Bold Drops.mp3	
/volume1/主目录/Collection/素材&模板&音库/音效/02_中文音效合集/气氛音乐音效/Endurance SFX/02 - Bass/Bass - Space/SP 10 Static Bass A.mp3	Endurance SFX（大气深沉3 · 低音节奏感紧张气氛渲染无损音效素材包）/02 - Bass/Bass - Space/SP 10 Static Bass A.mp3	
/volume1/主目录/Collection/素材&模板&音库/音效/02_中文音效合集/气氛音乐音效/Endurance SFX/02 - Bass/Bass - Space/SP 11 Static Bass B.mp3	Endurance SFX（大气深沉3 · 低音节奏感紧张气氛渲染无损音效素材包）/02 - Bass/Bass - Space/SP 11 Static Bass B.mp3	
/volume1/主目录/Collection/素材&模板&音库/音效/02_中文音效合集/气氛音乐音效/Endurance SFX/02 - Bass/Bass - Space/SP 03 Focus.mp3	Endurance SFX（大气深沉3 · 低音节奏感紧张气氛渲染无损音效素材包）/02 - Bass/Bass - Space/SP 03 Focus.mp3	
/volume1/主目录/Collection/素材&模板&音库/音效/02_中文音效合集/气氛音乐音效/Endurance SFX/02 - Bass/Bass - Space/SP 13 Club Bass.mp3	Endurance SFX（大气深沉3 · 低音节奏感紧张气氛渲染无损音效素材包）/02 - Bass/Bass - Space/SP 13 Club Bass.mp3	
/volume1/主目录/Collection/素材&模板&音库/音效/02_中文音效合集/气氛音乐音效/Endurance SFX/02 - Bass/Bass - Space/SP 07 Analog Secret.mp3	Endurance SFX（大气深沉3 · 低音节奏感紧张气氛渲染无损音效素材包）/02 - Bass/Bass - Space/SP 07 Analog Secret.mp3	
/volume1/主目录/Collection/素材&模板&音库/音效/02_中文音效合集/气氛音乐音效/Endurance SFX/02 - Bass/Bass - Space/SP 15 Clean Bass.mp3	Endurance SFX（大气深沉3 · 低音节奏感紧张气氛渲染无损音效素材包）/02 - Bass/Bass - Space/SP 15 Clean Bass.mp3	
/volume1/主目录/Collection/素材&模板&音库/音效/02_中文音效合集/气氛音乐音效/Endurance SFX/02 - Bass/Bass - Distortion/DS 12 Static Bass C.mp3	Endurance SFX（大气深沉3 · 低音节奏感紧张气氛渲染无损音效素材包）/02 - Bass/Bass - Distortion/DS 12 Static Bass C.mp3	
/volume1/主目录/Collection/素材&模板&音库/音效/02_中文音效合集/气氛音乐音效/Endurance SFX/02 - Bass/Bass - Distortion/DS 01 Drive.mp3	Endurance SFX（大气深沉3 · 低音节奏感紧张气氛渲染无损音效素材包）/02 - Bass/Bass - Distortion/DS 01 Drive.mp3	
/volume1/主目录/Collection/素材&模板&音库/音效/02_中文音效合集/气氛音乐音效/Endurance SFX/02 - Bass/Bass - Distortion/DS 14 Underworld.mp3	Endurance SFX（大气深沉3 · 低音节奏感紧张气氛渲染无损音效素材包）/02 - Bass/Bass - Distortion/DS 14 Underworld.mp3	
/volume1/主目录/Collection/素材&模板&音库/音效/02_中文音效合集/气氛音乐音效/Endurance SFX/02 - Bass/Bass - Distortion/DS 05 Overcast.mp3	Endurance SFX（大气深沉3 · 低音节奏感紧张气氛渲染无损音效素材包）/02 - Bass/Bass - Distortion/DS 05 Overcast.mp3	
/volume1/主目录/Collection/素材&模板&音库/音效/02_中文音效合集/气氛音乐音效/Endurance SFX/02 - Bass/Bass - Distortion/DS 17 Another Future.mp3	Endurance SFX（大气深沉3 · 低音节奏感紧张气氛渲染无损音效素材包）/02 - Bass/Bass - Distortion/DS 17 Another Future.mp3	
/volume1/主目录/Collection/素材&模板&音库/音效/02_中文音效合集/气氛音乐音效/Endurance SFX/02 - Bass/Bass - Distortion/DS 07 Analog Secret.mp3	Endurance SFX（大气深沉3 · 低音节奏感紧张气氛渲染无损音效素材包）/02 - Bass/Bass - Distortion/DS 07 Analog Secret.mp3	
/volume1/主目录/Collection/素材&模板&音库/音效/02_中文音效合集/气氛音乐音效/Endurance SFX/02 - Bass/Bass - Distortion/DS 11 Static Bass B.mp3	Endurance SFX（大气深沉3 · 低音节奏感紧张气氛渲染无损音效素材包）/02 - Bass/Bass - Distortion/DS 11 Static Bass B.mp3	
/volume1/主目录/Collection/素材&模板&音库/音效/02_中文音效合集/气氛音乐音效/Endurance SFX/02 - Bass/Bass - Distortion/DS 04 Velvet Bass.mp3	Endurance SFX（大气深沉3 · 低音节奏感紧张气氛渲染无损音效素材包）/02 - Bass/Bass - Distortion/DS 04 Velvet Bass.mp3	
/volume1/主目录/Collection/素材&模板&音库/音效/02_中文音效合集/气氛音乐音效/Endurance SFX/02 - Bass/Bass - Distortion/DS 03 Focus.mp3	Endurance SFX（大气深沉3 · 低音节奏感紧张气氛渲染无损音效素材包）/02 - Bass/Bass - Distortion/DS 03 Focus.mp3	
/volume1/主目录/Collection/素材&模板&音库/音效/02_中文音效合集/气氛音乐音效/Endurance SFX/02 - Bass/Bass - Distortion/DS 02 Dark Pulse.mp3	Endurance SFX（大气深沉3 · 低音节奏感紧张气氛渲染无损音效素材包）/02 - Bass/Bass - Distortion/DS 02 Dark Pulse.mp3	
/volume1/主目录/Collection/素材&模板&音库/音效/02_中文音效合集/气氛音乐音效/Endurance SFX/02 - Bass/Bass - Distortion/DS 10 Static Bass A.mp3	Endurance SFX（大气深沉3 · 低音节奏感紧张气氛渲染无损音效素材包）/02 - Bass/Bass - Distortion/DS 10 Static Bass A.mp3	
/volume1/主目录/Collection/素材&模板&音库/音效/02_中文音效合集/气氛音乐音效/Endurance SFX/02 - Bass/Bass - Distortion/DS 18 Bold Drops.mp3	Endurance SFX（大气深沉3 · 低音节奏感紧张气氛渲染无损音效素材包）/02 - Bass/Bass - Distortion/DS 18 Bold Drops.mp3	
/volume1/主目录/Collection/素材&模板&音库/音效/02_中文音效合集/气氛音乐音效/Endurance SFX/02 - Bass/Bass - Distortion/DS 15 Clean Bass.mp3	Endurance SFX（大气深沉3 · 低音节奏感紧张气氛渲染无损音效素材包）/02 - Bass/Bass - Distortion/DS 15 Clean Bass.mp3	
/volume1/主目录/Collection/素材&模板&音库/音效/02_中文音效合集/气氛音乐音效/Endurance SFX/02 - Bass/Bass - Distortion/DS 09 Hunter.mp3	Endurance SFX（大气深沉3 · 低音节奏感紧张气氛渲染无损音效素材包）/02 - Bass/Bass - Distortion/DS 09 Hunter.mp3	
/volume1/主目录/Collection/素材&模板&音库/音效/02_中文音效合集/气氛音乐音效/Endurance SFX/02 - Bass/Bass - Distortion/DS 08 Gritty Bass.mp3	Endurance SFX（大气深沉3 · 低音节奏感紧张气氛渲染无损音效素材包）/02 - Bass/Bass - Distortion/DS 08 Gritty Bass.mp3	
/volume1/主目录/Collection/素材&模板&音库/音效/02_中文音效合集/气氛音乐音效/Endurance SFX/02 - Bass/Bass - Distortion/DS 16 Tech Bass.mp3	Endurance SFX（大气深沉3 · 低音节奏感紧张气氛渲染无损音效素材包）/02 - Bass/Bass - Distortion/DS 16 Tech Bass.mp3	
/volume1/主目录/Collection/素材&模板&音库/音效/02_中文音效合集/气氛音乐音效/Endurance SFX/02 - Bass/Bass - Distortion/DS 06 Subtle Bass.mp3	Endurance SFX（大气深沉3 · 低音节奏感紧张气氛渲染无损音效素材包）/02 - Bass/Bass - Distortion/DS 06 Subtle Bass.mp3	
/volume1/主目录/Collection/素材&模板&音库/音效/02_中文音效合集/气氛音乐音效/Endurance SFX/02 - Bass/Bass - Distortion/DS 13 Club Bass.mp3	Endurance SFX（大气深沉3 · 低音节奏感紧张气氛渲染无损音效素材包）/02 - Bass/Bass - Distortion/DS 13 Club Bass.mp3	
/volume1/主目录/Collection/素材&模板&音库/音效/02_中文音效合集/气氛音乐音效/Endurance SFX/02 - Bass/Bass - Silk/SL 12 Static Bass C.mp3	Endurance SFX（大气深沉3 · 低音节奏感紧张气氛渲染无损音效素材包）/02 - Bass/Bass - Silk/SL 12 Static Bass C.mp3	
/volume1/主目录/Collection/素材&模板&音库/音效/02_中文音效合集/气氛音乐音效/Endurance SFX/02 - Bass/Bass - Silk/SL 03 Focus.mp3	Endurance SFX（大气深沉3 · 低音节奏感紧张气氛渲染无损音效素材包）/02 - Bass/Bass - Silk/SL 03 Focus.mp3	
/volume1/主目录/Collection/素材&模板&音库/音效/02_中文音效合集/气氛音乐音效/Endurance SFX/02 - Bass/Bass - Silk/SL 14 Underworld.mp3	Endurance SFX（大气深沉3 · 低音节奏感紧张气氛渲染无损音效素材包）/02 - Bass/Bass - Silk/SL 14 Underworld.mp3	
/volume1/主目录/Collection/素材&模板&音库/音效/02_中文音效合集/气氛音乐音效/Endurance SFX/02 - Bass/Bass - Silk/SL 09 Hunter.mp3	Endurance SFX（大气深沉3 · 低音节奏感紧张气氛渲染无损音效素材包）/02 - Bass/Bass - Silk/SL 09 Hunter.mp3	
/volume1/主目录/Collection/素材&模板&音库/音效/02_中文音效合集/气氛音乐音效/Endurance SFX/02 - Bass/Bass - Silk/SL 17 Another Future.mp3	Endurance SFX（大气深沉3 · 低音节奏感紧张气氛渲染无损音效素材包）/02 - Bass/Bass - Silk/SL 17 Another Future.mp3	
/volume1/主目录/Collection/素材&模板&音库/音效/02_中文音效合集/气氛音乐音效/Endurance SFX/02 - Bass/Bass - Silk/SL 06 Subtle Bass.mp3	Endurance SFX（大气深沉3 · 低音节奏感紧张气氛渲染无损音效素材包）/02 - Bass/Bass - Silk/SL 06 Subtle Bass.mp3	
/volume1/主目录/Collection/素材&模板&音库/音效/02_中文音效合集/气氛音乐音效/Endurance SFX/02 - Bass/Bass - Silk/SL 10 Static Bass A.mp3	Endurance SFX（大气深沉3 · 低音节奏感紧张气氛渲染无损音效素材包）/02 - Bass/Bass - Silk/SL 10 Static Bass A.mp3	
/volume1/主目录/Collection/素材&模板&音库/音效/02_中文音效合集/气氛音乐音效/Endurance SFX/02 - Bass/Bass - Silk/SL 04 Velvet Bass.mp3	Endurance SFX（大气深沉3 · 低音节奏感紧张气氛渲染无损音效素材包）/02 - Bass/Bass - Silk/SL 04 Velvet Bass.mp3	
/volume1/主目录/Collection/素材&模板&音库/音效/02_中文音效合集/气氛音乐音效/Endurance SFX/02 - Bass/Bass - Silk/SL 13 Club Bass.mp3	Endurance SFX（大气深沉3 · 低音节奏感紧张气氛渲染无损音效素材包）/02 - Bass/Bass - Silk/SL 13 Club Bass.mp3	
/volume1/主目录/Collection/素材&模板&音库/音效/02_中文音效合集/气氛音乐音效/Endurance SFX/02 - Bass/Bass - Silk/SL 01 Drive.mp3	Endurance SFX（大气深沉3 · 低音节奏感紧张气氛渲染无损音效素材包）/02 - Bass/Bass - Silk/SL 01 Drive.mp3	
/volume1/主目录/Collection/素材&模板&音库/音效/02_中文音效合集/气氛音乐音效/Endurance SFX/02 - Bass/Bass - Silk/SL 15 Clean Bass.mp3	Endurance SFX（大气深沉3 · 低音节奏感紧张气氛渲染无损音效素材包）/02 - Bass/Bass - Silk/SL 15 Clean Bass.mp3	
/volume1/主目录/Collection/素材&模板&音库/音效/02_中文音效合集/气氛音乐音效/Endurance SFX/02 - Bass/Bass - Silk/SL 16 Tech Bass.mp3	Endurance SFX（大气深沉3 · 低音节奏感紧张气氛渲染无损音效素材包）/02 - Bass/Bass - Silk/SL 16 Tech Bass.mp3	
/volume1/主目录/Collection/素材&模板&音库/音效/02_中文音效合集/气氛音乐音效/Endurance SFX/02 - Bass/Bass - Silk/SL 11 Static Bass B.mp3	Endurance SFX（大气深沉3 · 低音节奏感紧张气氛渲染无损音效素材包）/02 - Bass/Bass - Silk/SL 11 Static Bass B.mp3	
/volume1/主目录/Collection/素材&模板&音库/音效/02_中文音效合集/气氛音乐音效/Endurance SFX/02 - Bass/Bass - Silk/SL 07 Analog Secret.mp3	Endurance SFX（大气深沉3 · 低音节奏感紧张气氛渲染无损音效素材包）/02 - Bass/Bass - Silk/SL 07 Analog Secret.mp3	
/volume1/主目录/Collection/素材&模板&音库/音效/02_中文音效合集/气氛音乐音效/Endurance SFX/02 - Bass/Bass - Silk/SL 05 Overcast.mp3	Endurance SFX（大气深沉3 · 低音节奏感紧张气氛渲染无损音效素材包）/02 - Bass/Bass - Silk/SL 05 Overcast.mp3	
/volume1/主目录/Collection/素材&模板&音库/音效/02_中文音效合集/气氛音乐音效/Endurance SFX/02 - Bass/Bass - Silk/SL 08 Gritty Bass.mp3	Endurance SFX（大气深沉3 · 低音节奏感紧张气氛渲染无损音效素材包）/02 - Bass/Bass - Silk/SL 08 Gritty Bass.mp3	
/volume1/主目录/Collection/素材&模板&音库/音效/02_中文音效合集/气氛音乐音效/Endurance SFX/02 - Bass/Bass - Silk/SL 18 Bold Drops.mp3	Endurance SFX（大气深沉3 · 低音节奏感紧张气氛渲染无损音效素材包）/02 - Bass/Bass - Silk/SL 18 Bold Drops.mp3	
/volume1/主目录/Collection/素材&模板&音库/音效/02_中文音效合集/气氛音乐音效/Endurance SFX/02 - Bass/Bass - Silk/SL 02 Dark Pulse.mp3	Endurance SFX（大气深沉3 · 低音节奏感紧张气氛渲染无损音效素材包）/02 - Bass/Bass - Silk/SL 02 Dark Pulse.mp3	
/volume1/主目录/Collection/素材&模板&音库/音效/02_中文音效合集/大气深沉3【音效：低音节奏感紧张气氛渲染无损音效素材包】/Endurance_SFX/Endurance SFX - MP3/03 - Patterns/Patterns - Silk/SL 09 Breath B.mp3	Endurance SFX（大气深沉3 · 低音节奏感紧张气氛渲染无损音效素材包）/03 - Patterns/Patterns - Silk/SL 09 Breath B_2.mp3	conflict->suffix_2
/volume1/主目录/Collection/素材&模板&音库/音效/02_中文音效合集/大气深沉3【音效：低音节奏感紧张气氛渲染无损音效素材包】/Endurance_SFX/Endurance SFX - MP3/01 - Percussion/Percussion - Space/SP 15 Chamber Hits B.mp3	Endurance SFX（大气深沉3 · 低音节奏感紧张气氛渲染无损音效素材包）/01 - Percussion/Percussion - Space/SP 15 Chamber Hits B_2.mp3	conflict->suffix_2
/volume1/主目录/Collection/素材&模板&音库/音效/02_中文音效合集/大气深沉3【音效：低音节奏感紧张气氛渲染无损音效素材包】/Endurance_SFX/Endurance SFX - MP3/01 - Percussion/Percussion - Silk/SL 09 Massive Hits A.mp3	Endurance SFX（大气深沉3 · 低音节奏感紧张气氛渲染无损音效素材包）/01 - Percussion/Percussion - Silk/SL 09 Massive Hits A_2.mp3	conflict->suffix_2
/volume1/主目录/Collection/素材&模板&音库/音效/02_中文音效合集/大气深沉3【音效：低音节奏感紧张气氛渲染无损音效素材包】/Endurance_SFX/Endurance SFX - MP3/01 - Percussion/Percussion/09 Massive Hits A.mp3	Endurance SFX（大气深沉3 · 低音节奏感紧张气氛渲染无损音效素材包）/01 - Percussion/Percussion/09 Massive Hits A_2.mp3	conflict->suffix_2
/volume1/主目录/Collection/素材&模板&音库/音效/02_中文音效合集/大气深沉3【音效：低音节奏感紧张气氛渲染无损音效素材包】/Endurance_SFX/Endurance SFX - MP3/01 - Percussion/Percussion - Distortion/DS 09 Massive Hits A.mp3	Endurance SFX（大气深沉3 · 低音节奏感紧张气氛渲染无损音效素材包）/01 - Percussion/Percussion - Distortion/DS 09 Massive Hits A_2.mp3	conflict->suffix_2
/volume1/主目录/Collection/素材&模板&音库/音效/02_中文音效合集/大气深沉3【音效：低音节奏感紧张气氛渲染无损音效素材包】/Endurance_SFX/Endurance SFX - MP3/05 - Strings/Strings/16 Scratches.mp3	Endurance SFX（大气深沉3 · 低音节奏感紧张气氛渲染无损音效素材包）/05 - Strings/Strings/16 Scratches_2.mp3	conflict->suffix_2
/volume1/主目录/Collection/素材&模板&音库/音效/02_中文音效合集/大气深沉3【音效：低音节奏感紧张气氛渲染无损音效素材包】/Endurance_SFX/Endurance SFX - WAV/03 - Patterns/Patterns - Space/SP 01 Keep Moving.wav	Endurance SFX（大气深沉3 · 低音节奏感紧张气氛渲染无损音效素材包）/03 - Patterns/Patterns - Space/SP 01 Keep Moving.wav	
/volume1/主目录/Collection/素材&模板&音库/音效/02_中文音效合集/大气深沉3【音效：低音节奏感紧张气氛渲染无损音效素材包】/Endurance_SFX/Endurance SFX - WAV/03 - Patterns/Patterns - Space/SP 23 Dot Matrix D.wav	Endurance SFX（大气深沉3 · 低音节奏感紧张气氛渲染无损音效素材包）/03 - Patterns/Patterns - Space/SP 23 Dot Matrix D.wav	
/volume1/主目录/Collection/素材&模板&音库/音效/02_中文音效合集/大气深沉3【音效：低音节奏感紧张气氛渲染无损音效素材包】/Endurance_SFX/Endurance SFX - WAV/03 - Patterns/Patterns - Space/SP 24 Cicada Clock.wav	Endurance SFX（大气深沉3 · 低音节奏感紧张气氛渲染无损音效素材包）/03 - Patterns/Patterns - Space/SP 24 Cicada Clock.wav	
/volume1/主目录/Collection/素材&模板&音库/音效/02_中文音效合集/大气深沉3【音效：低音节奏感紧张气氛渲染无损音效素材包】/Endurance_SFX/Endurance SFX - WAV/03 - Patterns/Patterns - Space/SP 08 Breath A.wav	Endurance SFX（大气深沉3 · 低音节奏感紧张气氛渲染无损音效素材包）/03 - Patterns/Patterns - Space/SP 08 Breath A.wav	
/volume1/主目录/Collection/素材&模板&音库/音效/02_中文音效合集/大气深沉3【音效：低音节奏感紧张气氛渲染无损音效素材包】/Endurance_SFX/Endurance SFX - WAV/03 - Patterns/Patterns - Space/SP 13 Steady Grind.wav	Endurance SFX（大气深沉3 · 低音节奏感紧张气氛渲染无损音效素材包）/03 - Patterns/Patterns - Space/SP 13 Steady Grind.wav	
/volume1/主目录/Collection/素材&模板&音库/音效/02_中文音效合集/大气深沉3【音效：低音节奏感紧张气氛渲染无损音效素材包】/Endurance_SFX/Endurance SFX - WAV/03 - Patterns/Patterns - Space/SP 10 Static Train A.wav	Endurance SFX（大气深沉3 · 低音节奏感紧张气氛渲染无损音效素材包）/03 - Patterns/Patterns - Space/SP 10 Static Train A.wav	
/volume1/主目录/Collection/素材&模板&音库/音效/02_中文音效合集/大气深沉3【音效：低音节奏感紧张气氛渲染无损音效素材包】/Endurance_SFX/Endurance SFX - WAV/03 - Patterns/Patterns - Space/SP 18 Circuits.wav	Endurance SFX（大气深沉3 · 低音节奏感紧张气氛渲染无损音效素材包）/03 - Patterns/Patterns - Space/SP 18 Circuits.wav	
/volume1/主目录/Collection/素材&模板&音库/音效/02_中文音效合集/大气深沉3【音效：低音节奏感紧张气氛渲染无损音效素材包】/Endurance_SFX/Endurance SFX - WAV/03 - Patterns/Patterns - Space/SP 11 Static Train B.wav	Endurance SFX（大气深沉3 · 低音节奏感紧张气氛渲染无损音效素材包）/03 - Patterns/Patterns - Space/SP 11 Static Train B.wav	
/volume1/主目录/Collection/素材&模板&音库/音效/02_中文音效合集/大气深沉3【音效：低音节奏感紧张气氛渲染无损音效素材包】/Endurance_SFX/Endurance SFX - WAV/03 - Patterns/Patterns - Space/SP 20 Dot Matrix A.wav	Endurance SFX（大气深沉3 · 低音节奏感紧张气氛渲染无损音效素材包）/03 - Patterns/Patterns - Space/SP 20 Dot Matrix A.wav	
/volume1/主目录/Collection/素材&模板&音库/音效/02_中文音效合集/大气深沉3【音效：低音节奏感紧张气氛渲染无损音效素材包】/Endurance_SFX/Endurance SFX - WAV/03 - Patterns/Patterns - Space/SP 14 Machine A.wav	Endurance SFX（大气深沉3 · 低音节奏感紧张气氛渲染无损音效素材包）/03 - Patterns/Patterns - Space/SP 14 Machine A.wav	
/volume1/主目录/Collection/素材&模板&音库/音效/02_中文音效合集/大气深沉3【音效：低音节奏感紧张气氛渲染无损音效素材包】/Endurance_SFX/Endurance SFX - WAV/03 - Patterns/Patterns - Space/SP 21 Dot Matrix B.wav	Endurance SFX（大气深沉3 · 低音节奏感紧张气氛渲染无损音效素材包）/03 - Patterns/Patterns - Space/SP 21 Dot Matrix B.wav	
/volume1/主目录/Collection/素材&模板&音库/音效/02_中文音效合集/大气深沉3【音效：低音节奏感紧张气氛渲染无损音效素材包】/Endurance_SFX/Endurance SFX - WAV/03 - Patterns/Patterns - Space/SP 19 Crunch Pop.wav	Endurance SFX（大气深沉3 · 低音节奏感紧张气氛渲染无损音效素材包）/03 - Patterns/Patterns - Space/SP 19 Crunch Pop.wav	
/volume1/主目录/Collection/素材&模板&音库/音效/02_中文音效合集/大气深沉3【音效：低音节奏感紧张气氛渲染无损音效素材包】/Endurance_SFX/Endurance SFX - WAV/03 - Patterns/Patterns - Space/SP 15 Machine B.wav	Endurance SFX（大气深沉3 · 低音节奏感紧张气氛渲染无损音效素材包）/03 - Patterns/Patterns - Space/SP 15 Machine B.wav	
/volume1/主目录/Collection/素材&模板&音库/音效/02_中文音效合集/大气深沉3【音效：低音节奏感紧张气氛渲染无损音效素材包】/Endurance_SFX/Endurance SFX - WAV/03 - Patterns/Patterns - Space/SP 25 Perpetual Crickets.wav	Endurance SFX（大气深沉3 · 低音节奏感紧张气氛渲染无损音效素材包）/03 - Patterns/Patterns - Space/SP 25 Perpetual Crickets.wav	
/volume1/主目录/Collection/素材&模板&音库/音效/02_中文音效合集/大气深沉3【音效：低音节奏感紧张气氛渲染无损音效素材包】/Endurance_SFX/Endurance SFX - WAV/03 - Patterns/Patterns - Space/SP 04 Night Run.wav	Endurance SFX（大气深沉3 · 低音节奏感紧张气氛渲染无损音效素材包）/03 - Patterns/Patterns - Space/SP 04 Night Run.wav	
/volume1/主目录/Collection/素材&模板&音库/音效/02_中文音效合集/大气深沉3【音效：低音节奏感紧张气氛渲染无损音效素材包】/Endurance_SFX/Endurance SFX - WAV/03 - Patterns/Patterns - Space/SP 02 Washing Money A.wav	Endurance SFX（大气深沉3 · 低音节奏感紧张气氛渲染无损音效素材包）/03 - Patterns/Patterns - Space/SP 02 Washing Money A.wav	
/volume1/主目录/Collection/素材&模板&音库/音效/02_中文音效合集/大气深沉3【音效：低音节奏感紧张气氛渲染无损音效素材包】/Endurance_SFX/Endurance SFX - WAV/03 - Patterns/Patterns - Space/SP 09 Breath B.wav	Endurance SFX（大气深沉3 · 低音节奏感紧张气氛渲染无损音效素材包）/03 - Patterns/Patterns - Space/SP 09 Breath B.wav	
/volume1/主目录/Collection/素材&模板&音库/音效/02_中文音效合集/大气深沉3【音效：低音节奏感紧张气氛渲染无损音效素材包】/Endurance_SFX/Endurance SFX - WAV/03 - Patterns/Patterns - Space/SP 27 Knife Bow.wav	Endurance SFX（大气深沉3 · 低音节奏感紧张气氛渲染无损音效素材包）/03 - Patterns/Patterns - Space/SP 27 Knife Bow.wav	
/volume1/主目录/Collection/素材&模板&音库/音效/02_中文音效合集/大气深沉3【音效：低音节奏感紧张气氛渲染无损音效素材包】/Endurance_SFX/Endurance SFX - WAV/03 - Patterns/Patterns - Space/SP 16 Clicker A.wav	Endurance SFX（大气深沉3 · 低音节奏感紧张气氛渲染无损音效素材包）/03 - Patterns/Patterns - Space/SP 16 Clicker A.wav	
/volume1/主目录/Collection/素材&模板&音库/音效/02_中文音效合集/大气深沉3【音效：低音节奏感紧张气氛渲染无损音效素材包】/Endurance_SFX/Endurance SFX - WAV/03 - Patterns/Patterns - Space/SP 17 Clicker B.wav	Endurance SFX（大气深沉3 · 低音节奏感紧张气氛渲染无损音效素材包）/03 - Patterns/Patterns - Space/SP 17 Clicker B.wav	
/volume1/主目录/Collection/素材&模板&音库/音效/02_中文音效合集/大气深沉3【音效：低音节奏感紧张气氛渲染无损音效素材包】/Endurance_SFX/Endurance SFX - WAV/03 - Patterns/Patterns - Space/SP 05 Mind Game.wav	Endurance SFX（大气深沉3 · 低音节奏感紧张气氛渲染无损音效素材包）/03 - Patterns/Patterns - Space/SP 05 Mind Game.wav	
/volume1/主目录/Collection/素材&模板&音库/音效/02_中文音效合集/大气深沉3【音效：低音节奏感紧张气氛渲染无损音效素材包】/Endurance_SFX/Endurance SFX - WAV/03 - Patterns/Patterns - Space/SP 26 Insect Stopwatch.wav	Endurance SFX（大气深沉3 · 低音节奏感紧张气氛渲染无损音效素材包）/03 - Patterns/Patterns - Space/SP 26 Insect Stopwatch.wav	
/volume1/主目录/Collection/素材&模板&音库/音效/02_中文音效合集/大气深沉3【音效：低音节奏感紧张气氛渲染无损音效素材包】/Endurance_SFX/Endurance SFX - WAV/03 - Patterns/Patterns - Space/SP 03 Washing Money B.wav	Endurance SFX（大气深沉3 · 低音节奏感紧张气氛渲染无损音效素材包）/03 - Patterns/Patterns - Space/SP 03 Washing Money B.wav	
/volume1/主目录/Collection/素材&模板&音库/音效/02_中文音效合集/大气深沉3【音效：低音节奏感紧张气氛渲染无损音效素材包】/Endurance_SFX/Endurance SFX - WAV/03 - Patterns/Patterns - Space/SP 07 Breathing Pattern.wav	Endurance SFX（大气深沉3 · 低音节奏感紧张气氛渲染无损音效素材包）/03 - Patterns/Patterns - Space/SP 07 Breathing Pattern.wav	
/volume1/主目录/Collection/素材&模板&音库/音效/02_中文音效合集/大气深沉3【音效：低音节奏感紧张气氛渲染无损音效素材包】/Endurance_SFX/Endurance SFX - WAV/03 - Patterns/Patterns - Space/SP 06 Future Glow.wav	Endurance SFX（大气深沉3 · 低音节奏感紧张气氛渲染无损音效素材包）/03 - Patterns/Patterns - Space/SP 06 Future Glow.wav	
/volume1/主目录/Collection/素材&模板&音库/音效/02_中文音效合集/大气深沉3【音效：低音节奏感紧张气氛渲染无损音效素材包】/Endurance_SFX/Endurance SFX - WAV/03 - Patterns/Patterns - Space/SP 22 Dot Matrix C.wav	Endurance SFX（大气深沉3 · 低音节奏感紧张气氛渲染无损音效素材包）/03 - Patterns/Patterns - Space/SP 22 Dot Matrix C.wav	
/volume1/主目录/Collection/素材&模板&音库/音效/02_中文音效合集/大气深沉3【音效：低音节奏感紧张气氛渲染无损音效素材包】/Endurance_SFX/Endurance SFX - WAV/03 - Patterns/Patterns - Space/SP 12 Static Train C.wav	Endurance SFX（大气深沉3 · 低音节奏感紧张气氛渲染无损音效素材包）/03 - Patterns/Patterns - Space/SP 12 Static Train C.wav	
/volume1/主目录/Collection/素材&模板&音库/音效/02_中文音效合集/大气深沉3【音效：低音节奏感紧张气氛渲染无损音效素材包】/Endurance_SFX/Endurance SFX - WAV/03 - Patterns/Patterns - Silk/SL 22 Dot Matrix C.wav	Endurance SFX（大气深沉3 · 低音节奏感紧张气氛渲染无损音效素材包）/03 - Patterns/Patterns - Silk/SL 22 Dot Matrix C.wav	
/volume1/主目录/Collection/素材&模板&音库/音效/02_中文音效合集/大气深沉3【音效：低音节奏感紧张气氛渲染无损音效素材包】/Endurance_SFX/Endurance SFX - WAV/03 - Patterns/Patterns - Silk/SL 19 Crunch Pop.wav	Endurance SFX（大气深沉3 · 低音节奏感紧张气氛渲染无损音效素材包）/03 - Patterns/Patterns - Silk/SL 19 Crunch Pop.wav	
/volume1/主目录/Collection/素材&模板&音库/音效/02_中文音效合集/大气深沉3【音效：低音节奏感紧张气氛渲染无损音效素材包】/Endurance_SFX/Endurance SFX - WAV/03 - Patterns/Patterns - Silk/SL 09 Breath B.wav	Endurance SFX（大气深沉3 · 低音节奏感紧张气氛渲染无损音效素材包）/03 - Patterns/Patterns - Silk/SL 09 Breath B.wav	
/volume1/主目录/Collection/素材&模板&音库/音效/02_中文音效合集/大气深沉3【音效：低音节奏感紧张气氛渲染无损音效素材包】/Endurance_SFX/Endurance SFX - WAV/03 - Patterns/Patterns - Silk/SL 14 Machine A.wav	Endurance SFX（大气深沉3 · 低音节奏感紧张气氛渲染无损音效素材包）/03 - Patterns/Patterns - Silk/SL 14 Machine A.wav	
/volume1/主目录/Collection/素材&模板&音库/音效/02_中文音效合集/大气深沉3【音效：低音节奏感紧张气氛渲染无损音效素材包】/Endurance_SFX/Endurance SFX - WAV/03 - Patterns/Patterns - Silk/SL 05 Mind Game.wav	Endurance SFX（大气深沉3 · 低音节奏感紧张气氛渲染无损音效素材包）/03 - Patterns/Patterns - Silk/SL 05 Mind Game.wav	
/volume1/主目录/Collection/素材&模板&音库/音效/02_中文音效合集/大气深沉3【音效：低音节奏感紧张气氛渲染无损音效素材包】/Endurance_SFX/Endurance SFX - WAV/03 - Patterns/Patterns - Silk/SL 11 Static Train B.wav	Endurance SFX（大气深沉3 · 低音节奏感紧张气氛渲染无损音效素材包）/03 - Patterns/Patterns - Silk/SL 11 Static Train B.wav	
/volume1/主目录/Collection/素材&模板&音库/音效/02_中文音效合集/大气深沉3【音效：低音节奏感紧张气氛渲染无损音效素材包】/Endurance_SFX/Endurance SFX - WAV/03 - Patterns/Patterns - Silk/SL 24 Cicada Clock.wav	Endurance SFX（大气深沉3 · 低音节奏感紧张气氛渲染无损音效素材包）/03 - Patterns/Patterns - Silk/SL 24 Cicada Clock.wav	
/volume1/主目录/Collection/素材&模板&音库/音效/02_中文音效合集/大气深沉3【音效：低音节奏感紧张气氛渲染无损音效素材包】/Endurance_SFX/Endurance SFX - WAV/03 - Patterns/Patterns - Silk/SL 06 Future Glow.wav	Endurance SFX（大气深沉3 · 低音节奏感紧张气氛渲染无损音效素材包）/03 - Patterns/Patterns - Silk/SL 06 Future Glow.wav	
/volume1/主目录/Collection/素材&模板&音库/音效/02_中文音效合集/大气深沉3【音效：低音节奏感紧张气氛渲染无损音效素材包】/Endurance_SFX/Endurance SFX - WAV/03 - Patterns/Patterns - Silk/SL 03 Washing Money B.wav	Endurance SFX（大气深沉3 · 低音节奏感紧张气氛渲染无损音效素材包）/03 - Patterns/Patterns - Silk/SL 03 Washing Money B.wav	
/volume1/主目录/Collection/素材&模板&音库/音效/02_中文音效合集/大气深沉3【音效：低音节奏感紧张气氛渲染无损音效素材包】/Endurance_SFX/Endurance SFX - WAV/03 - Patterns/Patterns - Silk/SL 13 Steady Grind.wav	Endurance SFX（大气深沉3 · 低音节奏感紧张气氛渲染无损音效素材包）/03 - Patterns/Patterns - Silk/SL 13 Steady Grind.wav	
/volume1/主目录/Collection/素材&模板&音库/音效/02_中文音效合集/大气深沉3【音效：低音节奏感紧张气氛渲染无损音效素材包】/Endurance_SFX/Endurance SFX - WAV/03 - Patterns/Patterns - Silk/SL 04 Night Run.wav	Endurance SFX（大气深沉3 · 低音节奏感紧张气氛渲染无损音效素材包）/03 - Patterns/Patterns - Silk/SL 04 Night Run.wav	
/volume1/主目录/Collection/素材&模板&音库/音效/02_中文音效合集/大气深沉3【音效：低音节奏感紧张气氛渲染无损音效素材包】/Endurance_SFX/Endurance SFX - WAV/03 - Patterns/Patterns - Silk/SL 01 Keep Moving.wav	Endurance SFX（大气深沉3 · 低音节奏感紧张气氛渲染无损音效素材包）/03 - Patterns/Patterns - Silk/SL 01 Keep Moving.wav	
/volume1/主目录/Collection/素材&模板&音库/音效/02_中文音效合集/大气深沉3【音效：低音节奏感紧张气氛渲染无损音效素材包】/Endurance_SFX/Endurance SFX - WAV/03 - Patterns/Patterns - Silk/SL 02 Washing Money A.wav	Endurance SFX（大气深沉3 · 低音节奏感紧张气氛渲染无损音效素材包）/03 - Patterns/Patterns - Silk/SL 02 Washing Money A.wav	
/volume1/主目录/Collection/素材&模板&音库/音效/02_中文音效合集/大气深沉3【音效：低音节奏感紧张气氛渲染无损音效素材包】/Endurance_SFX/Endurance SFX - WAV/03 - Patterns/Patterns - Silk/SL 27 Knife Bow.wav	Endurance SFX（大气深沉3 · 低音节奏感紧张气氛渲染无损音效素材包）/03 - Patterns/Patterns - Silk/SL 27 Knife Bow.wav	
/volume1/主目录/Collection/素材&模板&音库/音效/02_中文音效合集/大气深沉3【音效：低音节奏感紧张气氛渲染无损音效素材包】/Endurance_SFX/Endurance SFX - WAV/03 - Patterns/Patterns - Silk/SL 17 Clicker B.wav	Endurance SFX（大气深沉3 · 低音节奏感紧张气氛渲染无损音效素材包）/03 - Patterns/Patterns - Silk/SL 17 Clicker B.wav	
/volume1/主目录/Collection/素材&模板&音库/音效/02_中文音效合集/大气深沉3【音效：低音节奏感紧张气氛渲染无损音效素材包】/Endurance_SFX/Endurance SFX - WAV/03 - Patterns/Patterns - Silk/SL 15 Machine B.wav	Endurance SFX（大气深沉3 · 低音节奏感紧张气氛渲染无损音效素材包）/03 - Patterns/Patterns - Silk/SL 15 Machine B.wav	
/volume1/主目录/Collection/素材&模板&音库/音效/02_中文音效合集/大气深沉3【音效：低音节奏感紧张气氛渲染无损音效素材包】/Endurance_SFX/Endurance SFX - WAV/03 - Patterns/Patterns - Silk/SL 07 Breathing Pattern.wav	Endurance SFX（大气深沉3 · 低音节奏感紧张气氛渲染无损音效素材包）/03 - Patterns/Patterns - Silk/SL 07 Breathing Pattern.wav	
/volume1/主目录/Collection/素材&模板&音库/音效/02_中文音效合集/大气深沉3【音效：低音节奏感紧张气氛渲染无损音效素材包】/Endurance_SFX/Endurance SFX - WAV/03 - Patterns/Patterns - Silk/SL 21 Dot Matrix B.wav	Endurance SFX（大气深沉3 · 低音节奏感紧张气氛渲染无损音效素材包）/03 - Patterns/Patterns - Silk/SL 21 Dot Matrix B.wav	
/volume1/主目录/Collection/素材&模板&音库/音效/02_中文音效合集/大气深沉3【音效：低音节奏感紧张气氛渲染无损音效素材包】/Endurance_SFX/Endurance SFX - WAV/03 - Patterns/Patterns - Silk/SL 12 Static Train C.wav	Endurance SFX（大气深沉3 · 低音节奏感紧张气氛渲染无损音效素材包）/03 - Patterns/Patterns - Silk/SL 12 Static Train C.wav	
/volume1/主目录/Collection/素材&模板&音库/音效/02_中文音效合集/大气深沉3【音效：低音节奏感紧张气氛渲染无损音效素材包】/Endurance_SFX/Endurance SFX - WAV/03 - Patterns/Patterns - Silk/SL 18 Circuits.wav	Endurance SFX（大气深沉3 · 低音节奏感紧张气氛渲染无损音效素材包）/03 - Patterns/Patterns - Silk/SL 18 Circuits.wav	
/volume1/主目录/Collection/素材&模板&音库/音效/02_中文音效合集/大气深沉3【音效：低音节奏感紧张气氛渲染无损音效素材包】/Endurance_SFX/Endurance SFX - WAV/03 - Patterns/Patterns - Silk/SL 10 Static Train A.wav	Endurance SFX（大气深沉3 · 低音节奏感紧张气氛渲染无损音效素材包）/03 - Patterns/Patterns - Silk/SL 10 Static Train A.wav	
/volume1/主目录/Collection/素材&模板&音库/音效/02_中文音效合集/大气深沉3【音效：低音节奏感紧张气氛渲染无损音效素材包】/Endurance_SFX/Endurance SFX - WAV/03 - Patterns/Patterns - Silk/SL 25 Perpetual Crickets.wav	Endurance SFX（大气深沉3 · 低音节奏感紧张气氛渲染无损音效素材包）/03 - Patterns/Patterns - Silk/SL 25 Perpetual Crickets.wav	
/volume1/主目录/Collection/素材&模板&音库/音效/02_中文音效合集/大气深沉3【音效：低音节奏感紧张气氛渲染无损音效素材包】/Endurance_SFX/Endurance SFX - WAV/03 - Patterns/Patterns - Silk/SL 26 Insect Stopwatch.wav	Endurance SFX（大气深沉3 · 低音节奏感紧张气氛渲染无损音效素材包）/03 - Patterns/Patterns - Silk/SL 26 Insect Stopwatch.wav	
/volume1/主目录/Collection/素材&模板&音库/音效/02_中文音效合集/大气深沉3【音效：低音节奏感紧张气氛渲染无损音效素材包】/Endurance_SFX/Endurance SFX - WAV/03 - Patterns/Patterns - Silk/SL 23 Dot Matrix D.wav	Endurance SFX（大气深沉3 · 低音节奏感紧张气氛渲染无损音效素材包）/03 - Patterns/Patterns - Silk/SL 23 Dot Matrix D.wav	
/volume1/主目录/Collection/素材&模板&音库/音效/02_中文音效合集/大气深沉3【音效：低音节奏感紧张气氛渲染无损音效素材包】/Endurance_SFX/Endurance SFX - WAV/03 - Patterns/Patterns - Silk/SL 20 Dot Matrix A.wav	Endurance SFX（大气深沉3 · 低音节奏感紧张气氛渲染无损音效素材包）/03 - Patterns/Patterns - Silk/SL 20 Dot Matrix A.wav	
/volume1/主目录/Collection/素材&模板&音库/音效/02_中文音效合集/大气深沉3【音效：低音节奏感紧张气氛渲染无损音效素材包】/Endurance_SFX/Endurance SFX - WAV/03 - Patterns/Patterns - Silk/SL 16 Clicker A.wav	Endurance SFX（大气深沉3 · 低音节奏感紧张气氛渲染无损音效素材包）/03 - Patterns/Patterns - Silk/SL 16 Clicker A.wav	
/volume1/主目录/Collection/素材&模板&音库/音效/02_中文音效合集/大气深沉3【音效：低音节奏感紧张气氛渲染无损音效素材包】/Endurance_SFX/Endurance SFX - WAV/03 - Patterns/Patterns - Silk/SL 08 Breath A.wav	Endurance SFX（大气深沉3 · 低音节奏感紧张气氛渲染无损音效素材包）/03 - Patterns/Patterns - Silk/SL 08 Breath A.wav	
/volume1/主目录/Collection/素材&模板&音库/音效/02_中文音效合集/大气深沉3【音效：低音节奏感紧张气氛渲染无损音效素材包】/Endurance_SFX/Endurance SFX - WAV/03 - Patterns/Patterns - Distortion/DS 23 Dot Matrix D.wav	Endurance SFX（大气深沉3 · 低音节奏感紧张气氛渲染无损音效素材包）/03 - Patterns/Patterns - Distortion/DS 23 Dot Matrix D.wav	
/volume1/主目录/Collection/素材&模板&音库/音效/02_中文音效合集/大气深沉3【音效：低音节奏感紧张气氛渲染无损音效素材包】/Endurance_SFX/Endurance SFX - WAV/03 - Patterns/Patterns - Distortion/DS 19 Crunch Pop.wav	Endurance SFX（大气深沉3 · 低音节奏感紧张气氛渲染无损音效素材包）/03 - Patterns/Patterns - Distortion/DS 19 Crunch Pop.wav	
/volume1/主目录/Collection/素材&模板&音库/音效/02_中文音效合集/大气深沉3【音效：低音节奏感紧张气氛渲染无损音效素材包】/Endurance_SFX/Endurance SFX - WAV/03 - Patterns/Patterns - Distortion/DS 26 Insect Stopwatch.wav	Endurance SFX（大气深沉3 · 低音节奏感紧张气氛渲染无损音效素材包）/03 - Patterns/Patterns - Distortion/DS 26 Insect Stopwatch.wav	
/volume1/主目录/Collection/素材&模板&音库/音效/02_中文音效合集/大气深沉3【音效：低音节奏感紧张气氛渲染无损音效素材包】/Endurance_SFX/Endurance SFX - WAV/03 - Patterns/Patterns - Distortion/DS 21 Dot Matrix B.wav	Endurance SFX（大气深沉3 · 低音节奏感紧张气氛渲染无损音效素材包）/03 - Patterns/Patterns - Distortion/DS 21 Dot Matrix B.wav	
/volume1/主目录/Collection/素材&模板&音库/音效/02_中文音效合集/大气深沉3【音效：低音节奏感紧张气氛渲染无损音效素材包】/Endurance_SFX/Endurance SFX - WAV/03 - Patterns/Patterns - Distortion/DS 22 Dot Matrix C.wav	Endurance SFX（大气深沉3 · 低音节奏感紧张气氛渲染无损音效素材包）/03 - Patterns/Patterns - Distortion/DS 22 Dot Matrix C.wav	
/volume1/主目录/Collection/素材&模板&音库/音效/02_中文音效合集/大气深沉3【音效：低音节奏感紧张气氛渲染无损音效素材包】/Endurance_SFX/Endurance SFX - WAV/03 - Patterns/Patterns - Distortion/DS 16 Clicker A.wav	Endurance SFX（大气深沉3 · 低音节奏感紧张气氛渲染无损音效素材包）/03 - Patterns/Patterns - Distortion/DS 16 Clicker A.wav	
/volume1/主目录/Collection/素材&模板&音库/音效/02_中文音效合集/大气深沉3【音效：低音节奏感紧张气氛渲染无损音效素材包】/Endurance_SFX/Endurance SFX - WAV/03 - Patterns/Patterns - Distortion/DS 08 Breath A.wav	Endurance SFX（大气深沉3 · 低音节奏感紧张气氛渲染无损音效素材包）/03 - Patterns/Patterns - Distortion/DS 08 Breath A.wav	
/volume1/主目录/Collection/素材&模板&音库/音效/02_中文音效合集/大气深沉3【音效：低音节奏感紧张气氛渲染无损音效素材包】/Endurance_SFX/Endurance SFX - WAV/03 - Patterns/Patterns - Distortion/DS 13 Steady Grind.wav	Endurance SFX（大气深沉3 · 低音节奏感紧张气氛渲染无损音效素材包）/03 - Patterns/Patterns - Distortion/DS 13 Steady Grind.wav	
/volume1/主目录/Collection/素材&模板&音库/音效/02_中文音效合集/大气深沉3【音效：低音节奏感紧张气氛渲染无损音效素材包】/Endurance_SFX/Endurance SFX - WAV/03 - Patterns/Patterns - Distortion/DS 05 Mind Game.wav	Endurance SFX（大气深沉3 · 低音节奏感紧张气氛渲染无损音效素材包）/03 - Patterns/Patterns - Distortion/DS 05 Mind Game.wav	
/volume1/主目录/Collection/素材&模板&音库/音效/02_中文音效合集/大气深沉3【音效：低音节奏感紧张气氛渲染无损音效素材包】/Endurance_SFX/Endurance SFX - WAV/03 - Patterns/Patterns - Distortion/DS 02 Washing Money A.wav	Endurance SFX（大气深沉3 · 低音节奏感紧张气氛渲染无损音效素材包）/03 - Patterns/Patterns - Distortion/DS 02 Washing Money A.wav	
/volume1/主目录/Collection/素材&模板&音库/音效/02_中文音效合集/大气深沉3【音效：低音节奏感紧张气氛渲染无损音效素材包】/Endurance_SFX/Endurance SFX - WAV/03 - Patterns/Patterns - Distortion/DS 04 Night Run.wav	Endurance SFX（大气深沉3 · 低音节奏感紧张气氛渲染无损音效素材包）/03 - Patterns/Patterns - Distortion/DS 04 Night Run.wav	
/volume1/主目录/Collection/素材&模板&音库/音效/02_中文音效合集/大气深沉3【音效：低音节奏感紧张气氛渲染无损音效素材包】/Endurance_SFX/Endurance SFX - WAV/03 - Patterns/Patterns - Distortion/DS 01 Keep Moving.wav	Endurance SFX（大气深沉3 · 低音节奏感紧张气氛渲染无损音效素材包）/03 - Patterns/Patterns - Distortion/DS 01 Keep Moving.wav	
/volume1/主目录/Collection/素材&模板&音库/音效/02_中文音效合集/大气深沉3【音效：低音节奏感紧张气氛渲染无损音效素材包】/Endurance_SFX/Endurance SFX - WAV/03 - Patterns/Patterns - Distortion/DS 17 Clicker B.wav	Endurance SFX（大气深沉3 · 低音节奏感紧张气氛渲染无损音效素材包）/03 - Patterns/Patterns - Distortion/DS 17 Clicker B.wav	
/volume1/主目录/Collection/素材&模板&音库/音效/02_中文音效合集/大气深沉3【音效：低音节奏感紧张气氛渲染无损音效素材包】/Endurance_SFX/Endurance SFX - WAV/03 - Patterns/Patterns - Distortion/DS 18 Circuits.wav	Endurance SFX（大气深沉3 · 低音节奏感紧张气氛渲染无损音效素材包）/03 - Patterns/Patterns - Distortion/DS 18 Circuits.wav	
/volume1/主目录/Collection/素材&模板&音库/音效/02_中文音效合集/大气深沉3【音效：低音节奏感紧张气氛渲染无损音效素材包】/Endurance_SFX/Endurance SFX - WAV/03 - Patterns/Patterns - Distortion/DS 20 Dot Matrix A.wav	Endurance SFX（大气深沉3 · 低音节奏感紧张气氛渲染无损音效素材包）/03 - Patterns/Patterns - Distortion/DS 20 Dot Matrix A.wav	
/volume1/主目录/Collection/素材&模板&音库/音效/02_中文音效合集/大气深沉3【音效：低音节奏感紧张气氛渲染无损音效素材包】/Endurance_SFX/Endurance SFX - WAV/03 - Patterns/Patterns - Distortion/DS 09 Breath B.wav	Endurance SFX（大气深沉3 · 低音节奏感紧张气氛渲染无损音效素材包）/03 - Patterns/Patterns - Distortion/DS 09 Breath B.wav	
/volume1/主目录/Collection/素材&模板&音库/音效/02_中文音效合集/大气深沉3【音效：低音节奏感紧张气氛渲染无损音效素材包】/Endurance_SFX/Endurance SFX - WAV/03 - Patterns/Patterns - Distortion/DS 06 Future Glow.wav	Endurance SFX（大气深沉3 · 低音节奏感紧张气氛渲染无损音效素材包）/03 - Patterns/Patterns - Distortion/DS 06 Future Glow.wav	
/volume1/主目录/Collection/素材&模板&音库/音效/02_中文音效合集/大气深沉3【音效：低音节奏感紧张气氛渲染无损音效素材包】/Endurance_SFX/Endurance SFX - WAV/03 - Patterns/Patterns - Distortion/DS 02 Washing Money B.wav	Endurance SFX（大气深沉3 · 低音节奏感紧张气氛渲染无损音效素材包）/03 - Patterns/Patterns - Distortion/DS 02 Washing Money B.wav	
/volume1/主目录/Collection/素材&模板&音库/音效/02_中文音效合集/大气深沉3【音效：低音节奏感紧张气氛渲染无损音效素材包】/Endurance_SFX/Endurance SFX - WAV/03 - Patterns/Patterns - Distortion/DS 10 Static Train A.wav	Endurance SFX（大气深沉3 · 低音节奏感紧张气氛渲染无损音效素材包）/03 - Patterns/Patterns - Distortion/DS 10 Static Train A.wav	
/volume1/主目录/Collection/素材&模板&音库/音效/02_中文音效合集/大气深沉3【音效：低音节奏感紧张气氛渲染无损音效素材包】/Endurance_SFX/Endurance SFX - WAV/03 - Patterns/Patterns - Distortion/DS 12 Static Train C.wav	Endurance SFX（大气深沉3 · 低音节奏感紧张气氛渲染无损音效素材包）/03 - Patterns/Patterns - Distortion/DS 12 Static Train C.wav	
/volume1/主目录/Collection/素材&模板&音库/音效/02_中文音效合集/大气深沉3【音效：低音节奏感紧张气氛渲染无损音效素材包】/Endurance_SFX/Endurance SFX - WAV/03 - Patterns/Patterns - Distortion/DS 27 Knife Bow.wav	Endurance SFX（大气深沉3 · 低音节奏感紧张气氛渲染无损音效素材包）/03 - Patterns/Patterns - Distortion/DS 27 Knife Bow.wav	
/volume1/主目录/Collection/素材&模板&音库/音效/02_中文音效合集/大气深沉3【音效：低音节奏感紧张气氛渲染无损音效素材包】/Endurance_SFX/Endurance SFX - WAV/03 - Patterns/Patterns - Distortion/DS 15 Machine B.wav	Endurance SFX（大气深沉3 · 低音节奏感紧张气氛渲染无损音效素材包）/03 - Patterns/Patterns - Distortion/DS 15 Machine B.wav	
/volume1/主目录/Collection/素材&模板&音库/音效/02_中文音效合集/大气深沉3【音效：低音节奏感紧张气氛渲染无损音效素材包】/Endurance_SFX/Endurance SFX - WAV/03 - Patterns/Patterns - Distortion/DS 14 Machine A.wav	Endurance SFX（大气深沉3 · 低音节奏感紧张气氛渲染无损音效素材包）/03 - Patterns/Patterns - Distortion/DS 14 Machine A.wav	
/volume1/主目录/Collection/素材&模板&音库/音效/02_中文音效合集/大气深沉3【音效：低音节奏感紧张气氛渲染无损音效素材包】/Endurance_SFX/Endurance SFX - WAV/03 - Patterns/Patterns - Distortion/DS 24 Cicada Clock.wav	Endurance SFX（大气深沉3 · 低音节奏感紧张气氛渲染无损音效素材包）/03 - Patterns/Patterns - Distortion/DS 24 Cicada Clock.wav	
/volume1/主目录/Collection/素材&模板&音库/音效/02_中文音效合集/大气深沉3【音效：低音节奏感紧张气氛渲染无损音效素材包】/Endurance_SFX/Endurance SFX - WAV/03 - Patterns/Patterns - Distortion/DS 11 Static Train B.wav	Endurance SFX（大气深沉3 · 低音节奏感紧张气氛渲染无损音效素材包）/03 - Patterns/Patterns - Distortion/DS 11 Static Train B.wav	
/volume1/主目录/Collection/素材&模板&音库/音效/02_中文音效合集/大气深沉3【音效：低音节奏感紧张气氛渲染无损音效素材包】/Endurance_SFX/Endurance SFX - WAV/03 - Patterns/Patterns - Distortion/DS 25 Perpetual Crickets.wav	Endurance SFX（大气深沉3 · 低音节奏感紧张气氛渲染无损音效素材包）/03 - Patterns/Patterns - Distortion/DS 25 Perpetual Crickets.wav	
/volume1/主目录/Collection/素材&模板&音库/音效/02_中文音效合集/大气深沉3【音效：低音节奏感紧张气氛渲染无损音效素材包】/Endurance_SFX/Endurance SFX - WAV/03 - Patterns/Patterns - Distortion/DS 07 Breathing Pattern.wav	Endurance SFX（大气深沉3 · 低音节奏感紧张气氛渲染无损音效素材包）/03 - Patterns/Patterns - Distortion/DS 07 Breathing Pattern.wav	
/volume1/主目录/Collection/素材&模板&音库/音效/02_中文音效合集/大气深沉3【音效：低音节奏感紧张气氛渲染无损音效素材包】/Endurance_SFX/Endurance SFX - WAV/03 - Patterns/Patterns/22 Dot Matrix C.wav	Endurance SFX（大气深沉3 · 低音节奏感紧张气氛渲染无损音效素材包）/03 - Patterns/Patterns/22 Dot Matrix C.wav	
/volume1/主目录/Collection/素材&模板&音库/音效/02_中文音效合集/大气深沉3【音效：低音节奏感紧张气氛渲染无损音效素材包】/Endurance_SFX/Endurance SFX - WAV/03 - Patterns/Patterns/10 Static Train A.wav	Endurance SFX（大气深沉3 · 低音节奏感紧张气氛渲染无损音效素材包）/03 - Patterns/Patterns/10 Static Train A.wav	
/volume1/主目录/Collection/素材&模板&音库/音效/02_中文音效合集/大气深沉3【音效：低音节奏感紧张气氛渲染无损音效素材包】/Endurance_SFX/Endurance SFX - WAV/03 - Patterns/Patterns/16 Clicker A.wav	Endurance SFX（大气深沉3 · 低音节奏感紧张气氛渲染无损音效素材包）/03 - Patterns/Patterns/16 Clicker A.wav	
/volume1/主目录/Collection/素材&模板&音库/音效/02_中文音效合集/大气深沉3【音效：低音节奏感紧张气氛渲染无损音效素材包】/Endurance_SFX/Endurance SFX - WAV/03 - Patterns/Patterns/23 Dot Matrix D.wav	Endurance SFX（大气深沉3 · 低音节奏感紧张气氛渲染无损音效素材包）/03 - Patterns/Patterns/23 Dot Matrix D.wav	
/volume1/主目录/Collection/素材&模板&音库/音效/02_中文音效合集/大气深沉3【音效：低音节奏感紧张气氛渲染无损音效素材包】/Endurance_SFX/Endurance SFX - WAV/03 - Patterns/Patterns/12 Static Train C.wav	Endurance SFX（大气深沉3 · 低音节奏感紧张气氛渲染无损音效素材包）/03 - Patterns/Patterns/12 Static Train C.wav	
/volume1/主目录/Collection/素材&模板&音库/音效/02_中文音效合集/大气深沉3【音效：低音节奏感紧张气氛渲染无损音效素材包】/Endurance_SFX/Endurance SFX - WAV/03 - Patterns/Patterns/24 Cicada Clock.wav	Endurance SFX（大气深沉3 · 低音节奏感紧张气氛渲染无损音效素材包）/03 - Patterns/Patterns/24 Cicada Clock.wav	
/volume1/主目录/Collection/素材&模板&音库/音效/02_中文音效合集/大气深沉3【音效：低音节奏感紧张气氛渲染无损音效素材包】/Endurance_SFX/Endurance SFX - WAV/03 - Patterns/Patterns/05 Mind Game.wav	Endurance SFX（大气深沉3 · 低音节奏感紧张气氛渲染无损音效素材包）/03 - Patterns/Patterns/05 Mind Game.wav	
/volume1/主目录/Collection/素材&模板&音库/音效/02_中文音效合集/大气深沉3【音效：低音节奏感紧张气氛渲染无损音效素材包】/Endurance_SFX/Endurance SFX - WAV/03 - Patterns/Patterns/11 Static Train B.wav	Endurance SFX（大气深沉3 · 低音节奏感紧张气氛渲染无损音效素材包）/03 - Patterns/Patterns/11 Static Train B.wav	
/volume1/主目录/Collection/素材&模板&音库/音效/02_中文音效合集/大气深沉3【音效：低音节奏感紧张气氛渲染无损音效素材包】/Endurance_SFX/Endurance SFX - WAV/03 - Patterns/Patterns/20 Dot Matrix A.wav	Endurance SFX（大气深沉3 · 低音节奏感紧张气氛渲染无损音效素材包）/03 - Patterns/Patterns/20 Dot Matrix A.wav	
/volume1/主目录/Collection/素材&模板&音库/音效/02_中文音效合集/大气深沉3【音效：低音节奏感紧张气氛渲染无损音效素材包】/Endurance_SFX/Endurance SFX - WAV/03 - Patterns/Patterns/27 Knife Bow.wav	Endurance SFX（大气深沉3 · 低音节奏感紧张气氛渲染无损音效素材包）/03 - Patterns/Patterns/27 Knife Bow.wav	
/volume1/主目录/Collection/素材&模板&音库/音效/02_中文音效合集/大气深沉3【音效：低音节奏感紧张气氛渲染无损音效素材包】/Endurance_SFX/Endurance SFX - WAV/03 - Patterns/Patterns/02 Washing Money A.wav	Endurance SFX（大气深沉3 · 低音节奏感紧张气氛渲染无损音效素材包）/03 - Patterns/Patterns/02 Washing Money A.wav	
/volume1/主目录/Collection/素材&模板&音库/音效/02_中文音效合集/大气深沉3【音效：低音节奏感紧张气氛渲染无损音效素材包】/Endurance_SFX/Endurance SFX - WAV/03 - Patterns/Patterns/15 Machine B.wav	Endurance SFX（大气深沉3 · 低音节奏感紧张气氛渲染无损音效素材包）/03 - Patterns/Patterns/15 Machine B.wav	
/volume1/主目录/Collection/素材&模板&音库/音效/02_中文音效合集/大气深沉3【音效：低音节奏感紧张气氛渲染无损音效素材包】/Endurance_SFX/Endurance SFX - WAV/03 - Patterns/Patterns/17 Clicker B.wav	Endurance SFX（大气深沉3 · 低音节奏感紧张气氛渲染无损音效素材包）/03 - Patterns/Patterns/17 Clicker B.wav	
/volume1/主目录/Collection/素材&模板&音库/音效/02_中文音效合集/大气深沉3【音效：低音节奏感紧张气氛渲染无损音效素材包】/Endurance_SFX/Endurance SFX - WAV/03 - Patterns/Patterns/01 Keep Moving.wav	Endurance SFX（大气深沉3 · 低音节奏感紧张气氛渲染无损音效素材包）/03 - Patterns/Patterns/01 Keep Moving.wav	
/volume1/主目录/Collection/素材&模板&音库/音效/02_中文音效合集/大气深沉3【音效：低音节奏感紧张气氛渲染无损音效素材包】/Endurance_SFX/Endurance SFX - WAV/03 - Patterns/Patterns/07 Breathing Pattern.wav	Endurance SFX（大气深沉3 · 低音节奏感紧张气氛渲染无损音效素材包）/03 - Patterns/Patterns/07 Breathing Pattern.wav	
/volume1/主目录/Collection/素材&模板&音库/音效/02_中文音效合集/大气深沉3【音效：低音节奏感紧张气氛渲染无损音效素材包】/Endurance_SFX/Endurance SFX - WAV/03 - Patterns/Patterns/13 Steady Grind.wav	Endurance SFX（大气深沉3 · 低音节奏感紧张气氛渲染无损音效素材包）/03 - Patterns/Patterns/13 Steady Grind.wav	
/volume1/主目录/Collection/素材&模板&音库/音效/02_中文音效合集/大气深沉3【音效：低音节奏感紧张气氛渲染无损音效素材包】/Endurance_SFX/Endurance SFX - WAV/03 - Patterns/Patterns/21 Dot Matrix B.wav	Endurance SFX（大气深沉3 · 低音节奏感紧张气氛渲染无损音效素材包）/03 - Patterns/Patterns/21 Dot Matrix B.wav	
/volume1/主目录/Collection/素材&模板&音库/音效/02_中文音效合集/大气深沉3【音效：低音节奏感紧张气氛渲染无损音效素材包】/Endurance_SFX/Endurance SFX - WAV/03 - Patterns/Patterns/14 Machine A.wav	Endurance SFX（大气深沉3 · 低音节奏感紧张气氛渲染无损音效素材包）/03 - Patterns/Patterns/14 Machine A.wav	
/volume1/主目录/Collection/素材&模板&音库/音效/02_中文音效合集/大气深沉3【音效：低音节奏感紧张气氛渲染无损音效素材包】/Endurance_SFX/Endurance SFX - WAV/03 - Patterns/Patterns/26 Insect Stopwatch.wav	Endurance SFX（大气深沉3 · 低音节奏感紧张气氛渲染无损音效素材包）/03 - Patterns/Patterns/26 Insect Stopwatch.wav	
/volume1/主目录/Collection/素材&模板&音库/音效/02_中文音效合集/大气深沉3【音效：低音节奏感紧张气氛渲染无损音效素材包】/Endurance_SFX/Endurance SFX - WAV/03 - Patterns/Patterns/04 Night Run.wav	Endurance SFX（大气深沉3 · 低音节奏感紧张气氛渲染无损音效素材包）/03 - Patterns/Patterns/04 Night Run.wav	
/volume1/主目录/Collection/素材&模板&音库/音效/02_中文音效合集/大气深沉3【音效：低音节奏感紧张气氛渲染无损音效素材包】/Endurance_SFX/Endurance SFX - WAV/03 - Patterns/Patterns/25 Perpetual Crickets.wav	Endurance SFX（大气深沉3 · 低音节奏感紧张气氛渲染无损音效素材包）/03 - Patterns/Patterns/25 Perpetual Crickets.wav	
/volume1/主目录/Collection/素材&模板&音库/音效/02_中文音效合集/大气深沉3【音效：低音节奏感紧张气氛渲染无损音效素材包】/Endurance_SFX/Endurance SFX - WAV/03 - Patterns/Patterns/08 Breath A.wav	Endurance SFX（大气深沉3 · 低音节奏感紧张气氛渲染无损音效素材包）/03 - Patterns/Patterns/08 Breath A.wav	
/volume1/主目录/Collection/素材&模板&音库/音效/02_中文音效合集/大气深沉3【音效：低音节奏感紧张气氛渲染无损音效素材包】/Endurance_SFX/Endurance SFX - WAV/03 - Patterns/Patterns/18 Circuits.wav	Endurance SFX（大气深沉3 · 低音节奏感紧张气氛渲染无损音效素材包）/03 - Patterns/Patterns/18 Circuits.wav	
/volume1/主目录/Collection/素材&模板&音库/音效/02_中文音效合集/大气深沉3【音效：低音节奏感紧张气氛渲染无损音效素材包】/Endurance_SFX/Endurance SFX - WAV/03 - Patterns/Patterns/03 Washing Money B.wav	Endurance SFX（大气深沉3 · 低音节奏感紧张气氛渲染无损音效素材包）/03 - Patterns/Patterns/03 Washing Money B.wav	
/volume1/主目录/Collection/素材&模板&音库/音效/02_中文音效合集/大气深沉3【音效：低音节奏感紧张气氛渲染无损音效素材包】/Endurance_SFX/Endurance SFX - WAV/03 - Patterns/Patterns/19 Crunch Pop.wav	Endurance SFX（大气深沉3 · 低音节奏感紧张气氛渲染无损音效素材包）/03 - Patterns/Patterns/19 Crunch Pop.wav	
/volume1/主目录/Collection/素材&模板&音库/音效/02_中文音效合集/大气深沉3【音效：低音节奏感紧张气氛渲染无损音效素材包】/Endurance_SFX/Endurance SFX - WAV/03 - Patterns/Patterns/06 Future Glow.wav	Endurance SFX（大气深沉3 · 低音节奏感紧张气氛渲染无损音效素材包）/03 - Patterns/Patterns/06 Future Glow.wav	
/volume1/主目录/Collection/素材&模板&音库/音效/02_中文音效合集/大气深沉3【音效：低音节奏感紧张气氛渲染无损音效素材包】/Endurance_SFX/Endurance SFX - WAV/03 - Patterns/Patterns/09 Breath B.wav	Endurance SFX（大气深沉3 · 低音节奏感紧张气氛渲染无损音效素材包）/03 - Patterns/Patterns/09 Breath B.wav	
/volume1/主目录/Collection/素材&模板&音库/音效/02_中文音效合集/大气深沉3【音效：低音节奏感紧张气氛渲染无损音效素材包】/Endurance_SFX/Endurance SFX - WAV/01 - Percussion/Percussion - Space/SP 15 Chamber Hits B.wav	Endurance SFX（大气深沉3 · 低音节奏感紧张气氛渲染无损音效素材包）/01 - Percussion/Percussion - Space/SP 15 Chamber Hits B.wav	
/volume1/主目录/Collection/素材&模板&音库/音效/02_中文音效合集/大气深沉3【音效：低音节奏感紧张气氛渲染无损音效素材包】/Endurance_SFX/Endurance SFX - WAV/01 - Percussion/Percussion - Space/SP 12 Dark Kick B.wav	Endurance SFX（大气深沉3 · 低音节奏感紧张气氛渲染无损音效素材包）/01 - Percussion/Percussion - Space/SP 12 Dark Kick B.wav	
/volume1/主目录/Collection/素材&模板&音库/音效/02_中文音效合集/大气深沉3【音效：低音节奏感紧张气氛渲染无损音效素材包】/Endurance_SFX/Endurance SFX - WAV/01 - Percussion/Percussion - Space/SP 04 Training Day B.wav	Endurance SFX（大气深沉3 · 低音节奏感紧张气氛渲染无损音效素材包）/01 - Percussion/Percussion - Space/SP 04 Training Day B.wav	
/volume1/主目录/Collection/素材&模板&音库/音效/02_中文音效合集/大气深沉3【音效：低音节奏感紧张气氛渲染无损音效素材包】/Endurance_SFX/Endurance SFX - WAV/01 - Percussion/Percussion - Space/SP 06 Deep Beat B.wav	Endurance SFX（大气深沉3 · 低音节奏感紧张气氛渲染无损音效素材包）/01 - Percussion/Percussion - Space/SP 06 Deep Beat B.wav	
/volume1/主目录/Collection/素材&模板&音库/音效/02_中文音效合集/大气深沉3【音效：低音节奏感紧张气氛渲染无损音效素材包】/Endurance_SFX/Endurance SFX - WAV/01 - Percussion/Percussion - Space/SP 27 Boom Pop.wav	Endurance SFX（大气深沉3 · 低音节奏感紧张气氛渲染无损音效素材包）/01 - Percussion/Percussion - Space/SP 27 Boom Pop.wav	
/volume1/主目录/Collection/素材&模板&音库/音效/02_中文音效合集/大气深沉3【音效：低音节奏感紧张气氛渲染无损音效素材包】/Endurance_SFX/Endurance SFX - WAV/01 - Percussion/Percussion - Space/SP 28 Drop Beat.wav	Endurance SFX（大气深沉3 · 低音节奏感紧张气氛渲染无损音效素材包）/01 - Percussion/Percussion - Space/SP 28 Drop Beat.wav	
/volume1/主目录/Collection/素材&模板&音库/音效/02_中文音效合集/大气深沉3【音效：低音节奏感紧张气氛渲染无损音效素材包】/Endurance_SFX/Endurance SFX - WAV/01 - Percussion/Percussion - Space/SP 10 Massive Hits B.wav	Endurance SFX（大气深沉3 · 低音节奏感紧张气氛渲染无损音效素材包）/01 - Percussion/Percussion - Space/SP 10 Massive Hits B.wav	
/volume1/主目录/Collection/素材&模板&音库/音效/02_中文音效合集/大气深沉3【音效：低音节奏感紧张气氛渲染无损音效素材包】/Endurance_SFX/Endurance SFX - WAV/01 - Percussion/Percussion - Space/SP 02 Bank Heist.wav	Endurance SFX（大气深沉3 · 低音节奏感紧张气氛渲染无损音效素材包）/01 - Percussion/Percussion - Space/SP 02 Bank Heist.wav	
/volume1/主目录/Collection/素材&模板&音库/音效/02_中文音效合集/大气深沉3【音效：低音节奏感紧张气氛渲染无损音效素材包】/Endurance_SFX/Endurance SFX - WAV/01 - Percussion/Percussion - Space/SP 24 Future Kick.wav	Endurance SFX（大气深沉3 · 低音节奏感紧张气氛渲染无损音效素材包）/01 - Percussion/Percussion - Space/SP 24 Future Kick.wav	
/volume1/主目录/Collection/素材&模板&音库/音效/02_中文音效合集/大气深沉3【音效：低音节奏感紧张气氛渲染无损音效素材包】/Endurance_SFX/Endurance SFX - WAV/01 - Percussion/Percussion - Space/SP 03 Training Day A.wav	Endurance SFX（大气深沉3 · 低音节奏感紧张气氛渲染无损音效素材包）/01 - Percussion/Percussion - Space/SP 03 Training Day A.wav	
/volume1/主目录/Collection/素材&模板&音库/音效/02_中文音效合集/大气深沉3【音效：低音节奏感紧张气氛渲染无损音效素材包】/Endurance_SFX/Endurance SFX - WAV/01 - Percussion/Percussion - Space/SP 08 Game Face.wav	Endurance SFX（大气深沉3 · 低音节奏感紧张气氛渲染无损音效素材包）/01 - Percussion/Percussion - Space/SP 08 Game Face.wav	
/volume1/主目录/Collection/素材&模板&音库/音效/02_中文音效合集/大气深沉3【音效：低音节奏感紧张气氛渲染无损音效素材包】/Endurance_SFX/Endurance SFX - WAV/01 - Percussion/Percussion - Space/SP 25 Crunchy Hits.wav	Endurance SFX（大气深沉3 · 低音节奏感紧张气氛渲染无损音效素材包）/01 - Percussion/Percussion - Space/SP 25 Crunchy Hits.wav	
/volume1/主目录/Collection/素材&模板&音库/音效/02_中文音效合集/大气深沉3【音效：低音节奏感紧张气氛渲染无损音效素材包】/Endurance_SFX/Endurance SFX - WAV/01 - Percussion/Percussion - Space/SP 11 Dark Kick A.wav	Endurance SFX（大气深沉3 · 低音节奏感紧张气氛渲染无损音效素材包）/01 - Percussion/Percussion - Space/SP 11 Dark Kick A.wav	
/volume1/主目录/Collection/素材&模板&音库/音效/02_中文音效合集/大气深沉3【音效：低音节奏感紧张气氛渲染无损音效素材包】/Endurance_SFX/Endurance SFX - WAV/01 - Percussion/Percussion - Space/SP 19 Simple Set.wav	Endurance SFX（大气深沉3 · 低音节奏感紧张气氛渲染无损音效素材包）/01 - Percussion/Percussion - Space/SP 19 Simple Set.wav	
/volume1/主目录/Collection/素材&模板&音库/音效/02_中文音效合集/大气深沉3【音效：低音节奏感紧张气氛渲染无损音效素材包】/Endurance_SFX/Endurance SFX - WAV/01 - Percussion/Percussion - Space/SP 14 Chamber Hits A.wav	Endurance SFX（大气深沉3 · 低音节奏感紧张气氛渲染无损音效素材包）/01 - Percussion/Percussion - Space/SP 14 Chamber Hits A.wav	
/volume1/主目录/Collection/素材&模板&音库/音效/02_中文音效合集/大气深沉3【音效：低音节奏感紧张气氛渲染无损音效素材包】/Endurance_SFX/Endurance SFX - WAV/01 - Percussion/Percussion - Space/SP 16 Chamber Hits C.wav	Endurance SFX（大气深沉3 · 低音节奏感紧张气氛渲染无损音效素材包）/01 - Percussion/Percussion - Space/SP 16 Chamber Hits C.wav	
/volume1/主目录/Collection/素材&模板&音库/音效/02_中文音效合集/大气深沉3【音效：低音节奏感紧张气氛渲染无损音效素材包】/Endurance_SFX/Endurance SFX - WAV/01 - Percussion/Percussion - Space/SP 05 Deep Beat A.wav	Endurance SFX（大气深沉3 · 低音节奏感紧张气氛渲染无损音效素材包）/01 - Percussion/Percussion - Space/SP 05 Deep Beat A.wav	
/volume1/主目录/Collection/素材&模板&音库/音效/02_中文音效合集/大气深沉3【音效：低音节奏感紧张气氛渲染无损音效素材包】/Endurance_SFX/Endurance SFX - WAV/01 - Percussion/Percussion - Space/SP 22 Clean Rhythm.wav	Endurance SFX（大气深沉3 · 低音节奏感紧张气氛渲染无损音效素材包）/01 - Percussion/Percussion - Space/SP 22 Clean Rhythm.wav	
/volume1/主目录/Collection/素材&模板&音库/音效/02_中文音效合集/大气深沉3【音效：低音节奏感紧张气氛渲染无损音效素材包】/Endurance_SFX/Endurance SFX - WAV/01 - Percussion/Percussion - Space/SP 09 Massive Hits A.wav	Endurance SFX（大气深沉3 · 低音节奏感紧张气氛渲染无损音效素材包）/01 - Percussion/Percussion - Space/SP 09 Massive Hits A.wav	
/volume1/主目录/Collection/素材&模板&音库/音效/02_中文音效合集/大气深沉3【音效：低音节奏感紧张气氛渲染无损音效素材包】/Endurance_SFX/Endurance SFX - WAV/01 - Percussion/Percussion - Space/SP 01 Moving Target.wav	Endurance SFX（大气深沉3 · 低音节奏感紧张气氛渲染无损音效素材包）/01 - Percussion/Percussion - Space/SP 01 Moving Target.wav	
/volume1/主目录/Collection/素材&模板&音库/音效/02_中文音效合集/大气深沉3【音效：低音节奏感紧张气氛渲染无损音效素材包】/Endurance_SFX/Endurance SFX - WAV/01 - Percussion/Percussion - Space/SP 23 Dark Toms.wav	Endurance SFX（大气深沉3 · 低音节奏感紧张气氛渲染无损音效素材包）/01 - Percussion/Percussion - Space/SP 23 Dark Toms.wav	
/volume1/主目录/Collection/素材&模板&音库/音效/02_中文音效合集/大气深沉3【音效：低音节奏感紧张气氛渲染无损音效素材包】/Endurance_SFX/Endurance SFX - WAV/01 - Percussion/Percussion - Space/SP 13 Dark Kick C.wav	Endurance SFX（大气深沉3 · 低音节奏感紧张气氛渲染无损音效素材包）/01 - Percussion/Percussion - Space/SP 13 Dark Kick C.wav	
/volume1/主目录/Collection/素材&模板&音库/音效/02_中文音效合集/大气深沉3【音效：低音节奏感紧张气氛渲染无损音效素材包】/Endurance_SFX/Endurance SFX - WAV/01 - Percussion/Percussion - Space/SP 26 Electricity.wav	Endurance SFX（大气深沉3 · 低音节奏感紧张气氛渲染无损音效素材包）/01 - Percussion/Percussion - Space/SP 26 Electricity.wav	
/volume1/主目录/Collection/素材&模板&音库/音效/02_中文音效合集/大气深沉3【音效：低音节奏感紧张气氛渲染无损音效素材包】/Endurance_SFX/Endurance SFX - WAV/01 - Percussion/Percussion - Space/SP 20 Echo Hit.wav	Endurance SFX（大气深沉3 · 低音节奏感紧张气氛渲染无损音效素材包）/01 - Percussion/Percussion - Space/SP 20 Echo Hit.wav	
/volume1/主目录/Collection/素材&模板&音库/音效/02_中文音效合集/大气深沉3【音效：低音节奏感紧张气氛渲染无损音效素材包】/Endurance_SFX/Endurance SFX - WAV/01 - Percussion/Percussion - Space/SP 07 Thunder Drums.wav	Endurance SFX（大气深沉3 · 低音节奏感紧张气氛渲染无损音效素材包）/01 - Percussion/Percussion - Space/SP 07 Thunder Drums.wav	
/volume1/主目录/Collection/素材&模板&音库/音效/02_中文音效合集/大气深沉3【音效：低音节奏感紧张气氛渲染无损音效素材包】/Endurance_SFX/Endurance SFX - WAV/01 - Percussion/Percussion - Space/SP 21 Rimshot.wav	Endurance SFX（大气深沉3 · 低音节奏感紧张气氛渲染无损音效素材包）/01 - Percussion/Percussion - Space/SP 21 Rimshot.wav	
/volume1/主目录/Collection/素材&模板&音库/音效/02_中文音效合集/大气深沉3【音效：低音节奏感紧张气氛渲染无损音效素材包】/Endurance_SFX/Endurance SFX - WAV/01 - Percussion/Percussion - Space/SP 17 Metal Echoes.wav	Endurance SFX（大气深沉3 · 低音节奏感紧张气氛渲染无损音效素材包）/01 - Percussion/Percussion - Space/SP 17 Metal Echoes.wav	
/volume1/主目录/Collection/素材&模板&音库/音效/02_中文音效合集/大气深沉3【音效：低音节奏感紧张气氛渲染无损音效素材包】/Endurance_SFX/Endurance SFX - WAV/01 - Percussion/Percussion - Space/SP 18 Alley Beat.wav	Endurance SFX（大气深沉3 · 低音节奏感紧张气氛渲染无损音效素材包）/01 - Percussion/Percussion - Space/SP 18 Alley Beat.wav	
/volume1/主目录/Collection/素材&模板&音库/音效/02_中文音效合集/大气深沉3【音效：低音节奏感紧张气氛渲染无损音效素材包】/Endurance_SFX/Endurance SFX - WAV/01 - Percussion/Percussion - Space/SP Closers/SP 09 Boom Pop C.wav	Endurance SFX（大气深沉3 · 低音节奏感紧张气氛渲染无损音效素材包）/01 - Percussion/Percussion - Space/SP Closers/SP 09 Boom Pop C.wav	
/volume1/主目录/Collection/素材&模板&音库/音效/02_中文音效合集/大气深沉3【音效：低音节奏感紧张气氛渲染无损音效素材包】/Endurance_SFX/Endurance SFX - WAV/01 - Percussion/Percussion - Space/SP Closers/SP 08 Boom Pop B.wav	Endurance SFX（大气深沉3 · 低音节奏感紧张气氛渲染无损音效素材包）/01 - Percussion/Percussion - Space/SP Closers/SP 08 Boom Pop B.wav	
/volume1/主目录/Collection/素材&模板&音库/音效/02_中文音效合集/大气深沉3【音效：低音节奏感紧张气氛渲染无损音效素材包】/Endurance_SFX/Endurance SFX - WAV/01 - Percussion/Percussion - Space/SP Closers/SP 06 Simple Set.wav	Endurance SFX（大气深沉3 · 低音节奏感紧张气氛渲染无损音效素材包）/01 - Percussion/Percussion - Space/SP Closers/SP 06 Simple Set.wav	
/volume1/主目录/Collection/素材&模板&音库/音效/02_中文音效合集/大气深沉3【音效：低音节奏感紧张气氛渲染无损音效素材包】/Endurance_SFX/Endurance SFX - WAV/01 - Percussion/Percussion - Space/SP Closers/SP 10 Future Kick.wav	Endurance SFX（大气深沉3 · 低音节奏感紧张气氛渲染无损音效素材包）/01 - Percussion/Percussion - Space/SP Closers/SP 10 Future Kick.wav	
/volume1/主目录/Collection/素材&模板&音库/音效/02_中文音效合集/大气深沉3【音效：低音节奏感紧张气氛渲染无损音效素材包】/Endurance_SFX/Endurance SFX - WAV/01 - Percussion/Percussion - Space/SP Closers/SP 04 Massive Hits B.wav	Endurance SFX（大气深沉3 · 低音节奏感紧张气氛渲染无损音效素材包）/01 - Percussion/Percussion - Space/SP Closers/SP 04 Massive Hits B.wav	
/volume1/主目录/Collection/素材&模板&音库/音效/02_中文音效合集/大气深沉3【音效：低音节奏感紧张气氛渲染无损音效素材包】/Endurance_SFX/Endurance SFX - WAV/01 - Percussion/Percussion - Space/SP Closers/SP 05 Massive Hits C.wav	Endurance SFX（大气深沉3 · 低音节奏感紧张气氛渲染无损音效素材包）/01 - Percussion/Percussion - Space/SP Closers/SP 05 Massive Hits C.wav	
/volume1/主目录/Collection/素材&模板&音库/音效/02_中文音效合集/大气深沉3【音效：低音节奏感紧张气氛渲染无损音效素材包】/Endurance_SFX/Endurance SFX - WAV/01 - Percussion/Percussion - Space/SP Closers/SP 02 Bank Heist B.wav	Endurance SFX（大气深沉3 · 低音节奏感紧张气氛渲染无损音效素材包）/01 - Percussion/Percussion - Space/SP Closers/SP 02 Bank Heist B.wav	
/volume1/主目录/Collection/素材&模板&音库/音效/02_中文音效合集/大气深沉3【音效：低音节奏感紧张气氛渲染无损音效素材包】/Endurance_SFX/Endurance SFX - WAV/01 - Percussion/Percussion - Space/SP Closers/SP 01 Bank Heist A.wav	Endurance SFX（大气深沉3 · 低音节奏感紧张气氛渲染无损音效素材包）/01 - Percussion/Percussion - Space/SP Closers/SP 01 Bank Heist A.wav	
/volume1/主目录/Collection/素材&模板&音库/音效/02_中文音效合集/大气深沉3【音效：低音节奏感紧张气氛渲染无损音效素材包】/Endurance_SFX/Endurance SFX - WAV/01 - Percussion/Percussion - Space/SP Closers/SP 07 Boom Pop A.wav	Endurance SFX（大气深沉3 · 低音节奏感紧张气氛渲染无损音效素材包）/01 - Percussion/Percussion - Space/SP Closers/SP 07 Boom Pop A.wav	
/volume1/主目录/Collection/素材&模板&音库/音效/02_中文音效合集/大气深沉3【音效：低音节奏感紧张气氛渲染无损音效素材包】/Endurance_SFX/Endurance SFX - WAV/01 - Percussion/Percussion - Space/SP Closers/SP 03 Massive Hits A.wav	Endurance SFX（大气深沉3 · 低音节奏感紧张气氛渲染无损音效素材包）/01 - Percussion/Percussion - Space/SP Closers/SP 03 Massive Hits A.wav	
/volume1/主目录/Collection/素材&模板&音库/音效/02_中文音效合集/大气深沉3【音效：低音节奏感紧张气氛渲染无损音效素材包】/Endurance_SFX/Endurance SFX - WAV/01 - Percussion/Percussion - Silk/SL 19 Simple Set.wav	Endurance SFX（大气深沉3 · 低音节奏感紧张气氛渲染无损音效素材包）/01 - Percussion/Percussion - Silk/SL 19 Simple Set.wav	
/volume1/主目录/Collection/素材&模板&音库/音效/02_中文音效合集/大气深沉3【音效：低音节奏感紧张气氛渲染无损音效素材包】/Endurance_SFX/Endurance SFX - WAV/01 - Percussion/Percussion - Silk/SL 14 Chamber Hits A.wav	Endurance SFX（大气深沉3 · 低音节奏感紧张气氛渲染无损音效素材包）/01 - Percussion/Percussion - Silk/SL 14 Chamber Hits A.wav	
/volume1/主目录/Collection/素材&模板&音库/音效/02_中文音效合集/大气深沉3【音效：低音节奏感紧张气氛渲染无损音效素材包】/Endurance_SFX/Endurance SFX - WAV/01 - Percussion/Percussion - Silk/SL 25 Crunchy Hits.wav	Endurance SFX（大气深沉3 · 低音节奏感紧张气氛渲染无损音效素材包）/01 - Percussion/Percussion - Silk/SL 25 Crunchy Hits.wav	
/volume1/主目录/Collection/素材&模板&音库/音效/02_中文音效合集/大气深沉3【音效：低音节奏感紧张气氛渲染无损音效素材包】/Endurance_SFX/Endurance SFX - WAV/01 - Percussion/Percussion - Silk/SL 15 Chamber Hits B.wav	Endurance SFX（大气深沉3 · 低音节奏感紧张气氛渲染无损音效素材包）/01 - Percussion/Percussion - Silk/SL 15 Chamber Hits B.wav	
/volume1/主目录/Collection/素材&模板&音库/音效/02_中文音效合集/大气深沉3【音效：低音节奏感紧张气氛渲染无损音效素材包】/Endurance_SFX/Endurance SFX - WAV/01 - Percussion/Percussion - Silk/SL 23 Dark Toms.wav	Endurance SFX（大气深沉3 · 低音节奏感紧张气氛渲染无损音效素材包）/01 - Percussion/Percussion - Silk/SL 23 Dark Toms.wav	
/volume1/主目录/Collection/素材&模板&音库/音效/02_中文音效合集/大气深沉3【音效：低音节奏感紧张气氛渲染无损音效素材包】/Endurance_SFX/Endurance SFX - WAV/01 - Percussion/Percussion - Silk/SL 08 Game Face.wav	Endurance SFX（大气深沉3 · 低音节奏感紧张气氛渲染无损音效素材包）/01 - Percussion/Percussion - Silk/SL 08 Game Face.wav	
/volume1/主目录/Collection/素材&模板&音库/音效/02_中文音效合集/大气深沉3【音效：低音节奏感紧张气氛渲染无损音效素材包】/Endurance_SFX/Endurance SFX - WAV/01 - Percussion/Percussion - Silk/SL 11 Dark Kick A.wav	Endurance SFX（大气深沉3 · 低音节奏感紧张气氛渲染无损音效素材包）/01 - Percussion/Percussion - Silk/SL 11 Dark Kick A.wav	
/volume1/主目录/Collection/素材&模板&音库/音效/02_中文音效合集/大气深沉3【音效：低音节奏感紧张气氛渲染无损音效素材包】/Endurance_SFX/Endurance SFX - WAV/01 - Percussion/Percussion - Silk/SL 17 Metal Echoes.wav	Endurance SFX（大气深沉3 · 低音节奏感紧张气氛渲染无损音效素材包）/01 - Percussion/Percussion - Silk/SL 17 Metal Echoes.wav	
/volume1/主目录/Collection/素材&模板&音库/音效/02_中文音效合集/大气深沉3【音效：低音节奏感紧张气氛渲染无损音效素材包】/Endurance_SFX/Endurance SFX - WAV/01 - Percussion/Percussion - Silk/SL 12 Dark Kick B.wav	Endurance SFX（大气深沉3 · 低音节奏感紧张气氛渲染无损音效素材包）/01 - Percussion/Percussion - Silk/SL 12 Dark Kick B.wav	
/volume1/主目录/Collection/素材&模板&音库/音效/02_中文音效合集/大气深沉3【音效：低音节奏感紧张气氛渲染无损音效素材包】/Endurance_SFX/Endurance SFX - WAV/01 - Percussion/Percussion - Silk/SL 04 Training Day B.wav	Endurance SFX（大气深沉3 · 低音节奏感紧张气氛渲染无损音效素材包）/01 - Percussion/Percussion - Silk/SL 04 Training Day B.wav	
/volume1/主目录/Collection/素材&模板&音库/音效/02_中文音效合集/大气深沉3【音效：低音节奏感紧张气氛渲染无损音效素材包】/Endurance_SFX/Endurance SFX - WAV/01 - Percussion/Percussion - Silk/SL 28 Drop Beat.wav	Endurance SFX（大气深沉3 · 低音节奏感紧张气氛渲染无损音效素材包）/01 - Percussion/Percussion - Silk/SL 28 Drop Beat.wav	
/volume1/主目录/Collection/素材&模板&音库/音效/02_中文音效合集/大气深沉3【音效：低音节奏感紧张气氛渲染无损音效素材包】/Endurance_SFX/Endurance SFX - WAV/01 - Percussion/Percussion - Silk/SL 06 Deep Beat B.wav	Endurance SFX（大气深沉3 · 低音节奏感紧张气氛渲染无损音效素材包）/01 - Percussion/Percussion - Silk/SL 06 Deep Beat B.wav	
/volume1/主目录/Collection/素材&模板&音库/音效/02_中文音效合集/大气深沉3【音效：低音节奏感紧张气氛渲染无损音效素材包】/Endurance_SFX/Endurance SFX - WAV/01 - Percussion/Percussion - Silk/SL 02 Bank Heist.wav	Endurance SFX（大气深沉3 · 低音节奏感紧张气氛渲染无损音效素材包）/01 - Percussion/Percussion - Silk/SL 02 Bank Heist.wav	
/volume1/主目录/Collection/素材&模板&音库/音效/02_中文音效合集/大气深沉3【音效：低音节奏感紧张气氛渲染无损音效素材包】/Endurance_SFX/Endurance SFX - WAV/01 - Percussion/Percussion - Silk/SL 07 Thunder Drums.wav	Endurance SFX（大气深沉3 · 低音节奏感紧张气氛渲染无损音效素材包）/01 - Percussion/Percussion - Silk/SL 07 Thunder Drums.wav	
/volume1/主目录/Collection/素材&模板&音库/音效/02_中文音效合集/大气深沉3【音效：低音节奏感紧张气氛渲染无损音效素材包】/Endurance_SFX/Endurance SFX - WAV/01 - Percussion/Percussion - Silk/SL 26 Electricity.wav	Endurance SFX（大气深沉3 · 低音节奏感紧张气氛渲染无损音效素材包）/01 - Percussion/Percussion - Silk/SL 26 Electricity.wav	
/volume1/主目录/Collection/素材&模板&音库/音效/02_中文音效合集/大气深沉3【音效：低音节奏感紧张气氛渲染无损音效素材包】/Endurance_SFX/Endurance SFX - WAV/01 - Percussion/Percussion - Silk/SL 18 Alley Beat.wav	Endurance SFX（大气深沉3 · 低音节奏感紧张气氛渲染无损音效素材包）/01 - Percussion/Percussion - Silk/SL 18 Alley Beat.wav	
/volume1/主目录/Collection/素材&模板&音库/音效/02_中文音效合集/大气深沉3【音效：低音节奏感紧张气氛渲染无损音效素材包】/Endurance_SFX/Endurance SFX - WAV/01 - Percussion/Percussion - Silk/SL 27 Boom Pop.wav	Endurance SFX（大气深沉3 · 低音节奏感紧张气氛渲染无损音效素材包）/01 - Percussion/Percussion - Silk/SL 27 Boom Pop.wav	
/volume1/主目录/Collection/素材&模板&音库/音效/02_中文音效合集/大气深沉3【音效：低音节奏感紧张气氛渲染无损音效素材包】/Endurance_SFX/Endurance SFX - WAV/01 - Percussion/Percussion - Silk/SL 20 Echo Hit.wav	Endurance SFX（大气深沉3 · 低音节奏感紧张气氛渲染无损音效素材包）/01 - Percussion/Percussion - Silk/SL 20 Echo Hit.wav	
/volume1/主目录/Collection/素材&模板&音库/音效/02_中文音效合集/大气深沉3【音效：低音节奏感紧张气氛渲染无损音效素材包】/Endurance_SFX/Endurance SFX - WAV/01 - Percussion/Percussion - Silk/SL 24 Future Kick.wav	Endurance SFX（大气深沉3 · 低音节奏感紧张气氛渲染无损音效素材包）/01 - Percussion/Percussion - Silk/SL 24 Future Kick.wav	
/volume1/主目录/Collection/素材&模板&音库/音效/02_中文音效合集/大气深沉3【音效：低音节奏感紧张气氛渲染无损音效素材包】/Endurance_SFX/Endurance SFX - WAV/01 - Percussion/Percussion - Silk/SL 01 Moving Target.wav	Endurance SFX（大气深沉3 · 低音节奏感紧张气氛渲染无损音效素材包）/01 - Percussion/Percussion - Silk/SL 01 Moving Target.wav	
/volume1/主目录/Collection/素材&模板&音库/音效/02_中文音效合集/大气深沉3【音效：低音节奏感紧张气氛渲染无损音效素材包】/Endurance_SFX/Endurance SFX - WAV/01 - Percussion/Percussion - Silk/SL 13 Dark Kick C.wav	Endurance SFX（大气深沉3 · 低音节奏感紧张气氛渲染无损音效素材包）/01 - Percussion/Percussion - Silk/SL 13 Dark Kick C.wav	
/volume1/主目录/Collection/素材&模板&音库/音效/02_中文音效合集/大气深沉3【音效：低音节奏感紧张气氛渲染无损音效素材包】/Endurance_SFX/Endurance SFX - WAV/01 - Percussion/Percussion - Silk/SL 22 Clean Rhythm.wav	Endurance SFX（大气深沉3 · 低音节奏感紧张气氛渲染无损音效素材包）/01 - Percussion/Percussion - Silk/SL 22 Clean Rhythm.wav	
/volume1/主目录/Collection/素材&模板&音库/音效/02_中文音效合集/大气深沉3【音效：低音节奏感紧张气氛渲染无损音效素材包】/Endurance_SFX/Endurance SFX - WAV/01 - Percussion/Percussion - Silk/SL 03 Training Day A.wav	Endurance SFX（大气深沉3 · 低音节奏感紧张气氛渲染无损音效素材包）/01 - Percussion/Percussion - Silk/SL 03 Training Day A.wav	
/volume1/主目录/Collection/素材&模板&音库/音效/02_中文音效合集/大气深沉3【音效：低音节奏感紧张气氛渲染无损音效素材包】/Endurance_SFX/Endurance SFX - WAV/01 - Percussion/Percussion - Silk/SL 21 Rimshot.wav	Endurance SFX（大气深沉3 · 低音节奏感紧张气氛渲染无损音效素材包）/01 - Percussion/Percussion - Silk/SL 21 Rimshot.wav	
/volume1/主目录/Collection/素材&模板&音库/音效/02_中文音效合集/大气深沉3【音效：低音节奏感紧张气氛渲染无损音效素材包】/Endurance_SFX/Endurance SFX - WAV/01 - Percussion/Percussion - Silk/SL 09 Massive Hits A.wav	Endurance SFX（大气深沉3 · 低音节奏感紧张气氛渲染无损音效素材包）/01 - Percussion/Percussion - Silk/SL 09 Massive Hits A.wav	
/volume1/主目录/Collection/素材&模板&音库/音效/02_中文音效合集/大气深沉3【音效：低音节奏感紧张气氛渲染无损音效素材包】/Endurance_SFX/Endurance SFX - WAV/01 - Percussion/Percussion - Silk/SL 16 Chamber Hits C.wav	Endurance SFX（大气深沉3 · 低音节奏感紧张气氛渲染无损音效素材包）/01 - Percussion/Percussion - Silk/SL 16 Chamber Hits C.wav	
/volume1/主目录/Collection/素材&模板&音库/音效/02_中文音效合集/大气深沉3【音效：低音节奏感紧张气氛渲染无损音效素材包】/Endurance_SFX/Endurance SFX - WAV/01 - Percussion/Percussion - Silk/SL 10 Massive Hits B.wav	Endurance SFX（大气深沉3 · 低音节奏感紧张气氛渲染无损音效素材包）/01 - Percussion/Percussion - Silk/SL 10 Massive Hits B.wav	
/volume1/主目录/Collection/素材&模板&音库/音效/02_中文音效合集/大气深沉3【音效：低音节奏感紧张气氛渲染无损音效素材包】/Endurance_SFX/Endurance SFX - WAV/01 - Percussion/Percussion - Silk/SL 05 Deep Beat A.wav	Endurance SFX（大气深沉3 · 低音节奏感紧张气氛渲染无损音效素材包）/01 - Percussion/Percussion - Silk/SL 05 Deep Beat A.wav	
/volume1/主目录/Collection/素材&模板&音库/音效/02_中文音效合集/大气深沉3【音效：低音节奏感紧张气氛渲染无损音效素材包】/Endurance_SFX/Endurance SFX - WAV/01 - Percussion/Percussion - Silk/SL Closers/SL 10 Future Kick.wav	Endurance SFX（大气深沉3 · 低音节奏感紧张气氛渲染无损音效素材包）/01 - Percussion/Percussion - Silk/SL Closers/SL 10 Future Kick.wav	
/volume1/主目录/Collection/素材&模板&音库/音效/02_中文音效合集/大气深沉3【音效：低音节奏感紧张气氛渲染无损音效素材包】/Endurance_SFX/Endurance SFX - WAV/01 - Percussion/Percussion - Silk/SL Closers/SL 06 Simple Set.wav	Endurance SFX（大气深沉3 · 低音节奏感紧张气氛渲染无损音效素材包）/01 - Percussion/Percussion - Silk/SL Closers/SL 06 Simple Set.wav	
/volume1/主目录/Collection/素材&模板&音库/音效/02_中文音效合集/大气深沉3【音效：低音节奏感紧张气氛渲染无损音效素材包】/Endurance_SFX/Endurance SFX - WAV/01 - Percussion/Percussion - Silk/SL Closers/SL 05 Massive Hits C.wav	Endurance SFX（大气深沉3 · 低音节奏感紧张气氛渲染无损音效素材包）/01 - Percussion/Percussion - Silk/SL Closers/SL 05 Massive Hits C.wav	
/volume1/主目录/Collection/素材&模板&音库/音效/02_中文音效合集/大气深沉3【音效：低音节奏感紧张气氛渲染无损音效素材包】/Endurance_SFX/Endurance SFX - WAV/01 - Percussion/Percussion - Silk/SL Closers/SL 08 Boom Pop B.wav	Endurance SFX（大气深沉3 · 低音节奏感紧张气氛渲染无损音效素材包）/01 - Percussion/Percussion - Silk/SL Closers/SL 08 Boom Pop B.wav	
/volume1/主目录/Collection/素材&模板&音库/音效/02_中文音效合集/大气深沉3【音效：低音节奏感紧张气氛渲染无损音效素材包】/Endurance_SFX/Endurance SFX - WAV/01 - Percussion/Percussion - Silk/SL Closers/SL 02 Bank Heist B.wav	Endurance SFX（大气深沉3 · 低音节奏感紧张气氛渲染无损音效素材包）/01 - Percussion/Percussion - Silk/SL Closers/SL 02 Bank Heist B.wav	
/volume1/主目录/Collection/素材&模板&音库/音效/02_中文音效合集/大气深沉3【音效：低音节奏感紧张气氛渲染无损音效素材包】/Endurance_SFX/Endurance SFX - WAV/01 - Percussion/Percussion - Silk/SL Closers/SL 09 Boom Pop C.wav	Endurance SFX（大气深沉3 · 低音节奏感紧张气氛渲染无损音效素材包）/01 - Percussion/Percussion - Silk/SL Closers/SL 09 Boom Pop C.wav	
/volume1/主目录/Collection/素材&模板&音库/音效/02_中文音效合集/大气深沉3【音效：低音节奏感紧张气氛渲染无损音效素材包】/Endurance_SFX/Endurance SFX - WAV/01 - Percussion/Percussion - Silk/SL Closers/SL 03 Massive Hits A.wav	Endurance SFX（大气深沉3 · 低音节奏感紧张气氛渲染无损音效素材包）/01 - Percussion/Percussion - Silk/SL Closers/SL 03 Massive Hits A.wav	
/volume1/主目录/Collection/素材&模板&音库/音效/02_中文音效合集/大气深沉3【音效：低音节奏感紧张气氛渲染无损音效素材包】/Endurance_SFX/Endurance SFX - WAV/01 - Percussion/Percussion - Silk/SL Closers/SL 04 Massive Hits B.wav	Endurance SFX（大气深沉3 · 低音节奏感紧张气氛渲染无损音效素材包）/01 - Percussion/Percussion - Silk/SL Closers/SL 04 Massive Hits B.wav	
/volume1/主目录/Collection/素材&模板&音库/音效/02_中文音效合集/大气深沉3【音效：低音节奏感紧张气氛渲染无损音效素材包】/Endurance_SFX/Endurance SFX - WAV/01 - Percussion/Percussion - Silk/SL Closers/SL 01 Bank Heist A.wav	Endurance SFX（大气深沉3 · 低音节奏感紧张气氛渲染无损音效素材包）/01 - Percussion/Percussion - Silk/SL Closers/SL 01 Bank Heist A.wav	
/volume1/主目录/Collection/素材&模板&音库/音效/02_中文音效合集/大气深沉3【音效：低音节奏感紧张气氛渲染无损音效素材包】/Endurance_SFX/Endurance SFX - WAV/01 - Percussion/Percussion - Silk/SL Closers/SL 07 Boom Pop A.wav	Endurance SFX（大气深沉3 · 低音节奏感紧张气氛渲染无损音效素材包）/01 - Percussion/Percussion - Silk/SL Closers/SL 07 Boom Pop A.wav	
/volume1/主目录/Collection/素材&模板&音库/音效/02_中文音效合集/大气深沉3【音效：低音节奏感紧张气氛渲染无损音效素材包】/Endurance_SFX/Endurance SFX - WAV/01 - Percussion/Percussion/07 Thunder Drums.wav	Endurance SFX（大气深沉3 · 低音节奏感紧张气氛渲染无损音效素材包）/01 - Percussion/Percussion/07 Thunder Drums.wav	
/volume1/主目录/Collection/素材&模板&音库/音效/02_中文音效合集/大气深沉3【音效：低音节奏感紧张气氛渲染无损音效素材包】/Endurance_SFX/Endurance SFX - WAV/01 - Percussion/Percussion/19 Simple Set.wav	Endurance SFX（大气深沉3 · 低音节奏感紧张气氛渲染无损音效素材包）/01 - Percussion/Percussion/19 Simple Set.wav	
/volume1/主目录/Collection/素材&模板&音库/音效/02_中文音效合集/大气深沉3【音效：低音节奏感紧张气氛渲染无损音效素材包】/Endurance_SFX/Endurance SFX - WAV/01 - Percussion/Percussion/25 Crunchy Hits.wav	Endurance SFX（大气深沉3 · 低音节奏感紧张气氛渲染无损音效素材包）/01 - Percussion/Percussion/25 Crunchy Hits.wav	
/volume1/主目录/Collection/素材&模板&音库/音效/02_中文音效合集/大气深沉3【音效：低音节奏感紧张气氛渲染无损音效素材包】/Endurance_SFX/Endurance SFX - WAV/01 - Percussion/Percussion/04 Training Day B.wav	Endurance SFX（大气深沉3 · 低音节奏感紧张气氛渲染无损音效素材包）/01 - Percussion/Percussion/04 Training Day B.wav	
/volume1/主目录/Collection/素材&模板&音库/音效/02_中文音效合集/大气深沉3【音效：低音节奏感紧张气氛渲染无损音效素材包】/Endurance_SFX/Endurance SFX - WAV/01 - Percussion/Percussion/20 Echo Hit.wav	Endurance SFX（大气深沉3 · 低音节奏感紧张气氛渲染无损音效素材包）/01 - Percussion/Percussion/20 Echo Hit.wav	
/volume1/主目录/Collection/素材&模板&音库/音效/02_中文音效合集/大气深沉3【音效：低音节奏感紧张气氛渲染无损音效素材包】/Endurance_SFX/Endurance SFX - WAV/01 - Percussion/Percussion/21 Rimshot.wav	Endurance SFX（大气深沉3 · 低音节奏感紧张气氛渲染无损音效素材包）/01 - Percussion/Percussion/21 Rimshot.wav	
/volume1/主目录/Collection/素材&模板&音库/音效/02_中文音效合集/大气深沉3【音效：低音节奏感紧张气氛渲染无损音效素材包】/Endurance_SFX/Endurance SFX - WAV/01 - Percussion/Percussion/12 Dark Kick B.wav	Endurance SFX（大气深沉3 · 低音节奏感紧张气氛渲染无损音效素材包）/01 - Percussion/Percussion/12 Dark Kick B.wav	
/volume1/主目录/Collection/素材&模板&音库/音效/02_中文音效合集/大气深沉3【音效：低音节奏感紧张气氛渲染无损音效素材包】/Endurance_SFX/Endurance SFX - WAV/01 - Percussion/Percussion/02 Bank Heist.wav	Endurance SFX（大气深沉3 · 低音节奏感紧张气氛渲染无损音效素材包）/01 - Percussion/Percussion/02 Bank Heist.wav	
/volume1/主目录/Collection/素材&模板&音库/音效/02_中文音效合集/大气深沉3【音效：低音节奏感紧张气氛渲染无损音效素材包】/Endurance_SFX/Endurance SFX - WAV/01 - Percussion/Percussion/27 Boom Pop.wav	Endurance SFX（大气深沉3 · 低音节奏感紧张气氛渲染无损音效素材包）/01 - Percussion/Percussion/27 Boom Pop.wav	
/volume1/主目录/Collection/素材&模板&音库/音效/02_中文音效合集/大气深沉3【音效：低音节奏感紧张气氛渲染无损音效素材包】/Endurance_SFX/Endurance SFX - WAV/01 - Percussion/Percussion/05 Deep Beat A.wav	Endurance SFX（大气深沉3 · 低音节奏感紧张气氛渲染无损音效素材包）/01 - Percussion/Percussion/05 Deep Beat A.wav	
/volume1/主目录/Collection/素材&模板&音库/音效/02_中文音效合集/大气深沉3【音效：低音节奏感紧张气氛渲染无损音效素材包】/Endurance_SFX/Endurance SFX - WAV/01 - Percussion/Percussion/17 Metal Echoes.wav	Endurance SFX（大气深沉3 · 低音节奏感紧张气氛渲染无损音效素材包）/01 - Percussion/Percussion/17 Metal Echoes.wav	
/volume1/主目录/Collection/素材&模板&音库/音效/02_中文音效合集/大气深沉3【音效：低音节奏感紧张气氛渲染无损音效素材包】/Endurance_SFX/Endurance SFX - WAV/01 - Percussion/Percussion/01 Moving Target.wav	Endurance SFX（大气深沉3 · 低音节奏感紧张气氛渲染无损音效素材包）/01 - Percussion/Percussion/01 Moving Target.wav	
/volume1/主目录/Collection/素材&模板&音库/音效/02_中文音效合集/大气深沉3【音效：低音节奏感紧张气氛渲染无损音效素材包】/Endurance_SFX/Endurance SFX - WAV/01 - Percussion/Percussion/16 Chamber Hits C.wav	Endurance SFX（大气深沉3 · 低音节奏感紧张气氛渲染无损音效素材包）/01 - Percussion/Percussion/16 Chamber Hits C.wav	
/volume1/主目录/Collection/素材&模板&音库/音效/02_中文音效合集/大气深沉3【音效：低音节奏感紧张气氛渲染无损音效素材包】/Endurance_SFX/Endurance SFX - WAV/01 - Percussion/Percussion/28 Drop Beat.wav	Endurance SFX（大气深沉3 · 低音节奏感紧张气氛渲染无损音效素材包）/01 - Percussion/Percussion/28 Drop Beat.wav	
/volume1/主目录/Collection/素材&模板&音库/音效/02_中文音效合集/大气深沉3【音效：低音节奏感紧张气氛渲染无损音效素材包】/Endurance_SFX/Endurance SFX - WAV/01 - Percussion/Percussion/10 Massive Hits B.wav	Endurance SFX（大气深沉3 · 低音节奏感紧张气氛渲染无损音效素材包）/01 - Percussion/Percussion/10 Massive Hits B.wav	
/volume1/主目录/Collection/素材&模板&音库/音效/02_中文音效合集/大气深沉3【音效：低音节奏感紧张气氛渲染无损音效素材包】/Endurance_SFX/Endurance SFX - WAV/01 - Percussion/Percussion/15 Chamber Hits B.wav	Endurance SFX（大气深沉3 · 低音节奏感紧张气氛渲染无损音效素材包）/01 - Percussion/Percussion/15 Chamber Hits B.wav	
/volume1/主目录/Collection/素材&模板&音库/音效/02_中文音效合集/大气深沉3【音效：低音节奏感紧张气氛渲染无损音效素材包】/Endurance_SFX/Endurance SFX - WAV/01 - Percussion/Percussion/26 Electricity.wav	Endurance SFX（大气深沉3 · 低音节奏感紧张气氛渲染无损音效素材包）/01 - Percussion/Percussion/26 Electricity.wav	
/volume1/主目录/Collection/素材&模板&音库/音效/02_中文音效合集/大气深沉3【音效：低音节奏感紧张气氛渲染无损音效素材包】/Endurance_SFX/Endurance SFX - WAV/01 - Percussion/Percussion/24 Future Kick.wav	Endurance SFX（大气深沉3 · 低音节奏感紧张气氛渲染无损音效素材包）/01 - Percussion/Percussion/24 Future Kick.wav	
/volume1/主目录/Collection/素材&模板&音库/音效/02_中文音效合集/大气深沉3【音效：低音节奏感紧张气氛渲染无损音效素材包】/Endurance_SFX/Endurance SFX - WAV/01 - Percussion/Percussion/14 Chamber Hits A.wav	Endurance SFX（大气深沉3 · 低音节奏感紧张气氛渲染无损音效素材包）/01 - Percussion/Percussion/14 Chamber Hits A.wav	
/volume1/主目录/Collection/素材&模板&音库/音效/02_中文音效合集/大气深沉3【音效：低音节奏感紧张气氛渲染无损音效素材包】/Endurance_SFX/Endurance SFX - WAV/01 - Percussion/Percussion/23 Dark Toms.wav	Endurance SFX（大气深沉3 · 低音节奏感紧张气氛渲染无损音效素材包）/01 - Percussion/Percussion/23 Dark Toms.wav	
/volume1/主目录/Collection/素材&模板&音库/音效/02_中文音效合集/大气深沉3【音效：低音节奏感紧张气氛渲染无损音效素材包】/Endurance_SFX/Endurance SFX - WAV/01 - Percussion/Percussion/13 Dark Kick C.wav	Endurance SFX（大气深沉3 · 低音节奏感紧张气氛渲染无损音效素材包）/01 - Percussion/Percussion/13 Dark Kick C.wav	
/volume1/主目录/Collection/素材&模板&音库/音效/02_中文音效合集/大气深沉3【音效：低音节奏感紧张气氛渲染无损音效素材包】/Endurance_SFX/Endurance SFX - WAV/01 - Percussion/Percussion/03 Training Day A.wav	Endurance SFX（大气深沉3 · 低音节奏感紧张气氛渲染无损音效素材包）/01 - Percussion/Percussion/03 Training Day A.wav	
/volume1/主目录/Collection/素材&模板&音库/音效/02_中文音效合集/大气深沉3【音效：低音节奏感紧张气氛渲染无损音效素材包】/Endurance_SFX/Endurance SFX - WAV/01 - Percussion/Percussion/06 Deep Beat B.wav	Endurance SFX（大气深沉3 · 低音节奏感紧张气氛渲染无损音效素材包）/01 - Percussion/Percussion/06 Deep Beat B.wav	
/volume1/主目录/Collection/素材&模板&音库/音效/02_中文音效合集/大气深沉3【音效：低音节奏感紧张气氛渲染无损音效素材包】/Endurance_SFX/Endurance SFX - WAV/01 - Percussion/Percussion/08 Game Face.wav	Endurance SFX（大气深沉3 · 低音节奏感紧张气氛渲染无损音效素材包）/01 - Percussion/Percussion/08 Game Face.wav	
/volume1/主目录/Collection/素材&模板&音库/音效/02_中文音效合集/大气深沉3【音效：低音节奏感紧张气氛渲染无损音效素材包】/Endurance_SFX/Endurance SFX - WAV/01 - Percussion/Percussion/18 Alley Beat.wav	Endurance SFX（大气深沉3 · 低音节奏感紧张气氛渲染无损音效素材包）/01 - Percussion/Percussion/18 Alley Beat.wav	
/volume1/主目录/Collection/素材&模板&音库/音效/02_中文音效合集/大气深沉3【音效：低音节奏感紧张气氛渲染无损音效素材包】/Endurance_SFX/Endurance SFX - WAV/01 - Percussion/Percussion/09 Massive Hits A.wav	Endurance SFX（大气深沉3 · 低音节奏感紧张气氛渲染无损音效素材包）/01 - Percussion/Percussion/09 Massive Hits A.wav	
/volume1/主目录/Collection/素材&模板&音库/音效/02_中文音效合集/大气深沉3【音效：低音节奏感紧张气氛渲染无损音效素材包】/Endurance_SFX/Endurance SFX - WAV/01 - Percussion/Percussion/22 Clean Rhythm.wav	Endurance SFX（大气深沉3 · 低音节奏感紧张气氛渲染无损音效素材包）/01 - Percussion/Percussion/22 Clean Rhythm.wav	
/volume1/主目录/Collection/素材&模板&音库/音效/02_中文音效合集/大气深沉3【音效：低音节奏感紧张气氛渲染无损音效素材包】/Endurance_SFX/Endurance SFX - WAV/01 - Percussion/Percussion/11 Dark Kick A.wav	Endurance SFX（大气深沉3 · 低音节奏感紧张气氛渲染无损音效素材包）/01 - Percussion/Percussion/11 Dark Kick A.wav	
/volume1/主目录/Collection/素材&模板&音库/音效/02_中文音效合集/大气深沉3【音效：低音节奏感紧张气氛渲染无损音效素材包】/Endurance_SFX/Endurance SFX - WAV/01 - Percussion/Percussion/Closers/07 Boom Pop A.wav	Endurance SFX（大气深沉3 · 低音节奏感紧张气氛渲染无损音效素材包）/01 - Percussion/Percussion/Closers/07 Boom Pop A.wav	
/volume1/主目录/Collection/素材&模板&音库/音效/02_中文音效合集/大气深沉3【音效：低音节奏感紧张气氛渲染无损音效素材包】/Endurance_SFX/Endurance SFX - WAV/01 - Percussion/Percussion/Closers/06 Simple Set.wav	Endurance SFX（大气深沉3 · 低音节奏感紧张气氛渲染无损音效素材包）/01 - Percussion/Percussion/Closers/06 Simple Set.wav	
/volume1/主目录/Collection/素材&模板&音库/音效/02_中文音效合集/大气深沉3【音效：低音节奏感紧张气氛渲染无损音效素材包】/Endurance_SFX/Endurance SFX - WAV/01 - Percussion/Percussion/Closers/05 Massive Hits C.wav	Endurance SFX（大气深沉3 · 低音节奏感紧张气氛渲染无损音效素材包）/01 - Percussion/Percussion/Closers/05 Massive Hits C.wav	
/volume1/主目录/Collection/素材&模板&音库/音效/02_中文音效合集/大气深沉3【音效：低音节奏感紧张气氛渲染无损音效素材包】/Endurance_SFX/Endurance SFX - WAV/01 - Percussion/Percussion/Closers/03 Massive Hits A.wav	Endurance SFX（大气深沉3 · 低音节奏感紧张气氛渲染无损音效素材包）/01 - Percussion/Percussion/Closers/03 Massive Hits A.wav	
/volume1/主目录/Collection/素材&模板&音库/音效/02_中文音效合集/大气深沉3【音效：低音节奏感紧张气氛渲染无损音效素材包】/Endurance_SFX/Endurance SFX - WAV/01 - Percussion/Percussion/Closers/02 Bank Heist B.wav	Endurance SFX（大气深沉3 · 低音节奏感紧张气氛渲染无损音效素材包）/01 - Percussion/Percussion/Closers/02 Bank Heist B.wav	
/volume1/主目录/Collection/素材&模板&音库/音效/02_中文音效合集/大气深沉3【音效：低音节奏感紧张气氛渲染无损音效素材包】/Endurance_SFX/Endurance SFX - WAV/01 - Percussion/Percussion/Closers/01 Bank Heist A.wav	Endurance SFX（大气深沉3 · 低音节奏感紧张气氛渲染无损音效素材包）/01 - Percussion/Percussion/Closers/01 Bank Heist A.wav	
/volume1/主目录/Collection/素材&模板&音库/音效/02_中文音效合集/大气深沉3【音效：低音节奏感紧张气氛渲染无损音效素材包】/Endurance_SFX/Endurance SFX - WAV/01 - Percussion/Percussion/Closers/04 Massive Hits B.wav	Endurance SFX（大气深沉3 · 低音节奏感紧张气氛渲染无损音效素材包）/01 - Percussion/Percussion/Closers/04 Massive Hits B.wav	
/volume1/主目录/Collection/素材&模板&音库/音效/02_中文音效合集/大气深沉3【音效：低音节奏感紧张气氛渲染无损音效素材包】/Endurance_SFX/Endurance SFX - WAV/01 - Percussion/Percussion/Closers/08 Boom Pop B.wav	Endurance SFX（大气深沉3 · 低音节奏感紧张气氛渲染无损音效素材包）/01 - Percussion/Percussion/Closers/08 Boom Pop B.wav	
/volume1/主目录/Collection/素材&模板&音库/音效/02_中文音效合集/大气深沉3【音效：低音节奏感紧张气氛渲染无损音效素材包】/Endurance_SFX/Endurance SFX - WAV/01 - Percussion/Percussion/Closers/10 Future Kick.wav	Endurance SFX（大气深沉3 · 低音节奏感紧张气氛渲染无损音效素材包）/01 - Percussion/Percussion/Closers/10 Future Kick.wav	
/volume1/主目录/Collection/素材&模板&音库/音效/02_中文音效合集/大气深沉3【音效：低音节奏感紧张气氛渲染无损音效素材包】/Endurance_SFX/Endurance SFX - WAV/01 - Percussion/Percussion/Closers/09 Boom Pop C.wav	Endurance SFX（大气深沉3 · 低音节奏感紧张气氛渲染无损音效素材包）/01 - Percussion/Percussion/Closers/09 Boom Pop C.wav	
/volume1/主目录/Collection/素材&模板&音库/音效/02_中文音效合集/大气深沉3【音效：低音节奏感紧张气氛渲染无损音效素材包】/Endurance_SFX/Endurance SFX - WAV/01 - Percussion/Percussion - Distortion/DS 08 Game Face.wav	Endurance SFX（大气深沉3 · 低音节奏感紧张气氛渲染无损音效素材包）/01 - Percussion/Percussion - Distortion/DS 08 Game Face.wav	
/volume1/主目录/Collection/素材&模板&音库/音效/02_中文音效合集/大气深沉3【音效：低音节奏感紧张气氛渲染无损音效素材包】/Endurance_SFX/Endurance SFX - WAV/01 - Percussion/Percussion - Distortion/DS 15 Chamber Hits B.wav	Endurance SFX（大气深沉3 · 低音节奏感紧张气氛渲染无损音效素材包）/01 - Percussion/Percussion - Distortion/DS 15 Chamber Hits B.wav	
/volume1/主目录/Collection/素材&模板&音库/音效/02_中文音效合集/大气深沉3【音效：低音节奏感紧张气氛渲染无损音效素材包】/Endurance_SFX/Endurance SFX - WAV/01 - Percussion/Percussion - Distortion/DS 12 Dark Kick B.wav	Endurance SFX（大气深沉3 · 低音节奏感紧张气氛渲染无损音效素材包）/01 - Percussion/Percussion - Distortion/DS 12 Dark Kick B.wav	
/volume1/主目录/Collection/素材&模板&音库/音效/02_中文音效合集/大气深沉3【音效：低音节奏感紧张气氛渲染无损音效素材包】/Endurance_SFX/Endurance SFX - WAV/01 - Percussion/Percussion - Distortion/DS 13 Dark Kick C.wav	Endurance SFX（大气深沉3 · 低音节奏感紧张气氛渲染无损音效素材包）/01 - Percussion/Percussion - Distortion/DS 13 Dark Kick C.wav	
/volume1/主目录/Collection/素材&模板&音库/音效/02_中文音效合集/大气深沉3【音效：低音节奏感紧张气氛渲染无损音效素材包】/Endurance_SFX/Endurance SFX - WAV/01 - Percussion/Percussion - Distortion/DS 19 Simple Set.wav	Endurance SFX（大气深沉3 · 低音节奏感紧张气氛渲染无损音效素材包）/01 - Percussion/Percussion - Distortion/DS 19 Simple Set.wav	
/volume1/主目录/Collection/素材&模板&音库/音效/02_中文音效合集/大气深沉3【音效：低音节奏感紧张气氛渲染无损音效素材包】/Endurance_SFX/Endurance SFX - WAV/01 - Percussion/Percussion - Distortion/DS 26 Electricity.wav	Endurance SFX（大气深沉3 · 低音节奏感紧张气氛渲染无损音效素材包）/01 - Percussion/Percussion - Distortion/DS 26 Electricity.wav	
/volume1/主目录/Collection/素材&模板&音库/音效/02_中文音效合集/大气深沉3【音效：低音节奏感紧张气氛渲染无损音效素材包】/Endurance_SFX/Endurance SFX - WAV/01 - Percussion/Percussion - Distortion/DS 04 Training Day B.wav	Endurance SFX（大气深沉3 · 低音节奏感紧张气氛渲染无损音效素材包）/01 - Percussion/Percussion - Distortion/DS 04 Training Day B.wav	
/volume1/主目录/Collection/素材&模板&音库/音效/02_中文音效合集/大气深沉3【音效：低音节奏感紧张气氛渲染无损音效素材包】/Endurance_SFX/Endurance SFX - WAV/01 - Percussion/Percussion - Distortion/DS 20 Echo Hit.wav	Endurance SFX（大气深沉3 · 低音节奏感紧张气氛渲染无损音效素材包）/01 - Percussion/Percussion - Distortion/DS 20 Echo Hit.wav	
/volume1/主目录/Collection/素材&模板&音库/音效/02_中文音效合集/大气深沉3【音效：低音节奏感紧张气氛渲染无损音效素材包】/Endurance_SFX/Endurance SFX - WAV/01 - Percussion/Percussion - Distortion/DS 02 Bank Heist.wav	Endurance SFX（大气深沉3 · 低音节奏感紧张气氛渲染无损音效素材包）/01 - Percussion/Percussion - Distortion/DS 02 Bank Heist.wav	
/volume1/主目录/Collection/素材&模板&音库/音效/02_中文音效合集/大气深沉3【音效：低音节奏感紧张气氛渲染无损音效素材包】/Endurance_SFX/Endurance SFX - WAV/01 - Percussion/Percussion - Distortion/DS 23 Dark Toms.wav	Endurance SFX（大气深沉3 · 低音节奏感紧张气氛渲染无损音效素材包）/01 - Percussion/Percussion - Distortion/DS 23 Dark Toms.wav	
/volume1/主目录/Collection/素材&模板&音库/音效/02_中文音效合集/大气深沉3【音效：低音节奏感紧张气氛渲染无损音效素材包】/Endurance_SFX/Endurance SFX - WAV/01 - Percussion/Percussion - Distortion/DS 16 Chamber Hits C.wav	Endurance SFX（大气深沉3 · 低音节奏感紧张气氛渲染无损音效素材包）/01 - Percussion/Percussion - Distortion/DS 16 Chamber Hits C.wav	
/volume1/主目录/Collection/素材&模板&音库/音效/02_中文音效合集/大气深沉3【音效：低音节奏感紧张气氛渲染无损音效素材包】/Endurance_SFX/Endurance SFX - WAV/01 - Percussion/Percussion - Distortion/DS 24 Future Kick.wav	Endurance SFX（大气深沉3 · 低音节奏感紧张气氛渲染无损音效素材包）/01 - Percussion/Percussion - Distortion/DS 24 Future Kick.wav	
/volume1/主目录/Collection/素材&模板&音库/音效/02_中文音效合集/大气深沉3【音效：低音节奏感紧张气氛渲染无损音效素材包】/Endurance_SFX/Endurance SFX - WAV/01 - Percussion/Percussion - Distortion/DS 05 Deep Beat A.wav	Endurance SFX（大气深沉3 · 低音节奏感紧张气氛渲染无损音效素材包）/01 - Percussion/Percussion - Distortion/DS 05 Deep Beat A.wav	
/volume1/主目录/Collection/素材&模板&音库/音效/02_中文音效合集/大气深沉3【音效：低音节奏感紧张气氛渲染无损音效素材包】/Endurance_SFX/Endurance SFX - WAV/01 - Percussion/Percussion - Distortion/DS 17 Metal Echoes.wav	Endurance SFX（大气深沉3 · 低音节奏感紧张气氛渲染无损音效素材包）/01 - Percussion/Percussion - Distortion/DS 17 Metal Echoes.wav	
/volume1/主目录/Collection/素材&模板&音库/音效/02_中文音效合集/大气深沉3【音效：低音节奏感紧张气氛渲染无损音效素材包】/Endurance_SFX/Endurance SFX - WAV/01 - Percussion/Percussion - Distortion/DS 11 Dark Kick A.wav	Endurance SFX（大气深沉3 · 低音节奏感紧张气氛渲染无损音效素材包）/01 - Percussion/Percussion - Distortion/DS 11 Dark Kick A.wav	
/volume1/主目录/Collection/素材&模板&音库/音效/02_中文音效合集/大气深沉3【音效：低音节奏感紧张气氛渲染无损音效素材包】/Endurance_SFX/Endurance SFX - WAV/01 - Percussion/Percussion - Distortion/DS 25 Crunchy Hits.wav	Endurance SFX（大气深沉3 · 低音节奏感紧张气氛渲染无损音效素材包）/01 - Percussion/Percussion - Distortion/DS 25 Crunchy Hits.wav	
/volume1/主目录/Collection/素材&模板&音库/音效/02_中文音效合集/大气深沉3【音效：低音节奏感紧张气氛渲染无损音效素材包】/Endurance_SFX/Endurance SFX - WAV/01 - Percussion/Percussion - Distortion/DS 21 Rimshot.wav	Endurance SFX（大气深沉3 · 低音节奏感紧张气氛渲染无损音效素材包）/01 - Percussion/Percussion - Distortion/DS 21 Rimshot.wav	
/volume1/主目录/Collection/素材&模板&音库/音效/02_中文音效合集/大气深沉3【音效：低音节奏感紧张气氛渲染无损音效素材包】/Endurance_SFX/Endurance SFX - WAV/01 - Percussion/Percussion - Distortion/DS 09 Massive Hits A.wav	Endurance SFX（大气深沉3 · 低音节奏感紧张气氛渲染无损音效素材包）/01 - Percussion/Percussion - Distortion/DS 09 Massive Hits A.wav	
/volume1/主目录/Collection/素材&模板&音库/音效/02_中文音效合集/大气深沉3【音效：低音节奏感紧张气氛渲染无损音效素材包】/Endurance_SFX/Endurance SFX - WAV/01 - Percussion/Percussion - Distortion/DS 22 Clean Rhythm.wav	Endurance SFX（大气深沉3 · 低音节奏感紧张气氛渲染无损音效素材包）/01 - Percussion/Percussion - Distortion/DS 22 Clean Rhythm.wav	
/volume1/主目录/Collection/素材&模板&音库/音效/02_中文音效合集/大气深沉3【音效：低音节奏感紧张气氛渲染无损音效素材包】/Endurance_SFX/Endurance SFX - WAV/01 - Percussion/Percussion - Distortion/DS 01 Moving Target.wav	Endurance SFX（大气深沉3 · 低音节奏感紧张气氛渲染无损音效素材包）/01 - Percussion/Percussion - Distortion/DS 01 Moving Target.wav	
/volume1/主目录/Collection/素材&模板&音库/音效/02_中文音效合集/大气深沉3【音效：低音节奏感紧张气氛渲染无损音效素材包】/Endurance_SFX/Endurance SFX - WAV/01 - Percussion/Percussion - Distortion/DS 06 Deep Beat B.wav	Endurance SFX（大气深沉3 · 低音节奏感紧张气氛渲染无损音效素材包）/01 - Percussion/Percussion - Distortion/DS 06 Deep Beat B.wav	
/volume1/主目录/Collection/素材&模板&音库/音效/02_中文音效合集/大气深沉3【音效：低音节奏感紧张气氛渲染无损音效素材包】/Endurance_SFX/Endurance SFX - WAV/01 - Percussion/Percussion - Distortion/DS 10 Massive Hits B.wav	Endurance SFX（大气深沉3 · 低音节奏感紧张气氛渲染无损音效素材包）/01 - Percussion/Percussion - Distortion/DS 10 Massive Hits B.wav	
/volume1/主目录/Collection/素材&模板&音库/音效/02_中文音效合集/大气深沉3【音效：低音节奏感紧张气氛渲染无损音效素材包】/Endurance_SFX/Endurance SFX - WAV/01 - Percussion/Percussion - Distortion/DS 27 Boom Pop.wav	Endurance SFX（大气深沉3 · 低音节奏感紧张气氛渲染无损音效素材包）/01 - Percussion/Percussion - Distortion/DS 27 Boom Pop.wav	
/volume1/主目录/Collection/素材&模板&音库/音效/02_中文音效合集/大气深沉3【音效：低音节奏感紧张气氛渲染无损音效素材包】/Endurance_SFX/Endurance SFX - WAV/01 - Percussion/Percussion - Distortion/DS 07 Thunder Drums.wav	Endurance SFX（大气深沉3 · 低音节奏感紧张气氛渲染无损音效素材包）/01 - Percussion/Percussion - Distortion/DS 07 Thunder Drums.wav	
/volume1/主目录/Collection/素材&模板&音库/音效/02_中文音效合集/大气深沉3【音效：低音节奏感紧张气氛渲染无损音效素材包】/Endurance_SFX/Endurance SFX - WAV/01 - Percussion/Percussion - Distortion/DS 14 Chamber Hits A.wav	Endurance SFX（大气深沉3 · 低音节奏感紧张气氛渲染无损音效素材包）/01 - Percussion/Percussion - Distortion/DS 14 Chamber Hits A.wav	
/volume1/主目录/Collection/素材&模板&音库/音效/02_中文音效合集/大气深沉3【音效：低音节奏感紧张气氛渲染无损音效素材包】/Endurance_SFX/Endurance SFX - WAV/01 - Percussion/Percussion - Distortion/DS 03 Training Day A.wav	Endurance SFX（大气深沉3 · 低音节奏感紧张气氛渲染无损音效素材包）/01 - Percussion/Percussion - Distortion/DS 03 Training Day A.wav	
/volume1/主目录/Collection/素材&模板&音库/音效/02_中文音效合集/大气深沉3【音效：低音节奏感紧张气氛渲染无损音效素材包】/Endurance_SFX/Endurance SFX - WAV/01 - Percussion/Percussion - Distortion/DS 18 Alley Beat.wav	Endurance SFX（大气深沉3 · 低音节奏感紧张气氛渲染无损音效素材包）/01 - Percussion/Percussion - Distortion/DS 18 Alley Beat.wav	
/volume1/主目录/Collection/素材&模板&音库/音效/02_中文音效合集/大气深沉3【音效：低音节奏感紧张气氛渲染无损音效素材包】/Endurance_SFX/Endurance SFX - WAV/01 - Percussion/Percussion - Distortion/DS 28 Drop Beat.wav	Endurance SFX（大气深沉3 · 低音节奏感紧张气氛渲染无损音效素材包）/01 - Percussion/Percussion - Distortion/DS 28 Drop Beat.wav	
/volume1/主目录/Collection/素材&模板&音库/音效/02_中文音效合集/大气深沉3【音效：低音节奏感紧张气氛渲染无损音效素材包】/Endurance_SFX/Endurance SFX - WAV/01 - Percussion/Percussion - Distortion/DS Closers/DS 06 Simple Set.wav	Endurance SFX（大气深沉3 · 低音节奏感紧张气氛渲染无损音效素材包）/01 - Percussion/Percussion - Distortion/DS Closers/DS 06 Simple Set.wav	
/volume1/主目录/Collection/素材&模板&音库/音效/02_中文音效合集/大气深沉3【音效：低音节奏感紧张气氛渲染无损音效素材包】/Endurance_SFX/Endurance SFX - WAV/01 - Percussion/Percussion - Distortion/DS Closers/DS 02 Bank Heist B.wav	Endurance SFX（大气深沉3 · 低音节奏感紧张气氛渲染无损音效素材包）/01 - Percussion/Percussion - Distortion/DS Closers/DS 02 Bank Heist B.wav	
/volume1/主目录/Collection/素材&模板&音库/音效/02_中文音效合集/大气深沉3【音效：低音节奏感紧张气氛渲染无损音效素材包】/Endurance_SFX/Endurance SFX - WAV/01 - Percussion/Percussion - Distortion/DS Closers/DS 01 Bank Heist A.wav	Endurance SFX（大气深沉3 · 低音节奏感紧张气氛渲染无损音效素材包）/01 - Percussion/Percussion - Distortion/DS Closers/DS 01 Bank Heist A.wav	
/volume1/主目录/Collection/素材&模板&音库/音效/02_中文音效合集/大气深沉3【音效：低音节奏感紧张气氛渲染无损音效素材包】/Endurance_SFX/Endurance SFX - WAV/01 - Percussion/Percussion - Distortion/DS Closers/DS 08 Boom Pop B.wav	Endurance SFX（大气深沉3 · 低音节奏感紧张气氛渲染无损音效素材包）/01 - Percussion/Percussion - Distortion/DS Closers/DS 08 Boom Pop B.wav	
/volume1/主目录/Collection/素材&模板&音库/音效/02_中文音效合集/大气深沉3【音效：低音节奏感紧张气氛渲染无损音效素材包】/Endurance_SFX/Endurance SFX - WAV/01 - Percussion/Percussion - Distortion/DS Closers/DS 04 Massive Hits B.wav	Endurance SFX（大气深沉3 · 低音节奏感紧张气氛渲染无损音效素材包）/01 - Percussion/Percussion - Distortion/DS Closers/DS 04 Massive Hits B.wav	
/volume1/主目录/Collection/素材&模板&音库/音效/02_中文音效合集/大气深沉3【音效：低音节奏感紧张气氛渲染无损音效素材包】/Endurance_SFX/Endurance SFX - WAV/01 - Percussion/Percussion - Distortion/DS Closers/DS 05 Massive Hits C.wav	Endurance SFX（大气深沉3 · 低音节奏感紧张气氛渲染无损音效素材包）/01 - Percussion/Percussion - Distortion/DS Closers/DS 05 Massive Hits C.wav	
/volume1/主目录/Collection/素材&模板&音库/音效/02_中文音效合集/大气深沉3【音效：低音节奏感紧张气氛渲染无损音效素材包】/Endurance_SFX/Endurance SFX - WAV/01 - Percussion/Percussion - Distortion/DS Closers/DS 10 Future Kick.wav	Endurance SFX（大气深沉3 · 低音节奏感紧张气氛渲染无损音效素材包）/01 - Percussion/Percussion - Distortion/DS Closers/DS 10 Future Kick.wav	
/volume1/主目录/Collection/素材&模板&音库/音效/02_中文音效合集/大气深沉3【音效：低音节奏感紧张气氛渲染无损音效素材包】/Endurance_SFX/Endurance SFX - WAV/01 - Percussion/Percussion - Distortion/DS Closers/DS 03 Massive Hits A.wav	Endurance SFX（大气深沉3 · 低音节奏感紧张气氛渲染无损音效素材包）/01 - Percussion/Percussion - Distortion/DS Closers/DS 03 Massive Hits A.wav	
/volume1/主目录/Collection/素材&模板&音库/音效/02_中文音效合集/大气深沉3【音效：低音节奏感紧张气氛渲染无损音效素材包】/Endurance_SFX/Endurance SFX - WAV/01 - Percussion/Percussion - Distortion/DS Closers/DS 07 Boom Pop A.wav	Endurance SFX（大气深沉3 · 低音节奏感紧张气氛渲染无损音效素材包）/01 - Percussion/Percussion - Distortion/DS Closers/DS 07 Boom Pop A.wav	
/volume1/主目录/Collection/素材&模板&音库/音效/02_中文音效合集/大气深沉3【音效：低音节奏感紧张气氛渲染无损音效素材包】/Endurance_SFX/Endurance SFX - WAV/01 - Percussion/Percussion - Distortion/DS Closers/DS 09 Boom Pop C.wav	Endurance SFX（大气深沉3 · 低音节奏感紧张气氛渲染无损音效素材包）/01 - Percussion/Percussion - Distortion/DS Closers/DS 09 Boom Pop C.wav	
/volume1/主目录/Collection/素材&模板&音库/音效/02_中文音效合集/大气深沉3【音效：低音节奏感紧张气氛渲染无损音效素材包】/Endurance_SFX/Endurance SFX - WAV/02 - Bass/Bass/07 Analog Secret.wav	Endurance SFX（大气深沉3 · 低音节奏感紧张气氛渲染无损音效素材包）/02 - Bass/Bass/07 Analog Secret.wav	
/volume1/主目录/Collection/素材&模板&音库/音效/02_中文音效合集/大气深沉3【音效：低音节奏感紧张气氛渲染无损音效素材包】/Endurance_SFX/Endurance SFX - WAV/02 - Bass/Bass/01 Drive.wav	Endurance SFX（大气深沉3 · 低音节奏感紧张气氛渲染无损音效素材包）/02 - Bass/Bass/01 Drive.wav	
/volume1/主目录/Collection/素材&模板&音库/音效/02_中文音效合集/大气深沉3【音效：低音节奏感紧张气氛渲染无损音效素材包】/Endurance_SFX/Endurance SFX - WAV/02 - Bass/Bass/17 Another Future.wav	Endurance SFX（大气深沉3 · 低音节奏感紧张气氛渲染无损音效素材包）/02 - Bass/Bass/17 Another Future.wav	
/volume1/主目录/Collection/素材&模板&音库/音效/02_中文音效合集/大气深沉3【音效：低音节奏感紧张气氛渲染无损音效素材包】/Endurance_SFX/Endurance SFX - WAV/02 - Bass/Bass/03 Focus.wav	Endurance SFX（大气深沉3 · 低音节奏感紧张气氛渲染无损音效素材包）/02 - Bass/Bass/03 Focus.wav	
/volume1/主目录/Collection/素材&模板&音库/音效/02_中文音效合集/大气深沉3【音效：低音节奏感紧张气氛渲染无损音效素材包】/Endurance_SFX/Endurance SFX - WAV/02 - Bass/Bass/12 Static Bass C.wav	Endurance SFX（大气深沉3 · 低音节奏感紧张气氛渲染无损音效素材包）/02 - Bass/Bass/12 Static Bass C.wav	
/volume1/主目录/Collection/素材&模板&音库/音效/02_中文音效合集/大气深沉3【音效：低音节奏感紧张气氛渲染无损音效素材包】/Endurance_SFX/Endurance SFX - WAV/02 - Bass/Bass/08 Gritty Bass.wav	Endurance SFX（大气深沉3 · 低音节奏感紧张气氛渲染无损音效素材包）/02 - Bass/Bass/08 Gritty Bass.wav	
/volume1/主目录/Collection/素材&模板&音库/音效/02_中文音效合集/大气深沉3【音效：低音节奏感紧张气氛渲染无损音效素材包】/Endurance_SFX/Endurance SFX - WAV/02 - Bass/Bass/16 Tech Bass.wav	Endurance SFX（大气深沉3 · 低音节奏感紧张气氛渲染无损音效素材包）/02 - Bass/Bass/16 Tech Bass.wav	
/volume1/主目录/Collection/素材&模板&音库/音效/02_中文音效合集/大气深沉3【音效：低音节奏感紧张气氛渲染无损音效素材包】/Endurance_SFX/Endurance SFX - WAV/02 - Bass/Bass/14 Underworld.wav	Endurance SFX（大气深沉3 · 低音节奏感紧张气氛渲染无损音效素材包）/02 - Bass/Bass/14 Underworld.wav	
/volume1/主目录/Collection/素材&模板&音库/音效/02_中文音效合集/大气深沉3【音效：低音节奏感紧张气氛渲染无损音效素材包】/Endurance_SFX/Endurance SFX - WAV/02 - Bass/Bass/09 Hunter.wav	Endurance SFX（大气深沉3 · 低音节奏感紧张气氛渲染无损音效素材包）/02 - Bass/Bass/09 Hunter.wav	
/volume1/主目录/Collection/素材&模板&音库/音效/02_中文音效合集/大气深沉3【音效：低音节奏感紧张气氛渲染无损音效素材包】/Endurance_SFX/Endurance SFX - WAV/02 - Bass/Bass/06 Subtle Bass.wav	Endurance SFX（大气深沉3 · 低音节奏感紧张气氛渲染无损音效素材包）/02 - Bass/Bass/06 Subtle Bass.wav	
/volume1/主目录/Collection/素材&模板&音库/音效/02_中文音效合集/大气深沉3【音效：低音节奏感紧张气氛渲染无损音效素材包】/Endurance_SFX/Endurance SFX - WAV/02 - Bass/Bass/11 Static Bass B.wav	Endurance SFX（大气深沉3 · 低音节奏感紧张气氛渲染无损音效素材包）/02 - Bass/Bass/11 Static Bass B.wav	
/volume1/主目录/Collection/素材&模板&音库/音效/02_中文音效合集/大气深沉3【音效：低音节奏感紧张气氛渲染无损音效素材包】/Endurance_SFX/Endurance SFX - WAV/02 - Bass/Bass/02 Dark Pulse.wav	Endurance SFX（大气深沉3 · 低音节奏感紧张气氛渲染无损音效素材包）/02 - Bass/Bass/02 Dark Pulse.wav	
/volume1/主目录/Collection/素材&模板&音库/音效/02_中文音效合集/大气深沉3【音效：低音节奏感紧张气氛渲染无损音效素材包】/Endurance_SFX/Endurance SFX - WAV/02 - Bass/Bass/13 Club Bass.wav	Endurance SFX（大气深沉3 · 低音节奏感紧张气氛渲染无损音效素材包）/02 - Bass/Bass/13 Club Bass.wav	
/volume1/主目录/Collection/素材&模板&音库/音效/02_中文音效合集/大气深沉3【音效：低音节奏感紧张气氛渲染无损音效素材包】/Endurance_SFX/Endurance SFX - WAV/02 - Bass/Bass/05 Overcast.wav	Endurance SFX（大气深沉3 · 低音节奏感紧张气氛渲染无损音效素材包）/02 - Bass/Bass/05 Overcast.wav	
/volume1/主目录/Collection/素材&模板&音库/音效/02_中文音效合集/大气深沉3【音效：低音节奏感紧张气氛渲染无损音效素材包】/Endurance_SFX/Endurance SFX - WAV/02 - Bass/Bass/18 Bold Drops.wav	Endurance SFX（大气深沉3 · 低音节奏感紧张气氛渲染无损音效素材包）/02 - Bass/Bass/18 Bold Drops.wav	
/volume1/主目录/Collection/素材&模板&音库/音效/02_中文音效合集/大气深沉3【音效：低音节奏感紧张气氛渲染无损音效素材包】/Endurance_SFX/Endurance SFX - WAV/02 - Bass/Bass/04 Velvet Bass.wav	Endurance SFX（大气深沉3 · 低音节奏感紧张气氛渲染无损音效素材包）/02 - Bass/Bass/04 Velvet Bass.wav	
/volume1/主目录/Collection/素材&模板&音库/音效/02_中文音效合集/大气深沉3【音效：低音节奏感紧张气氛渲染无损音效素材包】/Endurance_SFX/Endurance SFX - WAV/02 - Bass/Bass/15 Clean Bass.wav	Endurance SFX（大气深沉3 · 低音节奏感紧张气氛渲染无损音效素材包）/02 - Bass/Bass/15 Clean Bass.wav	
/volume1/主目录/Collection/素材&模板&音库/音效/02_中文音效合集/大气深沉3【音效：低音节奏感紧张气氛渲染无损音效素材包】/Endurance_SFX/Endurance SFX - WAV/02 - Bass/Bass/10 Static Bass A.wav	Endurance SFX（大气深沉3 · 低音节奏感紧张气氛渲染无损音效素材包）/02 - Bass/Bass/10 Static Bass A.wav	
/volume1/主目录/Collection/素材&模板&音库/音效/02_中文音效合集/大气深沉3【音效：低音节奏感紧张气氛渲染无损音效素材包】/Endurance_SFX/Endurance SFX - WAV/02 - Bass/Bass - Space/SP 01 Drive.wav	Endurance SFX（大气深沉3 · 低音节奏感紧张气氛渲染无损音效素材包）/02 - Bass/Bass - Space/SP 01 Drive.wav	
/volume1/主目录/Collection/素材&模板&音库/音效/02_中文音效合集/大气深沉3【音效：低音节奏感紧张气氛渲染无损音效素材包】/Endurance_SFX/Endurance SFX - WAV/02 - Bass/Bass - Space/SP 03 Focus.wav	Endurance SFX（大气深沉3 · 低音节奏感紧张气氛渲染无损音效素材包）/02 - Bass/Bass - Space/SP 03 Focus.wav	
/volume1/主目录/Collection/素材&模板&音库/音效/02_中文音效合集/大气深沉3【音效：低音节奏感紧张气氛渲染无损音效素材包】/Endurance_SFX/Endurance SFX - WAV/02 - Bass/Bass - Space/SP 07 Analog Secret.wav	Endurance SFX（大气深沉3 · 低音节奏感紧张气氛渲染无损音效素材包）/02 - Bass/Bass - Space/SP 07 Analog Secret.wav	
/volume1/主目录/Collection/素材&模板&音库/音效/02_中文音效合集/大气深沉3【音效：低音节奏感紧张气氛渲染无损音效素材包】/Endurance_SFX/Endurance SFX - WAV/02 - Bass/Bass - Space/SP 16 Tech Bass.wav	Endurance SFX（大气深沉3 · 低音节奏感紧张气氛渲染无损音效素材包）/02 - Bass/Bass - Space/SP 16 Tech Bass.wav	
/volume1/主目录/Collection/素材&模板&音库/音效/02_中文音效合集/大气深沉3【音效：低音节奏感紧张气氛渲染无损音效素材包】/Endurance_SFX/Endurance SFX - WAV/02 - Bass/Bass - Space/SP 12 Static Bass C.wav	Endurance SFX（大气深沉3 · 低音节奏感紧张气氛渲染无损音效素材包）/02 - Bass/Bass - Space/SP 12 Static Bass C.wav	
/volume1/主目录/Collection/素材&模板&音库/音效/02_中文音效合集/大气深沉3【音效：低音节奏感紧张气氛渲染无损音效素材包】/Endurance_SFX/Endurance SFX - WAV/02 - Bass/Bass - Space/SP 13 Club Bass.wav	Endurance SFX（大气深沉3 · 低音节奏感紧张气氛渲染无损音效素材包）/02 - Bass/Bass - Space/SP 13 Club Bass.wav	
/volume1/主目录/Collection/素材&模板&音库/音效/02_中文音效合集/大气深沉3【音效：低音节奏感紧张气氛渲染无损音效素材包】/Endurance_SFX/Endurance SFX - WAV/02 - Bass/Bass - Space/SP 14 Underworld.wav	Endurance SFX（大气深沉3 · 低音节奏感紧张气氛渲染无损音效素材包）/02 - Bass/Bass - Space/SP 14 Underworld.wav	
/volume1/主目录/Collection/素材&模板&音库/音效/02_中文音效合集/大气深沉3【音效：低音节奏感紧张气氛渲染无损音效素材包】/Endurance_SFX/Endurance SFX - WAV/02 - Bass/Bass - Space/SP 11 Static Bass B.wav	Endurance SFX（大气深沉3 · 低音节奏感紧张气氛渲染无损音效素材包）/02 - Bass/Bass - Space/SP 11 Static Bass B.wav	
/volume1/主目录/Collection/素材&模板&音库/音效/02_中文音效合集/大气深沉3【音效：低音节奏感紧张气氛渲染无损音效素材包】/Endurance_SFX/Endurance SFX - WAV/02 - Bass/Bass - Space/SP 02 Dark Pulse.wav	Endurance SFX（大气深沉3 · 低音节奏感紧张气氛渲染无损音效素材包）/02 - Bass/Bass - Space/SP 02 Dark Pulse.wav	
/volume1/主目录/Collection/素材&模板&音库/音效/02_中文音效合集/大气深沉3【音效：低音节奏感紧张气氛渲染无损音效素材包】/Endurance_SFX/Endurance SFX - WAV/02 - Bass/Bass - Space/SP 10 Static Bass A.wav	Endurance SFX（大气深沉3 · 低音节奏感紧张气氛渲染无损音效素材包）/02 - Bass/Bass - Space/SP 10 Static Bass A.wav	
/volume1/主目录/Collection/素材&模板&音库/音效/02_中文音效合集/大气深沉3【音效：低音节奏感紧张气氛渲染无损音效素材包】/Endurance_SFX/Endurance SFX - WAV/02 - Bass/Bass - Space/SP 18 Bold Drops.wav	Endurance SFX（大气深沉3 · 低音节奏感紧张气氛渲染无损音效素材包）/02 - Bass/Bass - Space/SP 18 Bold Drops.wav	
/volume1/主目录/Collection/素材&模板&音库/音效/02_中文音效合集/大气深沉3【音效：低音节奏感紧张气氛渲染无损音效素材包】/Endurance_SFX/Endurance SFX - WAV/02 - Bass/Bass - Space/SP 05 Overcast.wav	Endurance SFX（大气深沉3 · 低音节奏感紧张气氛渲染无损音效素材包）/02 - Bass/Bass - Space/SP 05 Overcast.wav	
/volume1/主目录/Collection/素材&模板&音库/音效/02_中文音效合集/大气深沉3【音效：低音节奏感紧张气氛渲染无损音效素材包】/Endurance_SFX/Endurance SFX - WAV/02 - Bass/Bass - Space/SP 04 Velvet Bass.wav	Endurance SFX（大气深沉3 · 低音节奏感紧张气氛渲染无损音效素材包）/02 - Bass/Bass - Space/SP 04 Velvet Bass.wav	
/volume1/主目录/Collection/素材&模板&音库/音效/02_中文音效合集/大气深沉3【音效：低音节奏感紧张气氛渲染无损音效素材包】/Endurance_SFX/Endurance SFX - WAV/02 - Bass/Bass - Space/SP 09 Hunter.wav	Endurance SFX（大气深沉3 · 低音节奏感紧张气氛渲染无损音效素材包）/02 - Bass/Bass - Space/SP 09 Hunter.wav	
/volume1/主目录/Collection/素材&模板&音库/音效/02_中文音效合集/大气深沉3【音效：低音节奏感紧张气氛渲染无损音效素材包】/Endurance_SFX/Endurance SFX - WAV/02 - Bass/Bass - Space/SP 17 Another Future.wav	Endurance SFX（大气深沉3 · 低音节奏感紧张气氛渲染无损音效素材包）/02 - Bass/Bass - Space/SP 17 Another Future.wav	
/volume1/主目录/Collection/素材&模板&音库/音效/02_中文音效合集/大气深沉3【音效：低音节奏感紧张气氛渲染无损音效素材包】/Endurance_SFX/Endurance SFX - WAV/02 - Bass/Bass - Space/SP 08 Gritty Bass.wav	Endurance SFX（大气深沉3 · 低音节奏感紧张气氛渲染无损音效素材包）/02 - Bass/Bass - Space/SP 08 Gritty Bass.wav	
/volume1/主目录/Collection/素材&模板&音库/音效/02_中文音效合集/大气深沉3【音效：低音节奏感紧张气氛渲染无损音效素材包】/Endurance_SFX/Endurance SFX - WAV/02 - Bass/Bass - Space/SP 06 Subtle Bass.wav	Endurance SFX（大气深沉3 · 低音节奏感紧张气氛渲染无损音效素材包）/02 - Bass/Bass - Space/SP 06 Subtle Bass.wav	
/volume1/主目录/Collection/素材&模板&音库/音效/02_中文音效合集/大气深沉3【音效：低音节奏感紧张气氛渲染无损音效素材包】/Endurance_SFX/Endurance SFX - WAV/02 - Bass/Bass - Space/SP 15 Clean Bass.wav	Endurance SFX（大气深沉3 · 低音节奏感紧张气氛渲染无损音效素材包）/02 - Bass/Bass - Space/SP 15 Clean Bass.wav	
/volume1/主目录/Collection/素材&模板&音库/音效/02_中文音效合集/大气深沉3【音效：低音节奏感紧张气氛渲染无损音效素材包】/Endurance_SFX/Endurance SFX - WAV/02 - Bass/Bass - Distortion/DS 12 Static Bass C.wav	Endurance SFX（大气深沉3 · 低音节奏感紧张气氛渲染无损音效素材包）/02 - Bass/Bass - Distortion/DS 12 Static Bass C.wav	
/volume1/主目录/Collection/素材&模板&音库/音效/02_中文音效合集/大气深沉3【音效：低音节奏感紧张气氛渲染无损音效素材包】/Endurance_SFX/Endurance SFX - WAV/02 - Bass/Bass - Distortion/DS 06 Subtle Bass.wav	Endurance SFX（大气深沉3 · 低音节奏感紧张气氛渲染无损音效素材包）/02 - Bass/Bass - Distortion/DS 06 Subtle Bass.wav	
/volume1/主目录/Collection/素材&模板&音库/音效/02_中文音效合集/大气深沉3【音效：低音节奏感紧张气氛渲染无损音效素材包】/Endurance_SFX/Endurance SFX - WAV/02 - Bass/Bass - Distortion/DS 14 Underworld.wav	Endurance SFX（大气深沉3 · 低音节奏感紧张气氛渲染无损音效素材包）/02 - Bass/Bass - Distortion/DS 14 Underworld.wav	
/volume1/主目录/Collection/素材&模板&音库/音效/02_中文音效合集/大气深沉3【音效：低音节奏感紧张气氛渲染无损音效素材包】/Endurance_SFX/Endurance SFX - WAV/02 - Bass/Bass - Distortion/DS 11 Static Bass B.wav	Endurance SFX（大气深沉3 · 低音节奏感紧张气氛渲染无损音效素材包）/02 - Bass/Bass - Distortion/DS 11 Static Bass B.wav	
/volume1/主目录/Collection/素材&模板&音库/音效/02_中文音效合集/大气深沉3【音效：低音节奏感紧张气氛渲染无损音效素材包】/Endurance_SFX/Endurance SFX - WAV/02 - Bass/Bass - Distortion/DS 07 Analog Secret.wav	Endurance SFX（大气深沉3 · 低音节奏感紧张气氛渲染无损音效素材包）/02 - Bass/Bass - Distortion/DS 07 Analog Secret.wav	
/volume1/主目录/Collection/素材&模板&音库/音效/02_中文音效合集/大气深沉3【音效：低音节奏感紧张气氛渲染无损音效素材包】/Endurance_SFX/Endurance SFX - WAV/02 - Bass/Bass - Distortion/DS 15 Clean Bass.wav	Endurance SFX（大气深沉3 · 低音节奏感紧张气氛渲染无损音效素材包）/02 - Bass/Bass - Distortion/DS 15 Clean Bass.wav	
/volume1/主目录/Collection/素材&模板&音库/音效/02_中文音效合集/大气深沉3【音效：低音节奏感紧张气氛渲染无损音效素材包】/Endurance_SFX/Endurance SFX - WAV/02 - Bass/Bass - Distortion/DS 18 Bold Drops.wav	Endurance SFX（大气深沉3 · 低音节奏感紧张气氛渲染无损音效素材包）/02 - Bass/Bass - Distortion/DS 18 Bold Drops.wav	
/volume1/主目录/Collection/素材&模板&音库/音效/02_中文音效合集/大气深沉3【音效：低音节奏感紧张气氛渲染无损音效素材包】/Endurance_SFX/Endurance SFX - WAV/02 - Bass/Bass - Distortion/DS 09 Hunter.wav	Endurance SFX（大气深沉3 · 低音节奏感紧张气氛渲染无损音效素材包）/02 - Bass/Bass - Distortion/DS 09 Hunter.wav	
/volume1/主目录/Collection/素材&模板&音库/音效/02_中文音效合集/大气深沉3【音效：低音节奏感紧张气氛渲染无损音效素材包】/Endurance_SFX/Endurance SFX - WAV/02 - Bass/Bass - Distortion/DS 02 Dark Pulse.wav	Endurance SFX（大气深沉3 · 低音节奏感紧张气氛渲染无损音效素材包）/02 - Bass/Bass - Distortion/DS 02 Dark Pulse.wav	
/volume1/主目录/Collection/素材&模板&音库/音效/02_中文音效合集/大气深沉3【音效：低音节奏感紧张气氛渲染无损音效素材包】/Endurance_SFX/Endurance SFX - WAV/02 - Bass/Bass - Distortion/DS 05 Overcast.wav	Endurance SFX（大气深沉3 · 低音节奏感紧张气氛渲染无损音效素材包）/02 - Bass/Bass - Distortion/DS 05 Overcast.wav	
/volume1/主目录/Collection/素材&模板&音库/音效/02_中文音效合集/大气深沉3【音效：低音节奏感紧张气氛渲染无损音效素材包】/Endurance_SFX/Endurance SFX - WAV/02 - Bass/Bass - Distortion/DS 01 Drive.wav	Endurance SFX（大气深沉3 · 低音节奏感紧张气氛渲染无损音效素材包）/02 - Bass/Bass - Distortion/DS 01 Drive.wav	
/volume1/主目录/Collection/素材&模板&音库/音效/02_中文音效合集/大气深沉3【音效：低音节奏感紧张气氛渲染无损音效素材包】/Endurance_SFX/Endurance SFX - WAV/02 - Bass/Bass - Distortion/DS 13 Club Bass.wav	Endurance SFX（大气深沉3 · 低音节奏感紧张气氛渲染无损音效素材包）/02 - Bass/Bass - Distortion/DS 13 Club Bass.wav	
/volume1/主目录/Collection/素材&模板&音库/音效/02_中文音效合集/大气深沉3【音效：低音节奏感紧张气氛渲染无损音效素材包】/Endurance_SFX/Endurance SFX - WAV/02 - Bass/Bass - Distortion/DS 17 Another Future.wav	Endurance SFX（大气深沉3 · 低音节奏感紧张气氛渲染无损音效素材包）/02 - Bass/Bass - Distortion/DS 17 Another Future.wav	
/volume1/主目录/Collection/素材&模板&音库/音效/02_中文音效合集/大气深沉3【音效：低音节奏感紧张气氛渲染无损音效素材包】/Endurance_SFX/Endurance SFX - WAV/02 - Bass/Bass - Distortion/DS 03 Focus.wav	Endurance SFX（大气深沉3 · 低音节奏感紧张气氛渲染无损音效素材包）/02 - Bass/Bass - Distortion/DS 03 Focus.wav	
/volume1/主目录/Collection/素材&模板&音库/音效/02_中文音效合集/大气深沉3【音效：低音节奏感紧张气氛渲染无损音效素材包】/Endurance_SFX/Endurance SFX - WAV/02 - Bass/Bass - Distortion/DS 04 Velvet Bass.wav	Endurance SFX（大气深沉3 · 低音节奏感紧张气氛渲染无损音效素材包）/02 - Bass/Bass - Distortion/DS 04 Velvet Bass.wav	
/volume1/主目录/Collection/素材&模板&音库/音效/02_中文音效合集/大气深沉3【音效：低音节奏感紧张气氛渲染无损音效素材包】/Endurance_SFX/Endurance SFX - WAV/02 - Bass/Bass - Distortion/DS 10 Static Bass A.wav	Endurance SFX（大气深沉3 · 低音节奏感紧张气氛渲染无损音效素材包）/02 - Bass/Bass - Distortion/DS 10 Static Bass A.wav	
/volume1/主目录/Collection/素材&模板&音库/音效/02_中文音效合集/大气深沉3【音效：低音节奏感紧张气氛渲染无损音效素材包】/Endurance_SFX/Endurance SFX - WAV/02 - Bass/Bass - Distortion/DS 08 Gritty Bass.wav	Endurance SFX（大气深沉3 · 低音节奏感紧张气氛渲染无损音效素材包）/02 - Bass/Bass - Distortion/DS 08 Gritty Bass.wav	
/volume1/主目录/Collection/素材&模板&音库/音效/02_中文音效合集/大气深沉3【音效：低音节奏感紧张气氛渲染无损音效素材包】/Endurance_SFX/Endurance SFX - WAV/02 - Bass/Bass - Distortion/DS 16 Tech Bass.wav	Endurance SFX（大气深沉3 · 低音节奏感紧张气氛渲染无损音效素材包）/02 - Bass/Bass - Distortion/DS 16 Tech Bass.wav	
/volume1/主目录/Collection/素材&模板&音库/音效/02_中文音效合集/大气深沉3【音效：低音节奏感紧张气氛渲染无损音效素材包】/Endurance_SFX/Endurance SFX - WAV/02 - Bass/Bass - Silk/SL 06 Subtle Bass.wav	Endurance SFX（大气深沉3 · 低音节奏感紧张气氛渲染无损音效素材包）/02 - Bass/Bass - Silk/SL 06 Subtle Bass.wav	
/volume1/主目录/Collection/素材&模板&音库/音效/02_中文音效合集/大气深沉3【音效：低音节奏感紧张气氛渲染无损音效素材包】/Endurance_SFX/Endurance SFX - WAV/02 - Bass/Bass - Silk/SL 14 Underworld.wav	Endurance SFX（大气深沉3 · 低音节奏感紧张气氛渲染无损音效素材包）/02 - Bass/Bass - Silk/SL 14 Underworld.wav	
/volume1/主目录/Collection/素材&模板&音库/音效/02_中文音效合集/大气深沉3【音效：低音节奏感紧张气氛渲染无损音效素材包】/Endurance_SFX/Endurance SFX - WAV/02 - Bass/Bass - Silk/SL 12 Static Bass C.wav	Endurance SFX（大气深沉3 · 低音节奏感紧张气氛渲染无损音效素材包）/02 - Bass/Bass - Silk/SL 12 Static Bass C.wav	
/volume1/主目录/Collection/素材&模板&音库/音效/02_中文音效合集/大气深沉3【音效：低音节奏感紧张气氛渲染无损音效素材包】/Endurance_SFX/Endurance SFX - WAV/02 - Bass/Bass - Silk/SL 11 Static Bass B.wav	Endurance SFX（大气深沉3 · 低音节奏感紧张气氛渲染无损音效素材包）/02 - Bass/Bass - Silk/SL 11 Static Bass B.wav	
/volume1/主目录/Collection/素材&模板&音库/音效/02_中文音效合集/大气深沉3【音效：低音节奏感紧张气氛渲染无损音效素材包】/Endurance_SFX/Endurance SFX - WAV/02 - Bass/Bass - Silk/SL 07 Analog Secret.wav	Endurance SFX（大气深沉3 · 低音节奏感紧张气氛渲染无损音效素材包）/02 - Bass/Bass - Silk/SL 07 Analog Secret.wav	
/volume1/主目录/Collection/素材&模板&音库/音效/02_中文音效合集/大气深沉3【音效：低音节奏感紧张气氛渲染无损音效素材包】/Endurance_SFX/Endurance SFX - WAV/02 - Bass/Bass - Silk/SL 18 Bold Drops.wav	Endurance SFX（大气深沉3 · 低音节奏感紧张气氛渲染无损音效素材包）/02 - Bass/Bass - Silk/SL 18 Bold Drops.wav	
/volume1/主目录/Collection/素材&模板&音库/音效/02_中文音效合集/大气深沉3【音效：低音节奏感紧张气氛渲染无损音效素材包】/Endurance_SFX/Endurance SFX - WAV/02 - Bass/Bass - Silk/SL 13 Club Bass.wav	Endurance SFX（大气深沉3 · 低音节奏感紧张气氛渲染无损音效素材包）/02 - Bass/Bass - Silk/SL 13 Club Bass.wav	
/volume1/主目录/Collection/素材&模板&音库/音效/02_中文音效合集/大气深沉3【音效：低音节奏感紧张气氛渲染无损音效素材包】/Endurance_SFX/Endurance SFX - WAV/02 - Bass/Bass - Silk/SL 09 Hunter.wav	Endurance SFX（大气深沉3 · 低音节奏感紧张气氛渲染无损音效素材包）/02 - Bass/Bass - Silk/SL 09 Hunter.wav	
/volume1/主目录/Collection/素材&模板&音库/音效/02_中文音效合集/大气深沉3【音效：低音节奏感紧张气氛渲染无损音效素材包】/Endurance_SFX/Endurance SFX - WAV/02 - Bass/Bass - Silk/SL 15 Clean Bass.wav	Endurance SFX（大气深沉3 · 低音节奏感紧张气氛渲染无损音效素材包）/02 - Bass/Bass - Silk/SL 15 Clean Bass.wav	
/volume1/主目录/Collection/素材&模板&音库/音效/02_中文音效合集/大气深沉3【音效：低音节奏感紧张气氛渲染无损音效素材包】/Endurance_SFX/Endurance SFX - WAV/02 - Bass/Bass - Silk/SL 16 Tech Bass.wav	Endurance SFX（大气深沉3 · 低音节奏感紧张气氛渲染无损音效素材包）/02 - Bass/Bass - Silk/SL 16 Tech Bass.wav	
/volume1/主目录/Collection/素材&模板&音库/音效/02_中文音效合集/大气深沉3【音效：低音节奏感紧张气氛渲染无损音效素材包】/Endurance_SFX/Endurance SFX - WAV/02 - Bass/Bass - Silk/SL 01 Drive.wav	Endurance SFX（大气深沉3 · 低音节奏感紧张气氛渲染无损音效素材包）/02 - Bass/Bass - Silk/SL 01 Drive.wav	
/volume1/主目录/Collection/素材&模板&音库/音效/02_中文音效合集/大气深沉3【音效：低音节奏感紧张气氛渲染无损音效素材包】/Endurance_SFX/Endurance SFX - WAV/02 - Bass/Bass - Silk/SL 04 Velvet Bass.wav	Endurance SFX（大气深沉3 · 低音节奏感紧张气氛渲染无损音效素材包）/02 - Bass/Bass - Silk/SL 04 Velvet Bass.wav	
/volume1/主目录/Collection/素材&模板&音库/音效/02_中文音效合集/大气深沉3【音效：低音节奏感紧张气氛渲染无损音效素材包】/Endurance_SFX/Endurance SFX - WAV/02 - Bass/Bass - Silk/SL 02 Dark Pulse.wav	Endurance SFX（大气深沉3 · 低音节奏感紧张气氛渲染无损音效素材包）/02 - Bass/Bass - Silk/SL 02 Dark Pulse.wav	
/volume1/主目录/Collection/素材&模板&音库/音效/02_中文音效合集/大气深沉3【音效：低音节奏感紧张气氛渲染无损音效素材包】/Endurance_SFX/Endurance SFX - WAV/02 - Bass/Bass - Silk/SL 08 Gritty Bass.wav	Endurance SFX（大气深沉3 · 低音节奏感紧张气氛渲染无损音效素材包）/02 - Bass/Bass - Silk/SL 08 Gritty Bass.wav	
/volume1/主目录/Collection/素材&模板&音库/音效/02_中文音效合集/大气深沉3【音效：低音节奏感紧张气氛渲染无损音效素材包】/Endurance_SFX/Endurance SFX - WAV/02 - Bass/Bass - Silk/SL 05 Overcast.wav	Endurance SFX（大气深沉3 · 低音节奏感紧张气氛渲染无损音效素材包）/02 - Bass/Bass - Silk/SL 05 Overcast.wav	
/volume1/主目录/Collection/素材&模板&音库/音效/02_中文音效合集/大气深沉3【音效：低音节奏感紧张气氛渲染无损音效素材包】/Endurance_SFX/Endurance SFX - WAV/02 - Bass/Bass - Silk/SL 17 Another Future.wav	Endurance SFX（大气深沉3 · 低音节奏感紧张气氛渲染无损音效素材包）/02 - Bass/Bass - Silk/SL 17 Another Future.wav	
/volume1/主目录/Collection/素材&模板&音库/音效/02_中文音效合集/大气深沉3【音效：低音节奏感紧张气氛渲染无损音效素材包】/Endurance_SFX/Endurance SFX - WAV/02 - Bass/Bass - Silk/SL 03 Focus.wav	Endurance SFX（大气深沉3 · 低音节奏感紧张气氛渲染无损音效素材包）/02 - Bass/Bass - Silk/SL 03 Focus.wav	
/volume1/主目录/Collection/素材&模板&音库/音效/02_中文音效合集/大气深沉3【音效：低音节奏感紧张气氛渲染无损音效素材包】/Endurance_SFX/Endurance SFX - WAV/02 - Bass/Bass - Silk/SL 10 Static Bass A.wav	Endurance SFX（大气深沉3 · 低音节奏感紧张气氛渲染无损音效素材包）/02 - Bass/Bass - Silk/SL 10 Static Bass A.wav	
/volume1/主目录/Collection/素材&模板&音库/音效/02_中文音效合集/气氛音乐音效/Idyllic/Tutorial - Getting Started with Idyllic.mp4	Idyllic SFX（大气深沉4 · 优雅舒缓大气深沉叙事纪录婚礼电影广告环境配乐背景音乐）/Tutorial - Getting Started with Idyllic.mp4	
/volume1/主目录/Collection/素材&模板&音库/音效/02_中文音效合集/气氛音乐音效/Idyllic/04 - Strings/ST 06 Come to This.wav	Idyllic SFX（大气深沉4 · 优雅舒缓大气深沉叙事纪录婚礼电影广告环境配乐背景音乐）/04 - Strings/ST 06 Come to This.wav	
/volume1/主目录/Collection/素材&模板&音库/音效/02_中文音效合集/气氛音乐音效/Idyllic/04 - Strings/ST 07 Evocation.wav	Idyllic SFX（大气深沉4 · 优雅舒缓大气深沉叙事纪录婚礼电影广告环境配乐背景音乐）/04 - Strings/ST 07 Evocation.wav	
/volume1/主目录/Collection/素材&模板&音库/音效/02_中文音效合集/气氛音乐音效/Idyllic/04 - Strings/ST 04 Almost Forever.wav	Idyllic SFX（大气深沉4 · 优雅舒缓大气深沉叙事纪录婚礼电影广告环境配乐背景音乐）/04 - Strings/ST 04 Almost Forever.wav	
/volume1/主目录/Collection/素材&模板&音库/音效/02_中文音效合集/气氛音乐音效/Idyllic/04 - Strings/ST 16 Elegant.wav	Idyllic SFX（大气深沉4 · 优雅舒缓大气深沉叙事纪录婚礼电影广告环境配乐背景音乐）/04 - Strings/ST 16 Elegant.wav	
/volume1/主目录/Collection/素材&模板&音库/音效/02_中文音效合集/气氛音乐音效/Idyllic/04 - Strings/ST 14 Good Feels.wav	Idyllic SFX（大气深沉4 · 优雅舒缓大气深沉叙事纪录婚礼电影广告环境配乐背景音乐）/04 - Strings/ST 14 Good Feels.wav	
/volume1/主目录/Collection/素材&模板&音库/音效/02_中文音效合集/气氛音乐音效/Idyllic/04 - Strings/ST 09 It’s Time.wav	Idyllic SFX（大气深沉4 · 优雅舒缓大气深沉叙事纪录婚礼电影广告环境配乐背景音乐）/04 - Strings/ST 09 It’s Time.wav	
/volume1/主目录/Collection/素材&模板&音库/音效/02_中文音效合集/气氛音乐音效/Idyllic/04 - Strings/ST 10 Diamond.wav	Idyllic SFX（大气深沉4 · 优雅舒缓大气深沉叙事纪录婚礼电影广告环境配乐背景音乐）/04 - Strings/ST 10 Diamond.wav	
/volume1/主目录/Collection/素材&模板&音库/音效/02_中文音效合集/气氛音乐音效/Idyllic/04 - Strings/ST 05 Deep Emotions.wav	Idyllic SFX（大气深沉4 · 优雅舒缓大气深沉叙事纪录婚礼电影广告环境配乐背景音乐）/04 - Strings/ST 05 Deep Emotions.wav	
/volume1/主目录/Collection/素材&模板&音库/音效/02_中文音效合集/气氛音乐音效/Idyllic/04 - Strings/ST 20 The Moment.wav	Idyllic SFX（大气深沉4 · 优雅舒缓大气深沉叙事纪录婚礼电影广告环境配乐背景音乐）/04 - Strings/ST 20 The Moment.wav	
/volume1/主目录/Collection/素材&模板&音库/音效/02_中文音效合集/气氛音乐音效/Idyllic/04 - Strings/ST 01 Beginnings.wav	Idyllic SFX（大气深沉4 · 优雅舒缓大气深沉叙事纪录婚礼电影广告环境配乐背景音乐）/04 - Strings/ST 01 Beginnings.wav	
/volume1/主目录/Collection/素材&模板&音库/音效/02_中文音效合集/气氛音乐音效/Idyllic/04 - Strings/ST 17 Reverence.wav	Idyllic SFX（大气深沉4 · 优雅舒缓大气深沉叙事纪录婚礼电影广告环境配乐背景音乐）/04 - Strings/ST 17 Reverence.wav	
/volume1/主目录/Collection/素材&模板&音库/音效/02_中文音效合集/气氛音乐音效/Idyllic/04 - Strings/ST 03 The Gathering.wav	Idyllic SFX（大气深沉4 · 优雅舒缓大气深沉叙事纪录婚礼电影广告环境配乐背景音乐）/04 - Strings/ST 03 The Gathering.wav	
/volume1/主目录/Collection/素材&模板&音库/音效/02_中文音效合集/气氛音乐音效/Idyllic/04 - Strings/ST 12 Happy Tears.wav	Idyllic SFX（大气深沉4 · 优雅舒缓大气深沉叙事纪录婚礼电影广告环境配乐背景音乐）/04 - Strings/ST 12 Happy Tears.wav	
/volume1/主目录/Collection/素材&模板&音库/音效/02_中文音效合集/气氛音乐音效/Idyllic/04 - Strings/ST 15 Delicate.wav	Idyllic SFX（大气深沉4 · 优雅舒缓大气深沉叙事纪录婚礼电影广告环境配乐背景音乐）/04 - Strings/ST 15 Delicate.wav	
/volume1/主目录/Collection/素材&模板&音库/音效/02_中文音效合集/气氛音乐音效/Idyllic/04 - Strings/ST 13 Backstory.wav	Idyllic SFX（大气深沉4 · 优雅舒缓大气深沉叙事纪录婚礼电影广告环境配乐背景音乐）/04 - Strings/ST 13 Backstory.wav	
/volume1/主目录/Collection/素材&模板&音库/音效/02_中文音效合集/气氛音乐音效/Idyllic/04 - Strings/ST 18 Dream.wav	Idyllic SFX（大气深沉4 · 优雅舒缓大气深沉叙事纪录婚礼电影广告环境配乐背景音乐）/04 - Strings/ST 18 Dream.wav	
/volume1/主目录/Collection/素材&模板&音库/音效/02_中文音效合集/气氛音乐音效/Idyllic/04 - Strings/ST 02 Timeless.wav	Idyllic SFX（大气深沉4 · 优雅舒缓大气深沉叙事纪录婚礼电影广告环境配乐背景音乐）/04 - Strings/ST 02 Timeless.wav	
/volume1/主目录/Collection/素材&模板&音库/音效/02_中文音效合集/气氛音乐音效/Idyllic/04 - Strings/ST 19 Day Of.wav	Idyllic SFX（大气深沉4 · 优雅舒缓大气深沉叙事纪录婚礼电影广告环境配乐背景音乐）/04 - Strings/ST 19 Day Of.wav	
/volume1/主目录/Collection/素材&模板&音库/音效/02_中文音效合集/气氛音乐音效/Idyllic/04 - Strings/ST 08 The Past.wav	Idyllic SFX（大气深沉4 · 优雅舒缓大气深沉叙事纪录婚礼电影广告环境配乐背景音乐）/04 - Strings/ST 08 The Past.wav	
/volume1/主目录/Collection/素材&模板&音库/音效/02_中文音效合集/气氛音乐音效/Idyllic/04 - Strings/ST 11 Slow.wav	Idyllic SFX（大气深沉4 · 优雅舒缓大气深沉叙事纪录婚礼电影广告环境配乐背景音乐）/04 - Strings/ST 11 Slow.wav	
/volume1/主目录/Collection/素材&模板&音库/音效/02_中文音效合集/气氛音乐音效/Idyllic/02 - Air/AR 07 Evocation.wav	Idyllic SFX（大气深沉4 · 优雅舒缓大气深沉叙事纪录婚礼电影广告环境配乐背景音乐）/02 - Air/AR 07 Evocation.wav	
/volume1/主目录/Collection/素材&模板&音库/音效/02_中文音效合集/气氛音乐音效/Idyllic/02 - Air/AR 10 Diamond.wav	Idyllic SFX（大气深沉4 · 优雅舒缓大气深沉叙事纪录婚礼电影广告环境配乐背景音乐）/02 - Air/AR 10 Diamond.wav	
/volume1/主目录/Collection/素材&模板&音库/音效/02_中文音效合集/气氛音乐音效/Idyllic/02 - Air/AR 02 Timeless.wav	Idyllic SFX（大气深沉4 · 优雅舒缓大气深沉叙事纪录婚礼电影广告环境配乐背景音乐）/02 - Air/AR 02 Timeless.wav	
/volume1/主目录/Collection/素材&模板&音库/音效/02_中文音效合集/气氛音乐音效/Idyllic/02 - Air/AR 15 Delicate.wav	Idyllic SFX（大气深沉4 · 优雅舒缓大气深沉叙事纪录婚礼电影广告环境配乐背景音乐）/02 - Air/AR 15 Delicate.wav	
/volume1/主目录/Collection/素材&模板&音库/音效/02_中文音效合集/气氛音乐音效/Idyllic/02 - Air/AR 18 Dream.wav	Idyllic SFX（大气深沉4 · 优雅舒缓大气深沉叙事纪录婚礼电影广告环境配乐背景音乐）/02 - Air/AR 18 Dream.wav	
/volume1/主目录/Collection/素材&模板&音库/音效/02_中文音效合集/气氛音乐音效/Idyllic/02 - Air/AR 20 The Moment.wav	Idyllic SFX（大气深沉4 · 优雅舒缓大气深沉叙事纪录婚礼电影广告环境配乐背景音乐）/02 - Air/AR 20 The Moment.wav	
/volume1/主目录/Collection/素材&模板&音库/音效/02_中文音效合集/气氛音乐音效/Idyllic/02 - Air/AR 13 Backstory.wav	Idyllic SFX（大气深沉4 · 优雅舒缓大气深沉叙事纪录婚礼电影广告环境配乐背景音乐）/02 - Air/AR 13 Backstory.wav	
/volume1/主目录/Collection/素材&模板&音库/音效/02_中文音效合集/气氛音乐音效/Idyllic/02 - Air/AR 05 Deep Emotions.wav	Idyllic SFX（大气深沉4 · 优雅舒缓大气深沉叙事纪录婚礼电影广告环境配乐背景音乐）/02 - Air/AR 05 Deep Emotions.wav	
/volume1/主目录/Collection/素材&模板&音库/音效/02_中文音效合集/气氛音乐音效/Idyllic/02 - Air/AR 14 Good Feels.wav	Idyllic SFX（大气深沉4 · 优雅舒缓大气深沉叙事纪录婚礼电影广告环境配乐背景音乐）/02 - Air/AR 14 Good Feels.wav	
/volume1/主目录/Collection/素材&模板&音库/音效/02_中文音效合集/气氛音乐音效/Idyllic/02 - Air/AR 03 The Gathering.wav	Idyllic SFX（大气深沉4 · 优雅舒缓大气深沉叙事纪录婚礼电影广告环境配乐背景音乐）/02 - Air/AR 03 The Gathering.wav	
/volume1/主目录/Collection/素材&模板&音库/音效/02_中文音效合集/气氛音乐音效/Idyllic/02 - Air/AR 01 Beginnings.wav	Idyllic SFX（大气深沉4 · 优雅舒缓大气深沉叙事纪录婚礼电影广告环境配乐背景音乐）/02 - Air/AR 01 Beginnings.wav	
/volume1/主目录/Collection/素材&模板&音库/音效/02_中文音效合集/气氛音乐音效/Idyllic/02 - Air/AR 16 Elegant.wav	Idyllic SFX（大气深沉4 · 优雅舒缓大气深沉叙事纪录婚礼电影广告环境配乐背景音乐）/02 - Air/AR 16 Elegant.wav	
/volume1/主目录/Collection/素材&模板&音库/音效/02_中文音效合集/气氛音乐音效/Idyllic/02 - Air/AR 06 Come to This.wav	Idyllic SFX（大气深沉4 · 优雅舒缓大气深沉叙事纪录婚礼电影广告环境配乐背景音乐）/02 - Air/AR 06 Come to This.wav	
/volume1/主目录/Collection/素材&模板&音库/音效/02_中文音效合集/气氛音乐音效/Idyllic/02 - Air/AR 08 The Past.wav	Idyllic SFX（大气深沉4 · 优雅舒缓大气深沉叙事纪录婚礼电影广告环境配乐背景音乐）/02 - Air/AR 08 The Past.wav	
/volume1/主目录/Collection/素材&模板&音库/音效/02_中文音效合集/气氛音乐音效/Idyllic/02 - Air/AR 19 Day Of.wav	Idyllic SFX（大气深沉4 · 优雅舒缓大气深沉叙事纪录婚礼电影广告环境配乐背景音乐）/02 - Air/AR 19 Day Of.wav	
/volume1/主目录/Collection/素材&模板&音库/音效/02_中文音效合集/气氛音乐音效/Idyllic/02 - Air/AR 11 Slow.wav	Idyllic SFX（大气深沉4 · 优雅舒缓大气深沉叙事纪录婚礼电影广告环境配乐背景音乐）/02 - Air/AR 11 Slow.wav	
/volume1/主目录/Collection/素材&模板&音库/音效/02_中文音效合集/气氛音乐音效/Idyllic/02 - Air/AR 09 It’s Time.wav	Idyllic SFX（大气深沉4 · 优雅舒缓大气深沉叙事纪录婚礼电影广告环境配乐背景音乐）/02 - Air/AR 09 It’s Time.wav	
/volume1/主目录/Collection/素材&模板&音库/音效/02_中文音效合集/气氛音乐音效/Idyllic/02 - Air/AR 12 Happy Tears.wav	Idyllic SFX（大气深沉4 · 优雅舒缓大气深沉叙事纪录婚礼电影广告环境配乐背景音乐）/02 - Air/AR 12 Happy Tears.wav	
/volume1/主目录/Collection/素材&模板&音库/音效/02_中文音效合集/气氛音乐音效/Idyllic/02 - Air/AR 17 Reverence.wav	Idyllic SFX（大气深沉4 · 优雅舒缓大气深沉叙事纪录婚礼电影广告环境配乐背景音乐）/02 - Air/AR 17 Reverence.wav	
/volume1/主目录/Collection/素材&模板&音库/音效/02_中文音效合集/气氛音乐音效/Idyllic/02 - Air/AR 04 Almost Forever.wav	Idyllic SFX（大气深沉4 · 优雅舒缓大气深沉叙事纪录婚礼电影广告环境配乐背景音乐）/02 - Air/AR 04 Almost Forever.wav	
/volume1/主目录/Collection/素材&模板&音库/音效/02_中文音效合集/气氛音乐音效/Idyllic/05 - Undertones/UT 08 The Past.wav	Idyllic SFX（大气深沉4 · 优雅舒缓大气深沉叙事纪录婚礼电影广告环境配乐背景音乐）/05 - Undertones/UT 08 The Past.wav	
/volume1/主目录/Collection/素材&模板&音库/音效/02_中文音效合集/气氛音乐音效/Idyllic/05 - Undertones/UT 13 Backstory.wav	Idyllic SFX（大气深沉4 · 优雅舒缓大气深沉叙事纪录婚礼电影广告环境配乐背景音乐）/05 - Undertones/UT 13 Backstory.wav	
/volume1/主目录/Collection/素材&模板&音库/音效/02_中文音效合集/气氛音乐音效/Idyllic/05 - Undertones/UT 02 Timeless.wav	Idyllic SFX（大气深沉4 · 优雅舒缓大气深沉叙事纪录婚礼电影广告环境配乐背景音乐）/05 - Undertones/UT 02 Timeless.wav	
/volume1/主目录/Collection/素材&模板&音库/音效/02_中文音效合集/气氛音乐音效/Idyllic/05 - Undertones/UT 17 Reverence.wav	Idyllic SFX（大气深沉4 · 优雅舒缓大气深沉叙事纪录婚礼电影广告环境配乐背景音乐）/05 - Undertones/UT 17 Reverence.wav	
/volume1/主目录/Collection/素材&模板&音库/音效/02_中文音效合集/气氛音乐音效/Idyllic/05 - Undertones/UT 09 It’s Time.wav	Idyllic SFX（大气深沉4 · 优雅舒缓大气深沉叙事纪录婚礼电影广告环境配乐背景音乐）/05 - Undertones/UT 09 It’s Time.wav	
/volume1/主目录/Collection/素材&模板&音库/音效/02_中文音效合集/气氛音乐音效/Idyllic/05 - Undertones/UT 18 Dream.wav	Idyllic SFX（大气深沉4 · 优雅舒缓大气深沉叙事纪录婚礼电影广告环境配乐背景音乐）/05 - Undertones/UT 18 Dream.wav	
/volume1/主目录/Collection/素材&模板&音库/音效/02_中文音效合集/气氛音乐音效/Idyllic/05 - Undertones/UT 04 Almost Forever.wav	Idyllic SFX（大气深沉4 · 优雅舒缓大气深沉叙事纪录婚礼电影广告环境配乐背景音乐）/05 - Undertones/UT 04 Almost Forever.wav	
/volume1/主目录/Collection/素材&模板&音库/音效/02_中文音效合集/气氛音乐音效/Idyllic/05 - Undertones/UT 10 Diamond.wav	Idyllic SFX（大气深沉4 · 优雅舒缓大气深沉叙事纪录婚礼电影广告环境配乐背景音乐）/05 - Undertones/UT 10 Diamond.wav	
/volume1/主目录/Collection/素材&模板&音库/音效/02_中文音效合集/气氛音乐音效/Idyllic/05 - Undertones/UT 06 Come to This.wav	Idyllic SFX（大气深沉4 · 优雅舒缓大气深沉叙事纪录婚礼电影广告环境配乐背景音乐）/05 - Undertones/UT 06 Come to This.wav	
/volume1/主目录/Collection/素材&模板&音库/音效/02_中文音效合集/气氛音乐音效/Idyllic/05 - Undertones/UT 01 Beginnings.wav	Idyllic SFX（大气深沉4 · 优雅舒缓大气深沉叙事纪录婚礼电影广告环境配乐背景音乐）/05 - Undertones/UT 01 Beginnings.wav	
/volume1/主目录/Collection/素材&模板&音库/音效/02_中文音效合集/气氛音乐音效/Idyllic/05 - Undertones/UT 05 Deep Emotions.wav	Idyllic SFX（大气深沉4 · 优雅舒缓大气深沉叙事纪录婚礼电影广告环境配乐背景音乐）/05 - Undertones/UT 05 Deep Emotions.wav	
/volume1/主目录/Collection/素材&模板&音库/音效/02_中文音效合集/气氛音乐音效/Idyllic/05 - Undertones/UT 19 Day Of.wav	Idyllic SFX（大气深沉4 · 优雅舒缓大气深沉叙事纪录婚礼电影广告环境配乐背景音乐）/05 - Undertones/UT 19 Day Of.wav	
/volume1/主目录/Collection/素材&模板&音库/音效/02_中文音效合集/气氛音乐音效/Idyllic/05 - Undertones/UT 20 The Moment.wav	Idyllic SFX（大气深沉4 · 优雅舒缓大气深沉叙事纪录婚礼电影广告环境配乐背景音乐）/05 - Undertones/UT 20 The Moment.wav	
/volume1/主目录/Collection/素材&模板&音库/音效/02_中文音效合集/气氛音乐音效/Idyllic/05 - Undertones/UT 12 Happy Tears.wav	Idyllic SFX（大气深沉4 · 优雅舒缓大气深沉叙事纪录婚礼电影广告环境配乐背景音乐）/05 - Undertones/UT 12 Happy Tears.wav	
/volume1/主目录/Collection/素材&模板&音库/音效/02_中文音效合集/气氛音乐音效/Idyllic/05 - Undertones/UT 15 Delicate.wav	Idyllic SFX（大气深沉4 · 优雅舒缓大气深沉叙事纪录婚礼电影广告环境配乐背景音乐）/05 - Undertones/UT 15 Delicate.wav	
/volume1/主目录/Collection/素材&模板&音库/音效/02_中文音效合集/气氛音乐音效/Idyllic/05 - Undertones/UT 03 The Gathering.wav	Idyllic SFX（大气深沉4 · 优雅舒缓大气深沉叙事纪录婚礼电影广告环境配乐背景音乐）/05 - Undertones/UT 03 The Gathering.wav	
/volume1/主目录/Collection/素材&模板&音库/音效/02_中文音效合集/气氛音乐音效/Idyllic/05 - Undertones/UT 14 Good Feels.wav	Idyllic SFX（大气深沉4 · 优雅舒缓大气深沉叙事纪录婚礼电影广告环境配乐背景音乐）/05 - Undertones/UT 14 Good Feels.wav	
/volume1/主目录/Collection/素材&模板&音库/音效/02_中文音效合集/气氛音乐音效/Idyllic/05 - Undertones/UT 16 Elegant.wav	Idyllic SFX（大气深沉4 · 优雅舒缓大气深沉叙事纪录婚礼电影广告环境配乐背景音乐）/05 - Undertones/UT 16 Elegant.wav	
/volume1/主目录/Collection/素材&模板&音库/音效/02_中文音效合集/气氛音乐音效/Idyllic/05 - Undertones/UT 07 Evocation.wav	Idyllic SFX（大气深沉4 · 优雅舒缓大气深沉叙事纪录婚礼电影广告环境配乐背景音乐）/05 - Undertones/UT 07 Evocation.wav	
/volume1/主目录/Collection/素材&模板&音库/音效/02_中文音效合集/气氛音乐音效/Idyllic/05 - Undertones/UT 11 Slow.wav	Idyllic SFX（大气深沉4 · 优雅舒缓大气深沉叙事纪录婚礼电影广告环境配乐背景音乐）/05 - Undertones/UT 11 Slow.wav	
/volume1/主目录/Collection/素材&模板&音库/音效/02_中文音效合集/气氛音乐音效/Idyllic/01 - Original/03 The Gathering.wav	Idyllic SFX（大气深沉4 · 优雅舒缓大气深沉叙事纪录婚礼电影广告环境配乐背景音乐）/01 - Original/03 The Gathering.wav	
/volume1/主目录/Collection/素材&模板&音库/音效/02_中文音效合集/气氛音乐音效/Idyllic/01 - Original/18 Dream.wav	Idyllic SFX（大气深沉4 · 优雅舒缓大气深沉叙事纪录婚礼电影广告环境配乐背景音乐）/01 - Original/18 Dream.wav	
/volume1/主目录/Collection/素材&模板&音库/音效/02_中文音效合集/气氛音乐音效/Idyllic/01 - Original/04 Almost Forever.wav	Idyllic SFX（大气深沉4 · 优雅舒缓大气深沉叙事纪录婚礼电影广告环境配乐背景音乐）/01 - Original/04 Almost Forever.wav	
/volume1/主目录/Collection/素材&模板&音库/音效/02_中文音效合集/气氛音乐音效/Idyllic/01 - Original/11 Slow.wav	Idyllic SFX（大气深沉4 · 优雅舒缓大气深沉叙事纪录婚礼电影广告环境配乐背景音乐）/01 - Original/11 Slow.wav	
/volume1/主目录/Collection/素材&模板&音库/音效/02_中文音效合集/气氛音乐音效/Idyllic/01 - Original/10 Diamond.wav	Idyllic SFX（大气深沉4 · 优雅舒缓大气深沉叙事纪录婚礼电影广告环境配乐背景音乐）/01 - Original/10 Diamond.wav	
/volume1/主目录/Collection/素材&模板&音库/音效/02_中文音效合集/气氛音乐音效/Idyllic/01 - Original/06 Come to This.wav	Idyllic SFX（大气深沉4 · 优雅舒缓大气深沉叙事纪录婚礼电影广告环境配乐背景音乐）/01 - Original/06 Come to This.wav	
/volume1/主目录/Collection/素材&模板&音库/音效/02_中文音效合集/气氛音乐音效/Idyllic/01 - Original/20 The Moment.wav	Idyllic SFX（大气深沉4 · 优雅舒缓大气深沉叙事纪录婚礼电影广告环境配乐背景音乐）/01 - Original/20 The Moment.wav	
/volume1/主目录/Collection/素材&模板&音库/音效/02_中文音效合集/气氛音乐音效/Idyllic/01 - Original/02 Timeless.wav	Idyllic SFX（大气深沉4 · 优雅舒缓大气深沉叙事纪录婚礼电影广告环境配乐背景音乐）/01 - Original/02 Timeless.wav	
/volume1/主目录/Collection/素材&模板&音库/音效/02_中文音效合集/气氛音乐音效/Idyllic/01 - Original/01 Beginnings.wav	Idyllic SFX（大气深沉4 · 优雅舒缓大气深沉叙事纪录婚礼电影广告环境配乐背景音乐）/01 - Original/01 Beginnings.wav	
/volume1/主目录/Collection/素材&模板&音库/音效/02_中文音效合集/气氛音乐音效/Idyllic/01 - Original/12 Happy Tears.wav	Idyllic SFX（大气深沉4 · 优雅舒缓大气深沉叙事纪录婚礼电影广告环境配乐背景音乐）/01 - Original/12 Happy Tears.wav	
/volume1/主目录/Collection/素材&模板&音库/音效/02_中文音效合集/气氛音乐音效/Idyllic/01 - Original/09 It’s Time.wav	Idyllic SFX（大气深沉4 · 优雅舒缓大气深沉叙事纪录婚礼电影广告环境配乐背景音乐）/01 - Original/09 It’s Time.wav	
/volume1/主目录/Collection/素材&模板&音库/音效/02_中文音效合集/气氛音乐音效/Idyllic/01 - Original/14 Good Feels.wav	Idyllic SFX（大气深沉4 · 优雅舒缓大气深沉叙事纪录婚礼电影广告环境配乐背景音乐）/01 - Original/14 Good Feels.wav	
/volume1/主目录/Collection/素材&模板&音库/音效/02_中文音效合集/气氛音乐音效/Idyllic/01 - Original/19 Day Of.wav	Idyllic SFX（大气深沉4 · 优雅舒缓大气深沉叙事纪录婚礼电影广告环境配乐背景音乐）/01 - Original/19 Day Of.wav	
/volume1/主目录/Collection/素材&模板&音库/音效/02_中文音效合集/气氛音乐音效/Idyllic/01 - Original/07 Evocation.wav	Idyllic SFX（大气深沉4 · 优雅舒缓大气深沉叙事纪录婚礼电影广告环境配乐背景音乐）/01 - Original/07 Evocation.wav	
/volume1/主目录/Collection/素材&模板&音库/音效/02_中文音效合集/气氛音乐音效/Idyllic/01 - Original/05 Deep Emotions.wav	Idyllic SFX（大气深沉4 · 优雅舒缓大气深沉叙事纪录婚礼电影广告环境配乐背景音乐）/01 - Original/05 Deep Emotions.wav	
/volume1/主目录/Collection/素材&模板&音库/音效/02_中文音效合集/气氛音乐音效/Idyllic/01 - Original/15 Delicate.wav	Idyllic SFX（大气深沉4 · 优雅舒缓大气深沉叙事纪录婚礼电影广告环境配乐背景音乐）/01 - Original/15 Delicate.wav	
/volume1/主目录/Collection/素材&模板&音库/音效/02_中文音效合集/气氛音乐音效/Idyllic/01 - Original/17 Reverence.wav	Idyllic SFX（大气深沉4 · 优雅舒缓大气深沉叙事纪录婚礼电影广告环境配乐背景音乐）/01 - Original/17 Reverence.wav	
/volume1/主目录/Collection/素材&模板&音库/音效/02_中文音效合集/气氛音乐音效/Idyllic/01 - Original/16 Elegant.wav	Idyllic SFX（大气深沉4 · 优雅舒缓大气深沉叙事纪录婚礼电影广告环境配乐背景音乐）/01 - Original/16 Elegant.wav	
/volume1/主目录/Collection/素材&模板&音库/音效/02_中文音效合集/气氛音乐音效/Idyllic/01 - Original/08 The Past.wav	Idyllic SFX（大气深沉4 · 优雅舒缓大气深沉叙事纪录婚礼电影广告环境配乐背景音乐）/01 - Original/08 The Past.wav	
/volume1/主目录/Collection/素材&模板&音库/音效/02_中文音效合集/气氛音乐音效/Idyllic/01 - Original/13 Backstory.wav	Idyllic SFX（大气深沉4 · 优雅舒缓大气深沉叙事纪录婚礼电影广告环境配乐背景音乐）/01 - Original/13 Backstory.wav	
/volume1/主目录/Collection/素材&模板&音库/音效/02_中文音效合集/气氛音乐音效/Idyllic/03 - Melody/ML 11 Slow.wav	Idyllic SFX（大气深沉4 · 优雅舒缓大气深沉叙事纪录婚礼电影广告环境配乐背景音乐）/03 - Melody/ML 11 Slow.wav	
/volume1/主目录/Collection/素材&模板&音库/音效/02_中文音效合集/气氛音乐音效/Idyllic/03 - Melody/ML 05 Deep Emotions.wav	Idyllic SFX（大气深沉4 · 优雅舒缓大气深沉叙事纪录婚礼电影广告环境配乐背景音乐）/03 - Melody/ML 05 Deep Emotions.wav	
/volume1/主目录/Collection/素材&模板&音库/音效/02_中文音效合集/气氛音乐音效/Idyllic/03 - Melody/ML 08 The Past.wav	Idyllic SFX（大气深沉4 · 优雅舒缓大气深沉叙事纪录婚礼电影广告环境配乐背景音乐）/03 - Melody/ML 08 The Past.wav	
/volume1/主目录/Collection/素材&模板&音库/音效/02_中文音效合集/气氛音乐音效/Idyllic/03 - Melody/ML 01 Beginnings.wav	Idyllic SFX（大气深沉4 · 优雅舒缓大气深沉叙事纪录婚礼电影广告环境配乐背景音乐）/03 - Melody/ML 01 Beginnings.wav	
/volume1/主目录/Collection/素材&模板&音库/音效/02_中文音效合集/气氛音乐音效/Idyllic/03 - Melody/ML 12 Happy Tears.wav	Idyllic SFX（大气深沉4 · 优雅舒缓大气深沉叙事纪录婚礼电影广告环境配乐背景音乐）/03 - Melody/ML 12 Happy Tears.wav	
/volume1/主目录/Collection/素材&模板&音库/音效/02_中文音效合集/气氛音乐音效/Idyllic/03 - Melody/ML 17 Reverence.wav	Idyllic SFX（大气深沉4 · 优雅舒缓大气深沉叙事纪录婚礼电影广告环境配乐背景音乐）/03 - Melody/ML 17 Reverence.wav	
/volume1/主目录/Collection/素材&模板&音库/音效/02_中文音效合集/气氛音乐音效/Idyllic/03 - Melody/ML 02 Timeless.wav	Idyllic SFX（大气深沉4 · 优雅舒缓大气深沉叙事纪录婚礼电影广告环境配乐背景音乐）/03 - Melody/ML 02 Timeless.wav	
/volume1/主目录/Collection/素材&模板&音库/音效/02_中文音效合集/气氛音乐音效/Idyllic/03 - Melody/ML 16 Elegant.wav	Idyllic SFX（大气深沉4 · 优雅舒缓大气深沉叙事纪录婚礼电影广告环境配乐背景音乐）/03 - Melody/ML 16 Elegant.wav	
/volume1/主目录/Collection/素材&模板&音库/音效/02_中文音效合集/气氛音乐音效/Idyllic/03 - Melody/ML 19 Day Of.wav	Idyllic SFX（大气深沉4 · 优雅舒缓大气深沉叙事纪录婚礼电影广告环境配乐背景音乐）/03 - Melody/ML 19 Day Of.wav	
/volume1/主目录/Collection/素材&模板&音库/音效/02_中文音效合集/气氛音乐音效/Idyllic/03 - Melody/ML 09 It’s Time.wav	Idyllic SFX（大气深沉4 · 优雅舒缓大气深沉叙事纪录婚礼电影广告环境配乐背景音乐）/03 - Melody/ML 09 It’s Time.wav	
/volume1/主目录/Collection/素材&模板&音库/音效/02_中文音效合集/气氛音乐音效/Idyllic/03 - Melody/ML 15 Delicate.wav	Idyllic SFX（大气深沉4 · 优雅舒缓大气深沉叙事纪录婚礼电影广告环境配乐背景音乐）/03 - Melody/ML 15 Delicate.wav	
/volume1/主目录/Collection/素材&模板&音库/音效/02_中文音效合集/气氛音乐音效/Idyllic/03 - Melody/ML 03 The Gathering.wav	Idyllic SFX（大气深沉4 · 优雅舒缓大气深沉叙事纪录婚礼电影广告环境配乐背景音乐）/03 - Melody/ML 03 The Gathering.wav	
/volume1/主目录/Collection/素材&模板&音库/音效/02_中文音效合集/气氛音乐音效/Idyllic/03 - Melody/ML 14 Good Feels.wav	Idyllic SFX（大气深沉4 · 优雅舒缓大气深沉叙事纪录婚礼电影广告环境配乐背景音乐）/03 - Melody/ML 14 Good Feels.wav	
/volume1/主目录/Collection/素材&模板&音库/音效/02_中文音效合集/气氛音乐音效/Idyllic/03 - Melody/ML 13 Backstory.wav	Idyllic SFX（大气深沉4 · 优雅舒缓大气深沉叙事纪录婚礼电影广告环境配乐背景音乐）/03 - Melody/ML 13 Backstory.wav	
/volume1/主目录/Collection/素材&模板&音库/音效/02_中文音效合集/气氛音乐音效/Idyllic/03 - Melody/ML 18 Dream.wav	Idyllic SFX（大气深沉4 · 优雅舒缓大气深沉叙事纪录婚礼电影广告环境配乐背景音乐）/03 - Melody/ML 18 Dream.wav	
/volume1/主目录/Collection/素材&模板&音库/音效/02_中文音效合集/气氛音乐音效/Idyllic/03 - Melody/ML 10 Diamond.wav	Idyllic SFX（大气深沉4 · 优雅舒缓大气深沉叙事纪录婚礼电影广告环境配乐背景音乐）/03 - Melody/ML 10 Diamond.wav	
/volume1/主目录/Collection/素材&模板&音库/音效/02_中文音效合集/气氛音乐音效/Idyllic/03 - Melody/ML 06 Come to This.wav	Idyllic SFX（大气深沉4 · 优雅舒缓大气深沉叙事纪录婚礼电影广告环境配乐背景音乐）/03 - Melody/ML 06 Come to This.wav	
/volume1/主目录/Collection/素材&模板&音库/音效/02_中文音效合集/气氛音乐音效/Idyllic/03 - Melody/ML 04 Almost Forever.wav	Idyllic SFX（大气深沉4 · 优雅舒缓大气深沉叙事纪录婚礼电影广告环境配乐背景音乐）/03 - Melody/ML 04 Almost Forever.wav	
/volume1/主目录/Collection/素材&模板&音库/音效/02_中文音效合集/气氛音乐音效/Idyllic/03 - Melody/ML 20 The Moment.wav	Idyllic SFX（大气深沉4 · 优雅舒缓大气深沉叙事纪录婚礼电影广告环境配乐背景音乐）/03 - Melody/ML 20 The Moment.wav	
/volume1/主目录/Collection/素材&模板&音库/音效/02_中文音效合集/气氛音乐音效/Idyllic/03 - Melody/ML 07 Evocation.wav	Idyllic SFX（大气深沉4 · 优雅舒缓大气深沉叙事纪录婚礼电影广告环境配乐背景音乐）/03 - Melody/ML 07 Evocation.wav	
/volume1/主目录/Collection/素材&模板&音库/音效/02_中文音效合集/大气深沉4【优雅舒缓大气深沉叙事纪录婚礼电影广告环境配乐背景音乐】/Idyllic SFX/MP3/02 - Air/AR 15 Delicate.mp3	Idyllic SFX（大气深沉4 · 优雅舒缓大气深沉叙事纪录婚礼电影广告环境配乐背景音乐）/02 - Air/AR 15 Delicate.mp3	
/volume1/主目录/Collection/素材&模板&音库/音效/02_中文音效合集/大气深沉4【优雅舒缓大气深沉叙事纪录婚礼电影广告环境配乐背景音乐】/Idyllic SFX/MP3/02 - Air/AR 06 Come to This.mp3	Idyllic SFX（大气深沉4 · 优雅舒缓大气深沉叙事纪录婚礼电影广告环境配乐背景音乐）/02 - Air/AR 06 Come to This.mp3	
/volume1/主目录/Collection/素材&模板&音库/音效/02_中文音效合集/大气深沉4【优雅舒缓大气深沉叙事纪录婚礼电影广告环境配乐背景音乐】/Idyllic SFX/MP3/02 - Air/AR 04 Almost Forever.mp3	Idyllic SFX（大气深沉4 · 优雅舒缓大气深沉叙事纪录婚礼电影广告环境配乐背景音乐）/02 - Air/AR 04 Almost Forever.mp3	
/volume1/主目录/Collection/素材&模板&音库/音效/02_中文音效合集/大气深沉4【优雅舒缓大气深沉叙事纪录婚礼电影广告环境配乐背景音乐】/Idyllic SFX/MP3/02 - Air/AR 13 Backstory.mp3	Idyllic SFX（大气深沉4 · 优雅舒缓大气深沉叙事纪录婚礼电影广告环境配乐背景音乐）/02 - Air/AR 13 Backstory.mp3	
/volume1/主目录/Collection/素材&模板&音库/音效/02_中文音效合集/大气深沉4【优雅舒缓大气深沉叙事纪录婚礼电影广告环境配乐背景音乐】/Idyllic SFX/MP3/02 - Air/AR 10 Diamond.mp3	Idyllic SFX（大气深沉4 · 优雅舒缓大气深沉叙事纪录婚礼电影广告环境配乐背景音乐）/02 - Air/AR 10 Diamond.mp3	
/volume1/主目录/Collection/素材&模板&音库/音效/02_中文音效合集/大气深沉4【优雅舒缓大气深沉叙事纪录婚礼电影广告环境配乐背景音乐】/Idyllic SFX/MP3/02 - Air/AR 11 Slow.mp3	Idyllic SFX（大气深沉4 · 优雅舒缓大气深沉叙事纪录婚礼电影广告环境配乐背景音乐）/02 - Air/AR 11 Slow.mp3	
/volume1/主目录/Collection/素材&模板&音库/音效/02_中文音效合集/大气深沉4【优雅舒缓大气深沉叙事纪录婚礼电影广告环境配乐背景音乐】/Idyllic SFX/MP3/02 - Air/AR 19 Day Of.mp3	Idyllic SFX（大气深沉4 · 优雅舒缓大气深沉叙事纪录婚礼电影广告环境配乐背景音乐）/02 - Air/AR 19 Day Of.mp3	
/volume1/主目录/Collection/素材&模板&音库/音效/02_中文音效合集/大气深沉4【优雅舒缓大气深沉叙事纪录婚礼电影广告环境配乐背景音乐】/Idyllic SFX/MP3/02 - Air/AR 14 Good Feels.mp3	Idyllic SFX（大气深沉4 · 优雅舒缓大气深沉叙事纪录婚礼电影广告环境配乐背景音乐）/02 - Air/AR 14 Good Feels.mp3	
/volume1/主目录/Collection/素材&模板&音库/音效/02_中文音效合集/大气深沉4【优雅舒缓大气深沉叙事纪录婚礼电影广告环境配乐背景音乐】/Idyllic SFX/MP3/02 - Air/AR 17 Reverence.mp3	Idyllic SFX（大气深沉4 · 优雅舒缓大气深沉叙事纪录婚礼电影广告环境配乐背景音乐）/02 - Air/AR 17 Reverence.mp3	
/volume1/主目录/Collection/素材&模板&音库/音效/02_中文音效合集/大气深沉4【优雅舒缓大气深沉叙事纪录婚礼电影广告环境配乐背景音乐】/Idyllic SFX/MP3/02 - Air/AR 05 Deep Emotions.mp3	Idyllic SFX（大气深沉4 · 优雅舒缓大气深沉叙事纪录婚礼电影广告环境配乐背景音乐）/02 - Air/AR 05 Deep Emotions.mp3	
/volume1/主目录/Collection/素材&模板&音库/音效/02_中文音效合集/大气深沉4【优雅舒缓大气深沉叙事纪录婚礼电影广告环境配乐背景音乐】/Idyllic SFX/MP3/02 - Air/AR 16 Elegant.mp3	Idyllic SFX（大气深沉4 · 优雅舒缓大气深沉叙事纪录婚礼电影广告环境配乐背景音乐）/02 - Air/AR 16 Elegant.mp3	
/volume1/主目录/Collection/素材&模板&音库/音效/02_中文音效合集/大气深沉4【优雅舒缓大气深沉叙事纪录婚礼电影广告环境配乐背景音乐】/Idyllic SFX/MP3/02 - Air/AR 20 The Moment.mp3	Idyllic SFX（大气深沉4 · 优雅舒缓大气深沉叙事纪录婚礼电影广告环境配乐背景音乐）/02 - Air/AR 20 The Moment.mp3	
/volume1/主目录/Collection/素材&模板&音库/音效/02_中文音效合集/大气深沉4【优雅舒缓大气深沉叙事纪录婚礼电影广告环境配乐背景音乐】/Idyllic SFX/MP3/02 - Air/AR 09 It’s Time.mp3	Idyllic SFX（大气深沉4 · 优雅舒缓大气深沉叙事纪录婚礼电影广告环境配乐背景音乐）/02 - Air/AR 09 It’s Time.mp3	
/volume1/主目录/Collection/素材&模板&音库/音效/02_中文音效合集/大气深沉4【优雅舒缓大气深沉叙事纪录婚礼电影广告环境配乐背景音乐】/Idyllic SFX/MP3/02 - Air/AR 03 The Gathering.mp3	Idyllic SFX（大气深沉4 · 优雅舒缓大气深沉叙事纪录婚礼电影广告环境配乐背景音乐）/02 - Air/AR 03 The Gathering.mp3	
/volume1/主目录/Collection/素材&模板&音库/音效/02_中文音效合集/大气深沉4【优雅舒缓大气深沉叙事纪录婚礼电影广告环境配乐背景音乐】/Idyllic SFX/MP3/02 - Air/AR 08 The Past.mp3	Idyllic SFX（大气深沉4 · 优雅舒缓大气深沉叙事纪录婚礼电影广告环境配乐背景音乐）/02 - Air/AR 08 The Past.mp3	
/volume1/主目录/Collection/素材&模板&音库/音效/02_中文音效合集/大气深沉4【优雅舒缓大气深沉叙事纪录婚礼电影广告环境配乐背景音乐】/Idyllic SFX/MP3/02 - Air/AR 18 Dream.mp3	Idyllic SFX（大气深沉4 · 优雅舒缓大气深沉叙事纪录婚礼电影广告环境配乐背景音乐）/02 - Air/AR 18 Dream.mp3	
/volume1/主目录/Collection/素材&模板&音库/音效/02_中文音效合集/大气深沉4【优雅舒缓大气深沉叙事纪录婚礼电影广告环境配乐背景音乐】/Idyllic SFX/MP3/02 - Air/AR 02 Timeless.mp3	Idyllic SFX（大气深沉4 · 优雅舒缓大气深沉叙事纪录婚礼电影广告环境配乐背景音乐）/02 - Air/AR 02 Timeless.mp3	
/volume1/主目录/Collection/素材&模板&音库/音效/02_中文音效合集/大气深沉4【优雅舒缓大气深沉叙事纪录婚礼电影广告环境配乐背景音乐】/Idyllic SFX/MP3/02 - Air/AR 07 Evocation.mp3	Idyllic SFX（大气深沉4 · 优雅舒缓大气深沉叙事纪录婚礼电影广告环境配乐背景音乐）/02 - Air/AR 07 Evocation.mp3	
/volume1/主目录/Collection/素材&模板&音库/音效/02_中文音效合集/大气深沉4【优雅舒缓大气深沉叙事纪录婚礼电影广告环境配乐背景音乐】/Idyllic SFX/MP3/02 - Air/AR 12 Happy Tears.mp3	Idyllic SFX（大气深沉4 · 优雅舒缓大气深沉叙事纪录婚礼电影广告环境配乐背景音乐）/02 - Air/AR 12 Happy Tears.mp3	
/volume1/主目录/Collection/素材&模板&音库/音效/02_中文音效合集/大气深沉4【优雅舒缓大气深沉叙事纪录婚礼电影广告环境配乐背景音乐】/Idyllic SFX/MP3/02 - Air/AR 01 Beginnings.mp3	Idyllic SFX（大气深沉4 · 优雅舒缓大气深沉叙事纪录婚礼电影广告环境配乐背景音乐）/02 - Air/AR 01 Beginnings.mp3	
/volume1/主目录/Collection/素材&模板&音库/音效/02_中文音效合集/大气深沉4【优雅舒缓大气深沉叙事纪录婚礼电影广告环境配乐背景音乐】/Idyllic SFX/MP3/05 - Undertones/UT 02 Timeless.mp3	Idyllic SFX（大气深沉4 · 优雅舒缓大气深沉叙事纪录婚礼电影广告环境配乐背景音乐）/05 - Undertones/UT 02 Timeless.mp3	
/volume1/主目录/Collection/素材&模板&音库/音效/02_中文音效合集/大气深沉4【优雅舒缓大气深沉叙事纪录婚礼电影广告环境配乐背景音乐】/Idyllic SFX/MP3/05 - Undertones/UT 19 Day Of.mp3	Idyllic SFX（大气深沉4 · 优雅舒缓大气深沉叙事纪录婚礼电影广告环境配乐背景音乐）/05 - Undertones/UT 19 Day Of.mp3	
/volume1/主目录/Collection/素材&模板&音库/音效/02_中文音效合集/大气深沉4【优雅舒缓大气深沉叙事纪录婚礼电影广告环境配乐背景音乐】/Idyllic SFX/MP3/05 - Undertones/UT 18 Dream.mp3	Idyllic SFX（大气深沉4 · 优雅舒缓大气深沉叙事纪录婚礼电影广告环境配乐背景音乐）/05 - Undertones/UT 18 Dream.mp3	
/volume1/主目录/Collection/素材&模板&音库/音效/02_中文音效合集/大气深沉4【优雅舒缓大气深沉叙事纪录婚礼电影广告环境配乐背景音乐】/Idyllic SFX/MP3/05 - Undertones/UT 20 The Moment.mp3	Idyllic SFX（大气深沉4 · 优雅舒缓大气深沉叙事纪录婚礼电影广告环境配乐背景音乐）/05 - Undertones/UT 20 The Moment.mp3	
/volume1/主目录/Collection/素材&模板&音库/音效/02_中文音效合集/大气深沉4【优雅舒缓大气深沉叙事纪录婚礼电影广告环境配乐背景音乐】/Idyllic SFX/MP3/05 - Undertones/UT 01 Beginnings.mp3	Idyllic SFX（大气深沉4 · 优雅舒缓大气深沉叙事纪录婚礼电影广告环境配乐背景音乐）/05 - Undertones/UT 01 Beginnings.mp3	
/volume1/主目录/Collection/素材&模板&音库/音效/02_中文音效合集/大气深沉4【优雅舒缓大气深沉叙事纪录婚礼电影广告环境配乐背景音乐】/Idyllic SFX/MP3/05 - Undertones/UT 17 Reverence.mp3	Idyllic SFX（大气深沉4 · 优雅舒缓大气深沉叙事纪录婚礼电影广告环境配乐背景音乐）/05 - Undertones/UT 17 Reverence.mp3	
/volume1/主目录/Collection/素材&模板&音库/音效/02_中文音效合集/大气深沉4【优雅舒缓大气深沉叙事纪录婚礼电影广告环境配乐背景音乐】/Idyllic SFX/MP3/05 - Undertones/UT 03 The Gathering.mp3	Idyllic SFX（大气深沉4 · 优雅舒缓大气深沉叙事纪录婚礼电影广告环境配乐背景音乐）/05 - Undertones/UT 03 The Gathering.mp3	
/volume1/主目录/Collection/素材&模板&音库/音效/02_中文音效合集/大气深沉4【优雅舒缓大气深沉叙事纪录婚礼电影广告环境配乐背景音乐】/Idyllic SFX/MP3/05 - Undertones/UT 10 Diamond.mp3	Idyllic SFX（大气深沉4 · 优雅舒缓大气深沉叙事纪录婚礼电影广告环境配乐背景音乐）/05 - Undertones/UT 10 Diamond.mp3	
/volume1/主目录/Collection/素材&模板&音库/音效/02_中文音效合集/大气深沉4【优雅舒缓大气深沉叙事纪录婚礼电影广告环境配乐背景音乐】/Idyllic SFX/MP3/05 - Undertones/UT 06 Come to This.mp3	Idyllic SFX（大气深沉4 · 优雅舒缓大气深沉叙事纪录婚礼电影广告环境配乐背景音乐）/05 - Undertones/UT 06 Come to This.mp3	
/volume1/主目录/Collection/素材&模板&音库/音效/02_中文音效合集/大气深沉4【优雅舒缓大气深沉叙事纪录婚礼电影广告环境配乐背景音乐】/Idyllic SFX/MP3/05 - Undertones/UT 14 Good Feels.mp3	Idyllic SFX（大气深沉4 · 优雅舒缓大气深沉叙事纪录婚礼电影广告环境配乐背景音乐）/05 - Undertones/UT 14 Good Feels.mp3	
/volume1/主目录/Collection/素材&模板&音库/音效/02_中文音效合集/大气深沉4【优雅舒缓大气深沉叙事纪录婚礼电影广告环境配乐背景音乐】/Idyllic SFX/MP3/05 - Undertones/UT 09 It’s Time.mp3	Idyllic SFX（大气深沉4 · 优雅舒缓大气深沉叙事纪录婚礼电影广告环境配乐背景音乐）/05 - Undertones/UT 09 It’s Time.mp3	
/volume1/主目录/Collection/素材&模板&音库/音效/02_中文音效合集/大气深沉4【优雅舒缓大气深沉叙事纪录婚礼电影广告环境配乐背景音乐】/Idyllic SFX/MP3/05 - Undertones/UT 12 Happy Tears.mp3	Idyllic SFX（大气深沉4 · 优雅舒缓大气深沉叙事纪录婚礼电影广告环境配乐背景音乐）/05 - Undertones/UT 12 Happy Tears.mp3	
/volume1/主目录/Collection/素材&模板&音库/音效/02_中文音效合集/大气深沉4【优雅舒缓大气深沉叙事纪录婚礼电影广告环境配乐背景音乐】/Idyllic SFX/MP3/05 - Undertones/UT 11 Slow.mp3	Idyllic SFX（大气深沉4 · 优雅舒缓大气深沉叙事纪录婚礼电影广告环境配乐背景音乐）/05 - Undertones/UT 11 Slow.mp3	
/volume1/主目录/Collection/素材&模板&音库/音效/02_中文音效合集/大气深沉4【优雅舒缓大气深沉叙事纪录婚礼电影广告环境配乐背景音乐】/Idyllic SFX/MP3/05 - Undertones/UT 05 Deep Emotions.mp3	Idyllic SFX（大气深沉4 · 优雅舒缓大气深沉叙事纪录婚礼电影广告环境配乐背景音乐）/05 - Undertones/UT 05 Deep Emotions.mp3	
/volume1/主目录/Collection/素材&模板&音库/音效/02_中文音效合集/大气深沉4【优雅舒缓大气深沉叙事纪录婚礼电影广告环境配乐背景音乐】/Idyllic SFX/MP3/05 - Undertones/UT 13 Backstory.mp3	Idyllic SFX（大气深沉4 · 优雅舒缓大气深沉叙事纪录婚礼电影广告环境配乐背景音乐）/05 - Undertones/UT 13 Backstory.mp3	
/volume1/主目录/Collection/素材&模板&音库/音效/02_中文音效合集/大气深沉4【优雅舒缓大气深沉叙事纪录婚礼电影广告环境配乐背景音乐】/Idyllic SFX/MP3/05 - Undertones/UT 04 Almost Forever.mp3	Idyllic SFX（大气深沉4 · 优雅舒缓大气深沉叙事纪录婚礼电影广告环境配乐背景音乐）/05 - Undertones/UT 04 Almost Forever.mp3	
/volume1/主目录/Collection/素材&模板&音库/音效/02_中文音效合集/大气深沉4【优雅舒缓大气深沉叙事纪录婚礼电影广告环境配乐背景音乐】/Idyllic SFX/MP3/05 - Undertones/UT 07 Evocation.mp3	Idyllic SFX（大气深沉4 · 优雅舒缓大气深沉叙事纪录婚礼电影广告环境配乐背景音乐）/05 - Undertones/UT 07 Evocation.mp3	
/volume1/主目录/Collection/素材&模板&音库/音效/02_中文音效合集/大气深沉4【优雅舒缓大气深沉叙事纪录婚礼电影广告环境配乐背景音乐】/Idyllic SFX/MP3/05 - Undertones/UT 16 Elegant.mp3	Idyllic SFX（大气深沉4 · 优雅舒缓大气深沉叙事纪录婚礼电影广告环境配乐背景音乐）/05 - Undertones/UT 16 Elegant.mp3	
/volume1/主目录/Collection/素材&模板&音库/音效/02_中文音效合集/大气深沉4【优雅舒缓大气深沉叙事纪录婚礼电影广告环境配乐背景音乐】/Idyllic SFX/MP3/05 - Undertones/UT 08 The Past.mp3	Idyllic SFX（大气深沉4 · 优雅舒缓大气深沉叙事纪录婚礼电影广告环境配乐背景音乐）/05 - Undertones/UT 08 The Past.mp3	
/volume1/主目录/Collection/素材&模板&音库/音效/02_中文音效合集/大气深沉4【优雅舒缓大气深沉叙事纪录婚礼电影广告环境配乐背景音乐】/Idyllic SFX/MP3/05 - Undertones/UT 15 Delicate.mp3	Idyllic SFX（大气深沉4 · 优雅舒缓大气深沉叙事纪录婚礼电影广告环境配乐背景音乐）/05 - Undertones/UT 15 Delicate.mp3	
/volume1/主目录/Collection/素材&模板&音库/音效/02_中文音效合集/大气深沉4【优雅舒缓大气深沉叙事纪录婚礼电影广告环境配乐背景音乐】/Idyllic SFX/MP3/01 - Original/03 The Gathering.mp3	Idyllic SFX（大气深沉4 · 优雅舒缓大气深沉叙事纪录婚礼电影广告环境配乐背景音乐）/01 - Original/03 The Gathering.mp3	
/volume1/主目录/Collection/素材&模板&音库/音效/02_中文音效合集/大气深沉4【优雅舒缓大气深沉叙事纪录婚礼电影广告环境配乐背景音乐】/Idyllic SFX/MP3/01 - Original/10 Diamond.mp3	Idyllic SFX（大气深沉4 · 优雅舒缓大气深沉叙事纪录婚礼电影广告环境配乐背景音乐）/01 - Original/10 Diamond.mp3	
/volume1/主目录/Collection/素材&模板&音库/音效/02_中文音效合集/大气深沉4【优雅舒缓大气深沉叙事纪录婚礼电影广告环境配乐背景音乐】/Idyllic SFX/MP3/01 - Original/12 Happy Tears.mp3	Idyllic SFX（大气深沉4 · 优雅舒缓大气深沉叙事纪录婚礼电影广告环境配乐背景音乐）/01 - Original/12 Happy Tears.mp3	
/volume1/主目录/Collection/素材&模板&音库/音效/02_中文音效合集/大气深沉4【优雅舒缓大气深沉叙事纪录婚礼电影广告环境配乐背景音乐】/Idyllic SFX/MP3/01 - Original/20 The Moment.mp3	Idyllic SFX（大气深沉4 · 优雅舒缓大气深沉叙事纪录婚礼电影广告环境配乐背景音乐）/01 - Original/20 The Moment.mp3	
/volume1/主目录/Collection/素材&模板&音库/音效/02_中文音效合集/大气深沉4【优雅舒缓大气深沉叙事纪录婚礼电影广告环境配乐背景音乐】/Idyllic SFX/MP3/01 - Original/09 It’s Time.mp3	Idyllic SFX（大气深沉4 · 优雅舒缓大气深沉叙事纪录婚礼电影广告环境配乐背景音乐）/01 - Original/09 It’s Time.mp3	
/volume1/主目录/Collection/素材&模板&音库/音效/02_中文音效合集/大气深沉4【优雅舒缓大气深沉叙事纪录婚礼电影广告环境配乐背景音乐】/Idyllic SFX/MP3/01 - Original/04 Almost Forever.mp3	Idyllic SFX（大气深沉4 · 优雅舒缓大气深沉叙事纪录婚礼电影广告环境配乐背景音乐）/01 - Original/04 Almost Forever.mp3	
/volume1/主目录/Collection/素材&模板&音库/音效/02_中文音效合集/大气深沉4【优雅舒缓大气深沉叙事纪录婚礼电影广告环境配乐背景音乐】/Idyllic SFX/MP3/01 - Original/01 Beginnings.mp3	Idyllic SFX（大气深沉4 · 优雅舒缓大气深沉叙事纪录婚礼电影广告环境配乐背景音乐）/01 - Original/01 Beginnings.mp3	
/volume1/主目录/Collection/素材&模板&音库/音效/02_中文音效合集/大气深沉4【优雅舒缓大气深沉叙事纪录婚礼电影广告环境配乐背景音乐】/Idyllic SFX/MP3/01 - Original/07 Evocation.mp3	Idyllic SFX（大气深沉4 · 优雅舒缓大气深沉叙事纪录婚礼电影广告环境配乐背景音乐）/01 - Original/07 Evocation.mp3	
/volume1/主目录/Collection/素材&模板&音库/音效/02_中文音效合集/大气深沉4【优雅舒缓大气深沉叙事纪录婚礼电影广告环境配乐背景音乐】/Idyllic SFX/MP3/01 - Original/16 Elegant.mp3	Idyllic SFX（大气深沉4 · 优雅舒缓大气深沉叙事纪录婚礼电影广告环境配乐背景音乐）/01 - Original/16 Elegant.mp3	
/volume1/主目录/Collection/素材&模板&音库/音效/02_中文音效合集/大气深沉4【优雅舒缓大气深沉叙事纪录婚礼电影广告环境配乐背景音乐】/Idyllic SFX/MP3/01 - Original/14 Good Feels.mp3	Idyllic SFX（大气深沉4 · 优雅舒缓大气深沉叙事纪录婚礼电影广告环境配乐背景音乐）/01 - Original/14 Good Feels.mp3	
/volume1/主目录/Collection/素材&模板&音库/音效/02_中文音效合集/大气深沉4【优雅舒缓大气深沉叙事纪录婚礼电影广告环境配乐背景音乐】/Idyllic SFX/MP3/01 - Original/06 Come to This.mp3	Idyllic SFX（大气深沉4 · 优雅舒缓大气深沉叙事纪录婚礼电影广告环境配乐背景音乐）/01 - Original/06 Come to This.mp3	
/volume1/主目录/Collection/素材&模板&音库/音效/02_中文音效合集/大气深沉4【优雅舒缓大气深沉叙事纪录婚礼电影广告环境配乐背景音乐】/Idyllic SFX/MP3/01 - Original/08 The Past.mp3	Idyllic SFX（大气深沉4 · 优雅舒缓大气深沉叙事纪录婚礼电影广告环境配乐背景音乐）/01 - Original/08 The Past.mp3	
/volume1/主目录/Collection/素材&模板&音库/音效/02_中文音效合集/大气深沉4【优雅舒缓大气深沉叙事纪录婚礼电影广告环境配乐背景音乐】/Idyllic SFX/MP3/01 - Original/11 Slow.mp3	Idyllic SFX（大气深沉4 · 优雅舒缓大气深沉叙事纪录婚礼电影广告环境配乐背景音乐）/01 - Original/11 Slow.mp3	
/volume1/主目录/Collection/素材&模板&音库/音效/02_中文音效合集/大气深沉4【优雅舒缓大气深沉叙事纪录婚礼电影广告环境配乐背景音乐】/Idyllic SFX/MP3/01 - Original/15 Delicate.mp3	Idyllic SFX（大气深沉4 · 优雅舒缓大气深沉叙事纪录婚礼电影广告环境配乐背景音乐）/01 - Original/15 Delicate.mp3	
/volume1/主目录/Collection/素材&模板&音库/音效/02_中文音效合集/大气深沉4【优雅舒缓大气深沉叙事纪录婚礼电影广告环境配乐背景音乐】/Idyllic SFX/MP3/01 - Original/02 Timeless.mp3	Idyllic SFX（大气深沉4 · 优雅舒缓大气深沉叙事纪录婚礼电影广告环境配乐背景音乐）/01 - Original/02 Timeless.mp3	
/volume1/主目录/Collection/素材&模板&音库/音效/02_中文音效合集/大气深沉4【优雅舒缓大气深沉叙事纪录婚礼电影广告环境配乐背景音乐】/Idyllic SFX/MP3/01 - Original/19 Day Of.mp3	Idyllic SFX（大气深沉4 · 优雅舒缓大气深沉叙事纪录婚礼电影广告环境配乐背景音乐）/01 - Original/19 Day Of.mp3	
/volume1/主目录/Collection/素材&模板&音库/音效/02_中文音效合集/大气深沉4【优雅舒缓大气深沉叙事纪录婚礼电影广告环境配乐背景音乐】/Idyllic SFX/MP3/01 - Original/05 Deep Emotions.mp3	Idyllic SFX（大气深沉4 · 优雅舒缓大气深沉叙事纪录婚礼电影广告环境配乐背景音乐）/01 - Original/05 Deep Emotions.mp3	
/volume1/主目录/Collection/素材&模板&音库/音效/02_中文音效合集/大气深沉4【优雅舒缓大气深沉叙事纪录婚礼电影广告环境配乐背景音乐】/Idyllic SFX/MP3/01 - Original/18 Dream.mp3	Idyllic SFX（大气深沉4 · 优雅舒缓大气深沉叙事纪录婚礼电影广告环境配乐背景音乐）/01 - Original/18 Dream.mp3	
/volume1/主目录/Collection/素材&模板&音库/音效/02_中文音效合集/大气深沉4【优雅舒缓大气深沉叙事纪录婚礼电影广告环境配乐背景音乐】/Idyllic SFX/MP3/01 - Original/13 Backstory.mp3	Idyllic SFX（大气深沉4 · 优雅舒缓大气深沉叙事纪录婚礼电影广告环境配乐背景音乐）/01 - Original/13 Backstory.mp3	
/volume1/主目录/Collection/素材&模板&音库/音效/02_中文音效合集/大气深沉4【优雅舒缓大气深沉叙事纪录婚礼电影广告环境配乐背景音乐】/Idyllic SFX/MP3/01 - Original/17 Reverence.mp3	Idyllic SFX（大气深沉4 · 优雅舒缓大气深沉叙事纪录婚礼电影广告环境配乐背景音乐）/01 - Original/17 Reverence.mp3	
/volume1/主目录/Collection/素材&模板&音库/音效/02_中文音效合集/大气深沉4【优雅舒缓大气深沉叙事纪录婚礼电影广告环境配乐背景音乐】/Idyllic SFX/MP3/03 - Melody/ML 03 The Gathering.mp3	Idyllic SFX（大气深沉4 · 优雅舒缓大气深沉叙事纪录婚礼电影广告环境配乐背景音乐）/03 - Melody/ML 03 The Gathering.mp3	
/volume1/主目录/Collection/素材&模板&音库/音效/02_中文音效合集/气氛音乐音效/Statement SFX/06 - Moments/Moments - Distortion/DS 09 The Furthest.wav	Statement SFX（大气深沉5 · 大气深沉浑厚有力重低音环境气氛微电影抖音渲染音效）/06 - Moments/Moments - Distortion/DS 09 The Furthest.wav	
/volume1/主目录/Collection/素材&模板&音库/音效/02_中文音效合集/气氛音乐音效/Statement SFX/06 - Moments/Moments - Distortion/DS 12 Outer Darkness.wav	Statement SFX（大气深沉5 · 大气深沉浑厚有力重低音环境气氛微电影抖音渲染音效）/06 - Moments/Moments - Distortion/DS 12 Outer Darkness.wav	
/volume1/主目录/Collection/素材&模板&音库/音效/02_中文音效合集/气氛音乐音效/Statement SFX/06 - Moments/Moments - Distortion/DS 01 Existence.wav	Statement SFX（大气深沉5 · 大气深沉浑厚有力重低音环境气氛微电影抖音渲染音效）/06 - Moments/Moments - Distortion/DS 01 Existence.wav	
/volume1/主目录/Collection/素材&模板&音库/音效/02_中文音效合集/气氛音乐音效/Statement SFX/06 - Moments/Moments - Distortion/DS 08 Growing Old.wav	Statement SFX（大气深沉5 · 大气深沉浑厚有力重低音环境气氛微电影抖音渲染音效）/06 - Moments/Moments - Distortion/DS 08 Growing Old.wav	
/volume1/主目录/Collection/素材&模板&音库/音效/02_中文音效合集/气氛音乐音效/Statement SFX/06 - Moments/Moments - Distortion/DS 10 Slow Tone.wav	Statement SFX（大气深沉5 · 大气深沉浑厚有力重低音环境气氛微电影抖音渲染音效）/06 - Moments/Moments - Distortion/DS 10 Slow Tone.wav	
/volume1/主目录/Collection/素材&模板&音库/音效/02_中文音效合集/气氛音乐音效/Statement SFX/06 - Moments/Moments - Distortion/DS 05 Resonance.wav	Statement SFX（大气深沉5 · 大气深沉浑厚有力重低音环境气氛微电影抖音渲染音效）/06 - Moments/Moments - Distortion/DS 05 Resonance.wav	
/volume1/主目录/Collection/素材&模板&音库/音效/02_中文音效合集/气氛音乐音效/Statement SFX/06 - Moments/Moments - Distortion/DS 03 First Light.wav	Statement SFX（大气深沉5 · 大气深沉浑厚有力重低音环境气氛微电影抖音渲染音效）/06 - Moments/Moments - Distortion/DS 03 First Light.wav	
/volume1/主目录/Collection/素材&模板&音库/音效/02_中文音效合集/气氛音乐音效/Statement SFX/06 - Moments/Moments - Distortion/DS 04 Gentle Gleams.wav	Statement SFX（大气深沉5 · 大气深沉浑厚有力重低音环境气氛微电影抖音渲染音效）/06 - Moments/Moments - Distortion/DS 04 Gentle Gleams.wav	
/volume1/主目录/Collection/素材&模板&音库/音效/02_中文音效合集/气氛音乐音效/Statement SFX/06 - Moments/Moments - Distortion/DS 11 Continuum.wav	Statement SFX（大气深沉5 · 大气深沉浑厚有力重低音环境气氛微电影抖音渲染音效）/06 - Moments/Moments - Distortion/DS 11 Continuum.wav	
/volume1/主目录/Collection/素材&模板&音库/音效/02_中文音效合集/气氛音乐音效/Statement SFX/06 - Moments/Moments - Distortion/DS 07 Coldness.wav	Statement SFX（大气深沉5 · 大气深沉浑厚有力重低音环境气氛微电影抖音渲染音效）/06 - Moments/Moments - Distortion/DS 07 Coldness.wav	
/volume1/主目录/Collection/素材&模板&音库/音效/02_中文音效合集/气氛音乐音效/Statement SFX/06 - Moments/Moments - Distortion/DS 02 Dimensions.wav	Statement SFX（大气深沉5 · 大气深沉浑厚有力重低音环境气氛微电影抖音渲染音效）/06 - Moments/Moments - Distortion/DS 02 Dimensions.wav	
/volume1/主目录/Collection/素材&模板&音库/音效/02_中文音效合集/气氛音乐音效/Statement SFX/06 - Moments/Moments - Distortion/DS 06 Afterwards.wav	Statement SFX（大气深沉5 · 大气深沉浑厚有力重低音环境气氛微电影抖音渲染音效）/06 - Moments/Moments - Distortion/DS 06 Afterwards.wav	
/volume1/主目录/Collection/素材&模板&音库/音效/02_中文音效合集/气氛音乐音效/Statement SFX/06 - Moments/Moments - Space/SP 09 The Furthest.wav	Statement SFX（大气深沉5 · 大气深沉浑厚有力重低音环境气氛微电影抖音渲染音效）/06 - Moments/Moments - Space/SP 09 The Furthest.wav	
/volume1/主目录/Collection/素材&模板&音库/音效/02_中文音效合集/气氛音乐音效/Statement SFX/06 - Moments/Moments - Space/SP 01 Existence.wav	Statement SFX（大气深沉5 · 大气深沉浑厚有力重低音环境气氛微电影抖音渲染音效）/06 - Moments/Moments - Space/SP 01 Existence.wav	
/volume1/主目录/Collection/素材&模板&音库/音效/02_中文音效合集/气氛音乐音效/Statement SFX/06 - Moments/Moments - Space/SP 02 Dimensions.wav	Statement SFX（大气深沉5 · 大气深沉浑厚有力重低音环境气氛微电影抖音渲染音效）/06 - Moments/Moments - Space/SP 02 Dimensions.wav	
/volume1/主目录/Collection/素材&模板&音库/音效/02_中文音效合集/气氛音乐音效/Statement SFX/06 - Moments/Moments - Space/SP 11 Continuum.wav	Statement SFX（大气深沉5 · 大气深沉浑厚有力重低音环境气氛微电影抖音渲染音效）/06 - Moments/Moments - Space/SP 11 Continuum.wav	
/volume1/主目录/Collection/素材&模板&音库/音效/02_中文音效合集/气氛音乐音效/Statement SFX/06 - Moments/Moments - Space/SP 05 Resonance.wav	Statement SFX（大气深沉5 · 大气深沉浑厚有力重低音环境气氛微电影抖音渲染音效）/06 - Moments/Moments - Space/SP 05 Resonance.wav	
/volume1/主目录/Collection/素材&模板&音库/音效/02_中文音效合集/气氛音乐音效/Statement SFX/06 - Moments/Moments - Space/SP 07 Coldness.wav	Statement SFX（大气深沉5 · 大气深沉浑厚有力重低音环境气氛微电影抖音渲染音效）/06 - Moments/Moments - Space/SP 07 Coldness.wav	
/volume1/主目录/Collection/素材&模板&音库/音效/02_中文音效合集/气氛音乐音效/Statement SFX/06 - Moments/Moments - Space/SP 08 Growing Old.wav	Statement SFX（大气深沉5 · 大气深沉浑厚有力重低音环境气氛微电影抖音渲染音效）/06 - Moments/Moments - Space/SP 08 Growing Old.wav	
/volume1/主目录/Collection/素材&模板&音库/音效/02_中文音效合集/气氛音乐音效/Statement SFX/06 - Moments/Moments - Space/SP 03 First Light.wav	Statement SFX（大气深沉5 · 大气深沉浑厚有力重低音环境气氛微电影抖音渲染音效）/06 - Moments/Moments - Space/SP 03 First Light.wav	
/volume1/主目录/Collection/素材&模板&音库/音效/02_中文音效合集/气氛音乐音效/Statement SFX/06 - Moments/Moments - Space/SP 12 Outer Darkness.wav	Statement SFX（大气深沉5 · 大气深沉浑厚有力重低音环境气氛微电影抖音渲染音效）/06 - Moments/Moments - Space/SP 12 Outer Darkness.wav	
/volume1/主目录/Collection/素材&模板&音库/音效/02_中文音效合集/气氛音乐音效/Statement SFX/06 - Moments/Moments - Space/SP 04 Gentle Gleams.wav	Statement SFX（大气深沉5 · 大气深沉浑厚有力重低音环境气氛微电影抖音渲染音效）/06 - Moments/Moments - Space/SP 04 Gentle Gleams.wav	
/volume1/主目录/Collection/素材&模板&音库/音效/02_中文音效合集/气氛音乐音效/Statement SFX/06 - Moments/Moments - Space/SP 06 Afterwards.wav	Statement SFX（大气深沉5 · 大气深沉浑厚有力重低音环境气氛微电影抖音渲染音效）/06 - Moments/Moments - Space/SP 06 Afterwards.wav	
/volume1/主目录/Collection/素材&模板&音库/音效/02_中文音效合集/气氛音乐音效/Statement SFX/06 - Moments/Moments - Space/SP 10 Slow Tone.wav	Statement SFX（大气深沉5 · 大气深沉浑厚有力重低音环境气氛微电影抖音渲染音效）/06 - Moments/Moments - Space/SP 10 Slow Tone.wav	
/volume1/主目录/Collection/素材&模板&音库/音效/02_中文音效合集/气氛音乐音效/Statement SFX/06 - Moments/Moments/07 Coldness.wav	Statement SFX（大气深沉5 · 大气深沉浑厚有力重低音环境气氛微电影抖音渲染音效）/06 - Moments/Moments/07 Coldness.wav	
/volume1/主目录/Collection/素材&模板&音库/音效/02_中文音效合集/气氛音乐音效/Statement SFX/06 - Moments/Moments/06 Afterwards.wav	Statement SFX（大气深沉5 · 大气深沉浑厚有力重低音环境气氛微电影抖音渲染音效）/06 - Moments/Moments/06 Afterwards.wav	
/volume1/主目录/Collection/素材&模板&音库/音效/02_中文音效合集/气氛音乐音效/Statement SFX/06 - Moments/Moments/03 First Light.wav 96000.pek	Statement SFX（大气深沉5 · 大气深沉浑厚有力重低音环境气氛微电影抖音渲染音效）/06 - Moments/Moments/03 First Light.wav 96000.pek	
/volume1/主目录/Collection/素材&模板&音库/音效/02_中文音效合集/气氛音乐音效/Statement SFX/06 - Moments/Moments/12 Outer Darkness.wav 96000.pek	Statement SFX（大气深沉5 · 大气深沉浑厚有力重低音环境气氛微电影抖音渲染音效）/06 - Moments/Moments/12 Outer Darkness.wav 96000.pek	
/volume1/主目录/Collection/素材&模板&音库/音效/02_中文音效合集/气氛音乐音效/Statement SFX/06 - Moments/Moments/12 Outer Darkness.wav	Statement SFX（大气深沉5 · 大气深沉浑厚有力重低音环境气氛微电影抖音渲染音效）/06 - Moments/Moments/12 Outer Darkness.wav	
/volume1/主目录/Collection/素材&模板&音库/音效/02_中文音效合集/气氛音乐音效/Statement SFX/06 - Moments/Moments/03 First Light.wav	Statement SFX（大气深沉5 · 大气深沉浑厚有力重低音环境气氛微电影抖音渲染音效）/06 - Moments/Moments/03 First Light.wav	
/volume1/主目录/Collection/素材&模板&音库/音效/02_中文音效合集/气氛音乐音效/Statement SFX/06 - Moments/Moments/11 Continuum.wav	Statement SFX（大气深沉5 · 大气深沉浑厚有力重低音环境气氛微电影抖音渲染音效）/06 - Moments/Moments/11 Continuum.wav	
/volume1/主目录/Collection/素材&模板&音库/音效/02_中文音效合集/气氛音乐音效/Statement SFX/06 - Moments/Moments/08 Growing Old.wav	Statement SFX（大气深沉5 · 大气深沉浑厚有力重低音环境气氛微电影抖音渲染音效）/06 - Moments/Moments/08 Growing Old.wav	
/volume1/主目录/Collection/素材&模板&音库/音效/02_中文音效合集/气氛音乐音效/Statement SFX/06 - Moments/Moments/02 Dimensions.wav	Statement SFX（大气深沉5 · 大气深沉浑厚有力重低音环境气氛微电影抖音渲染音效）/06 - Moments/Moments/02 Dimensions.wav	
/volume1/主目录/Collection/素材&模板&音库/音效/02_中文音效合集/气氛音乐音效/Statement SFX/06 - Moments/Moments/01 Existence.wav	Statement SFX（大气深沉5 · 大气深沉浑厚有力重低音环境气氛微电影抖音渲染音效）/06 - Moments/Moments/01 Existence.wav	
/volume1/主目录/Collection/素材&模板&音库/音效/02_中文音效合集/气氛音乐音效/Statement SFX/06 - Moments/Moments/05 Resonance.wav	Statement SFX（大气深沉5 · 大气深沉浑厚有力重低音环境气氛微电影抖音渲染音效）/06 - Moments/Moments/05 Resonance.wav	
/volume1/主目录/Collection/素材&模板&音库/音效/02_中文音效合集/气氛音乐音效/Statement SFX/06 - Moments/Moments/04 Gentle Gleams.wav	Statement SFX（大气深沉5 · 大气深沉浑厚有力重低音环境气氛微电影抖音渲染音效）/06 - Moments/Moments/04 Gentle Gleams.wav	
/volume1/主目录/Collection/素材&模板&音库/音效/02_中文音效合集/气氛音乐音效/Statement SFX/06 - Moments/Moments/09 The Furthest.wav	Statement SFX（大气深沉5 · 大气深沉浑厚有力重低音环境气氛微电影抖音渲染音效）/06 - Moments/Moments/09 The Furthest.wav	
/volume1/主目录/Collection/素材&模板&音库/音效/02_中文音效合集/气氛音乐音效/Statement SFX/06 - Moments/Moments - Silk/SL 09 The Furthest.wav	Statement SFX（大气深沉5 · 大气深沉浑厚有力重低音环境气氛微电影抖音渲染音效）/06 - Moments/Moments - Silk/SL 09 The Furthest.wav	
/volume1/主目录/Collection/素材&模板&音库/音效/02_中文音效合集/气氛音乐音效/Statement SFX/06 - Moments/Moments - Silk/SL 01 Existence.wav	Statement SFX（大气深沉5 · 大气深沉浑厚有力重低音环境气氛微电影抖音渲染音效）/06 - Moments/Moments - Silk/SL 01 Existence.wav	
/volume1/主目录/Collection/素材&模板&音库/音效/02_中文音效合集/气氛音乐音效/Statement SFX/06 - Moments/Moments - Silk/SL 02 Dimensions.wav	Statement SFX（大气深沉5 · 大气深沉浑厚有力重低音环境气氛微电影抖音渲染音效）/06 - Moments/Moments - Silk/SL 02 Dimensions.wav	
/volume1/主目录/Collection/素材&模板&音库/音效/02_中文音效合集/气氛音乐音效/Statement SFX/06 - Moments/Moments - Silk/SL 08 Growing Old.wav	Statement SFX（大气深沉5 · 大气深沉浑厚有力重低音环境气氛微电影抖音渲染音效）/06 - Moments/Moments - Silk/SL 08 Growing Old.wav	
/volume1/主目录/Collection/素材&模板&音库/音效/02_中文音效合集/气氛音乐音效/Statement SFX/06 - Moments/Moments - Silk/SL 05 Resonance.wav	Statement SFX（大气深沉5 · 大气深沉浑厚有力重低音环境气氛微电影抖音渲染音效）/06 - Moments/Moments - Silk/SL 05 Resonance.wav	
/volume1/主目录/Collection/素材&模板&音库/音效/02_中文音效合集/气氛音乐音效/Statement SFX/06 - Moments/Moments - Silk/SL 10 Slow Tone.wav	Statement SFX（大气深沉5 · 大气深沉浑厚有力重低音环境气氛微电影抖音渲染音效）/06 - Moments/Moments - Silk/SL 10 Slow Tone.wav	
/volume1/主目录/Collection/素材&模板&音库/音效/02_中文音效合集/气氛音乐音效/Statement SFX/06 - Moments/Moments - Silk/SL 04 Gentle Gleams.wav	Statement SFX（大气深沉5 · 大气深沉浑厚有力重低音环境气氛微电影抖音渲染音效）/06 - Moments/Moments - Silk/SL 04 Gentle Gleams.wav	
/volume1/主目录/Collection/素材&模板&音库/音效/02_中文音效合集/气氛音乐音效/Statement SFX/06 - Moments/Moments - Silk/SL 12 Outer Darkness.wav	Statement SFX（大气深沉5 · 大气深沉浑厚有力重低音环境气氛微电影抖音渲染音效）/06 - Moments/Moments - Silk/SL 12 Outer Darkness.wav	
/volume1/主目录/Collection/素材&模板&音库/音效/02_中文音效合集/气氛音乐音效/Statement SFX/06 - Moments/Moments - Silk/SL 06 Afterwards.wav	Statement SFX（大气深沉5 · 大气深沉浑厚有力重低音环境气氛微电影抖音渲染音效）/06 - Moments/Moments - Silk/SL 06 Afterwards.wav	
/volume1/主目录/Collection/素材&模板&音库/音效/02_中文音效合集/气氛音乐音效/Statement SFX/06 - Moments/Moments - Silk/SL 03 First Light.wav	Statement SFX（大气深沉5 · 大气深沉浑厚有力重低音环境气氛微电影抖音渲染音效）/06 - Moments/Moments - Silk/SL 03 First Light.wav	
/volume1/主目录/Collection/素材&模板&音库/音效/02_中文音效合集/气氛音乐音效/Statement SFX/06 - Moments/Moments - Silk/SL 07 Coldness.wav	Statement SFX（大气深沉5 · 大气深沉浑厚有力重低音环境气氛微电影抖音渲染音效）/06 - Moments/Moments - Silk/SL 07 Coldness.wav	
/volume1/主目录/Collection/素材&模板&音库/音效/02_中文音效合集/气氛音乐音效/Statement SFX/05 - Undertones/Undertones - Distortion/DS 18 Sub Below.wav	Statement SFX（大气深沉5 · 大气深沉浑厚有力重低音环境气氛微电影抖音渲染音效）/05 - Undertones/Undertones - Distortion/DS 18 Sub Below.wav	
/volume1/主目录/Collection/素材&模板&音库/音效/02_中文音效合集/气氛音乐音效/Statement SFX/05 - Undertones/Undertones - Distortion/DS 04 Distant Energy.wav 96000.pek	Statement SFX（大气深沉5 · 大气深沉浑厚有力重低音环境气氛微电影抖音渲染音效）/05 - Undertones/Undertones - Distortion/DS 04 Distant Energy.wav 96000.pek	
/volume1/主目录/Collection/素材&模板&音库/音效/02_中文音效合集/气氛音乐音效/Statement SFX/05 - Undertones/Undertones/17 Lower Deck.wav 96000.pek	Statement SFX（大气深沉5 · 大气深沉浑厚有力重低音环境气氛微电影抖音渲染音效）/05 - Undertones/Undertones/17 Lower Deck.wav 96000.pek	
/volume1/主目录/Collection/素材&模板&音库/音效/02_中文音效合集/气氛音乐音效/Statement SFX/05 - Undertones/Undertones/05 Hum.wav	Statement SFX（大气深沉5 · 大气深沉浑厚有力重低音环境气氛微电影抖音渲染音效）/05 - Undertones/Undertones/05 Hum.wav	
/volume1/主目录/Collection/素材&模板&音库/音效/02_中文音效合集/气氛音乐音效/Statement SFX/05 - Undertones/Undertones/04 Distant Energy.wav 96000.pek	Statement SFX（大气深沉5 · 大气深沉浑厚有力重低音环境气氛微电影抖音渲染音效）/05 - Undertones/Undertones/04 Distant Energy.wav 96000.pek	
/volume1/主目录/Collection/素材&模板&音库/音效/02_中文音效合集/气氛音乐音效/Statement SFX/05 - Undertones/Undertones/14 Boiler Room.wav 96000.pek	Statement SFX（大气深沉5 · 大气深沉浑厚有力重低音环境气氛微电影抖音渲染音效）/05 - Undertones/Undertones/14 Boiler Room.wav 96000.pek	
/volume1/主目录/Collection/素材&模板&音库/音效/02_中文音效合集/气氛音乐音效/Statement SFX/05 - Undertones/Undertones/08 Standstill.wav 96000.pek	Statement SFX（大气深沉5 · 大气深沉浑厚有力重低音环境气氛微电影抖音渲染音效）/05 - Undertones/Undertones/08 Standstill.wav 96000.pek	
/volume1/主目录/Collection/素材&模板&音库/音效/02_中文音效合集/气氛音乐音效/Statement SFX/05 - Undertones/Undertones - Space/SP 04 Distant Energy.wav 96000.pek	Statement SFX（大气深沉5 · 大气深沉浑厚有力重低音环境气氛微电影抖音渲染音效）/05 - Undertones/Undertones - Space/SP 04 Distant Energy.wav 96000.pek	
/volume1/主目录/Collection/素材&模板&音库/音效/02_中文音效合集/气氛音乐音效/Statement SFX/03 - Whooshes/Whooshes/24 Flange Whoosh.wav 96000.pek	Statement SFX（大气深沉5 · 大气深沉浑厚有力重低音环境气氛微电影抖音渲染音效）/03 - Whooshes/Whooshes/24 Flange Whoosh.wav 96000.pek	
/volume1/主目录/Collection/素材&模板&音库/音效/02_中文音效合集/气氛音乐音效/Statement SFX/03 - Whooshes/Whooshes/09 Slow Whoosh B.wav 96000.pek	Statement SFX（大气深沉5 · 大气深沉浑厚有力重低音环境气氛微电影抖音渲染音效）/03 - Whooshes/Whooshes/09 Slow Whoosh B.wav 96000.pek	
/volume1/主目录/Collection/素材&模板&音库/音效/02_中文音效合集/气氛音乐音效/Statement SFX/03 - Whooshes/Whooshes/02 Velocity Whoosh.wav	Statement SFX（大气深沉5 · 大气深沉浑厚有力重低音环境气氛微电影抖音渲染音效）/03 - Whooshes/Whooshes/02 Velocity Whoosh.wav	
/volume1/主目录/Collection/素材&模板&音库/音效/02_中文音效合集/气氛音乐音效/Statement SFX/03 - Whooshes/Whooshes/09 Slow Whoosh B.wav 96000_1.pek	Statement SFX（大气深沉5 · 大气深沉浑厚有力重低音环境气氛微电影抖音渲染音效）/03 - Whooshes/Whooshes/09 Slow Whoosh B.wav 96000_1.pek	
/volume1/主目录/Collection/素材&模板&音库/音效/02_中文音效合集/气氛音乐音效/Statement SFX/03 - Whooshes/Whooshes/10 Drop Whoosh.wav 96000.pek	Statement SFX（大气深沉5 · 大气深沉浑厚有力重低音环境气氛微电影抖音渲染音效）/03 - Whooshes/Whooshes/10 Drop Whoosh.wav 96000.pek	
/volume1/主目录/Collection/素材&模板&音库/音效/02_中文音效合集/气氛音乐音效/Statement SFX/03 - Whooshes/Whooshes/25 Iron Whoosh A.wav 96000_1.pek	Statement SFX（大气深沉5 · 大气深沉浑厚有力重低音环境气氛微电影抖音渲染音效）/03 - Whooshes/Whooshes/25 Iron Whoosh A.wav 96000_1.pek	
/volume1/主目录/Collection/素材&模板&音库/音效/02_中文音效合集/气氛音乐音效/Statement SFX/03 - Whooshes/Whooshes/13 Long Whoosh.wav	Statement SFX（大气深沉5 · 大气深沉浑厚有力重低音环境气氛微电影抖音渲染音效）/03 - Whooshes/Whooshes/13 Long Whoosh.wav	
/volume1/主目录/Collection/素材&模板&音库/音效/02_中文音效合集/气氛音乐音效/Statement SFX/03 - Whooshes/Whooshes/08 Slow Whoosh A.wav 96000.pek	Statement SFX（大气深沉5 · 大气深沉浑厚有力重低音环境气氛微电影抖音渲染音效）/03 - Whooshes/Whooshes/08 Slow Whoosh A.wav 96000.pek	
/volume1/主目录/Collection/素材&模板&音库/音效/02_中文音效合集/气氛音乐音效/Statement SFX/03 - Whooshes/Whooshes/13 Long Whoosh.wav 96000.pek	Statement SFX（大气深沉5 · 大气深沉浑厚有力重低音环境气氛微电影抖音渲染音效）/03 - Whooshes/Whooshes/13 Long Whoosh.wav 96000.pek	
/volume1/主目录/Collection/素材&模板&音库/音效/02_中文音效合集/气氛音乐音效/Statement SFX/03 - Whooshes/Whooshes/02 Velocity Whoosh.wav 96000.pek	Statement SFX（大气深沉5 · 大气深沉浑厚有力重低音环境气氛微电影抖音渲染音效）/03 - Whooshes/Whooshes/02 Velocity Whoosh.wav 96000.pek	
/volume1/主目录/Collection/素材&模板&音库/音效/02_中文音效合集/气氛音乐音效/Statement SFX/03 - Whooshes/Whooshes/25 Iron Whoosh A.wav 96000.pek	Statement SFX（大气深沉5 · 大气深沉浑厚有力重低音环境气氛微电影抖音渲染音效）/03 - Whooshes/Whooshes/25 Iron Whoosh A.wav 96000.pek	
/volume1/主目录/Collection/素材&模板&音库/音效/02_中文音效合集/气氛音乐音效/Statement SFX/03 - Whooshes/Whooshes/22 Shadow Whoosh.wav	Statement SFX（大气深沉5 · 大气深沉浑厚有力重低音环境气氛微电影抖音渲染音效）/03 - Whooshes/Whooshes/22 Shadow Whoosh.wav	
/volume1/主目录/Collection/素材&模板&音库/音效/02_中文音效合集/气氛音乐音效/Statement SFX/03 - Whooshes/Whooshes/24 Flange Whoosh.wav 96000_1.pek	Statement SFX（大气深沉5 · 大气深沉浑厚有力重低音环境气氛微电影抖音渲染音效）/03 - Whooshes/Whooshes/24 Flange Whoosh.wav 96000_1.pek	
/volume1/主目录/Collection/素材&模板&音库/音效/02_中文音效合集/气氛音乐音效/Statement SFX/03 - Whooshes/Whooshes - Space/SP 20 Machine Whoosh.wav	Statement SFX（大气深沉5 · 大气深沉浑厚有力重低音环境气氛微电影抖音渲染音效）/03 - Whooshes/Whooshes - Space/SP 20 Machine Whoosh.wav	
/volume1/主目录/Collection/素材&模板&音库/音效/02_中文音效合集/气氛音乐音效/Statement SFX/03 - Whooshes/Whooshes - Space/SP 02 Velocity Whoosh.wav	Statement SFX（大气深沉5 · 大气深沉浑厚有力重低音环境气氛微电影抖音渲染音效）/03 - Whooshes/Whooshes - Space/SP 02 Velocity Whoosh.wav	
/volume1/主目录/Collection/素材&模板&音库/音效/02_中文音效合集/气氛音乐音效/Statement SFX/01 - Risers/Risers - Space/SP 04 Storm.wav	Statement SFX（大气深沉5 · 大气深沉浑厚有力重低音环境气氛微电影抖音渲染音效）/01 - Risers/Risers - Space/SP 04 Storm.wav	
/volume1/主目录/Collection/素材&模板&音库/音效/02_中文音效合集/气氛音乐音效/Statement SFX/01 - Risers/Risers/13 Problems Arise.wav 96000.pek	Statement SFX（大气深沉5 · 大气深沉浑厚有力重低音环境气氛微电影抖音渲染音效）/01 - Risers/Risers/13 Problems Arise.wav 96000.pek	
/volume1/主目录/Collection/素材&模板&音库/音效/02_中文音效合集/气氛音乐音效/Statement SFX/01 - Risers/Risers/02 Dream.wav 96000.pek	Statement SFX（大气深沉5 · 大气深沉浑厚有力重低音环境气氛微电影抖音渲染音效）/01 - Risers/Risers/02 Dream.wav 96000.pek	
/volume1/主目录/Collection/素材&模板&音库/音效/02_中文音效合集/气氛音乐音效/Statement SFX/01 - Risers/Risers/09 Dark Build B.wav	Statement SFX（大气深沉5 · 大气深沉浑厚有力重低音环境气氛微电影抖音渲染音效）/01 - Risers/Risers/09 Dark Build B.wav	
/volume1/主目录/Collection/素材&模板&音库/音效/02_中文音效合集/气氛音乐音效/Statement SFX/01 - Risers/Risers/08 Dark Build A.wav 96000.pek	Statement SFX（大气深沉5 · 大气深沉浑厚有力重低音环境气氛微电影抖音渲染音效）/01 - Risers/Risers/08 Dark Build A.wav 96000.pek	
/volume1/主目录/Collection/素材&模板&音库/音效/02_中文音效合集/气氛音乐音效/Statement SFX/01 - Risers/Risers/04 Storm.wav 96000.pek	Statement SFX（大气深沉5 · 大气深沉浑厚有力重低音环境气氛微电影抖音渲染音效）/01 - Risers/Risers/04 Storm.wav 96000.pek	
/volume1/主目录/Collection/素材&模板&音库/音效/02_中文音效合集/气氛音乐音效/Statement SFX/04 - Accents/Accents - Space/SP 04 Paradox A.wav	Statement SFX（大气深沉5 · 大气深沉浑厚有力重低音环境气氛微电影抖音渲染音效）/04 - Accents/Accents - Space/SP 04 Paradox A.wav	
/volume1/主目录/Collection/素材&模板&音库/音效/02_中文音效合集/气氛音乐音效/Statement SFX/04 - Accents/Accents - Space/SP 29 Graven.wav	Statement SFX（大气深沉5 · 大气深沉浑厚有力重低音环境气氛微电影抖音渲染音效）/04 - Accents/Accents - Space/SP 29 Graven.wav	
/volume1/主目录/Collection/素材&模板&音库/音效/02_中文音效合集/气氛音乐音效/Statement SFX/04 - Accents/Accents - Space/SP 06 Prisms.wav	Statement SFX（大气深沉5 · 大气深沉浑厚有力重低音环境气氛微电影抖音渲染音效）/04 - Accents/Accents - Space/SP 06 Prisms.wav	
/volume1/主目录/Collection/素材&模板&音库/音效/02_中文音效合集/气氛音乐音效/Statement SFX/04 - Accents/Accents - Space/SP 14 Tunnel Chatter.wav	Statement SFX（大气深沉5 · 大气深沉浑厚有力重低音环境气氛微电影抖音渲染音效）/04 - Accents/Accents - Space/SP 14 Tunnel Chatter.wav	
/volume1/主目录/Collection/素材&模板&音库/音效/02_中文音效合集/气氛音乐音效/Statement SFX/04 - Accents/Accents - Space/SP 27 Transport.wav	Statement SFX（大气深沉5 · 大气深沉浑厚有力重低音环境气氛微电影抖音渲染音效）/04 - Accents/Accents - Space/SP 27 Transport.wav	
/volume1/主目录/Collection/素材&模板&音库/音效/02_中文音效合集/气氛音乐音效/Statement SFX/04 - Accents/Accents - Space/SP 07 Conceptual.wav	Statement SFX（大气深沉5 · 大气深沉浑厚有力重低音环境气氛微电影抖音渲染音效）/04 - Accents/Accents - Space/SP 07 Conceptual.wav	
/volume1/主目录/Collection/素材&模板&音库/音效/02_中文音效合集/气氛音乐音效/Statement SFX/04 - Accents/Accents - Space/SP 03 Human Touch.wav	Statement SFX（大气深沉5 · 大气深沉浑厚有力重低音环境气氛微电影抖音渲染音效）/04 - Accents/Accents - Space/SP 03 Human Touch.wav	
/volume1/主目录/Collection/素材&模板&音库/音效/02_中文音效合集/气氛音乐音效/Statement SFX/04 - Accents/Accents - Space/SP 21 Mysterious B.wav	Statement SFX（大气深沉5 · 大气深沉浑厚有力重低音环境气氛微电影抖音渲染音效）/04 - Accents/Accents - Space/SP 21 Mysterious B.wav	
/volume1/主目录/Collection/素材&模板&音库/音效/02_中文音效合集/气氛音乐音效/Statement SFX/04 - Accents/Accents - Space/SP 15 Cables.wav	Statement SFX（大气深沉5 · 大气深沉浑厚有力重低音环境气氛微电影抖音渲染音效）/04 - Accents/Accents - Space/SP 15 Cables.wav	
/volume1/主目录/Collection/素材&模板&音库/音效/02_中文音效合集/气氛音乐音效/Statement SFX/04 - Accents/Accents - Space/SP 01 Bright Start A.wav	Statement SFX（大气深沉5 · 大气深沉浑厚有力重低音环境气氛微电影抖音渲染音效）/04 - Accents/Accents - Space/SP 01 Bright Start A.wav	
/volume1/主目录/Collection/素材&模板&音库/音效/02_中文音效合集/气氛音乐音效/Statement SFX/04 - Accents/Accents - Space/SP 02 Bright Start B.wav	Statement SFX（大气深沉5 · 大气深沉浑厚有力重低音环境气氛微电影抖音渲染音效）/04 - Accents/Accents - Space/SP 02 Bright Start B.wav	
/volume1/主目录/Collection/素材&模板&音库/音效/02_中文音效合集/气氛音乐音效/Statement SFX/04 - Accents/Accents - Space/SP 22 Mysterious C.wav	Statement SFX（大气深沉5 · 大气深沉浑厚有力重低音环境气氛微电影抖音渲染音效）/04 - Accents/Accents - Space/SP 22 Mysterious C.wav	
/volume1/主目录/Collection/素材&模板&音库/音效/02_中文音效合集/气氛音乐音效/Statement SFX/04 - Accents/Accents - Space/SP 08 Distant Lands.wav	Statement SFX（大气深沉5 · 大气深沉浑厚有力重低音环境气氛微电影抖音渲染音效）/04 - Accents/Accents - Space/SP 08 Distant Lands.wav	
/volume1/主目录/Collection/素材&模板&音库/音效/02_中文音效合集/气氛音乐音效/Statement SFX/04 - Accents/Accents - Space/SP 28 Vacant.wav	Statement SFX（大气深沉5 · 大气深沉浑厚有力重低音环境气氛微电影抖音渲染音效）/04 - Accents/Accents - Space/SP 28 Vacant.wav	
/volume1/主目录/Collection/素材&模板&音库/音效/02_中文音效合集/气氛音乐音效/Statement SFX/04 - Accents/Accents - Space/SP 18 Acute.wav	Statement SFX（大气深沉5 · 大气深沉浑厚有力重低音环境气氛微电影抖音渲染音效）/04 - Accents/Accents - Space/SP 18 Acute.wav	
/volume1/主目录/Collection/素材&模板&音库/音效/02_中文音效合集/气氛音乐音效/Statement SFX/04 - Accents/Accents - Space/SP 23 Odd Feeling.wav	Statement SFX（大气深沉5 · 大气深沉浑厚有力重低音环境气氛微电影抖音渲染音效）/04 - Accents/Accents - Space/SP 23 Odd Feeling.wav	
/volume1/主目录/Collection/素材&模板&音库/音效/02_中文音效合集/气氛音乐音效/Statement SFX/04 - Accents/Accents - Space/SP 30 Dark Texture.wav	Statement SFX（大气深沉5 · 大气深沉浑厚有力重低音环境气氛微电影抖音渲染音效）/04 - Accents/Accents - Space/SP 30 Dark Texture.wav	
/volume1/主目录/Collection/素材&模板&音库/音效/02_中文音效合集/气氛音乐音效/Statement SFX/04 - Accents/Accents - Space/SP 13 Glass.wav	Statement SFX（大气深沉5 · 大气深沉浑厚有力重低音环境气氛微电影抖音渲染音效）/04 - Accents/Accents - Space/SP 13 Glass.wav	
/volume1/主目录/Collection/素材&模板&音库/音效/02_中文音效合集/气氛音乐音效/Statement SFX/04 - Accents/Accents - Space/SP 26 Unsettling.wav	Statement SFX（大气深沉5 · 大气深沉浑厚有力重低音环境气氛微电影抖音渲染音效）/04 - Accents/Accents - Space/SP 26 Unsettling.wav	
/volume1/主目录/Collection/素材&模板&音库/音效/02_中文音效合集/气氛音乐音效/Statement SFX/04 - Accents/Accents - Space/SP 19 System.wav	Statement SFX（大气深沉5 · 大气深沉浑厚有力重低音环境气氛微电影抖音渲染音效）/04 - Accents/Accents - Space/SP 19 System.wav	
/volume1/主目录/Collection/素材&模板&音库/音效/02_中文音效合集/气氛音乐音效/Statement SFX/04 - Accents/Accents - Space/SP 25 Synthetic.wav	Statement SFX（大气深沉5 · 大气深沉浑厚有力重低音环境气氛微电影抖音渲染音效）/04 - Accents/Accents - Space/SP 25 Synthetic.wav	
/volume1/主目录/Collection/素材&模板&音库/音效/02_中文音效合集/气氛音乐音效/Statement SFX/04 - Accents/Accents - Space/SP 24 Imperfect.wav	Statement SFX（大气深沉5 · 大气深沉浑厚有力重低音环境气氛微电影抖音渲染音效）/04 - Accents/Accents - Space/SP 24 Imperfect.wav	
/volume1/主目录/Collection/素材&模板&音库/音效/02_中文音效合集/气氛音乐音效/Statement SFX/04 - Accents/Accents - Space/SP 17 Dark Scan.wav	Statement SFX（大气深沉5 · 大气深沉浑厚有力重低音环境气氛微电影抖音渲染音效）/04 - Accents/Accents - Space/SP 17 Dark Scan.wav	
/volume1/主目录/Collection/素材&模板&音库/音效/02_中文音效合集/气氛音乐音效/Statement SFX/04 - Accents/Accents - Space/SP 11 Concern.wav	Statement SFX（大气深沉5 · 大气深沉浑厚有力重低音环境气氛微电影抖音渲染音效）/04 - Accents/Accents - Space/SP 11 Concern.wav	
/volume1/主目录/Collection/素材&模板&音库/音效/02_中文音效合集/气氛音乐音效/Statement SFX/04 - Accents/Accents - Space/SP 10 Radiance.wav	Statement SFX（大气深沉5 · 大气深沉浑厚有力重低音环境气氛微电影抖音渲染音效）/04 - Accents/Accents - Space/SP 10 Radiance.wav	
/volume1/主目录/Collection/素材&模板&音库/音效/02_中文音效合集/气氛音乐音效/Statement SFX/04 - Accents/Accents - Space/SP 12 Out Of Place.wav	Statement SFX（大气深沉5 · 大气深沉浑厚有力重低音环境气氛微电影抖音渲染音效）/04 - Accents/Accents - Space/SP 12 Out Of Place.wav	
/volume1/主目录/Collection/素材&模板&音库/音效/02_中文音效合集/气氛音乐音效/Statement SFX/04 - Accents/Accents - Space/SP 20 Mysterious A.wav	Statement SFX（大气深沉5 · 大气深沉浑厚有力重低音环境气氛微电影抖音渲染音效）/04 - Accents/Accents - Space/SP 20 Mysterious A.wav	
/volume1/主目录/Collection/素材&模板&音库/音效/02_中文音效合集/气氛音乐音效/Statement SFX/04 - Accents/Accents - Space/SP 05 Paradox B.wav	Statement SFX（大气深沉5 · 大气深沉浑厚有力重低音环境气氛微电影抖音渲染音效）/04 - Accents/Accents - Space/SP 05 Paradox B.wav	
/volume1/主目录/Collection/素材&模板&音库/音效/02_中文音效合集/气氛音乐音效/Statement SFX/04 - Accents/Accents - Space/SP 09 Super Clean.wav	Statement SFX（大气深沉5 · 大气深沉浑厚有力重低音环境气氛微电影抖音渲染音效）/04 - Accents/Accents - Space/SP 09 Super Clean.wav	
/volume1/主目录/Collection/素材&模板&音库/音效/02_中文音效合集/气氛音乐音效/Statement SFX/04 - Accents/Accents - Space/SP 16 Power Cell.wav	Statement SFX（大气深沉5 · 大气深沉浑厚有力重低音环境气氛微电影抖音渲染音效）/04 - Accents/Accents - Space/SP 16 Power Cell.wav	
/volume1/主目录/Collection/素材&模板&音库/音效/02_中文音效合集/气氛音乐音效/Statement SFX/04 - Accents/Accents - Distortion/DS 12 Out Of Place.wav	Statement SFX（大气深沉5 · 大气深沉浑厚有力重低音环境气氛微电影抖音渲染音效）/04 - Accents/Accents - Distortion/DS 12 Out Of Place.wav	
/volume1/主目录/Collection/素材&模板&音库/音效/02_中文音效合集/气氛音乐音效/Statement SFX/04 - Accents/Accents - Distortion/DS 22 Mysterious C.wav	Statement SFX（大气深沉5 · 大气深沉浑厚有力重低音环境气氛微电影抖音渲染音效）/04 - Accents/Accents - Distortion/DS 22 Mysterious C.wav	
/volume1/主目录/Collection/素材&模板&音库/音效/02_中文音效合集/气氛音乐音效/Statement SFX/04 - Accents/Accents - Distortion/DS 16 Power Cell.wav	Statement SFX（大气深沉5 · 大气深沉浑厚有力重低音环境气氛微电影抖音渲染音效）/04 - Accents/Accents - Distortion/DS 16 Power Cell.wav	
/volume1/主目录/Collection/素材&模板&音库/音效/02_中文音效合集/气氛音乐音效/Statement SFX/04 - Accents/Accents - Distortion/DS 07 Conceptual.wav	Statement SFX（大气深沉5 · 大气深沉浑厚有力重低音环境气氛微电影抖音渲染音效）/04 - Accents/Accents - Distortion/DS 07 Conceptual.wav	
/volume1/主目录/Collection/素材&模板&音库/音效/02_中文音效合集/气氛音乐音效/Statement SFX/04 - Accents/Accents - Distortion/DS 23 Odd Feeling.wav	Statement SFX（大气深沉5 · 大气深沉浑厚有力重低音环境气氛微电影抖音渲染音效）/04 - Accents/Accents - Distortion/DS 23 Odd Feeling.wav	
/volume1/主目录/Collection/素材&模板&音库/音效/02_中文音效合集/气氛音乐音效/Statement SFX/04 - Accents/Accents - Distortion/DS 04 Paradox A.wav	Statement SFX（大气深沉5 · 大气深沉浑厚有力重低音环境气氛微电影抖音渲染音效）/04 - Accents/Accents - Distortion/DS 04 Paradox A.wav	
/volume1/主目录/Collection/素材&模板&音库/音效/02_中文音效合集/气氛音乐音效/Statement SFX/04 - Accents/Accents - Distortion/DS 27 Transport.wav	Statement SFX（大气深沉5 · 大气深沉浑厚有力重低音环境气氛微电影抖音渲染音效）/04 - Accents/Accents - Distortion/DS 27 Transport.wav	
/volume1/主目录/Collection/素材&模板&音库/音效/02_中文音效合集/气氛音乐音效/Statement SFX/04 - Accents/Accents - Distortion/DS 06 Prisms.wav	Statement SFX（大气深沉5 · 大气深沉浑厚有力重低音环境气氛微电影抖音渲染音效）/04 - Accents/Accents - Distortion/DS 06 Prisms.wav	
/volume1/主目录/Collection/素材&模板&音库/音效/02_中文音效合集/气氛音乐音效/Statement SFX/04 - Accents/Accents - Distortion/DS 17 Dark Scan.wav	Statement SFX（大气深沉5 · 大气深沉浑厚有力重低音环境气氛微电影抖音渲染音效）/04 - Accents/Accents - Distortion/DS 17 Dark Scan.wav	
/volume1/主目录/Collection/素材&模板&音库/音效/02_中文音效合集/气氛音乐音效/Statement SFX/04 - Accents/Accents - Distortion/DS 18 Acute.wav	Statement SFX（大气深沉5 · 大气深沉浑厚有力重低音环境气氛微电影抖音渲染音效）/04 - Accents/Accents - Distortion/DS 18 Acute.wav	
/volume1/主目录/Collection/素材&模板&音库/音效/02_中文音效合集/气氛音乐音效/Statement SFX/04 - Accents/Accents - Distortion/DS 01 Bright Start A.wav	Statement SFX（大气深沉5 · 大气深沉浑厚有力重低音环境气氛微电影抖音渲染音效）/04 - Accents/Accents - Distortion/DS 01 Bright Start A.wav	
/volume1/主目录/Collection/素材&模板&音库/音效/02_中文音效合集/气氛音乐音效/Statement SFX/04 - Accents/Accents - Distortion/DS 26 Unsettling.wav	Statement SFX（大气深沉5 · 大气深沉浑厚有力重低音环境气氛微电影抖音渲染音效）/04 - Accents/Accents - Distortion/DS 26 Unsettling.wav	
/volume1/主目录/Collection/素材&模板&音库/音效/02_中文音效合集/气氛音乐音效/Statement SFX/04 - Accents/Accents - Distortion/DS 28 Vacant.wav	Statement SFX（大气深沉5 · 大气深沉浑厚有力重低音环境气氛微电影抖音渲染音效）/04 - Accents/Accents - Distortion/DS 28 Vacant.wav	
/volume1/主目录/Collection/素材&模板&音库/音效/02_中文音效合集/气氛音乐音效/Statement SFX/04 - Accents/Accents - Distortion/DS 19 System.wav	Statement SFX（大气深沉5 · 大气深沉浑厚有力重低音环境气氛微电影抖音渲染音效）/04 - Accents/Accents - Distortion/DS 19 System.wav	
/volume1/主目录/Collection/素材&模板&音库/音效/02_中文音效合集/气氛音乐音效/Statement SFX/04 - Accents/Accents - Distortion/DS 03 Human Touch.wav	Statement SFX（大气深沉5 · 大气深沉浑厚有力重低音环境气氛微电影抖音渲染音效）/04 - Accents/Accents - Distortion/DS 03 Human Touch.wav	
/volume1/主目录/Collection/素材&模板&音库/音效/02_中文音效合集/气氛音乐音效/Statement SFX/04 - Accents/Accents - Distortion/DS 05 Paradox B.wav	Statement SFX（大气深沉5 · 大气深沉浑厚有力重低音环境气氛微电影抖音渲染音效）/04 - Accents/Accents - Distortion/DS 05 Paradox B.wav	
/volume1/主目录/Collection/素材&模板&音库/音效/02_中文音效合集/气氛音乐音效/Statement SFX/04 - Accents/Accents - Distortion/DS 08 Distant Lands.wav	Statement SFX（大气深沉5 · 大气深沉浑厚有力重低音环境气氛微电影抖音渲染音效）/04 - Accents/Accents - Distortion/DS 08 Distant Lands.wav	
/volume1/主目录/Collection/素材&模板&音库/音效/02_中文音效合集/气氛音乐音效/Statement SFX/04 - Accents/Accents - Distortion/DS 20 Mysterious A.wav	Statement SFX（大气深沉5 · 大气深沉浑厚有力重低音环境气氛微电影抖音渲染音效）/04 - Accents/Accents - Distortion/DS 20 Mysterious A.wav	
/volume1/主目录/Collection/素材&模板&音库/音效/02_中文音效合集/气氛音乐音效/Statement SFX/04 - Accents/Accents - Distortion/DS 24 Imperfect.wav	Statement SFX（大气深沉5 · 大气深沉浑厚有力重低音环境气氛微电影抖音渲染音效）/04 - Accents/Accents - Distortion/DS 24 Imperfect.wav	
/volume1/主目录/Collection/素材&模板&音库/音效/02_中文音效合集/气氛音乐音效/Statement SFX/04 - Accents/Accents - Distortion/DS 25 Synthetic.wav	Statement SFX（大气深沉5 · 大气深沉浑厚有力重低音环境气氛微电影抖音渲染音效）/04 - Accents/Accents - Distortion/DS 25 Synthetic.wav	
/volume1/主目录/Collection/素材&模板&音库/音效/02_中文音效合集/气氛音乐音效/Statement SFX/04 - Accents/Accents - Distortion/DS 14 Tunnel Chatter.wav	Statement SFX（大气深沉5 · 大气深沉浑厚有力重低音环境气氛微电影抖音渲染音效）/04 - Accents/Accents - Distortion/DS 14 Tunnel Chatter.wav	
/volume1/主目录/Collection/素材&模板&音库/音效/02_中文音效合集/气氛音乐音效/Statement SFX/04 - Accents/Accents - Distortion/DS 10 Radiance.wav	Statement SFX（大气深沉5 · 大气深沉浑厚有力重低音环境气氛微电影抖音渲染音效）/04 - Accents/Accents - Distortion/DS 10 Radiance.wav	
/volume1/主目录/Collection/素材&模板&音库/音效/02_中文音效合集/气氛音乐音效/Statement SFX/04 - Accents/Accents - Distortion/DS 30 Dark Texture.wav	Statement SFX（大气深沉5 · 大气深沉浑厚有力重低音环境气氛微电影抖音渲染音效）/04 - Accents/Accents - Distortion/DS 30 Dark Texture.wav	
/volume1/主目录/Collection/素材&模板&音库/音效/02_中文音效合集/气氛音乐音效/Statement SFX/04 - Accents/Accents - Distortion/DS 15 Cables.wav	Statement SFX（大气深沉5 · 大气深沉浑厚有力重低音环境气氛微电影抖音渲染音效）/04 - Accents/Accents - Distortion/DS 15 Cables.wav	
/volume1/主目录/Collection/素材&模板&音库/音效/02_中文音效合集/气氛音乐音效/Statement SFX/04 - Accents/Accents - Distortion/DS 02 Bright Start B.wav	Statement SFX（大气深沉5 · 大气深沉浑厚有力重低音环境气氛微电影抖音渲染音效）/04 - Accents/Accents - Distortion/DS 02 Bright Start B.wav	
/volume1/主目录/Collection/素材&模板&音库/音效/02_中文音效合集/气氛音乐音效/Statement SFX/04 - Accents/Accents - Distortion/DS 29 Graven.wav	Statement SFX（大气深沉5 · 大气深沉浑厚有力重低音环境气氛微电影抖音渲染音效）/04 - Accents/Accents - Distortion/DS 29 Graven.wav	
/volume1/主目录/Collection/素材&模板&音库/音效/02_中文音效合集/气氛音乐音效/Statement SFX/04 - Accents/Accents - Distortion/DS 21 Mysterious B.wav	Statement SFX（大气深沉5 · 大气深沉浑厚有力重低音环境气氛微电影抖音渲染音效）/04 - Accents/Accents - Distortion/DS 21 Mysterious B.wav	
/volume1/主目录/Collection/素材&模板&音库/音效/02_中文音效合集/气氛音乐音效/Statement SFX/04 - Accents/Accents - Distortion/DS 09 Super Clean.wav	Statement SFX（大气深沉5 · 大气深沉浑厚有力重低音环境气氛微电影抖音渲染音效）/04 - Accents/Accents - Distortion/DS 09 Super Clean.wav	
/volume1/主目录/Collection/素材&模板&音库/音效/02_中文音效合集/气氛音乐音效/Statement SFX/04 - Accents/Accents - Distortion/DS 11 Concern.wav	Statement SFX（大气深沉5 · 大气深沉浑厚有力重低音环境气氛微电影抖音渲染音效）/04 - Accents/Accents - Distortion/DS 11 Concern.wav	
/volume1/主目录/Collection/素材&模板&音库/音效/02_中文音效合集/气氛音乐音效/Statement SFX/04 - Accents/Accents - Distortion/DS 13 Glass.wav	Statement SFX（大气深沉5 · 大气深沉浑厚有力重低音环境气氛微电影抖音渲染音效）/04 - Accents/Accents - Distortion/DS 13 Glass.wav	
/volume1/主目录/Collection/素材&模板&音库/音效/02_中文音效合集/气氛音乐音效/Statement SFX/04 - Accents/Accents - Silk/SL 20 Mysterious A.wav	Statement SFX（大气深沉5 · 大气深沉浑厚有力重低音环境气氛微电影抖音渲染音效）/04 - Accents/Accents - Silk/SL 20 Mysterious A.wav	
/volume1/主目录/Collection/素材&模板&音库/音效/02_中文音效合集/气氛音乐音效/Statement SFX/04 - Accents/Accents - Silk/SL 10 Radiance.wav	Statement SFX（大气深沉5 · 大气深沉浑厚有力重低音环境气氛微电影抖音渲染音效）/04 - Accents/Accents - Silk/SL 10 Radiance.wav	
/volume1/主目录/Collection/素材&模板&音库/音效/02_中文音效合集/气氛音乐音效/Statement SFX/04 - Accents/Accents - Silk/SL 25 Synthetic.wav	Statement SFX（大气深沉5 · 大气深沉浑厚有力重低音环境气氛微电影抖音渲染音效）/04 - Accents/Accents - Silk/SL 25 Synthetic.wav	
/volume1/主目录/Collection/素材&模板&音库/音效/02_中文音效合集/气氛音乐音效/Statement SFX/04 - Accents/Accents - Silk/SL 26 Unsettling.wav	Statement SFX（大气深沉5 · 大气深沉浑厚有力重低音环境气氛微电影抖音渲染音效）/04 - Accents/Accents - Silk/SL 26 Unsettling.wav	
/volume1/主目录/Collection/素材&模板&音库/音效/02_中文音效合集/气氛音乐音效/Statement SFX/04 - Accents/Accents - Silk/SL 14 Tunnel Chatter.wav	Statement SFX（大气深沉5 · 大气深沉浑厚有力重低音环境气氛微电影抖音渲染音效）/04 - Accents/Accents - Silk/SL 14 Tunnel Chatter.wav	
/volume1/主目录/Collection/素材&模板&音库/音效/02_中文音效合集/气氛音乐音效/Statement SFX/04 - Accents/Accents - Silk/SL 01 Bright Start A.wav	Statement SFX（大气深沉5 · 大气深沉浑厚有力重低音环境气氛微电影抖音渲染音效）/04 - Accents/Accents - Silk/SL 01 Bright Start A.wav	
/volume1/主目录/Collection/素材&模板&音库/音效/02_中文音效合集/气氛音乐音效/Statement SFX/04 - Accents/Accents - Silk/SL 15 Cables.wav	Statement SFX（大气深沉5 · 大气深沉浑厚有力重低音环境气氛微电影抖音渲染音效）/04 - Accents/Accents - Silk/SL 15 Cables.wav	
/volume1/主目录/Collection/素材&模板&音库/音效/02_中文音效合集/气氛音乐音效/Statement SFX/04 - Accents/Accents - Silk/SL 09 Super Clean.wav	Statement SFX（大气深沉5 · 大气深沉浑厚有力重低音环境气氛微电影抖音渲染音效）/04 - Accents/Accents - Silk/SL 09 Super Clean.wav	
/volume1/主目录/Collection/素材&模板&音库/音效/02_中文音效合集/气氛音乐音效/Statement SFX/04 - Accents/Accents - Silk/SL 11 Concern.wav	Statement SFX（大气深沉5 · 大气深沉浑厚有力重低音环境气氛微电影抖音渲染音效）/04 - Accents/Accents - Silk/SL 11 Concern.wav	
/volume1/主目录/Collection/素材&模板&音库/音效/02_中文音效合集/气氛音乐音效/Statement SFX/04 - Accents/Accents - Silk/SL 27 Transport.wav	Statement SFX（大气深沉5 · 大气深沉浑厚有力重低音环境气氛微电影抖音渲染音效）/04 - Accents/Accents - Silk/SL 27 Transport.wav	
/volume1/主目录/Collection/素材&模板&音库/音效/02_中文音效合集/气氛音乐音效/Statement SFX/04 - Accents/Accents - Silk/SL 04 Paradox A.wav	Statement SFX（大气深沉5 · 大气深沉浑厚有力重低音环境气氛微电影抖音渲染音效）/04 - Accents/Accents - Silk/SL 04 Paradox A.wav	
/volume1/主目录/Collection/素材&模板&音库/音效/02_中文音效合集/气氛音乐音效/Statement SFX/04 - Accents/Accents - Silk/SL 16 Power Cell.wav	Statement SFX（大气深沉5 · 大气深沉浑厚有力重低音环境气氛微电影抖音渲染音效）/04 - Accents/Accents - Silk/SL 16 Power Cell.wav	
/volume1/主目录/Collection/素材&模板&音库/音效/02_中文音效合集/气氛音乐音效/Statement SFX/04 - Accents/Accents - Silk/SL 06 Prisms.wav	Statement SFX（大气深沉5 · 大气深沉浑厚有力重低音环境气氛微电影抖音渲染音效）/04 - Accents/Accents - Silk/SL 06 Prisms.wav	
/volume1/主目录/Collection/素材&模板&音库/音效/02_中文音效合集/气氛音乐音效/Statement SFX/04 - Accents/Accents - Silk/SL 03 Human Touch.wav	Statement SFX（大气深沉5 · 大气深沉浑厚有力重低音环境气氛微电影抖音渲染音效）/04 - Accents/Accents - Silk/SL 03 Human Touch.wav	
/volume1/主目录/Collection/素材&模板&音库/音效/02_中文音效合集/气氛音乐音效/Statement SFX/04 - Accents/Accents - Silk/SL 24 Imperfect.wav	Statement SFX（大气深沉5 · 大气深沉浑厚有力重低音环境气氛微电影抖音渲染音效）/04 - Accents/Accents - Silk/SL 24 Imperfect.wav	
/volume1/主目录/Collection/素材&模板&音库/音效/02_中文音效合集/气氛音乐音效/Statement SFX/04 - Accents/Accents - Silk/SL 02 Bright Start B.wav	Statement SFX（大气深沉5 · 大气深沉浑厚有力重低音环境气氛微电影抖音渲染音效）/04 - Accents/Accents - Silk/SL 02 Bright Start B.wav	
/volume1/主目录/Collection/素材&模板&音库/音效/02_中文音效合集/气氛音乐音效/Statement SFX/04 - Accents/Accents - Silk/SL 29 Graven.wav	Statement SFX（大气深沉5 · 大气深沉浑厚有力重低音环境气氛微电影抖音渲染音效）/04 - Accents/Accents - Silk/SL 29 Graven.wav	
/volume1/主目录/Collection/素材&模板&音库/音效/02_中文音效合集/气氛音乐音效/Statement SFX/04 - Accents/Accents - Silk/SL 28 Vacant.wav	Statement SFX（大气深沉5 · 大气深沉浑厚有力重低音环境气氛微电影抖音渲染音效）/04 - Accents/Accents - Silk/SL 28 Vacant.wav	
/volume1/主目录/Collection/素材&模板&音库/音效/02_中文音效合集/气氛音乐音效/Statement SFX/04 - Accents/Accents - Silk/SL 08 Distant Lands.wav	Statement SFX（大气深沉5 · 大气深沉浑厚有力重低音环境气氛微电影抖音渲染音效）/04 - Accents/Accents - Silk/SL 08 Distant Lands.wav	
/volume1/主目录/Collection/素材&模板&音库/音效/02_中文音效合集/气氛音乐音效/Statement SFX/04 - Accents/Accents - Silk/SL 17 Dark Scan.wav	Statement SFX（大气深沉5 · 大气深沉浑厚有力重低音环境气氛微电影抖音渲染音效）/04 - Accents/Accents - Silk/SL 17 Dark Scan.wav	
/volume1/主目录/Collection/素材&模板&音库/音效/02_中文音效合集/气氛音乐音效/Statement SFX/04 - Accents/Accents - Silk/SL 05 Paradox B.wav	Statement SFX（大气深沉5 · 大气深沉浑厚有力重低音环境气氛微电影抖音渲染音效）/04 - Accents/Accents - Silk/SL 05 Paradox B.wav	
/volume1/主目录/Collection/素材&模板&音库/音效/02_中文音效合集/气氛音乐音效/Statement SFX/04 - Accents/Accents - Silk/SL 22 Mysterious C.wav	Statement SFX（大气深沉5 · 大气深沉浑厚有力重低音环境气氛微电影抖音渲染音效）/04 - Accents/Accents - Silk/SL 22 Mysterious C.wav	
/volume1/主目录/Collection/素材&模板&音库/音效/02_中文音效合集/气氛音乐音效/Statement SFX/04 - Accents/Accents - Silk/SL 30 Dark Texture.wav	Statement SFX（大气深沉5 · 大气深沉浑厚有力重低音环境气氛微电影抖音渲染音效）/04 - Accents/Accents - Silk/SL 30 Dark Texture.wav	
/volume1/主目录/Collection/素材&模板&音库/音效/02_中文音效合集/气氛音乐音效/Statement SFX/04 - Accents/Accents - Silk/SL 18 Acute.wav	Statement SFX（大气深沉5 · 大气深沉浑厚有力重低音环境气氛微电影抖音渲染音效）/04 - Accents/Accents - Silk/SL 18 Acute.wav	
/volume1/主目录/Collection/素材&模板&音库/音效/02_中文音效合集/气氛音乐音效/Statement SFX/04 - Accents/Accents - Silk/SL 23 Odd Feeling.wav	Statement SFX（大气深沉5 · 大气深沉浑厚有力重低音环境气氛微电影抖音渲染音效）/04 - Accents/Accents - Silk/SL 23 Odd Feeling.wav	
/volume1/主目录/Collection/素材&模板&音库/音效/02_中文音效合集/气氛音乐音效/Statement SFX/04 - Accents/Accents - Silk/SL 13 Glass.wav	Statement SFX（大气深沉5 · 大气深沉浑厚有力重低音环境气氛微电影抖音渲染音效）/04 - Accents/Accents - Silk/SL 13 Glass.wav	
/volume1/主目录/Collection/素材&模板&音库/音效/02_中文音效合集/气氛音乐音效/Statement SFX/04 - Accents/Accents - Silk/SL 12 Out Of Place.wav	Statement SFX（大气深沉5 · 大气深沉浑厚有力重低音环境气氛微电影抖音渲染音效）/04 - Accents/Accents - Silk/SL 12 Out Of Place.wav	
/volume1/主目录/Collection/素材&模板&音库/音效/02_中文音效合集/气氛音乐音效/Statement SFX/04 - Accents/Accents - Silk/SL 07 Conceptual.wav	Statement SFX（大气深沉5 · 大气深沉浑厚有力重低音环境气氛微电影抖音渲染音效）/04 - Accents/Accents - Silk/SL 07 Conceptual.wav	
/volume1/主目录/Collection/素材&模板&音库/音效/02_中文音效合集/气氛音乐音效/Statement SFX/04 - Accents/Accents - Silk/SL 21 Mysterious B.wav	Statement SFX（大气深沉5 · 大气深沉浑厚有力重低音环境气氛微电影抖音渲染音效）/04 - Accents/Accents - Silk/SL 21 Mysterious B.wav	
/volume1/主目录/Collection/素材&模板&音库/音效/02_中文音效合集/气氛音乐音效/Statement SFX/04 - Accents/Accents/14 Tunnel Chatter.wav	Statement SFX（大气深沉5 · 大气深沉浑厚有力重低音环境气氛微电影抖音渲染音效）/04 - Accents/Accents/14 Tunnel Chatter.wav	
/volume1/主目录/Collection/素材&模板&音库/音效/02_中文音效合集/气氛音乐音效/Statement SFX/04 - Accents/Accents/24 Imperfect.wav	Statement SFX（大气深沉5 · 大气深沉浑厚有力重低音环境气氛微电影抖音渲染音效）/04 - Accents/Accents/24 Imperfect.wav	
/volume1/主目录/Collection/素材&模板&音库/音效/02_中文音效合集/气氛音乐音效/Statement SFX/04 - Accents/Accents/01 Bright Start A.wav	Statement SFX（大气深沉5 · 大气深沉浑厚有力重低音环境气氛微电影抖音渲染音效）/04 - Accents/Accents/01 Bright Start A.wav	
/volume1/主目录/Collection/素材&模板&音库/音效/02_中文音效合集/气氛音乐音效/Statement SFX/04 - Accents/Accents/03 Human Touch.wav	Statement SFX（大气深沉5 · 大气深沉浑厚有力重低音环境气氛微电影抖音渲染音效）/04 - Accents/Accents/03 Human Touch.wav	
/volume1/主目录/Collection/素材&模板&音库/音效/02_中文音效合集/气氛音乐音效/Statement SFX/04 - Accents/Accents/20 Mysterious A.wav	Statement SFX（大气深沉5 · 大气深沉浑厚有力重低音环境气氛微电影抖音渲染音效）/04 - Accents/Accents/20 Mysterious A.wav	
/volume1/主目录/Collection/素材&模板&音库/音效/02_中文音效合集/气氛音乐音效/Statement SFX/04 - Accents/Accents/17 Dark Scan.wav	Statement SFX（大气深沉5 · 大气深沉浑厚有力重低音环境气氛微电影抖音渲染音效）/04 - Accents/Accents/17 Dark Scan.wav	
/volume1/主目录/Collection/素材&模板&音库/音效/02_中文音效合集/气氛音乐音效/Statement SFX/04 - Accents/Accents/16 Power Cell.wav	Statement SFX（大气深沉5 · 大气深沉浑厚有力重低音环境气氛微电影抖音渲染音效）/04 - Accents/Accents/16 Power Cell.wav	
/volume1/主目录/Collection/素材&模板&音库/音效/02_中文音效合集/气氛音乐音效/Statement SFX/04 - Accents/Accents/12 Out Of Place.wav	Statement SFX（大气深沉5 · 大气深沉浑厚有力重低音环境气氛微电影抖音渲染音效）/04 - Accents/Accents/12 Out Of Place.wav	
/volume1/主目录/Collection/素材&模板&音库/音效/02_中文音效合集/气氛音乐音效/Statement SFX/04 - Accents/Accents/02 Bright Start B.wav	Statement SFX（大气深沉5 · 大气深沉浑厚有力重低音环境气氛微电影抖音渲染音效）/04 - Accents/Accents/02 Bright Start B.wav	
/volume1/主目录/Collection/素材&模板&音库/音效/02_中文音效合集/气氛音乐音效/Statement SFX/04 - Accents/Accents/11 Concern.wav	Statement SFX（大气深沉5 · 大气深沉浑厚有力重低音环境气氛微电影抖音渲染音效）/04 - Accents/Accents/11 Concern.wav	
/volume1/主目录/Collection/素材&模板&音库/音效/02_中文音效合集/气氛音乐音效/Statement SFX/04 - Accents/Accents/18 Acute.wav	Statement SFX（大气深沉5 · 大气深沉浑厚有力重低音环境气氛微电影抖音渲染音效）/04 - Accents/Accents/18 Acute.wav	
/volume1/主目录/Collection/素材&模板&音库/音效/02_中文音效合集/气氛音乐音效/Statement SFX/04 - Accents/Accents/15 Cables.wav	Statement SFX（大气深沉5 · 大气深沉浑厚有力重低音环境气氛微电影抖音渲染音效）/04 - Accents/Accents/15 Cables.wav	
/volume1/主目录/Collection/素材&模板&音库/音效/02_中文音效合集/气氛音乐音效/Statement SFX/04 - Accents/Accents/07 Conceptual.wav	Statement SFX（大气深沉5 · 大气深沉浑厚有力重低音环境气氛微电影抖音渲染音效）/04 - Accents/Accents/07 Conceptual.wav	
/volume1/主目录/Collection/素材&模板&音库/音效/02_中文音效合集/气氛音乐音效/Statement SFX/04 - Accents/Accents/05 Paradox B.wav	Statement SFX（大气深沉5 · 大气深沉浑厚有力重低音环境气氛微电影抖音渲染音效）/04 - Accents/Accents/05 Paradox B.wav	
/volume1/主目录/Collection/素材&模板&音库/音效/02_中文音效合集/气氛音乐音效/Statement SFX/04 - Accents/Accents/08 Distant Lands.wav	Statement SFX（大气深沉5 · 大气深沉浑厚有力重低音环境气氛微电影抖音渲染音效）/04 - Accents/Accents/08 Distant Lands.wav	
/volume1/主目录/Collection/素材&模板&音库/音效/02_中文音效合集/气氛音乐音效/Statement SFX/04 - Accents/Accents/09 Super Clean.wav	Statement SFX（大气深沉5 · 大气深沉浑厚有力重低音环境气氛微电影抖音渲染音效）/04 - Accents/Accents/09 Super Clean.wav	
/volume1/主目录/Collection/素材&模板&音库/音效/02_中文音效合集/气氛音乐音效/Statement SFX/04 - Accents/Accents/26 Unsettling.wav	Statement SFX（大气深沉5 · 大气深沉浑厚有力重低音环境气氛微电影抖音渲染音效）/04 - Accents/Accents/26 Unsettling.wav	
/volume1/主目录/Collection/素材&模板&音库/音效/02_中文音效合集/气氛音乐音效/Statement SFX/04 - Accents/Accents/06 Prisms.wav	Statement SFX（大气深沉5 · 大气深沉浑厚有力重低音环境气氛微电影抖音渲染音效）/04 - Accents/Accents/06 Prisms.wav	
/volume1/主目录/Collection/素材&模板&音库/音效/02_中文音效合集/气氛音乐音效/Statement SFX/04 - Accents/Accents/28 Vacant.wav	Statement SFX（大气深沉5 · 大气深沉浑厚有力重低音环境气氛微电影抖音渲染音效）/04 - Accents/Accents/28 Vacant.wav	
/volume1/主目录/Collection/素材&模板&音库/音效/02_中文音效合集/气氛音乐音效/Statement SFX/04 - Accents/Accents/23 Odd Feeling.wav	Statement SFX（大气深沉5 · 大气深沉浑厚有力重低音环境气氛微电影抖音渲染音效）/04 - Accents/Accents/23 Odd Feeling.wav	
/volume1/主目录/Collection/素材&模板&音库/音效/02_中文音效合集/气氛音乐音效/Statement SFX/04 - Accents/Accents/22 Mysterious C.wav	Statement SFX（大气深沉5 · 大气深沉浑厚有力重低音环境气氛微电影抖音渲染音效）/04 - Accents/Accents/22 Mysterious C.wav	
/volume1/主目录/Collection/素材&模板&音库/音效/02_中文音效合集/气氛音乐音效/Statement SFX/04 - Accents/Accents/19 System.wav	Statement SFX（大气深沉5 · 大气深沉浑厚有力重低音环境气氛微电影抖音渲染音效）/04 - Accents/Accents/19 System.wav	
/volume1/主目录/Collection/素材&模板&音库/音效/02_中文音效合集/气氛音乐音效/Statement SFX/04 - Accents/Accents/10 Radiance.wav	Statement SFX（大气深沉5 · 大气深沉浑厚有力重低音环境气氛微电影抖音渲染音效）/04 - Accents/Accents/10 Radiance.wav	
/volume1/主目录/Collection/素材&模板&音库/音效/02_中文音效合集/气氛音乐音效/Statement SFX/04 - Accents/Accents/25 Synthetic.wav	Statement SFX（大气深沉5 · 大气深沉浑厚有力重低音环境气氛微电影抖音渲染音效）/04 - Accents/Accents/25 Synthetic.wav	
/volume1/主目录/Collection/素材&模板&音库/音效/02_中文音效合集/气氛音乐音效/Statement SFX/04 - Accents/Accents/27 Transport.wav	Statement SFX（大气深沉5 · 大气深沉浑厚有力重低音环境气氛微电影抖音渲染音效）/04 - Accents/Accents/27 Transport.wav	
/volume1/主目录/Collection/素材&模板&音库/音效/02_中文音效合集/气氛音乐音效/Statement SFX/04 - Accents/Accents/30 Dark Texture.wav	Statement SFX（大气深沉5 · 大气深沉浑厚有力重低音环境气氛微电影抖音渲染音效）/04 - Accents/Accents/30 Dark Texture.wav	
/volume1/主目录/Collection/素材&模板&音库/音效/02_中文音效合集/气氛音乐音效/Statement SFX/04 - Accents/Accents/04 Paradox A.wav	Statement SFX（大气深沉5 · 大气深沉浑厚有力重低音环境气氛微电影抖音渲染音效）/04 - Accents/Accents/04 Paradox A.wav	
/volume1/主目录/Collection/素材&模板&音库/音效/02_中文音效合集/气氛音乐音效/Statement SFX/04 - Accents/Accents/29 Graven.wav	Statement SFX（大气深沉5 · 大气深沉浑厚有力重低音环境气氛微电影抖音渲染音效）/04 - Accents/Accents/29 Graven.wav	
/volume1/主目录/Collection/素材&模板&音库/音效/02_中文音效合集/气氛音乐音效/Statement SFX/04 - Accents/Accents/21 Mysterious B.wav	Statement SFX（大气深沉5 · 大气深沉浑厚有力重低音环境气氛微电影抖音渲染音效）/04 - Accents/Accents/21 Mysterious B.wav	
/volume1/主目录/Collection/素材&模板&音库/音效/02_中文音效合集/气氛音乐音效/Statement SFX/04 - Accents/Accents/13 Glass.wav	Statement SFX（大气深沉5 · 大气深沉浑厚有力重低音环境气氛微电影抖音渲染音效）/04 - Accents/Accents/13 Glass.wav	
/volume1/主目录/Collection/素材&模板&音库/音效/02_中文音效合集/气氛音乐音效/Statement SFX/02 - Hits/Hits/06 Serious Hit A.wav 96000.pek	Statement SFX（大气深沉5 · 大气深沉浑厚有力重低音环境气氛微电影抖音渲染音效）/02 - Hits/Hits/06 Serious Hit A.wav 96000.pek	
/volume1/主目录/Collection/素材&模板&音库/音效/02_中文音效合集/气氛音乐音效/Statement SFX/02 - Hits/Hits/15 Dark Game.wav 96000.pek	Statement SFX（大气深沉5 · 大气深沉浑厚有力重低音环境气氛微电影抖音渲染音效）/02 - Hits/Hits/15 Dark Game.wav 96000.pek	
/volume1/主目录/Collection/素材&模板&音库/音效/02_中文音效合集/气氛音乐音效/Statement SFX/02 - Hits/Hits/06 Serious Hit A.wav	Statement SFX（大气深沉5 · 大气深沉浑厚有力重低音环境气氛微电影抖音渲染音效）/02 - Hits/Hits/06 Serious Hit A.wav	
/volume1/主目录/Collection/素材&模板&音库/音效/02_中文音效合集/气氛音乐音效/Statement SFX/02 - Hits/Hits/03 Whoosh Hit.wav 96000.pek	Statement SFX（大气深沉5 · 大气深沉浑厚有力重低音环境气氛微电影抖音渲染音效）/02 - Hits/Hits/03 Whoosh Hit.wav 96000.pek	
/volume1/主目录/Collection/素材&模板&音库/音效/02_中文音效合集/气氛音乐音效/Statement SFX/02 - Hits/Hits/07 Serious Hit B.wav 96000.pek	Statement SFX（大气深沉5 · 大气深沉浑厚有力重低音环境气氛微电影抖音渲染音效）/02 - Hits/Hits/07 Serious Hit B.wav 96000.pek	
/volume1/主目录/Collection/素材&模板&音库/音效/02_中文音效合集/气氛音乐音效/Statement SFX/02 - Hits/Hits/11 Enemies.wav 96000.pek	Statement SFX（大气深沉5 · 大气深沉浑厚有力重低音环境气氛微电影抖音渲染音效）/02 - Hits/Hits/11 Enemies.wav 96000.pek	
/volume1/主目录/Collection/素材&模板&音库/音效/02_中文音效合集/气氛音乐音效/Statement SFX/02 - Hits/Hits/05 Subtle Hit.wav	Statement SFX（大气深沉5 · 大气深沉浑厚有力重低音环境气氛微电影抖音渲染音效）/02 - Hits/Hits/05 Subtle Hit.wav	
/volume1/主目录/Collection/素材&模板&音库/音效/02_中文音效合集/气氛音乐音效/Statement SFX/02 - Hits/Hits/04 Definitive Hit.wav	Statement SFX（大气深沉5 · 大气深沉浑厚有力重低音环境气氛微电影抖音渲染音效）/02 - Hits/Hits/04 Definitive Hit.wav	
/volume1/主目录/Collection/素材&模板&音库/音效/02_中文音效合集/气氛音乐音效/Statement SFX/02 - Hits/Hits/09 Throne Drop B.wav 96000.pek	Statement SFX（大气深沉5 · 大气深沉浑厚有力重低音环境气氛微电影抖音渲染音效）/02 - Hits/Hits/09 Throne Drop B.wav 96000.pek	
/volume1/主目录/Collection/素材&模板&音库/音效/02_中文音效合集/气氛音乐音效/Statement SFX/02 - Hits/Hits/11 Enemies.wav	Statement SFX（大气深沉5 · 大气深沉浑厚有力重低音环境气氛微电影抖音渲染音效）/02 - Hits/Hits/11 Enemies.wav	
/volume1/主目录/Collection/素材&模板&音库/音效/02_中文音效合集/气氛音乐音效/Statement SFX/02 - Hits/Hits/02 Bold Hit.wav	Statement SFX（大气深沉5 · 大气深沉浑厚有力重低音环境气氛微电影抖音渲染音效）/02 - Hits/Hits/02 Bold Hit.wav	
/volume1/主目录/Collection/素材&模板&音库/音效/02_中文音效合集/气氛音乐音效/Statement SFX/02 - Hits/Hits/02 Bold Hit.wav 96000.pek	Statement SFX（大气深沉5 · 大气深沉浑厚有力重低音环境气氛微电影抖音渲染音效）/02 - Hits/Hits/02 Bold Hit.wav 96000.pek	
/volume1/主目录/Collection/素材&模板&音库/音效/02_中文音效合集/气氛音乐音效/Statement SFX/02 - Hits/Hits/10 Massive Strike.wav 96000.pek	Statement SFX（大气深沉5 · 大气深沉浑厚有力重低音环境气氛微电影抖音渲染音效）/02 - Hits/Hits/10 Massive Strike.wav 96000.pek	
/volume1/主目录/Collection/素材&模板&音库/音效/02_中文音效合集/气氛音乐音效/Statement SFX/02 - Hits/Hits/01 Moment of Truth.wav 96000.pek	Statement SFX（大气深沉5 · 大气深沉浑厚有力重低音环境气氛微电影抖音渲染音效）/02 - Hits/Hits/01 Moment of Truth.wav 96000.pek	
/volume1/主目录/Collection/素材&模板&音库/音效/02_中文音效合集/气氛音乐音效/Statement SFX/02 - Hits/Hits/03 Whoosh Hit.wav	Statement SFX（大气深沉5 · 大气深沉浑厚有力重低音环境气氛微电影抖音渲染音效）/02 - Hits/Hits/03 Whoosh Hit.wav	
/volume1/主目录/Collection/素材&模板&音库/音效/02_中文音效合集/气氛音乐音效/Statement SFX/02 - Hits/Hits - Space/SP 16 Timestamp.wav	Statement SFX（大气深沉5 · 大气深沉浑厚有力重低音环境气氛微电影抖音渲染音效）/02 - Hits/Hits - Space/SP 16 Timestamp.wav	
/volume1/主目录/Collection/素材&模板&音库/音效/02_中文音效合集/气氛音乐音效/Statement SFX/02 - Hits/Hits - Distortion/DS 17 Whoosh Click.wav	Statement SFX（大气深沉5 · 大气深沉浑厚有力重低音环境气氛微电影抖音渲染音效）/02 - Hits/Hits - Distortion/DS 17 Whoosh Click.wav	
/volume1/主目录/Collection/素材&模板&音库/音效/02_中文音效合集/大气深沉5【音效：大气深沉浑厚有力重低音环境气氛微电影抖音渲染音效】/Statement环境气氛WAV音效/04 - Accents/Accents - Distortion/DS 30 Dark Texture.wav	Statement SFX（大气深沉5 · 大气深沉浑厚有力重低音环境气氛微电影抖音渲染音效）/04 - Accents/Accents - Distortion/DS 30 Dark Texture_2.wav	conflict->suffix_2
/volume1/主目录/Collection/素材&模板&音库/音效/02_中文音效合集/大气深沉5【音效：大气深沉浑厚有力重低音环境气氛微电影抖音渲染音效】/Statement环境气氛WAV音效/04 - Accents/Accents/24 Imperfect.wav	Statement SFX（大气深沉5 · 大气深沉浑厚有力重低音环境气氛微电影抖音渲染音效）/04 - Accents/Accents/24 Imperfect_2.wav	conflict->suffix_2
/volume1/主目录/Collection/素材&模板&音库/音效/02_中文音效合集/大气深沉5【音效：大气深沉浑厚有力重低音环境气氛微电影抖音渲染音效】/Statement环境气氛WAV音效/04 - Accents/Accents/25 Synthetic.wav	Statement SFX（大气深沉5 · 大气深沉浑厚有力重低音环境气氛微电影抖音渲染音效）/04 - Accents/Accents/25 Synthetic_2.wav	conflict->suffix_2
/volume1/主目录/Collection/素材&模板&音库/音效/02_中文音效合集/大气深沉5【音效：大气深沉浑厚有力重低音环境气氛微电影抖音渲染音效】/Statement环境气氛WAV音效/04 - Accents/Accents/13 Glass.wav	Statement SFX（大气深沉5 · 大气深沉浑厚有力重低音环境气氛微电影抖音渲染音效）/04 - Accents/Accents/13 Glass_2.wav	conflict->suffix_2
/volume1/主目录/Collection/素材&模板&音库/音效/02_中文音效合集/大气深沉6【大气深沉剧情叙事环境气氛渲染配乐背景音乐】/LD - Beginnings/Beginnings - MP3/05 - Undertones/UT 13 Puzzle.mp3	Beginnings SFX（大气深沉6 · 大气深沉剧情叙事环境气氛渲染配乐背景音乐）/05 - Undertones/UT 13 Puzzle.mp3	
/volume1/主目录/Collection/素材&模板&音库/音效/02_中文音效合集/大气深沉6【大气深沉剧情叙事环境气氛渲染配乐背景音乐】/LD - Beginnings/Beginnings - MP3/05 - Undertones/UT 12 Grounds.mp3	Beginnings SFX（大气深沉6 · 大气深沉剧情叙事环境气氛渲染配乐背景音乐）/05 - Undertones/UT 12 Grounds.mp3	
/volume1/主目录/Collection/素材&模板&音库/音效/02_中文音效合集/大气深沉6【大气深沉剧情叙事环境气氛渲染配乐背景音乐】/LD - Beginnings/Beginnings - MP3/05 - Undertones/UT 03 Premise.mp3	Beginnings SFX（大气深沉6 · 大气深沉剧情叙事环境气氛渲染配乐背景音乐）/05 - Undertones/UT 03 Premise.mp3	
/volume1/主目录/Collection/素材&模板&音库/音效/02_中文音效合集/大气深沉6【大气深沉剧情叙事环境气氛渲染配乐背景音乐】/LD - Beginnings/Beginnings - MP3/05 - Undertones/UT 04 Monolith.mp3	Beginnings SFX（大气深沉6 · 大气深沉剧情叙事环境气氛渲染配乐背景音乐）/05 - Undertones/UT 04 Monolith.mp3	
/volume1/主目录/Collection/素材&模板&音库/音效/02_中文音效合集/大气深沉6【大气深沉剧情叙事环境气氛渲染配乐背景音乐】/LD - Beginnings/Beginnings - MP3/05 - Undertones/UT 10 Glow.mp3	Beginnings SFX（大气深沉6 · 大气深沉剧情叙事环境气氛渲染配乐背景音乐）/05 - Undertones/UT 10 Glow.mp3	
/volume1/主目录/Collection/素材&模板&音库/音效/02_中文音效合集/大气深沉6【大气深沉剧情叙事环境气氛渲染配乐背景音乐】/LD - Beginnings/Beginnings - MP3/05 - Undertones/UT 06 Research.mp3	Beginnings SFX（大气深沉6 · 大气深沉剧情叙事环境气氛渲染配乐背景音乐）/05 - Undertones/UT 06 Research.mp3	
/volume1/主目录/Collection/素材&模板&音库/音效/02_中文音效合集/大气深沉6【大气深沉剧情叙事环境气氛渲染配乐背景音乐】/LD - Beginnings/Beginnings - MP3/05 - Undertones/UT 09 Tradition.mp3	Beginnings SFX（大气深沉6 · 大气深沉剧情叙事环境气氛渲染配乐背景音乐）/05 - Undertones/UT 09 Tradition.mp3	
/volume1/主目录/Collection/素材&模板&音库/音效/02_中文音效合集/大气深沉6【大气深沉剧情叙事环境气氛渲染配乐背景音乐】/LD - Beginnings/Beginnings - MP3/05 - Undertones/UT 02 Anthology.mp3	Beginnings SFX（大气深沉6 · 大气深沉剧情叙事环境气氛渲染配乐背景音乐）/05 - Undertones/UT 02 Anthology.mp3	
/volume1/主目录/Collection/素材&模板&音库/音效/02_中文音效合集/大气深沉6【大气深沉剧情叙事环境气氛渲染配乐背景音乐】/LD - Beginnings/Beginnings - MP3/05 - Undertones/UT 11 Difficult.mp3	Beginnings SFX（大气深沉6 · 大气深沉剧情叙事环境气氛渲染配乐背景音乐）/05 - Undertones/UT 11 Difficult.mp3	
/volume1/主目录/Collection/素材&模板&音库/音效/02_中文音效合集/大气深沉6【大气深沉剧情叙事环境气氛渲染配乐背景音乐】/LD - Beginnings/Beginnings - MP3/05 - Undertones/UT 08 Inventing.mp3	Beginnings SFX（大气深沉6 · 大气深沉剧情叙事环境气氛渲染配乐背景音乐）/05 - Undertones/UT 08 Inventing.mp3	
/volume1/主目录/Collection/素材&模板&音库/音效/02_中文音效合集/大气深沉6【大气深沉剧情叙事环境气氛渲染配乐背景音乐】/LD - Beginnings/Beginnings - MP3/05 - Undertones/UT 05 Discovery.mp3	Beginnings SFX（大气深沉6 · 大气深沉剧情叙事环境气氛渲染配乐背景音乐）/05 - Undertones/UT 05 Discovery.mp3	
/volume1/主目录/Collection/素材&模板&音库/音效/02_中文音效合集/大气深沉6【大气深沉剧情叙事环境气氛渲染配乐背景音乐】/LD - Beginnings/Beginnings - MP3/05 - Undertones/UT 14 Edifice.mp3	Beginnings SFX（大气深沉6 · 大气深沉剧情叙事环境气氛渲染配乐背景音乐）/05 - Undertones/UT 14 Edifice.mp3	
/volume1/主目录/Collection/素材&模板&音库/音效/02_中文音效合集/大气深沉6【大气深沉剧情叙事环境气氛渲染配乐背景音乐】/LD - Beginnings/Beginnings - MP3/05 - Undertones/UT 01 Manifesto.mp3	Beginnings SFX（大气深沉6 · 大气深沉剧情叙事环境气氛渲染配乐背景音乐）/05 - Undertones/UT 01 Manifesto.mp3	
/volume1/主目录/Collection/素材&模板&音库/音效/02_中文音效合集/大气深沉6【大气深沉剧情叙事环境气氛渲染配乐背景音乐】/LD - Beginnings/Beginnings - MP3/05 - Undertones/UT 07 Wander.mp3	Beginnings SFX（大气深沉6 · 大气深沉剧情叙事环境气氛渲染配乐背景音乐）/05 - Undertones/UT 07 Wander.mp3	
/volume1/主目录/Collection/素材&模板&音库/音效/02_中文音效合集/大气深沉6【大气深沉剧情叙事环境气氛渲染配乐背景音乐】/LD - Beginnings/Beginnings - MP3/05 - Undertones/UT 15 Full Circle.mp3	Beginnings SFX（大气深沉6 · 大气深沉剧情叙事环境气氛渲染配乐背景音乐）/05 - Undertones/UT 15 Full Circle.mp3	
/volume1/主目录/Collection/素材&模板&音库/音效/02_中文音效合集/大气深沉6【大气深沉剧情叙事环境气氛渲染配乐背景音乐】/LD - Beginnings/Beginnings - MP3/01 - Original/03 Premise.mp3	Beginnings SFX（大气深沉6 · 大气深沉剧情叙事环境气氛渲染配乐背景音乐）/01 - Original/03 Premise.mp3	
/volume1/主目录/Collection/素材&模板&音库/音效/02_中文音效合集/大气深沉6【大气深沉剧情叙事环境气氛渲染配乐背景音乐】/LD - Beginnings/Beginnings - MP3/01 - Original/09 Tradition.mp3	Beginnings SFX（大气深沉6 · 大气深沉剧情叙事环境气氛渲染配乐背景音乐）/01 - Original/09 Tradition.mp3	
/volume1/主目录/Collection/素材&模板&音库/音效/02_中文音效合集/大气深沉6【大气深沉剧情叙事环境气氛渲染配乐背景音乐】/LD - Beginnings/Beginnings - MP3/01 - Original/04 Monolith.mp3	Beginnings SFX（大气深沉6 · 大气深沉剧情叙事环境气氛渲染配乐背景音乐）/01 - Original/04 Monolith.mp3	
/volume1/主目录/Collection/素材&模板&音库/音效/02_中文音效合集/大气深沉6【大气深沉剧情叙事环境气氛渲染配乐背景音乐】/LD - Beginnings/Beginnings - MP3/01 - Original/13 Puzzle.mp3	Beginnings SFX（大气深沉6 · 大气深沉剧情叙事环境气氛渲染配乐背景音乐）/01 - Original/13 Puzzle.mp3	
/volume1/主目录/Collection/素材&模板&音库/音效/02_中文音效合集/大气深沉6【大气深沉剧情叙事环境气氛渲染配乐背景音乐】/LD - Beginnings/Beginnings - MP3/01 - Original/11 Difficult.mp3	Beginnings SFX（大气深沉6 · 大气深沉剧情叙事环境气氛渲染配乐背景音乐）/01 - Original/11 Difficult.mp3	
/volume1/主目录/Collection/素材&模板&音库/音效/02_中文音效合集/大气深沉6【大气深沉剧情叙事环境气氛渲染配乐背景音乐】/LD - Beginnings/Beginnings - MP3/01 - Original/01 Manifesto.mp3	Beginnings SFX（大气深沉6 · 大气深沉剧情叙事环境气氛渲染配乐背景音乐）/01 - Original/01 Manifesto.mp3	
/volume1/主目录/Collection/素材&模板&音库/音效/02_中文音效合集/大气深沉6【大气深沉剧情叙事环境气氛渲染配乐背景音乐】/LD - Beginnings/Beginnings - MP3/01 - Original/06 Research.mp3	Beginnings SFX（大气深沉6 · 大气深沉剧情叙事环境气氛渲染配乐背景音乐）/01 - Original/06 Research.mp3	
/volume1/主目录/Collection/素材&模板&音库/音效/02_中文音效合集/大气深沉6【大气深沉剧情叙事环境气氛渲染配乐背景音乐】/LD - Beginnings/Beginnings - MP3/01 - Original/05 Discovery.mp3	Beginnings SFX（大气深沉6 · 大气深沉剧情叙事环境气氛渲染配乐背景音乐）/01 - Original/05 Discovery.mp3	
/volume1/主目录/Collection/素材&模板&音库/音效/02_中文音效合集/大气深沉6【大气深沉剧情叙事环境气氛渲染配乐背景音乐】/LD - Beginnings/Beginnings - MP3/01 - Original/08 Inventing.mp3	Beginnings SFX（大气深沉6 · 大气深沉剧情叙事环境气氛渲染配乐背景音乐）/01 - Original/08 Inventing.mp3	
/volume1/主目录/Collection/素材&模板&音库/音效/02_中文音效合集/大气深沉6【大气深沉剧情叙事环境气氛渲染配乐背景音乐】/LD - Beginnings/Beginnings - MP3/01 - Original/12 Grounds.mp3	Beginnings SFX（大气深沉6 · 大气深沉剧情叙事环境气氛渲染配乐背景音乐）/01 - Original/12 Grounds.mp3	
/volume1/主目录/Collection/素材&模板&音库/音效/02_中文音效合集/大气深沉6【大气深沉剧情叙事环境气氛渲染配乐背景音乐】/LD - Beginnings/Beginnings - MP3/01 - Original/07 Wander.mp3	Beginnings SFX（大气深沉6 · 大气深沉剧情叙事环境气氛渲染配乐背景音乐）/01 - Original/07 Wander.mp3	
/volume1/主目录/Collection/素材&模板&音库/音效/02_中文音效合集/大气深沉6【大气深沉剧情叙事环境气氛渲染配乐背景音乐】/LD - Beginnings/Beginnings - MP3/01 - Original/10 Glow.mp3	Beginnings SFX（大气深沉6 · 大气深沉剧情叙事环境气氛渲染配乐背景音乐）/01 - Original/10 Glow.mp3	
/volume1/主目录/Collection/素材&模板&音库/音效/02_中文音效合集/大气深沉6【大气深沉剧情叙事环境气氛渲染配乐背景音乐】/LD - Beginnings/Beginnings - MP3/01 - Original/14 Edifice.mp3	Beginnings SFX（大气深沉6 · 大气深沉剧情叙事环境气氛渲染配乐背景音乐）/01 - Original/14 Edifice.mp3	
/volume1/主目录/Collection/素材&模板&音库/音效/02_中文音效合集/大气深沉6【大气深沉剧情叙事环境气氛渲染配乐背景音乐】/LD - Beginnings/Beginnings - MP3/01 - Original/02 Anthology.mp3	Beginnings SFX（大气深沉6 · 大气深沉剧情叙事环境气氛渲染配乐背景音乐）/01 - Original/02 Anthology.mp3	
/volume1/主目录/Collection/素材&模板&音库/音效/02_中文音效合集/大气深沉6【大气深沉剧情叙事环境气氛渲染配乐背景音乐】/LD - Beginnings/Beginnings - MP3/01 - Original/15 Full Circle.mp3	Beginnings SFX（大气深沉6 · 大气深沉剧情叙事环境气氛渲染配乐背景音乐）/01 - Original/15 Full Circle.mp3	
/volume1/主目录/Collection/素材&模板&音库/音效/02_中文音效合集/大气深沉6【大气深沉剧情叙事环境气氛渲染配乐背景音乐】/LD - Beginnings/Beginnings - WAV/04 - Strings/ST 02 Anthology.wav	Beginnings SFX（大气深沉6 · 大气深沉剧情叙事环境气氛渲染配乐背景音乐）/04 - Strings/ST 02 Anthology.wav	
/volume1/主目录/Collection/素材&模板&音库/音效/02_中文音效合集/大气深沉6【大气深沉剧情叙事环境气氛渲染配乐背景音乐】/LD - Beginnings/Beginnings - WAV/04 - Strings/ST 03 Premise.wav	Beginnings SFX（大气深沉6 · 大气深沉剧情叙事环境气氛渲染配乐背景音乐）/04 - Strings/ST 03 Premise.wav	
/volume1/主目录/Collection/素材&模板&音库/音效/02_中文音效合集/大气深沉6【大气深沉剧情叙事环境气氛渲染配乐背景音乐】/LD - Beginnings/Beginnings - WAV/04 - Strings/ST 14 Edifice.wav	Beginnings SFX（大气深沉6 · 大气深沉剧情叙事环境气氛渲染配乐背景音乐）/04 - Strings/ST 14 Edifice.wav	
/volume1/主目录/Collection/素材&模板&音库/音效/02_中文音效合集/大气深沉6【大气深沉剧情叙事环境气氛渲染配乐背景音乐】/LD - Beginnings/Beginnings - WAV/04 - Strings/ST 09 Tradition.wav	Beginnings SFX（大气深沉6 · 大气深沉剧情叙事环境气氛渲染配乐背景音乐）/04 - Strings/ST 09 Tradition.wav	
/volume1/主目录/Collection/素材&模板&音库/音效/02_中文音效合集/大气深沉6【大气深沉剧情叙事环境气氛渲染配乐背景音乐】/LD - Beginnings/Beginnings - WAV/04 - Strings/ST 10 Glow.wav	Beginnings SFX（大气深沉6 · 大气深沉剧情叙事环境气氛渲染配乐背景音乐）/04 - Strings/ST 10 Glow.wav	
/volume1/主目录/Collection/素材&模板&音库/音效/02_中文音效合集/大气深沉6【大气深沉剧情叙事环境气氛渲染配乐背景音乐】/LD - Beginnings/Beginnings - WAV/04 - Strings/ST 01 Manifesto.wav	Beginnings SFX（大气深沉6 · 大气深沉剧情叙事环境气氛渲染配乐背景音乐）/04 - Strings/ST 01 Manifesto.wav	
/volume1/主目录/Collection/素材&模板&音库/音效/02_中文音效合集/大气深沉6【大气深沉剧情叙事环境气氛渲染配乐背景音乐】/LD - Beginnings/Beginnings - WAV/04 - Strings/ST 04 Monolith.wav	Beginnings SFX（大气深沉6 · 大气深沉剧情叙事环境气氛渲染配乐背景音乐）/04 - Strings/ST 04 Monolith.wav	
/volume1/主目录/Collection/素材&模板&音库/音效/02_中文音效合集/大气深沉6【大气深沉剧情叙事环境气氛渲染配乐背景音乐】/LD - Beginnings/Beginnings - WAV/04 - Strings/ST 06 Research.wav	Beginnings SFX（大气深沉6 · 大气深沉剧情叙事环境气氛渲染配乐背景音乐）/04 - Strings/ST 06 Research.wav	
/volume1/主目录/Collection/素材&模板&音库/音效/02_中文音效合集/大气深沉6【大气深沉剧情叙事环境气氛渲染配乐背景音乐】/LD - Beginnings/Beginnings - WAV/04 - Strings/ST 15 Full Circle.wav	Beginnings SFX（大气深沉6 · 大气深沉剧情叙事环境气氛渲染配乐背景音乐）/04 - Strings/ST 15 Full Circle.wav	
/volume1/主目录/Collection/素材&模板&音库/音效/02_中文音效合集/大气深沉6【大气深沉剧情叙事环境气氛渲染配乐背景音乐】/LD - Beginnings/Beginnings - WAV/04 - Strings/ST 13 Puzzle.wav	Beginnings SFX（大气深沉6 · 大气深沉剧情叙事环境气氛渲染配乐背景音乐）/04 - Strings/ST 13 Puzzle.wav	
/volume1/主目录/Collection/素材&模板&音库/音效/02_中文音效合集/大气深沉6【大气深沉剧情叙事环境气氛渲染配乐背景音乐】/LD - Beginnings/Beginnings - WAV/04 - Strings/ST 05 Discovery.wav	Beginnings SFX（大气深沉6 · 大气深沉剧情叙事环境气氛渲染配乐背景音乐）/04 - Strings/ST 05 Discovery.wav	
/volume1/主目录/Collection/素材&模板&音库/音效/02_中文音效合集/大气深沉6【大气深沉剧情叙事环境气氛渲染配乐背景音乐】/LD - Beginnings/Beginnings - WAV/04 - Strings/ST 11 Difficult.wav	Beginnings SFX（大气深沉6 · 大气深沉剧情叙事环境气氛渲染配乐背景音乐）/04 - Strings/ST 11 Difficult.wav	
/volume1/主目录/Collection/素材&模板&音库/音效/02_中文音效合集/大气深沉6【大气深沉剧情叙事环境气氛渲染配乐背景音乐】/LD - Beginnings/Beginnings - WAV/04 - Strings/ST 12 Grounds.wav	Beginnings SFX（大气深沉6 · 大气深沉剧情叙事环境气氛渲染配乐背景音乐）/04 - Strings/ST 12 Grounds.wav	
/volume1/主目录/Collection/素材&模板&音库/音效/02_中文音效合集/大气深沉6【大气深沉剧情叙事环境气氛渲染配乐背景音乐】/LD - Beginnings/Beginnings - WAV/04 - Strings/ST 07 Wander.wav	Beginnings SFX（大气深沉6 · 大气深沉剧情叙事环境气氛渲染配乐背景音乐）/04 - Strings/ST 07 Wander.wav	
/volume1/主目录/Collection/素材&模板&音库/音效/02_中文音效合集/大气深沉6【大气深沉剧情叙事环境气氛渲染配乐背景音乐】/LD - Beginnings/Beginnings - WAV/04 - Strings/ST 08 Inventing.wav	Beginnings SFX（大气深沉6 · 大气深沉剧情叙事环境气氛渲染配乐背景音乐）/04 - Strings/ST 08 Inventing.wav	
/volume1/主目录/Collection/素材&模板&音库/音效/02_中文音效合集/大气深沉6【大气深沉剧情叙事环境气氛渲染配乐背景音乐】/LD - Beginnings/Beginnings - WAV/05 - Undertones/UT 03 Premise.wav	Beginnings SFX（大气深沉6 · 大气深沉剧情叙事环境气氛渲染配乐背景音乐）/05 - Undertones/UT 03 Premise.wav	
/volume1/主目录/Collection/素材&模板&音库/音效/02_中文音效合集/大气深沉6【大气深沉剧情叙事环境气氛渲染配乐背景音乐】/LD - Beginnings/Beginnings - WAV/05 - Undertones/UT 13 Puzzle.wav	Beginnings SFX（大气深沉6 · 大气深沉剧情叙事环境气氛渲染配乐背景音乐）/05 - Undertones/UT 13 Puzzle.wav	
/volume1/主目录/Collection/素材&模板&音库/音效/02_中文音效合集/大气深沉6【大气深沉剧情叙事环境气氛渲染配乐背景音乐】/LD - Beginnings/Beginnings - WAV/05 - Undertones/UT 12 Grounds.wav	Beginnings SFX（大气深沉6 · 大气深沉剧情叙事环境气氛渲染配乐背景音乐）/05 - Undertones/UT 12 Grounds.wav	
/volume1/主目录/Collection/素材&模板&音库/音效/02_中文音效合集/大气深沉6【大气深沉剧情叙事环境气氛渲染配乐背景音乐】/LD - Beginnings/Beginnings - WAV/05 - Undertones/.DS_Store	Beginnings SFX（大气深沉6 · 大气深沉剧情叙事环境气氛渲染配乐背景音乐）/05 - Undertones/.DS_Store	
/volume1/主目录/Collection/素材&模板&音库/音效/02_中文音效合集/大气深沉6【大气深沉剧情叙事环境气氛渲染配乐背景音乐】/LD - Beginnings/Beginnings - WAV/05 - Undertones/UT 01 Manifesto.wav	Beginnings SFX（大气深沉6 · 大气深沉剧情叙事环境气氛渲染配乐背景音乐）/05 - Undertones/UT 01 Manifesto.wav	
/volume1/主目录/Collection/素材&模板&音库/音效/02_中文音效合集/大气深沉6【大气深沉剧情叙事环境气氛渲染配乐背景音乐】/LD - Beginnings/Beginnings - WAV/05 - Undertones/UT 15 Full Circle.wav	Beginnings SFX（大气深沉6 · 大气深沉剧情叙事环境气氛渲染配乐背景音乐）/05 - Undertones/UT 15 Full Circle.wav	
/volume1/主目录/Collection/素材&模板&音库/音效/02_中文音效合集/大气深沉6【大气深沉剧情叙事环境气氛渲染配乐背景音乐】/LD - Beginnings/Beginnings - WAV/05 - Undertones/UT 04 Monolith.wav	Beginnings SFX（大气深沉6 · 大气深沉剧情叙事环境气氛渲染配乐背景音乐）/05 - Undertones/UT 04 Monolith.wav	
/volume1/主目录/Collection/素材&模板&音库/音效/02_中文音效合集/大气深沉6【大气深沉剧情叙事环境气氛渲染配乐背景音乐】/LD - Beginnings/Beginnings - WAV/05 - Undertones/UT 11 Difficult.wav	Beginnings SFX（大气深沉6 · 大气深沉剧情叙事环境气氛渲染配乐背景音乐）/05 - Undertones/UT 11 Difficult.wav	
/volume1/主目录/Collection/素材&模板&音库/音效/02_中文音效合集/大气深沉6【大气深沉剧情叙事环境气氛渲染配乐背景音乐】/LD - Beginnings/Beginnings - WAV/05 - Undertones/UT 05 Discovery.wav	Beginnings SFX（大气深沉6 · 大气深沉剧情叙事环境气氛渲染配乐背景音乐）/05 - Undertones/UT 05 Discovery.wav	
/volume1/主目录/Collection/素材&模板&音库/音效/02_中文音效合集/大气深沉6【大气深沉剧情叙事环境气氛渲染配乐背景音乐】/LD - Beginnings/Beginnings - WAV/05 - Undertones/UT 06 Research.wav	Beginnings SFX（大气深沉6 · 大气深沉剧情叙事环境气氛渲染配乐背景音乐）/05 - Undertones/UT 06 Research.wav	
/volume1/主目录/Collection/素材&模板&音库/音效/02_中文音效合集/大气深沉6【大气深沉剧情叙事环境气氛渲染配乐背景音乐】/LD - Beginnings/Beginnings - WAV/05 - Undertones/UT 07 Wander.wav	Beginnings SFX（大气深沉6 · 大气深沉剧情叙事环境气氛渲染配乐背景音乐）/05 - Undertones/UT 07 Wander.wav	
/volume1/主目录/Collection/素材&模板&音库/音效/02_中文音效合集/大气深沉6【大气深沉剧情叙事环境气氛渲染配乐背景音乐】/LD - Beginnings/Beginnings - WAV/05 - Undertones/UT 10 Glow.wav	Beginnings SFX（大气深沉6 · 大气深沉剧情叙事环境气氛渲染配乐背景音乐）/05 - Undertones/UT 10 Glow.wav	
/volume1/主目录/Collection/素材&模板&音库/音效/02_中文音效合集/大气深沉6【大气深沉剧情叙事环境气氛渲染配乐背景音乐】/LD - Beginnings/Beginnings - WAV/05 - Undertones/UT 14 Edifice.wav	Beginnings SFX（大气深沉6 · 大气深沉剧情叙事环境气氛渲染配乐背景音乐）/05 - Undertones/UT 14 Edifice.wav	
/volume1/主目录/Collection/素材&模板&音库/音效/02_中文音效合集/大气深沉6【大气深沉剧情叙事环境气氛渲染配乐背景音乐】/LD - Beginnings/Beginnings - WAV/05 - Undertones/UT 09 Tradition.wav	Beginnings SFX（大气深沉6 · 大气深沉剧情叙事环境气氛渲染配乐背景音乐）/05 - Undertones/UT 09 Tradition.wav	
/volume1/主目录/Collection/素材&模板&音库/音效/02_中文音效合集/大气深沉6【大气深沉剧情叙事环境气氛渲染配乐背景音乐】/LD - Beginnings/Beginnings - WAV/05 - Undertones/UT 08 Inventing.wav	Beginnings SFX（大气深沉6 · 大气深沉剧情叙事环境气氛渲染配乐背景音乐）/05 - Undertones/UT 08 Inventing.wav	
/volume1/主目录/Collection/素材&模板&音库/音效/02_中文音效合集/大气深沉6【大气深沉剧情叙事环境气氛渲染配乐背景音乐】/LD - Beginnings/Beginnings - WAV/05 - Undertones/UT 02 Anthology.wav	Beginnings SFX（大气深沉6 · 大气深沉剧情叙事环境气氛渲染配乐背景音乐）/05 - Undertones/UT 02 Anthology.wav	
/volume1/主目录/Collection/素材&模板&音库/音效/02_中文音效合集/大气深沉6【大气深沉剧情叙事环境气氛渲染配乐背景音乐】/LD - Beginnings/Beginnings - WAV/01 - Original/12 Grounds.wav	Beginnings SFX（大气深沉6 · 大气深沉剧情叙事环境气氛渲染配乐背景音乐）/01 - Original/12 Grounds.wav	
/volume1/主目录/Collection/素材&模板&音库/音效/02_中文音效合集/大气深沉6【大气深沉剧情叙事环境气氛渲染配乐背景音乐】/LD - Beginnings/Beginnings - WAV/01 - Original/08 Inventing.wav	Beginnings SFX（大气深沉6 · 大气深沉剧情叙事环境气氛渲染配乐背景音乐）/01 - Original/08 Inventing.wav	
/volume1/主目录/Collection/素材&模板&音库/音效/02_中文音效合集/大气深沉6【大气深沉剧情叙事环境气氛渲染配乐背景音乐】/LD - Beginnings/Beginnings - WAV/01 - Original/07 Wander.wav	Beginnings SFX（大气深沉6 · 大气深沉剧情叙事环境气氛渲染配乐背景音乐）/01 - Original/07 Wander.wav	
/volume1/主目录/Collection/素材&模板&音库/音效/02_中文音效合集/大气深沉6【大气深沉剧情叙事环境气氛渲染配乐背景音乐】/LD - Beginnings/Beginnings - WAV/01 - Original/03 Premise.wav	Beginnings SFX（大气深沉6 · 大气深沉剧情叙事环境气氛渲染配乐背景音乐）/01 - Original/03 Premise.wav	
/volume1/主目录/Collection/素材&模板&音库/音效/02_中文音效合集/大气深沉6【大气深沉剧情叙事环境气氛渲染配乐背景音乐】/LD - Beginnings/Beginnings - WAV/01 - Original/04 Monolith.wav	Beginnings SFX（大气深沉6 · 大气深沉剧情叙事环境气氛渲染配乐背景音乐）/01 - Original/04 Monolith.wav	
/volume1/主目录/Collection/素材&模板&音库/音效/02_中文音效合集/大气深沉6【大气深沉剧情叙事环境气氛渲染配乐背景音乐】/LD - Beginnings/Beginnings - WAV/01 - Original/05 Discovery.wav	Beginnings SFX（大气深沉6 · 大气深沉剧情叙事环境气氛渲染配乐背景音乐）/01 - Original/05 Discovery.wav	
/volume1/主目录/Collection/素材&模板&音库/音效/02_中文音效合集/大气深沉6【大气深沉剧情叙事环境气氛渲染配乐背景音乐】/LD - Beginnings/Beginnings - WAV/01 - Original/13 Puzzle.wav	Beginnings SFX（大气深沉6 · 大气深沉剧情叙事环境气氛渲染配乐背景音乐）/01 - Original/13 Puzzle.wav	
/volume1/主目录/Collection/素材&模板&音库/音效/02_中文音效合集/大气深沉6【大气深沉剧情叙事环境气氛渲染配乐背景音乐】/LD - Beginnings/Beginnings - WAV/01 - Original/10 Glow.wav	Beginnings SFX（大气深沉6 · 大气深沉剧情叙事环境气氛渲染配乐背景音乐）/01 - Original/10 Glow.wav	
/volume1/主目录/Collection/素材&模板&音库/音效/02_中文音效合集/大气深沉6【大气深沉剧情叙事环境气氛渲染配乐背景音乐】/LD - Beginnings/Beginnings - WAV/01 - Original/06 Research.wav	Beginnings SFX（大气深沉6 · 大气深沉剧情叙事环境气氛渲染配乐背景音乐）/01 - Original/06 Research.wav	
/volume1/主目录/Collection/素材&模板&音库/音效/02_中文音效合集/大气深沉6【大气深沉剧情叙事环境气氛渲染配乐背景音乐】/LD - Beginnings/Beginnings - WAV/01 - Original/15 Full Circle.wav	Beginnings SFX（大气深沉6 · 大气深沉剧情叙事环境气氛渲染配乐背景音乐）/01 - Original/15 Full Circle.wav	
/volume1/主目录/Collection/素材&模板&音库/音效/02_中文音效合集/大气深沉6【大气深沉剧情叙事环境气氛渲染配乐背景音乐】/LD - Beginnings/Beginnings - WAV/01 - Original/14 Edifice.wav	Beginnings SFX（大气深沉6 · 大气深沉剧情叙事环境气氛渲染配乐背景音乐）/01 - Original/14 Edifice.wav	
/volume1/主目录/Collection/素材&模板&音库/音效/02_中文音效合集/大气深沉6【大气深沉剧情叙事环境气氛渲染配乐背景音乐】/LD - Beginnings/Beginnings - WAV/01 - Original/01 Manifesto.wav	Beginnings SFX（大气深沉6 · 大气深沉剧情叙事环境气氛渲染配乐背景音乐）/01 - Original/01 Manifesto.wav	
/volume1/主目录/Collection/素材&模板&音库/音效/02_中文音效合集/大气深沉6【大气深沉剧情叙事环境气氛渲染配乐背景音乐】/LD - Beginnings/Beginnings - WAV/01 - Original/09 Tradition.wav	Beginnings SFX（大气深沉6 · 大气深沉剧情叙事环境气氛渲染配乐背景音乐）/01 - Original/09 Tradition.wav	
/volume1/主目录/Collection/素材&模板&音库/音效/02_中文音效合集/大气深沉6【大气深沉剧情叙事环境气氛渲染配乐背景音乐】/LD - Beginnings/Beginnings - WAV/01 - Original/02 Anthology.wav	Beginnings SFX（大气深沉6 · 大气深沉剧情叙事环境气氛渲染配乐背景音乐）/01 - Original/02 Anthology.wav	
/volume1/主目录/Collection/素材&模板&音库/音效/02_中文音效合集/大气深沉6【大气深沉剧情叙事环境气氛渲染配乐背景音乐】/LD - Beginnings/Beginnings - WAV/01 - Original/11 Difficult.wav	Beginnings SFX（大气深沉6 · 大气深沉剧情叙事环境气氛渲染配乐背景音乐）/01 - Original/11 Difficult.wav	
/volume1/主目录/Collection/素材&模板&音库/音效/02_中文音效合集/大气深沉6【大气深沉剧情叙事环境气氛渲染配乐背景音乐】/LD - Beginnings/Beginnings - WAV/03 - Bass and Percussion/BP 05 Discovery.wav	Beginnings SFX（大气深沉6 · 大气深沉剧情叙事环境气氛渲染配乐背景音乐）/03 - Bass and Percussion/BP 05 Discovery.wav	
/volume1/主目录/Collection/素材&模板&音库/音效/02_中文音效合集/大气深沉6【大气深沉剧情叙事环境气氛渲染配乐背景音乐】/LD - Beginnings/Beginnings - WAV/03 - Bass and Percussion/BP 15 Full Circle.wav	Beginnings SFX（大气深沉6 · 大气深沉剧情叙事环境气氛渲染配乐背景音乐）/03 - Bass and Percussion/BP 15 Full Circle.wav	
/volume1/主目录/Collection/素材&模板&音库/音效/02_中文音效合集/大气深沉6【大气深沉剧情叙事环境气氛渲染配乐背景音乐】/LD - Beginnings/Beginnings - WAV/03 - Bass and Percussion/BP 07 Wander.wav	Beginnings SFX（大气深沉6 · 大气深沉剧情叙事环境气氛渲染配乐背景音乐）/03 - Bass and Percussion/BP 07 Wander.wav	
/volume1/主目录/Collection/素材&模板&音库/音效/02_中文音效合集/大气深沉6【大气深沉剧情叙事环境气氛渲染配乐背景音乐】/LD - Beginnings/Beginnings - WAV/03 - Bass and Percussion/BP 03 Premise.wav	Beginnings SFX（大气深沉6 · 大气深沉剧情叙事环境气氛渲染配乐背景音乐）/03 - Bass and Percussion/BP 03 Premise.wav	
/volume1/主目录/Collection/素材&模板&音库/音效/02_中文音效合集/大气深沉6【大气深沉剧情叙事环境气氛渲染配乐背景音乐】/LD - Beginnings/Beginnings - WAV/03 - Bass and Percussion/BP 12 Grounds.wav	Beginnings SFX（大气深沉6 · 大气深沉剧情叙事环境气氛渲染配乐背景音乐）/03 - Bass and Percussion/BP 12 Grounds.wav	
/volume1/主目录/Collection/素材&模板&音库/音效/02_中文音效合集/大气深沉6【大气深沉剧情叙事环境气氛渲染配乐背景音乐】/LD - Beginnings/Beginnings - WAV/03 - Bass and Percussion/BP 02 Anthology.wav	Beginnings SFX（大气深沉6 · 大气深沉剧情叙事环境气氛渲染配乐背景音乐）/03 - Bass and Percussion/BP 02 Anthology.wav	
/volume1/主目录/Collection/素材&模板&音库/音效/02_中文音效合集/大气深沉6【大气深沉剧情叙事环境气氛渲染配乐背景音乐】/LD - Beginnings/Beginnings - WAV/03 - Bass and Percussion/BP 04 Monolith.wav	Beginnings SFX（大气深沉6 · 大气深沉剧情叙事环境气氛渲染配乐背景音乐）/03 - Bass and Percussion/BP 04 Monolith.wav	
/volume1/主目录/Collection/素材&模板&音库/音效/02_中文音效合集/大气深沉6【大气深沉剧情叙事环境气氛渲染配乐背景音乐】/LD - Beginnings/Beginnings - WAV/03 - Bass and Percussion/BP 13 Puzzle.wav	Beginnings SFX（大气深沉6 · 大气深沉剧情叙事环境气氛渲染配乐背景音乐）/03 - Bass and Percussion/BP 13 Puzzle.wav	
/volume1/主目录/Collection/素材&模板&音库/音效/02_中文音效合集/大气深沉6【大气深沉剧情叙事环境气氛渲染配乐背景音乐】/LD - Beginnings/Beginnings - WAV/03 - Bass and Percussion/BP 10 Glow.wav	Beginnings SFX（大气深沉6 · 大气深沉剧情叙事环境气氛渲染配乐背景音乐）/03 - Bass and Percussion/BP 10 Glow.wav	
/volume1/主目录/Collection/素材&模板&音库/音效/02_中文音效合集/大气深沉6【大气深沉剧情叙事环境气氛渲染配乐背景音乐】/LD - Beginnings/Beginnings - WAV/03 - Bass and Percussion/BP 11 Difficult.wav	Beginnings SFX（大气深沉6 · 大气深沉剧情叙事环境气氛渲染配乐背景音乐）/03 - Bass and Percussion/BP 11 Difficult.wav	
/volume1/主目录/Collection/素材&模板&音库/音效/02_中文音效合集/大气深沉6【大气深沉剧情叙事环境气氛渲染配乐背景音乐】/LD - Beginnings/Beginnings - WAV/03 - Bass and Percussion/BP 01 Manifesto.wav	Beginnings SFX（大气深沉6 · 大气深沉剧情叙事环境气氛渲染配乐背景音乐）/03 - Bass and Percussion/BP 01 Manifesto.wav	
/volume1/主目录/Collection/素材&模板&音库/音效/02_中文音效合集/大气深沉6【大气深沉剧情叙事环境气氛渲染配乐背景音乐】/LD - Beginnings/Beginnings - WAV/03 - Bass and Percussion/BP 14 Edifice.wav	Beginnings SFX（大气深沉6 · 大气深沉剧情叙事环境气氛渲染配乐背景音乐）/03 - Bass and Percussion/BP 14 Edifice.wav	
/volume1/主目录/Collection/素材&模板&音库/音效/02_中文音效合集/大气深沉6【大气深沉剧情叙事环境气氛渲染配乐背景音乐】/LD - Beginnings/Beginnings - WAV/03 - Bass and Percussion/BP 06 Research.wav	Beginnings SFX（大气深沉6 · 大气深沉剧情叙事环境气氛渲染配乐背景音乐）/03 - Bass and Percussion/BP 06 Research.wav	
/volume1/主目录/Collection/素材&模板&音库/音效/02_中文音效合集/大气深沉6【大气深沉剧情叙事环境气氛渲染配乐背景音乐】/LD - Beginnings/Beginnings - WAV/03 - Bass and Percussion/BP 09 Tradition.wav	Beginnings SFX（大气深沉6 · 大气深沉剧情叙事环境气氛渲染配乐背景音乐）/03 - Bass and Percussion/BP 09 Tradition.wav	
/volume1/主目录/Collection/素材&模板&音库/音效/02_中文音效合集/大气深沉6【大气深沉剧情叙事环境气氛渲染配乐背景音乐】/LD - Beginnings/Beginnings - WAV/03 - Bass and Percussion/BP 08 Inventing.wav	Beginnings SFX（大气深沉6 · 大气深沉剧情叙事环境气氛渲染配乐背景音乐）/03 - Bass and Percussion/BP 08 Inventing.wav	
/volume1/主目录/Collection/素材&模板&音库/音效/02_中文音效合集/大气深沉6【大气深沉剧情叙事环境气氛渲染配乐背景音乐】/LD - Beginnings/Beginnings - WAV/02 - Melody/ML 03 Premise.wav	Beginnings SFX（大气深沉6 · 大气深沉剧情叙事环境气氛渲染配乐背景音乐）/02 - Melody/ML 03 Premise.wav	
/volume1/主目录/Collection/素材&模板&音库/音效/02_中文音效合集/大气深沉6【大气深沉剧情叙事环境气氛渲染配乐背景音乐】/LD - Beginnings/Beginnings - WAV/02 - Melody/ML 11 Difficult.wav	Beginnings SFX（大气深沉6 · 大气深沉剧情叙事环境气氛渲染配乐背景音乐）/02 - Melody/ML 11 Difficult.wav	
/volume1/主目录/Collection/素材&模板&音库/音效/02_中文音效合集/大气深沉6【大气深沉剧情叙事环境气氛渲染配乐背景音乐】/LD - Beginnings/Beginnings - WAV/02 - Melody/ML 13 Puzzle.wav	Beginnings SFX（大气深沉6 · 大气深沉剧情叙事环境气氛渲染配乐背景音乐）/02 - Melody/ML 13 Puzzle.wav	
/volume1/主目录/Collection/素材&模板&音库/音效/02_中文音效合集/大气深沉6【大气深沉剧情叙事环境气氛渲染配乐背景音乐】/LD - Beginnings/Beginnings - WAV/02 - Melody/ML 02 Anthology.wav	Beginnings SFX（大气深沉6 · 大气深沉剧情叙事环境气氛渲染配乐背景音乐）/02 - Melody/ML 02 Anthology.wav	
/volume1/主目录/Collection/素材&模板&音库/音效/02_中文音效合集/大气深沉6【大气深沉剧情叙事环境气氛渲染配乐背景音乐】/LD - Beginnings/Beginnings - WAV/02 - Melody/ML 07 Wander.wav	Beginnings SFX（大气深沉6 · 大气深沉剧情叙事环境气氛渲染配乐背景音乐）/02 - Melody/ML 07 Wander.wav	
/volume1/主目录/Collection/素材&模板&音库/音效/02_中文音效合集/大气深沉6【大气深沉剧情叙事环境气氛渲染配乐背景音乐】/LD - Beginnings/Beginnings - WAV/02 - Melody/ML 12 Grounds.wav	Beginnings SFX（大气深沉6 · 大气深沉剧情叙事环境气氛渲染配乐背景音乐）/02 - Melody/ML 12 Grounds.wav	
/volume1/主目录/Collection/素材&模板&音库/音效/02_中文音效合集/大气深沉6【大气深沉剧情叙事环境气氛渲染配乐背景音乐】/LD - Beginnings/Beginnings - WAV/02 - Melody/ML 05 Discovery.wav	Beginnings SFX（大气深沉6 · 大气深沉剧情叙事环境气氛渲染配乐背景音乐）/02 - Melody/ML 05 Discovery.wav	
/volume1/主目录/Collection/素材&模板&音库/音效/02_中文音效合集/大气深沉6【大气深沉剧情叙事环境气氛渲染配乐背景音乐】/LD - Beginnings/Beginnings - WAV/02 - Melody/ML 04 Monolith.wav	Beginnings SFX（大气深沉6 · 大气深沉剧情叙事环境气氛渲染配乐背景音乐）/02 - Melody/ML 04 Monolith.wav	
/volume1/主目录/Collection/素材&模板&音库/音效/02_中文音效合集/大气深沉6【大气深沉剧情叙事环境气氛渲染配乐背景音乐】/LD - Beginnings/Beginnings - WAV/02 - Melody/ML 14 Edifice.wav	Beginnings SFX（大气深沉6 · 大气深沉剧情叙事环境气氛渲染配乐背景音乐）/02 - Melody/ML 14 Edifice.wav	
/volume1/主目录/Collection/素材&模板&音库/音效/02_中文音效合集/大气深沉6【大气深沉剧情叙事环境气氛渲染配乐背景音乐】/LD - Beginnings/Beginnings - WAV/02 - Melody/ML 15 Full Circle.wav	Beginnings SFX（大气深沉6 · 大气深沉剧情叙事环境气氛渲染配乐背景音乐）/02 - Melody/ML 15 Full Circle.wav	
/volume1/主目录/Collection/素材&模板&音库/音效/02_中文音效合集/大气深沉6【大气深沉剧情叙事环境气氛渲染配乐背景音乐】/LD - Beginnings/Beginnings - WAV/02 - Melody/ML 10 Glow.wav	Beginnings SFX（大气深沉6 · 大气深沉剧情叙事环境气氛渲染配乐背景音乐）/02 - Melody/ML 10 Glow.wav	
/volume1/主目录/Collection/素材&模板&音库/音效/02_中文音效合集/大气深沉6【大气深沉剧情叙事环境气氛渲染配乐背景音乐】/LD - Beginnings/Beginnings - WAV/02 - Melody/ML 06 Research.wav	Beginnings SFX（大气深沉6 · 大气深沉剧情叙事环境气氛渲染配乐背景音乐）/02 - Melody/ML 06 Research.wav	
/volume1/主目录/Collection/素材&模板&音库/音效/02_中文音效合集/大气深沉6【大气深沉剧情叙事环境气氛渲染配乐背景音乐】/LD - Beginnings/Beginnings - WAV/02 - Melody/ML 09 Tradition.wav	Beginnings SFX（大气深沉6 · 大气深沉剧情叙事环境气氛渲染配乐背景音乐）/02 - Melody/ML 09 Tradition.wav	
/volume1/主目录/Collection/素材&模板&音库/音效/02_中文音效合集/大气深沉6【大气深沉剧情叙事环境气氛渲染配乐背景音乐】/LD - Beginnings/Beginnings - WAV/02 - Melody/ML 08 Inventing.wav	Beginnings SFX（大气深沉6 · 大气深沉剧情叙事环境气氛渲染配乐背景音乐）/02 - Melody/ML 08 Inventing.wav	
/volume1/主目录/Collection/素材&模板&音库/音效/02_中文音效合集/大气深沉6【大气深沉剧情叙事环境气氛渲染配乐背景音乐】/LD - Beginnings/Beginnings - WAV/02 - Melody/ML 01 Manifesto.wav	Beginnings SFX（大气深沉6 · 大气深沉剧情叙事环境气氛渲染配乐背景音乐）/02 - Melody/ML 01 Manifesto.wav	
/volume1/主目录/Collection/素材&模板&音库/音效/02_中文音效合集/大气深沉3【音效：低音节奏感紧张气氛渲染无损音效素材包】/Endurance_SFX/Endurance SFX - MP3/03 - Patterns/_DS_Store	JUNK/Endurance SFX/03 - Patterns/_DS_Store	junk
/volume1/主目录/Collection/素材&模板&音库/音效/02_中文音效合集/大气深沉3【音效：低音节奏感紧张气氛渲染无损音效素材包】/Endurance_SFX/Endurance SFX - MP3/05 - Strings/_DS_Store	JUNK/Endurance SFX/05 - Strings/_DS_Store	junk
/volume1/主目录/Collection/素材&模板&音库/音效/02_中文音效合集/大气深沉3【音效：低音节奏感紧张气氛渲染无损音效素材包】/Endurance_SFX/Endurance SFX - WAV/02 - Bass/Bass - Distortion/原创AE模板-兼容中文版本.url	JUNK/Endurance SFX/02 - Bass/Bass - Distortion/原创AE模板-兼容中文版本.url	junk
/volume1/主目录/Collection/素材&模板&音库/音效/02_中文音效合集/大气深沉5【音效：大气深沉浑厚有力重低音环境气氛微电影抖音渲染音效】/Statement环境气氛WAV音效/晶品CG.url	JUNK/Statement SFX/晶品CG.url	junk
/volume1/主目录/Collection/素材&模板&音库/音效/02_中文音效合集/大气深沉5【音效：大气深沉浑厚有力重低音环境气氛微电影抖音渲染音效】/Statement环境气氛WAV音效/飞鸟博客.url	JUNK/Statement SFX/飞鸟博客.url	junk
/volume1/主目录/Collection/素材&模板&音库/音效/02_中文音效合集/大气深沉5【音效：大气深沉浑厚有力重低音环境气氛微电影抖音渲染音效】/Statement环境气氛WAV音效/中文动作.url	JUNK/Statement SFX/中文动作.url	junk
/volume1/主目录/Collection/素材&模板&音库/音效/02_中文音效合集/大气深沉5【音效：大气深沉浑厚有力重低音环境气氛微电影抖音渲染音效】/Statement环境气氛WAV音效/05 - Undertones/原创AE模板下载.url	JUNK/Statement SFX/05 - Undertones/原创AE模板下载.url	junk
/volume1/主目录/Collection/素材&模板&音库/音效/02_中文音效合集/大气深沉6【大气深沉剧情叙事环境气氛渲染配乐背景音乐】/LD - Beginnings/Beginnings - MP3/04 - Strings/Thumbs.db	JUNK/Beginnings SFX/04 - Strings/Thumbs.db	junk
/volume1/主目录/Collection/素材&模板&音库/音效/02_中文音效合集/大气深沉6【大气深沉剧情叙事环境气氛渲染配乐背景音乐】/LD - Beginnings/Beginnings - MP3/05 - Undertones/Thumbs.db	JUNK/Beginnings SFX/05 - Undertones/Thumbs.db	junk
/volume1/主目录/Collection/素材&模板&音库/音效/02_中文音效合集/大气深沉6【大气深沉剧情叙事环境气氛渲染配乐背景音乐】/LD - Beginnings/Beginnings - MP3/01 - Original/Thumbs.db	JUNK/Beginnings SFX/01 - Original/Thumbs.db	junk
/volume1/主目录/Collection/素材&模板&音库/音效/02_中文音效合集/大气深沉6【大气深沉剧情叙事环境气氛渲染配乐背景音乐】/LD - Beginnings/Beginnings - MP3/03 - Bass and Percussion/Thumbs.db	JUNK/Beginnings SFX/03 - Bass and Percussion/Thumbs.db	junk
/volume1/主目录/Collection/素材&模板&音库/音效/02_中文音效合集/大气深沉6【大气深沉剧情叙事环境气氛渲染配乐背景音乐】/LD - Beginnings/Beginnings - MP3/02 - Melody/Thumbs.db	JUNK/Beginnings SFX/02 - Melody/Thumbs.db	junk
/volume1/主目录/Collection/素材&模板&音库/音效/02_中文音效合集/大气深沉6【大气深沉剧情叙事环境气氛渲染配乐背景音乐】/LD - Beginnings/Beginnings - WAV/03 - Bass and Percussion/PR模板下载.url	JUNK/Beginnings SFX/03 - Bass and Percussion/PR模板下载.url	junk
