sib_1	14195928	190606-06AG【AudioJungle宣传包装配乐AE模板背景音乐合集完整67G】/AJ2012-2019/AudioJungle Stock Music Bundle/0-9/50's Hollywood Romance - [ 157986 ]/1950's_Hollywood_Romance.wav|190606-06AG【AudioJungle宣传包装配乐AE模板背景音乐合集完整67G】/AJ2012-2019/AudioJungle Stock Music Bundle/0-9/50's Hollywood Romance - [ 157986 ]/50's Hollywood Romance (Full).wav	a08322c8145e818a11fd8642ba5cf65a
sib_1	38285168	190606-06AG【AudioJungle宣传包装配乐AE模板背景音乐合集完整67G】/AJ2012-2019/AudioJungle Stock Music Bundle/J/Jazz Minimalist - [ 1365449 ]/Jazz Minimalist (Full).wav|190606-06AG【AudioJungle宣传包装配乐AE模板背景音乐合集完整67G】/AJ2012-2019/AudioJungle Stock Music Bundle/D/Deep Emotions Pack 1 - [ 4491941 ]/Jazz Minimalist - [ 1365449 ]/Jazz Minimalist (Full).wav	830039df10a9bb7850be64e1464b4920
sib_1	5124126	190606-06AG【AudioJungle宣传包装配乐AE模板背景音乐合集完整67G】/AJ2012-2019/AudioJungle Stock Music Bundle/T/This Christmas - [ 18918103 ]/This Christmas (Full).mp3|190606-06AG【AudioJungle宣传包装配乐AE模板背景音乐合集完整67G】/AJ2012-2019/AudioJungle Stock Music Bundle/M/Magical Christmas - [ 18918103 ]/Magical Christmas (Full version).mp3	8f9e678b28a4354ee931255d83419693
sib_1	5868521	190606-06AG【AudioJungle宣传包装配乐AE模板背景音乐合集完整67G】/AJ2012-2019/AudioJungle Stock Music Bundle/T/The Sport Rock - [ 22649082 ]/The Sport Rock.mp3|190606-06AG【AudioJungle宣传包装配乐AE模板背景音乐合集完整67G】/AJ2012-2019/AudioJungle Stock Music Bundle/S/Stylish Stomp Rock Pack - [ 23144740 ]/The Sport Rock - [ 22649082 ]/The Sport Rock.mp3	23e4732bc123c6dcd73b62a273f9a63a
sib_1	5391737	190606-06AG【AudioJungle宣传包装配乐AE模板背景音乐合集完整67G】/AJ2012-2019/AudioJungle Stock Music Bundle/T/The Stomp Rock - [ 22620107 ]/The Stomp Rock.mp3|190606-06AG【AudioJungle宣传包装配乐AE模板背景音乐合集完整67G】/AJ2012-2019/AudioJungle Stock Music Bundle/S/Stylish Stomp Rock Pack - [ 23144740 ]/The Stomp Rock - [ 22620107 ]/The Stomp Rock.mp3	fab61203e3c08c85182bbeb7f1cea513
sib_1	7573849	190606-06AG【AudioJungle宣传包装配乐AE模板背景音乐合集完整67G】/AJ2012-2019/AudioJungle Stock Music Bundle/T/The Collapse - [ 4036540 ]/The Collapse (Full).mp3|190606-06AG【AudioJungle宣传包装配乐AE模板背景音乐合集完整67G】/AJ2012-2019/AudioJungle Stock Music Bundle/E/Epic Cinematic Pack 1 - [ 4265560 ]/The Collapse - [ 4036540 ]/The Collapse (Full).mp3	d581faa0e2da5ab584d2b23d228a8a4a
sib_1	27974328	190606-06AG【AudioJungle宣传包装配乐AE模板背景音乐合集完整67G】/AJ2012-2019/AudioJungle Stock Music Bundle/T/The Collapse - [ 4036540 ]/The Collapse (Full).wav|190606-06AG【AudioJungle宣传包装配乐AE模板背景音乐合集完整67G】/AJ2012-2019/AudioJungle Stock Music Bundle/E/Epic Cinematic Pack 1 - [ 4265560 ]/The Collapse - [ 4036540 ]/The Collapse (Full).wav	d4930b7824ef229e02e8b626e4f799ce
sib_1	33845076	190606-06AG【AudioJungle宣传包装配乐AE模板背景音乐合集完整67G】/AJ2012-2019/AudioJungle Stock Music Bundle/T/The Last March - [ 3156693 ]/The Last March (Full).wav|190606-06AG【AudioJungle宣传包装配乐AE模板背景音乐合集完整67G】/AJ2012-2019/AudioJungle Stock Music Bundle/E/Epic Cinematic Pack 1 - [ 4265560 ]/The Last March - [ 3156693 ]/The Last March (Full).wav	3359bdadbf7ab98dbe11a77bfddb54fe
sib_1	8902861	190606-06AG【AudioJungle宣传包装配乐AE模板背景音乐合集完整67G】/AJ2012-2019/AudioJungle Stock Music Bundle/T/The Last March - [ 3156693 ]/The Last March (Full).mp3|190606-06AG【AudioJungle宣传包装配乐AE模板背景音乐合集完整67G】/AJ2012-2019/AudioJungle Stock Music Bundle/E/Epic Cinematic Pack 1 - [ 4265560 ]/The Last March - [ 3156693 ]/The Last March (Full).mp3	adbccfc41cc2d0750ec125a9b43981ea
sib_1	11860913	190606-06AG【AudioJungle宣传包装配乐AE模板背景音乐合集完整67G】/AJ2012-2019/AudioJungle Stock Music Bundle/T/This is Upbeat Rock - [ 20668884 ]/This is Upbeat Rock (Full Complete).mp3|190606-06AG【AudioJungle宣传包装配乐AE模板背景音乐合集完整67G】/AJ2012-2019/AudioJungle Stock Music Bundle/T/This Is Upbeat Rock - [ 320668884 ]/320668884_this-is-upbeat-rock_by_soundtype.mp3	ad7a131d47aaaae4dbfa5f302de9fafd
sib_1	5726046	190606-06AG【AudioJungle宣传包装配乐AE模板背景音乐合集完整67G】/AJ2012-2019/AudioJungle Stock Music Bundle/T/The Fun Kids Pack - [ 15309604 ]/The Fun Kids Pack_by_stockwaves_clean_edition.mp3|190606-06AG【AudioJungle宣传包装配乐AE模板背景音乐合集完整67G】/AJ2012-2019/AudioJungle Stock Music Bundle/K/Kids - [ 10936762 ]/Kids (Origanl Version + SFX).mp3	6a7aae3b2789f2aef26835d1545dff21
sib_1	6721989	190606-06AG【AudioJungle宣传包装配乐AE模板背景音乐合集完整67G】/AJ2012-2019/AudioJungle Stock Music Bundle/T/That is Health - [ 22815438 ]/That is Health.mp3|190606-06AG【AudioJungle宣传包装配乐AE模板背景音乐合集完整67G】/AJ2012-2019/AudioJungle Stock Music Bundle/M/Motivation Corporate Pack - [ 23150953 ]/That is Health - [ 22815438 ]/That is Health.mp3	19086ddfacb95c5d60d0d23473fd247d
sib_1	58111878	190606-06AG【AudioJungle宣传包装配乐AE模板背景音乐合集完整67G】/AJ2012-2019/AudioJungle Stock Music Bundle/T/That is Health - [ 22815438 ]/That is Health.wav|190606-06AG【AudioJungle宣传包装配乐AE模板背景音乐合集完整67G】/AJ2012-2019/AudioJungle Stock Music Bundle/M/Motivation Corporate Pack - [ 23150953 ]/That is Health - [ 22815438 ]/That is Health.wav	d21c0716147bd75de3edcecd940b74c2
sib_1	13968448	190606-06AG【AudioJungle宣传包装配乐AE模板背景音乐合集完整67G】/AJ2012-2019/AudioJungle Stock Music Bundle/T/The Christmas - [ 76236 ]/The Christmas (Full).wav|190606-06AG【AudioJungle宣传包装配乐AE模板背景音乐合集完整67G】/AJ2012-2019/AudioJungle Stock Music Bundle/C/Christmas - [ 76236 ]/Christmas_in the family circle.wav|190606-06AG【AudioJungle宣传包装配乐AE模板背景音乐合集完整67G】/AJ2012-2019/AudioJungle Stock Music Bundle/C/Christmas Inspiring - [ 76236 ]/Christmas Inspiring.wav|190606-06AG【AudioJungle宣传包装配乐AE模板背景音乐合集完整67G】/AJ2012-2019/AudioJungle Stock Music Bundle/C/Christmas Positive Background & Romantic New Year Music - [ 76236 ]/Christmas Positive Background & Romantic New Year Music (Full).wav	f3f0fed24ceecd193119b05047f2464e
sib_1	7417482	190606-06AG【AudioJungle宣传包装配乐AE模板背景音乐合集完整67G】/AJ2012-2019/AudioJungle Stock Music Bundle/T/The Happiest - [ 20730883 ]/20730883_the-happiest_by_goodcatstudios_Long.mp3|190606-06AG【AudioJungle宣传包装配乐AE模板背景音乐合集完整67G】/AJ2012-2019/AudioJungle Stock Music Bundle/H/Happy Pack Vol 3 - [ 20848940 ]/The Happiest - [ 20730883 ]/20848940_happy-pack-vol-3_by_goodcatstudios_The-Happiest.mp3	d741f06a53c1374c21899bc3028b1c9e
sib_1	52932188	190606-06AG【AudioJungle宣传包装配乐AE模板背景音乐合集完整67G】/AJ2012-2019/AudioJungle Stock Music Bundle/T/The Happiest - [ 20730883 ]/20730883_the-happiest_by_goodcatstudios_Long.wav|190606-06AG【AudioJungle宣传包装配乐AE模板背景音乐合集完整67G】/AJ2012-2019/AudioJungle Stock Music Bundle/H/Happy Pack Vol 3 - [ 20848940 ]/The Happiest - [ 20730883 ]/20848940_happy-pack-vol-3_by_goodcatstudios_The-Happiest.wav	6f14b86aee7d1822ab1ff3cd81966e2f
sib_1	47463478	190606-06AG【AudioJungle宣传包装配乐AE模板背景音乐合集完整67G】/AJ2012-2019/AudioJungle Stock Music Bundle/T/This Positive - [ 22832160 ]/This Positive.wav|190606-06AG【AudioJungle宣传包装配乐AE模板背景音乐合集完整67G】/AJ2012-2019/AudioJungle Stock Music Bundle/M/Motivation Corporate Pack - [ 23150953 ]/This Positive - [ 22832160 ]/This Positive.wav	b74fe6c36577213c2f4422de3a96dd67
sib_1	5757564	190606-06AG【AudioJungle宣传包装配乐AE模板背景音乐合集完整67G】/AJ2012-2019/AudioJungle Stock Music Bundle/T/This Positive - [ 22832160 ]/This Positive.mp3|190606-06AG【AudioJungle宣传包装配乐AE模板背景音乐合集完整67G】/AJ2012-2019/AudioJungle Stock Music Bundle/M/Motivation Corporate Pack - [ 23150953 ]/This Positive - [ 22832160 ]/This Positive.mp3	8c8b195a7ecb0100abe3a70376e77ac8
sib_1	102986	190606-06AG【AudioJungle宣传包装配乐AE模板背景音乐合集完整67G】/AJ2012-2019/AudioJungle Stock Music Bundle/T/This is Christmas - [ 21084942 ]/Using on a TV show/Cue_Sheet_Sample.xlsx|190606-06AG【AudioJungle宣传包装配乐AE模板背景音乐合集完整67G】/AJ2012-2019/AudioJungle Stock Music Bundle/T/Timeless Romantic Orchestra - [ 5086998 ]/Using on a TV show_/Cue_Sheet_Sample.xlsx|190606-06AG【AudioJungle宣传包装配乐AE模板背景音乐合集完整67G】/AJ2012-2019/AudioJungle Stock Music Bundle/L/Light & Happy Christmas - [ 20997723 ]/Using on a TV show/Cue_Sheet_Sample.xlsx|190606-06AG【AudioJungle宣传包装配乐AE模板背景音乐合集完整67G】/AJ2012-2019/AudioJungle Stock Music Bundle/H/Happiness Forever - [ 409736 ]/Using on a TV show/Cue_Sheet_Sample.xlsx|190606-06AG【AudioJungle宣传包装配乐AE模板背景音乐合集完整67G】/AJ2012-2019/AudioJungle Stock Music Bundle/U/Upbeat Uplifting Motivational Pop - [ 20098579 ]/Using on a TV show/Cue_Sheet_Sample.xlsx|190606-06AG【AudioJungle宣传包装配乐AE模板背景音乐合集完整67G】/AJ2012-2019/AudioJungle Stock Music Bundle/C/Christmas Orchestra - [ 9444768 ]/Using on a TV show_/Cue_Sheet_Sample.xlsx	5af884399887aacb974044e47149c137
sib_1	127125	190606-06AG【AudioJungle宣传包装配乐AE模板背景音乐合集完整67G】/AJ2012-2019/AudioJungle Stock Music Bundle/T/This is Christmas - [ 21084942 ]/Using on a TV show/Using on a TV show.pdf|190606-06AG【AudioJungle宣传包装配乐AE模板背景音乐合集完整67G】/AJ2012-2019/AudioJungle Stock Music Bundle/T/Timeless Romantic Orchestra - [ 5086998 ]/Using on a TV show_/Using on a TV show_.pdf|190606-06AG【AudioJungle宣传包装配乐AE模板背景音乐合集完整67G】/AJ2012-2019/AudioJungle Stock Music Bundle/L/Light & Happy Christmas - [ 20997723 ]/Using on a TV show/Using on a TV show.pdf|190606-06AG【AudioJungle宣传包装配乐AE模板背景音乐合集完整67G】/AJ2012-2019/AudioJungle Stock Music Bundle/H/Happiness Forever - [ 409736 ]/Using on a TV show/Using on a TV show.pdf|190606-06AG【AudioJungle宣传包装配乐AE模板背景音乐合集完整67G】/AJ2012-2019/AudioJungle Stock Music Bundle/U/Upbeat Uplifting Motivational Pop - [ 20098579 ]/Using on a TV show/Using on a TV show.pdf|190606-06AG【AudioJungle宣传包装配乐AE模板背景音乐合集完整67G】/AJ2012-2019/AudioJungle Stock Music Bundle/C/Christmas Orchestra - [ 9444768 ]/Using on a TV show_/Using on a TV show_.pdf	9513f49b3c85a9a32905ad392dbd7e8d
sib_1	72312	190606-06AG【AudioJungle宣传包装配乐AE模板背景音乐合集完整67G】/AJ2012-2019/AudioJungle Stock Music Bundle/T/This is Christmas - [ 21084942 ]/Using on a TV show/Thank you-Please rate my music.pdf|190606-06AG【AudioJungle宣传包装配乐AE模板背景音乐合集完整67G】/AJ2012-2019/AudioJungle Stock Music Bundle/T/Timeless Romantic Orchestra - [ 5086998 ]/Using on a TV show_/Thank you-Please rate my music.pdf|190606-06AG【AudioJungle宣传包装配乐AE模板背景音乐合集完整67G】/AJ2012-2019/AudioJungle Stock Music Bundle/L/Light & Happy Christmas - [ 20997723 ]/Using on a TV show/Thank you-Please rate my music.pdf|190606-06AG【AudioJungle宣传包装配乐AE模板背景音乐合集完整67G】/AJ2012-2019/AudioJungle Stock Music Bundle/H/Happiness Forever - [ 409736 ]/Using on a TV show/Thank you-Please rate my music.pdf|190606-06AG【AudioJungle宣传包装配乐AE模板背景音乐合集完整67G】/AJ2012-2019/AudioJungle Stock Music Bundle/H/Happy Upbeat Acoustic with Whistle - [ 5542289 ]/Thank you-Please rate my music.pdf|190606-06AG【AudioJungle宣传包装配乐AE模板背景音乐合集完整67G】/AJ2012-2019/AudioJungle Stock Music Bundle/U/Upbeat Uplifting Motivational Pop - [ 20098579 ]/Using on a TV show/Thank you-Please rate my music.pdf|190606-06AG【AudioJungle宣传包装配乐AE模板背景音乐合集完整67G】/AJ2012-2019/AudioJungle Stock Music Bundle/C/Christmas Orchestra - [ 9444768 ]/Using on a TV show_/Thank you-Please rate my music.pdf	0e872d48c7fbcf33598328911800f96c
sib_1	130507	190606-06AG【AudioJungle宣传包装配乐AE模板背景音乐合集完整67G】/AJ2012-2019/AudioJungle Stock Music Bundle/T/This is Christmas - [ 21084942 ]/Using on a TV show/Using on a TV or radio commercial.pdf|190606-06AG【AudioJungle宣传包装配乐AE模板背景音乐合集完整67G】/AJ2012-2019/AudioJungle Stock Music Bundle/T/Timeless Romantic Orchestra - [ 5086998 ]/Using on a TV show_/Using on a TV or radio commercial_.pdf|190606-06AG【AudioJungle宣传包装配乐AE模板背景音乐合集完整67G】/AJ2012-2019/AudioJungle Stock Music Bundle/L/Light & Happy Christmas - [ 20997723 ]/Using on a TV show/Using on a TV or radio commercial.pdf|190606-06AG【AudioJungle宣传包装配乐AE模板背景音乐合集完整67G】/AJ2012-2019/AudioJungle Stock Music Bundle/H/Happiness Forever - [ 409736 ]/Using on a TV show/Using on a TV or radio commercial.pdf|190606-06AG【AudioJungle宣传包装配乐AE模板背景音乐合集完整67G】/AJ2012-2019/AudioJungle Stock Music Bundle/H/Happy Upbeat Acoustic with Whistle - [ 5542289 ]/Using on a TV or radio commercial_.pdf|190606-06AG【AudioJungle宣传包装配乐AE模板背景音乐合集完整67G】/AJ2012-2019/AudioJungle Stock Music Bundle/U/Upbeat Uplifting Motivational Pop - [ 20098579 ]/Using on a TV show/Using on a TV or radio commercial.pdf|190606-06AG【AudioJungle宣传包装配乐AE模板背景音乐合集完整67G】/AJ2012-2019/AudioJungle Stock Music Bundle/C/Christmas Orchestra - [ 9444768 ]/Using on a TV show_/Using on a TV or radio commercial_.pdf	602825a50802a7b3b9941ebee7429385
sib_1	111559	190606-06AG【AudioJungle宣传包装配乐AE模板背景音乐合集完整67G】/AJ2012-2019/AudioJungle Stock Music Bundle/T/This is Christmas - [ 21084942 ]/Using on a TV show/Cue_Sheet_Template.xlsx|190606-06AG【AudioJungle宣传包装配乐AE模板背景音乐合集完整67G】/AJ2012-2019/AudioJungle Stock Music Bundle/T/Timeless Romantic Orchestra - [ 5086998 ]/Using on a TV show_/Cue_Sheet_Template.xlsx|190606-06AG【AudioJungle宣传包装配乐AE模板背景音乐合集完整67G】/AJ2012-2019/AudioJungle Stock Music Bundle/L/Light & Happy Christmas - [ 20997723 ]/Using on a TV show/Cue_Sheet_Template.xlsx|190606-06AG【AudioJungle宣传包装配乐AE模板背景音乐合集完整67G】/AJ2012-2019/AudioJungle Stock Music Bundle/H/Happiness Forever - [ 409736 ]/Using on a TV show/Cue_Sheet_Template.xlsx|190606-06AG【AudioJungle宣传包装配乐AE模板背景音乐合集完整67G】/AJ2012-2019/AudioJungle Stock Music Bundle/U/Upbeat Uplifting Motivational Pop - [ 20098579 ]/Using on a TV show/Cue_Sheet_Template.xlsx|190606-06AG【AudioJungle宣传包装配乐AE模板背景音乐合集完整67G】/AJ2012-2019/AudioJungle Stock Music Bundle/C/Christmas Orchestra - [ 9444768 ]/Using on a TV show_/Cue_Sheet_Template.xlsx	d950e571a5cc23db4d3d2f8bc739251a
sib_1	4862714	190606-06AG【AudioJungle宣传包装配乐AE模板背景音乐合集完整67G】/AJ2012-2019/AudioJungle Stock Music Bundle/T/The Wedding Procession - [ 5192144 ]/The Wedding Procession (Full).mp3|190606-06AG【AudioJungle宣传包装配乐AE模板背景音乐合集完整67G】/AJ2012-2019/AudioJungle Stock Music Bundle/H/Heavenly Choral Music - [ 5306062 ]/The Wedding Procession - [ 5192144 ]/The Wedding Procession (Full).mp3	6086ffd847cee9f071e7e308d9c4a951
sib_1	7389257	190606-06AG【AudioJungle宣传包装配乐AE模板背景音乐合集完整67G】/AJ2012-2019/AudioJungle Stock Music Bundle/T/Trust in Me - [ 3202693 ]/Trust in Me (Full).mp3|190606-06AG【AudioJungle宣传包装配乐AE模板背景音乐合集完整67G】/AJ2012-2019/AudioJungle Stock Music Bundle/R/Romantic Movie Starter Pack - [ 3902052 ]/Trust in Me - [ 3202693 ]/Trust in Me (Full).mp3	a3a97e2d5ccd0bde5373b3320e46ee8c
sib_1	27109004	190606-06AG【AudioJungle宣传包装配乐AE模板背景音乐合集完整67G】/AJ2012-2019/AudioJungle Stock Music Bundle/T/Trust in Me - [ 3202693 ]/Trust in Me (Full).wav|190606-06AG【AudioJungle宣传包装配乐AE模板背景音乐合集完整67G】/AJ2012-2019/AudioJungle Stock Music Bundle/R/Romantic Movie Starter Pack - [ 3902052 ]/Trust in Me - [ 3202693 ]/Trust in Me (Full).wav	9c5a860be76a660abe0dc8017df906ca
sib_1	25101650	190606-06AG【AudioJungle宣传包装配乐AE模板背景音乐合集完整67G】/AJ2012-2019/AudioJungle Stock Music Bundle/T/Trailer - [ 12123108 ]/Epic Action Trailer (Full).wav|190606-06AG【AudioJungle宣传包装配乐AE模板背景音乐合集完整67G】/AJ2012-2019/AudioJungle Stock Music Bundle/E/Epic Action Trailer - [ 12123108 ]/Epic Action Trailer.wav	5bd3baed410db0d95b39ca0b618ff4be
sib_1	6918868	190606-06AG【AudioJungle宣传包装配乐AE模板背景音乐合集完整67G】/AJ2012-2019/AudioJungle Stock Music Bundle/T/Trailer - [ 12123108 ]/Epic Action Trailer (Full).mp3|190606-06AG【AudioJungle宣传包装配乐AE模板背景音乐合集完整67G】/AJ2012-2019/AudioJungle Stock Music Bundle/E/Epic Action Trailer - [ 12123108 ]/Epic Action Trailer.mp3	aee686f058e6f936ea9cf6ebff49a650
sib_1	6059924	190606-06AG【AudioJungle宣传包装配乐AE模板背景音乐合集完整67G】/AJ2012-2019/AudioJungle Stock Music Bundle/T/The Epic Cinematic Inspiring Trailer - [ 19482355 ]/The Epic Cinematic Inspiring Trailer (Full without ending).mp3|190606-06AG【AudioJungle宣传包装配乐AE模板背景音乐合集完整67G】/AJ2012-2019/AudioJungle Stock Music Bundle/T/The Epic Cinematic Inspiring Trailer - [ 19482355 ]/19482355_the-epic-cinematic-inspiring-trailer_by_alex_besss.mp3	490ae12474a5e6fecd43554e34732c39
sib_1	7533274	190606-06AG【AudioJungle宣传包装配乐AE模板背景音乐合集完整67G】/AJ2012-2019/AudioJungle Stock Music Bundle/T/Triumph - [ 1222217 ]/Triumph (Full).mp3|190606-06AG【AudioJungle宣传包装配乐AE模板背景音乐合集完整67G】/AJ2012-2019/AudioJungle Stock Music Bundle/R/Romantic Pack - [ 1766691 ]/Triumph - [ 1222217 ]/Triumph (Full).mp3	dad4e00433443cb647249fc020cb6090
sib_1	27764288	190606-06AG【AudioJungle宣传包装配乐AE模板背景音乐合集完整67G】/AJ2012-2019/AudioJungle Stock Music Bundle/T/Triumph - [ 1222217 ]/Triumph (Full).wav|190606-06AG【AudioJungle宣传包装配乐AE模板背景音乐合集完整67G】/AJ2012-2019/AudioJungle Stock Music Bundle/R/Romantic Pack - [ 1766691 ]/Triumph - [ 1222217 ]/Triumph (Full).wav	ee80830db86f3aed0c765c4a66b9c09b
sib_1	14019990	190606-06AG【AudioJungle宣传包装配乐AE模板背景音乐合集完整67G】/AJ2012-2019/AudioJungle Stock Music Bundle/T/The Christmas Intro - [ 23441 ]/The Christmas Intro (Full).wav|190606-06AG【AudioJungle宣传包装配乐AE模板背景音乐合集完整67G】/AJ2012-2019/AudioJungle Stock Music Bundle/C/Christmas Music Pack - [ 145547 ]/The Christmas Intro - [ 23441 ]/The Christmas Intro.wav	56a33c32c94c34682f323324e50d0271
sib_1	7262346	190606-06AG【AudioJungle宣传包装配乐AE模板背景音乐合集完整67G】/AJ2012-2019/AudioJungle Stock Music Bundle/V/Various Rock Music Pack - [ 5309877 ]/Crazy Sport - [ 3781168 ]/Crazy Sport.mp3|190606-06AG【AudioJungle宣传包装配乐AE模板背景音乐合集完整67G】/AJ2012-2019/AudioJungle Stock Music Bundle/C/Crazy Sport - [ 3781168 ]/Crazy Sport (Full).mp3	e07094ae5121a79169127fc34df8194c
sib_1	8408599	190606-06AG【AudioJungle宣传包装配乐AE模板背景音乐合集完整67G】/AJ2012-2019/AudioJungle Stock Music Bundle/V/Various Rock Music Pack - [ 5309877 ]/Hot Steel - [ 5286102 ]/Hot Steel (Full).mp3|190606-06AG【AudioJungle宣传包装配乐AE模板背景音乐合集完整67G】/AJ2012-2019/AudioJungle Stock Music Bundle/S/Slow Blues Rock 2 - [ 5286102 ]/Slow Blues Rock 2 (Full).mp3	a18755baa1a5aa9d67edd761bddc8020
sib_1	9532616	190606-06AG【AudioJungle宣传包装配乐AE模板背景音乐合集完整67G】/AJ2012-2019/AudioJungle Stock Music Bundle/V/Various Rock Music Pack - [ 5309877 ]/Hot Steel - [ 5286102 ]/Hot Steel (Loop).wav|190606-06AG【AudioJungle宣传包装配乐AE模板背景音乐合集完整67G】/AJ2012-2019/AudioJungle Stock Music Bundle/S/Slow Blues Rock 2 - [ 5286102 ]/Slow Blues Rock 2 (Loop).wav	b85b22a21324757c9baac30df4a2c4b4
sib_1	31626716	190606-06AG【AudioJungle宣传包装配乐AE模板背景音乐合集完整67G】/AJ2012-2019/AudioJungle Stock Music Bundle/V/Various Rock Music Pack - [ 5309877 ]/Hot Steel - [ 5286102 ]/Hot Steel (Full).wav|190606-06AG【AudioJungle宣传包装配乐AE模板背景音乐合集完整67G】/AJ2012-2019/AudioJungle Stock Music Bundle/S/Slow Blues Rock 2 - [ 5286102 ]/Slow Blues Rock 2 (Full).wav	eecfb78050be5fc179d8864c6a2e0c71
sib_1	3398314	190606-06AG【AudioJungle宣传包装配乐AE模板背景音乐合集完整67G】/AJ2012-2019/AudioJungle Stock Music Bundle/V/Various Rock Music Pack - [ 5309877 ]/Hot Steel - [ 5286102 ]/Hot Steel (Loop).mp3|190606-06AG【AudioJungle宣传包装配乐AE模板背景音乐合集完整67G】/AJ2012-2019/AudioJungle Stock Music Bundle/S/Slow Blues Rock 2 - [ 5286102 ]/Slow Blues Rock 2 (Loop).mp3	86028244454ad5e63b5bc6a1b92018c9
sib_1	25879016	190606-06AG【AudioJungle宣传包装配乐AE模板背景音乐合集完整67G】/AJ2012-2019/AudioJungle Stock Music Bundle/V/Various Rock Music Pack - [ 5309877 ]/Heavyweight - [ 5280285 ]/Heavyweight.wav|190606-06AG【AudioJungle宣传包装配乐AE模板背景音乐合集完整67G】/AJ2012-2019/AudioJungle Stock Music Bundle/E/Energetic Metal - [ 5280285 ]/Energetic Metal (Full).wav	2b898c45460d9a20d5cabe1c216ef825
sib_1	7105612	190606-06AG【AudioJungle宣传包装配乐AE模板背景音乐合集完整67G】/AJ2012-2019/AudioJungle Stock Music Bundle/V/Various Rock Music Pack - [ 5309877 ]/Heavyweight - [ 5280285 ]/Heavyweight.mp3|190606-06AG【AudioJungle宣传包装配乐AE模板背景音乐合集完整67G】/AJ2012-2019/AudioJungle Stock Music Bundle/E/Energetic Metal - [ 5280285 ]/Energetic Metal (Full).mp3	2b5a4528049a6863d82981830576e7b9
sib_1	28221732	190606-06AG【AudioJungle宣传包装配乐AE模板背景音乐合集完整67G】/AJ2012-2019/AudioJungle Stock Music Bundle/V/Various Rock Music Pack - [ 5309877 ]/Outsider - [ 5253712 ]/Outsider.wav|190606-06AG【AudioJungle宣传包装配乐AE模板背景音乐合集完整67G】/AJ2012-2019/AudioJungle Stock Music Bundle/Q/Outsider - [ 5253712 ]/Outsider (Full).wav	f3afae1669415461120a498ccc456d7f
sib_1	7636420	190606-06AG【AudioJungle宣传包装配乐AE模板背景音乐合集完整67G】/AJ2012-2019/AudioJungle Stock Music Bundle/V/Various Rock Music Pack - [ 5309877 ]/Outsider - [ 5253712 ]/Outsider.mp3|190606-06AG【AudioJungle宣传包装配乐AE模板背景音乐合集完整67G】/AJ2012-2019/AudioJungle Stock Music Bundle/Q/Outsider - [ 5253712 ]/Outsider (Full).mp3	5ba22e494a16fe9fd5b58e720f9162a6
sib_1	22094152	190606-06AG【AudioJungle宣传包装配乐AE模板背景音乐合集完整67G】/AJ2012-2019/AudioJungle Stock Music Bundle/V/Various Rock Music Pack - [ 5309877 ]/Bad Money - [ 5272140 ]/Bad Money (Full).wav|190606-06AG【AudioJungle宣传包装配乐AE模板背景音乐合集完整67G】/AJ2012-2019/AudioJungle Stock Music Bundle/B/Bad Money - [ 5272140 ]/Bad Money (Full).wav	baaac6c64af289ec29e88c7127a6bc46
sib_1	19420300	190606-06AG【AudioJungle宣传包装配乐AE模板背景音乐合集完整67G】/AJ2012-2019/AudioJungle Stock Music Bundle/V/Various Rock Music Pack - [ 5309877 ]/Bad Money - [ 5272140 ]/Bad Money (Loop).wav|190606-06AG【AudioJungle宣传包装配乐AE模板背景音乐合集完整67G】/AJ2012-2019/AudioJungle Stock Music Bundle/B/Bad Money - [ 5272140 ]/Bad Money (Loop).wav	524b0796df9dba5152fac42a778927ed
sib_1	6246706	190606-06AG【AudioJungle宣传包装配乐AE模板背景音乐合集完整67G】/AJ2012-2019/AudioJungle Stock Music Bundle/V/Various Rock Music Pack - [ 5309877 ]/Bad Money - [ 5272140 ]/Bad Money (Full).mp3|190606-06AG【AudioJungle宣传包装配乐AE模板背景音乐合集完整67G】/AJ2012-2019/AudioJungle Stock Music Bundle/B/Bad Money - [ 5272140 ]/Bad Money (Full).mp3	5bdfa4eb59ab9ea9e359cf9a62ddb8e8
sib_1	5640665	190606-06AG【AudioJungle宣传包装配乐AE模板背景音乐合集完整67G】/AJ2012-2019/AudioJungle Stock Music Bundle/V/Various Rock Music Pack - [ 5309877 ]/Bad Money - [ 5272140 ]/Bad Money (Loop).mp3|190606-06AG【AudioJungle宣传包装配乐AE模板背景音乐合集完整67G】/AJ2012-2019/AudioJungle Stock Music Bundle/B/Bad Money - [ 5272140 ]/Bad Money (Loop).mp3	0a3ca7594a13a5cde762ece9ffc582b2
sib_1	6958281	190606-06AG【AudioJungle宣传包装配乐AE模板背景音乐合集完整67G】/AJ2012-2019/AudioJungle Stock Music Bundle/V/Various Rock Music Pack - [ 5309877 ]/Happy Rockers - [ 4869680 ]/Happy Rockers.mp3|190606-06AG【AudioJungle宣传包装配乐AE模板背景音乐合集完整67G】/AJ2012-2019/AudioJungle Stock Music Bundle/H/Happy Rockers - [ 4869680 ]/Happy Rockers (Full).mp3	6e1e33c323d94aaefb988ef3ed5e743d
sib_1	25232216	190606-06AG【AudioJungle宣传包装配乐AE模板背景音乐合集完整67G】/AJ2012-2019/AudioJungle Stock Music Bundle/V/Various Rock Music Pack - [ 5309877 ]/Happy Rockers - [ 4869680 ]/Happy Rockers.wav|190606-06AG【AudioJungle宣传包装配乐AE模板背景音乐合集完整67G】/AJ2012-2019/AudioJungle Stock Music Bundle/H/Happy Rockers - [ 4869680 ]/Happy Rockers (Full).wav	3ddcaa8a017ba9cb5957b050e1c5161c
sib_1	4889383	190606-06AG【AudioJungle宣传包装配乐AE模板背景音乐合集完整67G】/AJ2012-2019/AudioJungle Stock Music Bundle/V/Various Rock Music Pack - [ 5309877 ]/Rock `n` Roll Party - [ 4389477 ]/Rock `n` Roll Party.mp3|190606-06AG【AudioJungle宣传包装配乐AE模板背景音乐合集完整67G】/AJ2012-2019/AudioJungle Stock Music Bundle/R/Rock `n` Roll Party - [ 4389477 ]/Rock `n` Roll Party (Full).mp3	fde8bd0600716ec4ed950a17f5b0c470
sib_1	16109816	190606-06AG【AudioJungle宣传包装配乐AE模板背景音乐合集完整67G】/AJ2012-2019/AudioJungle Stock Music Bundle/V/Various Rock Music Pack - [ 5309877 ]/Rock `n` Roll Party - [ 4389477 ]/Rock `n` Roll Party.wav|190606-06AG【AudioJungle宣传包装配乐AE模板背景音乐合集完整67G】/AJ2012-2019/AudioJungle Stock Music Bundle/R/Rock `n` Roll Party - [ 4389477 ]/Rock `n` Roll Party (Full).wav	a40a361a4ef08aa3bd0224239739c60d
sib_1	29113016	190606-06AG【AudioJungle宣传包装配乐AE模板背景音乐合集完整67G】/AJ2012-2019/AudioJungle Stock Music Bundle/V/Various Rock Music Pack - [ 5309877 ]/Youth March - [ 4530087 ]/Youth March.wav|190606-06AG【AudioJungle宣传包装配乐AE模板背景音乐合集完整67G】/AJ2012-2019/AudioJungle Stock Music Bundle/Y/Youth March - [ 4530087 ]/Youth March (Full).wav	cc0daaf0a4939c361499380036720fad
sib_1	7838085	190606-06AG【AudioJungle宣传包装配乐AE模板背景音乐合集完整67G】/AJ2012-2019/AudioJungle Stock Music Bundle/V/Various Rock Music Pack - [ 5309877 ]/Youth March - [ 4530087 ]/Youth March.mp3|190606-06AG【AudioJungle宣传包装配乐AE模板背景音乐合集完整67G】/AJ2012-2019/AudioJungle Stock Music Bundle/Y/Youth March - [ 4530087 ]/Youth March (Full).mp3	e7c4b46c16a85300ef96dd0fa106e15f
sib_1	28011908	190606-06AG【AudioJungle宣传包装配乐AE模板背景音乐合集完整67G】/AJ2012-2019/AudioJungle Stock Music Bundle/V/Valentines Day - [ 14397168 ]/Valentines Day (Full).wav|190606-06AG【AudioJungle宣传包装配乐AE模板背景音乐合集完整67G】/AJ2012-2019/AudioJungle Stock Music Bundle/S/Sentimental Cinematic - [ 14397168 ]/Sentimental Cinematic (Full).wav	a7f938aff998c00727b0c049e65a4628
sib_1	6052486	190606-06AG【AudioJungle宣传包装配乐AE模板背景音乐合集完整67G】/AJ2012-2019/AudioJungle Stock Music Bundle/V/Valentines Day - [ 14397168 ]/Valentines Day (Lite).mp3|190606-06AG【AudioJungle宣传包装配乐AE模板背景音乐合集完整67G】/AJ2012-2019/AudioJungle Stock Music Bundle/S/Sentimental Cinematic - [ 14397168 ]/Sentimental Cinematic (Lite).mp3	1c36e2c3615d6a41cdadcb8a7a5b0be9
sib_1	10400132	190606-06AG【AudioJungle宣传包装配乐AE模板背景音乐合集完整67G】/AJ2012-2019/AudioJungle Stock Music Bundle/V/Valentines Day - [ 14397168 ]/Valentines Day (Short).wav|190606-06AG【AudioJungle宣传包装配乐AE模板背景音乐合集完整67G】/AJ2012-2019/AudioJungle Stock Music Bundle/S/Sentimental Cinematic - [ 14397168 ]/Sentimental Cinematic (Short).wav	38f045cd9a2452f78524fe65f3f6279a
sib_1	7588486	190606-06AG【AudioJungle宣传包装配乐AE模板背景音乐合集完整67G】/AJ2012-2019/AudioJungle Stock Music Bundle/V/Valentines Day - [ 14397168 ]/Valentines Day (Full).mp3|190606-06AG【AudioJungle宣传包装配乐AE模板背景音乐合集完整67G】/AJ2012-2019/AudioJungle Stock Music Bundle/S/Sentimental Cinematic - [ 14397168 ]/Sentimental Cinematic (Full).mp3	e10e5b5980f971fcae76dcb2610e9cae
sib_1	3594886	190606-06AG【AudioJungle宣传包装配乐AE模板背景音乐合集完整67G】/AJ2012-2019/AudioJungle Stock Music Bundle/V/Valentines Day - [ 14397168 ]/Valentines Day (Short).mp3|190606-06AG【AudioJungle宣传包装配乐AE模板背景音乐合集完整67G】/AJ2012-2019/AudioJungle Stock Music Bundle/S/Sentimental Cinematic - [ 14397168 ]/Sentimental Cinematic (Short).mp3	2dc8c48812410cf85983d2968c381193
sib_1	21238148	190606-06AG【AudioJungle宣传包装配乐AE模板背景音乐合集完整67G】/AJ2012-2019/AudioJungle Stock Music Bundle/V/Valentines Day - [ 14397168 ]/Valentines Day (Lite).wav|190606-06AG【AudioJungle宣传包装配乐AE模板背景音乐合集完整67G】/AJ2012-2019/AudioJungle Stock Music Bundle/S/Sentimental Cinematic - [ 14397168 ]/Sentimental Cinematic (Lite).wav	7d814c94693d78edacb5c31a05a5c4fe
sib_1	43083704	190606-06AG【AudioJungle宣传包装配乐AE模板背景音乐合集完整67G】/AJ2012-2019/AudioJungle Stock Music Bundle/E/Emotional Piano Technology & Cinematic Dramatic Trailer - [ 73958 ]/Emotional Piano Technology & Cinematic Dramatic Trailer (Full).wav|190606-06AG【AudioJungle宣传包装配乐AE模板背景音乐合集完整67G】/AJ2012-2019/AudioJungle Stock Music Bundle/E/Energetic Backgrounds - [ 78549 ]/Hi Tech Corporate Trailer - [ 73958 ]/Hi Tech Corporate Trailer.wav	63686cca29c0db5b869061da18366e2a
sib_1	6308482	190606-06AG【AudioJungle宣传包装配乐AE模板背景音乐合集完整67G】/AJ2012-2019/AudioJungle Stock Music Bundle/E/Emotional Cinematic Inspiring Piano - [ 9121168 ]/Emotional Cinematic Inspiring Piano (2 Minute Version).mp3|190606-06AG【AudioJungle宣传包装配乐AE模板背景音乐合集完整67G】/AJ2012-2019/AudioJungle Stock Music Bundle/E/Emotional Cinematic Uplifting Inspiring Piano Motivational - [ 9121168 ]/emotional-cinematic-uplifting-inspiring-piano-motivational.mp3	fa943c26df1660b635e5b8fc13fcdbb6
sib_1	4825051	190606-06AG【AudioJungle宣传包装配乐AE模板背景音乐合集完整67G】/AJ2012-2019/AudioJungle Stock Music Bundle/E/Emotional Inspiring Cinematic Epic Trailer - [ 18501606 ]/Emotional Inspiring Cinematic Epic Trailer (Short - Without Final Chord).mp3|190606-06AG【AudioJungle宣传包装配乐AE模板背景音乐合集完整67G】/AJ2012-2019/AudioJungle Stock Music Bundle/I/Inspiring Cinematic Trailer - [ 18501606 ]/Epic Inspiration short (without final chord).mp3	204ad7f64fb8ffdfa2f82206e6a42ed3
sib_1	16605892	190606-06AG【AudioJungle宣传包装配乐AE模板背景音乐合集完整67G】/AJ2012-2019/AudioJungle Stock Music Bundle/E/Emotional Inspiring Cinematic Epic Trailer - [ 18501606 ]/Emotional Inspiring Cinematic Epic Trailer (Main Short).wav|190606-06AG【AudioJungle宣传包装配乐AE模板背景音乐合集完整67G】/AJ2012-2019/AudioJungle Stock Music Bundle/I/Inspiring Cinematic Trailer - [ 18501606 ]/Benzosonix - Epic Inspiration main short.wav	0c7f9149cbab313ba6b706d32bd60fc4
sib_1	3520218	190606-06AG【AudioJungle宣传包装配乐AE模板背景音乐合集完整67G】/AJ2012-2019/AudioJungle Stock Music Bundle/E/Emotional Inspiring Cinematic Epic Trailer - [ 18501606 ]/Emotional Inspiring Cinematic Epic Trailer (Final Chord).wav|190606-06AG【AudioJungle宣传包装配乐AE模板背景音乐合集完整67G】/AJ2012-2019/AudioJungle Stock Music Bundle/I/Inspiring Cinematic Trailer - [ 18501606 ]/Benzosonix - Epic Inspiration final chord.wav	59b24052b421e41e44b3569bfd3960a9
sib_1	29691558	190606-06AG【AudioJungle宣传包装配乐AE模板背景音乐合集完整67G】/AJ2012-2019/AudioJungle Stock Music Bundle/E/Emotional Inspiring Cinematic Epic Trailer - [ 18501606 ]/Emotional Inspiring Cinematic Epic Trailer (Main Long).wav|190606-06AG【AudioJungle宣传包装配乐AE模板背景音乐合集完整67G】/AJ2012-2019/AudioJungle Stock Music Bundle/I/Inspiring Cinematic Trailer - [ 18501606 ]/Benzosonix - Epic Inspiration main long.wav	a109464d34d314be033dceed9d3d1757
sib_1	2034439	190606-06AG【AudioJungle宣传包装配乐AE模板背景音乐合集完整67G】/AJ2012-2019/AudioJungle Stock Music Bundle/E/Emotional Inspiring Cinematic Epic Trailer - [ 18501606 ]/Emotional Inspiring Cinematic Epic Trailer (Final Chord).mp3|190606-06AG【AudioJungle宣传包装配乐AE模板背景音乐合集完整67G】/AJ2012-2019/AudioJungle Stock Music Bundle/I/Inspiring Cinematic Trailer - [ 18501606 ]/Epic Inspiration final chord.mp3	42786367af4ac87632006d892eae06e0
sib_1	15836146	190606-06AG【AudioJungle宣传包装配乐AE模板背景音乐合集完整67G】/AJ2012-2019/AudioJungle Stock Music Bundle/E/Emotional Inspiring Cinematic Epic Trailer - [ 18501606 ]/Emotional Inspiring Cinematic Epic Trailer (Short - Without Final Chord).wav|190606-06AG【AudioJungle宣传包装配乐AE模板背景音乐合集完整67G】/AJ2012-2019/AudioJungle Stock Music Bundle/I/Inspiring Cinematic Trailer - [ 18501606 ]/Benzosonix - Epic Inspiration short (without final chord).wav	c9e6ba54c2636eb37dbc5792fe684b7c
sib_1	28921822	190606-06AG【AudioJungle宣传包装配乐AE模板背景音乐合集完整67G】/AJ2012-2019/AudioJungle Stock Music Bundle/E/Emotional Inspiring Cinematic Epic Trailer - [ 18501606 ]/Emotional Inspiring Cinematic Epic Trailer (Long - Without Final Chord).wav|190606-06AG【AudioJungle宣传包装配乐AE模板背景音乐合集完整67G】/AJ2012-2019/AudioJungle Stock Music Bundle/I/Inspiring Cinematic Trailer - [ 18501606 ]/Benzosonix - Epic Inspiration long (without final chord).wav	5fe9e106e4ab689e76a8976935c8450f
sib_1	7790011	190606-06AG【AudioJungle宣传包装配乐AE模板背景音乐合集完整67G】/AJ2012-2019/AudioJungle Stock Music Bundle/E/Emotional Inspiring Cinematic Epic Trailer - [ 18501606 ]/Emotional Inspiring Cinematic Epic Trailer (Long - Without Final Chord).mp3|190606-06AG【AudioJungle宣传包装配乐AE模板背景音乐合集完整67G】/AJ2012-2019/AudioJungle Stock Music Bundle/I/Inspiring Cinematic Trailer - [ 18501606 ]/Epic Inspiration long (without final chord).mp3	4a7744f2dbcc40878c7e597d78d53cce
sib_1	7964359	190606-06AG【AudioJungle宣传包装配乐AE模板背景音乐合集完整67G】/AJ2012-2019/AudioJungle Stock Music Bundle/E/Emotional Inspiring Cinematic Epic Trailer - [ 18501606 ]/Emotional Inspiring Cinematic Epic Trailer (Main Long).mp3|190606-06AG【AudioJungle宣传包装配乐AE模板背景音乐合集完整67G】/AJ2012-2019/AudioJungle Stock Music Bundle/I/Inspiring Cinematic Trailer - [ 18501606 ]/Epic Inspiration main long.mp3	4b79a82ab2aa12e25a7dafe99bc3f7f0
sib_1	4999399	190606-06AG【AudioJungle宣传包装配乐AE模板背景音乐合集完整67G】/AJ2012-2019/AudioJungle Stock Music Bundle/E/Emotional Inspiring Cinematic Epic Trailer - [ 18501606 ]/Emotional Inspiring Cinematic Epic Trailer (Main Short).mp3|190606-06AG【AudioJungle宣传包装配乐AE模板背景音乐合集完整67G】/AJ2012-2019/AudioJungle Stock Music Bundle/I/Inspiring Cinematic Trailer - [ 18501606 ]/Epic Inspiration main short.mp3	01d6e055a32b669b5293a80b6f1547c5
sib_1	25684548	190606-06AG【AudioJungle宣传包装配乐AE模板背景音乐合集完整67G】/AJ2012-2019/AudioJungle Stock Music Bundle/E/Epic Trailer Orchestra Pack - [ 101522 ]/Epic Trailer - [ 129672 ]/Epic Trailer.wav|190606-06AG【AudioJungle宣传包装配乐AE模板背景音乐合集完整67G】/AJ2012-2019/AudioJungle Stock Music Bundle/E/Epic Trailer - [ 129672 ]/Epic Trailer (Full).wav	b07ed1c2d3b580d804b60783f86caebc
sib_1	20861128	190606-06AG【AudioJungle宣传包装配乐AE模板背景音乐合集完整67G】/AJ2012-2019/AudioJungle Stock Music Bundle/E/Epic Trailer Orchestra Pack - [ 101522 ]/Counter Strike - [ 130028 ]/Counter Strike.wav|190606-06AG【AudioJungle宣传包装配乐AE模板背景音乐合集完整67G】/AJ2012-2019/AudioJungle Stock Music Bundle/C/Counter Strike - [ 130028 ]/Counter Strike (Full).wav	0e1d8a2f6f3facdecca41ffd63118acd
sib_1	7893060	190606-06AG【AudioJungle宣传包装配乐AE模板背景音乐合集完整67G】/AJ2012-2019/AudioJungle Stock Music Bundle/E/Epic Trailer Orchestra Pack - [ 101522 ]/Short epic trailer - [ 135440 ]/Short epic trailer.wav|190606-06AG【AudioJungle宣传包装配乐AE模板背景音乐合集完整67G】/AJ2012-2019/AudioJungle Stock Music Bundle/S/Short epic trailer - [ 135440 ]/Short epic trailer (Full).wav	00e757c6f1f34d05d4287313e436ff7e
sib_1	4942404	190606-06AG【AudioJungle宣传包装配乐AE模板背景音乐合集完整67G】/AJ2012-2019/AudioJungle Stock Music Bundle/E/Epic Trailer Orchestra Pack - [ 101522 ]/Dramatic Logo - [ 137129 ]/Dramatic Logo.wav|190606-06AG【AudioJungle宣传包装配乐AE模板背景音乐合集完整67G】/AJ2012-2019/AudioJungle Stock Music Bundle/D/Dramatic Logo - [ 137129 ]/Dramatic Logo.wav	809245e6d1793919124b433f05555be4
sib_1	8573128	190606-06AG【AudioJungle宣传包装配乐AE模板背景音乐合集完整67G】/AJ2012-2019/AudioJungle Stock Music Bundle/E/Epic Trailer Orchestra Pack - [ 101522 ]/Short Action - [ 126194 ]/Short Action.wav|190606-06AG【AudioJungle宣传包装配乐AE模板背景音乐合集完整67G】/AJ2012-2019/AudioJungle Stock Music Bundle/S/Short Action - [ 126194 ]/Short Action (Full).wav	987c9daf6b8d1fffba2a95ef3f1eb9cd
sib_1	5398263	190606-06AG【AudioJungle宣传包装配乐AE模板背景音乐合集完整67G】/AJ2012-2019/AudioJungle Stock Music Bundle/E/Epic Cinematic Pack - [ 16072275 ]/Epic Cinematic Trailer - [ 8561514 ]/Epic Cinematic Trailer (Main Version).mp3|190606-06AG【AudioJungle宣传包装配乐AE模板背景音乐合集完整67G】/AJ2012-2019/AudioJungle Stock Music Bundle/E/Epic Cinematic Trailer - [ 8561514 ]/Epic Cinematic Trailer (Main Version).mp3	3294b81f85cbadb3084ef70c0c0411e1
sib_1	35106050	190606-06AG【AudioJungle宣传包装配乐AE模板背景音乐合集完整67G】/AJ2012-2019/AudioJungle Stock Music Bundle/E/Epic Cinematic Pack - [ 16072275 ]/Epic Cinematic Trailer - [ 8561514 ]/Epic Cinematic Trailer (Main Version).wav|190606-06AG【AudioJungle宣传包装配乐AE模板背景音乐合集完整67G】/AJ2012-2019/AudioJungle Stock Music Bundle/E/Epic Cinematic Trailer - [ 8561514 ]/Epic Cinematic Trailer (Main Version).wav	89226c299b06405030042b3a6f5452db
sib_1	8326673	190606-06AG【AudioJungle宣传包装配乐AE模板背景音乐合集完整67G】/AJ2012-2019/AudioJungle Stock Music Bundle/E/Epic Cinematic Pack - [ 16072275 ]/Epic Adventure Cinematic Trailer - [ 9106709 ]/Epic Adventure Cinematic Trailer (Main Version).mp3|190606-06AG【AudioJungle宣传包装配乐AE模板背景音乐合集完整67G】/AJ2012-2019/AudioJungle Stock Music Bundle/E/Epic Adventure Cinematic Trailer - [ 9106709 ]/Epic Adventure Cinematic Trailer (Main Track).mp3	a96d4142d559613f56683608154bb717
sib_1	11843866	190606-06AG【AudioJungle宣传包装配乐AE模板背景音乐合集完整67G】/AJ2012-2019/AudioJungle Stock Music Bundle/E/Epic Cinematic Pack - [ 16072275 ]/Epic Adventure Cinematic Trailer - [ 9106709 ]/Epic Adventure Cinematic Trailer (30sec).wav|190606-06AG【AudioJungle宣传包装配乐AE模板背景音乐合集完整67G】/AJ2012-2019/AudioJungle Stock Music Bundle/E/Epic Adventure Cinematic Trailer - [ 9106709 ]/Epic Adventure Cinematic Trailer (30sec).wav	e88b1557fc447e0cb8821162c16f78c6
sib_1	2245371	190606-06AG【AudioJungle宣传包装配乐AE模板背景音乐合集完整67G】/AJ2012-2019/AudioJungle Stock Music Bundle/E/Epic Cinematic Pack - [ 16072275 ]/Epic Adventure Cinematic Trailer - [ 9106709 ]/Epic Adventure Cinematic Trailer (15sec).mp3|190606-06AG【AudioJungle宣传包装配乐AE模板背景音乐合集完整67G】/AJ2012-2019/AudioJungle Stock Music Bundle/E/Epic Adventure Cinematic Trailer - [ 9106709 ]/Epic Adventure Cinematic Trailer (15sec).mp3	6861597aa3d9196a9a2ed7fde43e5f20
sib_1	7275466	190606-06AG【AudioJungle宣传包装配乐AE模板背景音乐合集完整67G】/AJ2012-2019/AudioJungle Stock Music Bundle/E/Epic Cinematic Pack - [ 16072275 ]/Epic Adventure Cinematic Trailer - [ 9106709 ]/Epic Adventure Cinematic Trailer (15sec).wav|190606-06AG【AudioJungle宣传包装配乐AE模板背景音乐合集完整67G】/AJ2012-2019/AudioJungle Stock Music Bundle/E/Epic Adventure Cinematic Trailer - [ 9106709 ]/Epic Adventure Cinematic Trailer (15sec).wav	568d60f910588fe29f756325cb80b1d3
sib_1	2763207	190606-06AG【AudioJungle宣传包装配乐AE模板背景音乐合集完整67G】/AJ2012-2019/AudioJungle Stock Music Bundle/E/Epic Cinematic Pack - [ 16072275 ]/Epic Adventure Cinematic Trailer - [ 9106709 ]/Epic Adventure Cinematic Trailer (30sec).mp3|190606-06AG【AudioJungle宣传包装配乐AE模板背景音乐合集完整67G】/AJ2012-2019/AudioJungle Stock Music Bundle/E/Epic Adventure Cinematic Trailer - [ 9106709 ]/Epic Adventure Cinematic Trailer (30sec).mp3	197510234d7a0a6a0cb518bbb8e91c8a
sib_1	7036150	190606-06AG【AudioJungle宣传包装配乐AE模板背景音乐合集完整67G】/AJ2012-2019/AudioJungle Stock Music Bundle/E/Energetic Rock Trailer - [ 20778843 ]/20778843_energetic-rock-trailer-intro_by_odinmann.mp3|190606-06AG【AudioJungle宣传包装配乐AE模板背景音乐合集完整67G】/AJ2012-2019/AudioJungle Stock Music Bundle/E/Energetic Rock Trailer Intro - [ 20778843 ]/Energetic Rock Trailer Intro (Full).mp3	cfc4d1fb2421487ab70bf233c3f704f6
sib_1	7120564	190606-06AG【AudioJungle宣传包装配乐AE模板背景音乐合集完整67G】/AJ2012-2019/AudioJungle Stock Music Bundle/E/Energetic Upbeat Pop Uplifting Inspiring - [ 20040701 ]/Energetic Upbeat Pop Uplifting Inspiring (Main).mp3|190606-06AG【AudioJungle宣传包装配乐AE模板背景音乐合集完整67G】/AJ2012-2019/AudioJungle Stock Music Bundle/E/Energetic Upbeat Pop Summer - [ 20040701 ]/20040701_energetic-upbeat-pop-summer_by_stocksounds.mp3	689702644831e713ab9288c13330f1ab
sib_1	8462006	190606-06AG【AudioJungle宣传包装配乐AE模板背景音乐合集完整67G】/AJ2012-2019/AudioJungle Stock Music Bundle/E/Ethereal By Melodality Music - [ 119112 ]/119112_ethereal_by_melodality-music_preview.mp3|190606-06AG【AudioJungle宣传包装配乐AE模板背景音乐合集完整67G】/AJ2012-2019/AudioJungle Stock Music Bundle/E/Ethereal - [ 119112 ]/Ethereal (Full).mp3	fb709aff2c10884aed5bcf4897f82dee
sib_1	2376405	190606-06AG【AudioJungle宣传包装配乐AE模板背景音乐合集完整67G】/AJ2012-2019/AudioJungle Stock Music Bundle/E/Elegant Corporate Logo - [ 2776547 ]/Elegant Corporate Logo.mp3|190606-06AG【AudioJungle宣传包装配乐AE模板背景音乐合集完整67G】/AJ2012-2019/AudioJungle Stock Music Bundle/L/Logo Pack 2013 - [ 4156999 ]/Elegant Corporate Logo - [ 2776547 ]/Elegant Corporate Logo.mp3	03825ef80312a967545f21e3f5ca6992
sib_1	2781161	190606-06AG【AudioJungle宣传包装配乐AE模板背景音乐合集完整67G】/AJ2012-2019/AudioJungle Stock Music Bundle/E/Explosive Rock Intro 3 - [ 2862686 ]/Explosive Rock Intro 3 (Full).mp3|190606-06AG【AudioJungle宣传包装配乐AE模板背景音乐合集完整67G】/AJ2012-2019/AudioJungle Stock Music Bundle/R/Rock Music Power Pack - [ 3799294 ]/Explosive Rock Intro 3/Explosive_Rock_Intro3.mp3	24ff446abf841669af06703bf98df071
sib_1	6812568	190606-06AG【AudioJungle宣传包装配乐AE模板背景音乐合集完整67G】/AJ2012-2019/AudioJungle Stock Music Bundle/E/Explosive Rock Intro 3 - [ 2862686 ]/Explosive Rock Intro 3 (Full).wav|190606-06AG【AudioJungle宣传包装配乐AE模板背景音乐合集完整67G】/AJ2012-2019/AudioJungle Stock Music Bundle/R/Rock Music Power Pack - [ 3799294 ]/Explosive Rock Intro 3/Explosive_Rock_Intro3.wav	dc07caa373b953de39b997118f26cfc8
sib_1	23714488	190606-06AG【AudioJungle宣传包装配乐AE模板背景音乐合集完整67G】/AJ2012-2019/AudioJungle Stock Music Bundle/E/Emotional Underscores - [ 2487526 ]/Emotional Underscores (Full).wav|190606-06AG【AudioJungle宣传包装配乐AE模板背景音乐合集完整67G】/AJ2012-2019/AudioJungle Stock Music Bundle/R/Romantic Underscores Pack - [ 3401219 ]/Emotional Underscores - [ 2487526 ]/Emotional Underscores (Full).wav	363ceff9da125c76cec60e35a47dc4a2
sib_1	6609154	190606-06AG【AudioJungle宣传包装配乐AE模板背景音乐合集完整67G】/AJ2012-2019/AudioJungle Stock Music Bundle/E/Emotional Underscores - [ 2487526 ]/Emotional Underscores (Full).mp3|190606-06AG【AudioJungle宣传包装配乐AE模板背景音乐合集完整67G】/AJ2012-2019/AudioJungle Stock Music Bundle/R/Romantic Underscores Pack - [ 3401219 ]/Emotional Underscores - [ 2487526 ]/Emotional Underscores (Full).mp3	231e1f70a7fb3126ab36e446a86c5a1a
sib_1	3689049	190606-06AG【AudioJungle宣传包装配乐AE模板背景音乐合集完整67G】/AJ2012-2019/AudioJungle Stock Music Bundle/E/Energetic & Upbeat Indie Rock - [ 19577600 ]/Energetic & Upbeat Indie Rock (Short).mp3|190606-06AG【AudioJungle宣传包装配乐AE模板背景音乐合集完整67G】/AJ2012-2019/AudioJungle Stock Music Bundle/E/Energetic Upbeat Indie Rock - [ 19577600 ]/19577600_energetic-upbeat-indie-rock_by_stocksounds_preview.mp3	c587dc78350e8028959466b3d759dfe7
sib_1	7125862	190606-06AG【AudioJungle宣传包装配乐AE模板背景音乐合集完整67G】/AJ2012-2019/AudioJungle Stock Music Bundle/E/Epic Electronic Kit - [ 20762739 ]/epic - electronic by cleanmindsounds.mp3|190606-06AG【AudioJungle宣传包装配乐AE模板背景音乐合集完整67G】/AJ2012-2019/AudioJungle Stock Music Bundle/E/Epic Electronic - [ 19316285 ]/Epic Electronic (Full).mp3	29508bfd478f38e4cc81eedbf37b81b5
sib_1	2829996	190606-06AG【AudioJungle宣传包装配乐AE模板背景音乐合集完整67G】/AJ2012-2019/AudioJungle Stock Music Bundle/E/Epic Impact Logo 02 - [ 7381882 ]/Epic Impact Logo 02 (Without SFX).wav|190606-06AG【AudioJungle宣传包装配乐AE模板背景音乐合集完整67G】/AJ2012-2019/AudioJungle Stock Music Bundle/Q/Quick Logo Sting Pack - [ 7477588 ]/Epic Impact Logo 02 - [ 7381882 ]/Epic Impact Logo 02 (Without SFX).wav	374c18768b9d09436915d7805652584b
sib_1	1878790	190606-06AG【AudioJungle宣传包装配乐AE模板背景音乐合集完整67G】/AJ2012-2019/AudioJungle Stock Music Bundle/E/Epic Impact Logo 02 - [ 7381882 ]/Epic Impact Logo 02 (Without SFX).mp3|190606-06AG【AudioJungle宣传包装配乐AE模板背景音乐合集完整67G】/AJ2012-2019/AudioJungle Stock Music Bundle/Q/Quick Logo Sting Pack - [ 7477588 ]/Epic Impact Logo 02 - [ 7381882 ]/Epic Impact Logo 02 (Without SFX).mp3	7b6375b88c00972501e5884a8edba1a1
sib_1	2834800	190606-06AG【AudioJungle宣传包装配乐AE模板背景音乐合集完整67G】/AJ2012-2019/AudioJungle Stock Music Bundle/E/Epic Impact Logo 02 - [ 7381882 ]/Epic Impact Logo 02 (With SFX).wav|190606-06AG【AudioJungle宣传包装配乐AE模板背景音乐合集完整67G】/AJ2012-2019/AudioJungle Stock Music Bundle/Q/Quick Logo Sting Pack - [ 7477588 ]/Epic Impact Logo 02 - [ 7381882 ]/Epic Impact Logo 02 (With SFX).wav	79c36a517bd75a73ae5cb4cd504b7bc4
sib_1	1878790	190606-06AG【AudioJungle宣传包装配乐AE模板背景音乐合集完整67G】/AJ2012-2019/AudioJungle Stock Music Bundle/E/Epic Impact Logo 02 - [ 7381882 ]/Epic Impact Logo 02 (With SFX).mp3|190606-06AG【AudioJungle宣传包装配乐AE模板背景音乐合集完整67G】/AJ2012-2019/AudioJungle Stock Music Bundle/Q/Quick Logo Sting Pack - [ 7477588 ]/Epic Impact Logo 02 - [ 7381882 ]/Epic Impact Logo 02 (With SFX).mp3	54118e63ad27b2de328681226bfa56fc
sib_1	6793981	190606-06AG【AudioJungle宣传包装配乐AE模板背景音乐合集完整67G】/AJ2012-2019/AudioJungle Stock Music Bundle/E/Epic Cinematic Pack 1 - [ 4265560 ]/Heroic Struggle - [ 2156141 ]/Heroic Struggle (Main Version).mp3|190606-06AG【AudioJungle宣传包装配乐AE模板背景音乐合集完整67G】/AJ2012-2019/AudioJungle Stock Music Bundle/H/Heroic Struggle - [ 2156141 ]/Heroic Struggle (Main Version).mp3	ca3bb0c77d835f0b4e6ae649c930dd1a
sib_1	7797475	190606-06AG【AudioJungle宣传包装配乐AE模板背景音乐合集完整67G】/AJ2012-2019/AudioJungle Stock Music Bundle/E/Epic Cinematic Pack 1 - [ 4265560 ]/Unwavering Strength - [ 4134385 ]/Unwavering Strength (Full).mp3|190606-06AG【AudioJungle宣传包装配乐AE模板背景音乐合集完整67G】/AJ2012-2019/AudioJungle Stock Music Bundle/U/Unwavering Strength - [ 4134385 ]/Unwavering Strength (Full).mp3	abf2d08a37143fe870dff6c1bfe7e265
sib_1	28952604	190606-06AG【AudioJungle宣传包装配乐AE模板背景音乐合集完整67G】/AJ2012-2019/AudioJungle Stock Music Bundle/E/Epic Cinematic Pack 1 - [ 4265560 ]/Unwavering Strength - [ 4134385 ]/Unwavering Strength (Full).wav|190606-06AG【AudioJungle宣传包装配乐AE模板背景音乐合集完整67G】/AJ2012-2019/AudioJungle Stock Music Bundle/U/Unwavering Strength - [ 4134385 ]/Unwavering Strength (Full).wav	ffa5040eedbf4fca99444bfc052d05dc
sib_1	25117988	190606-06AG【AudioJungle宣传包装配乐AE模板背景音乐合集完整67G】/AJ2012-2019/AudioJungle Stock Music Bundle/E/Epic Cinematic Pack 1 - [ 4265560 ]/Dawn of Victory - [ 924367 ]/Dawn of Victory (Full Choir).wav|190606-06AG【AudioJungle宣传包装配乐AE模板背景音乐合集完整67G】/AJ2012-2019/AudioJungle Stock Music Bundle/D/Dawn of Victory - [ 924367 ]/Dawn of Victory (Full Choir).wav	6981d381f2698eb5c8defc79588e7aac
sib_1	6929911	190606-06AG【AudioJungle宣传包装配乐AE模板背景音乐合集完整67G】/AJ2012-2019/AudioJungle Stock Music Bundle/E/Epic Cinematic Pack 1 - [ 4265560 ]/Dawn of Victory - [ 924367 ]/Dawn of Victory (Full Choir).mp3|190606-06AG【AudioJungle宣传包装配乐AE模板背景音乐合集完整67G】/AJ2012-2019/AudioJungle Stock Music Bundle/D/Dawn of Victory - [ 924367 ]/Dawn of Victory (Full Choir).mp3	0e09339e0223915bbcf2c34175a60454
sib_1	35889740	190606-06AG【AudioJungle宣传包装配乐AE模板背景音乐合集完整67G】/AJ2012-2019/AudioJungle Stock Music Bundle/E/Energetic Backgrounds - [ 78549 ]/Hi-Tech Intro - [ 88091 ]/Hi-Tech Intro.wav|190606-06AG【AudioJungle宣传包装配乐AE模板背景音乐合集完整67G】/AJ2012-2019/AudioJungle Stock Music Bundle/H/Hi-Tech Intro - [ 88091 ]/Hi-Tech Intro (Full).wav	424a9bee74ba0b32deb2f219905366e4
sib_1	48969924	190606-06AG【AudioJungle宣传包装配乐AE模板背景音乐合集完整67G】/AJ2012-2019/AudioJungle Stock Music Bundle/E/Energetic Backgrounds - [ 78549 ]/Love - [ 64950 ]/Love.wav|190606-06AG【AudioJungle宣传包装配乐AE模板背景音乐合集完整67G】/AJ2012-2019/AudioJungle Stock Music Bundle/L/Love - [ 64950 ]-rrcg.cn/Love (Full).wav	9e2af3c24ea3296fbb66620c908e513a
sib_1	40400390	190606-06AG【AudioJungle宣传包装配乐AE模板背景音乐合集完整67G】/AJ2012-2019/AudioJungle Stock Music Bundle/E/Energetic Backgrounds - [ 78549 ]/Hi Tech Rock - [ 91614 ]/Hi Tech Rock.wav|190606-06AG【AudioJungle宣传包装配乐AE模板背景音乐合集完整67G】/AJ2012-2019/AudioJungle Stock Music Bundle/I/Inspiring Uplifting Rock Intro - [ 91614 ]/Inspiring Uplifting Rock Intro (Full).wav	171c2416c8bffe5073e317da6d00c680
sib_1	28095816	190606-06AG【AudioJungle宣传包装配乐AE模板背景音乐合集完整67G】/AJ2012-2019/AudioJungle Stock Music Bundle/E/Energetic Backgrounds - [ 78549 ]/News - [ 65799 ]/News.wav|190606-06AG【AudioJungle宣传包装配乐AE模板背景音乐合集完整67G】/AJ2012-2019/AudioJungle Stock Music Bundle/N/News - [ 65799 ]/News (Full).wav	132f454b168517852022b7aa78c89540
sib_1	2663668	190606-06AG【AudioJungle宣传包装配乐AE模板背景音乐合集完整67G】/AJ2012-2019/AudioJungle Stock Music Bundle/E/Electro Streak Logo - [ 7354417 ]/Electro Streak Logo (with SFX).wav|190606-06AG【AudioJungle宣传包装配乐AE模板背景音乐合集完整67G】/AJ2012-2019/AudioJungle Stock Music Bundle/Q/Quick Logo Sting Pack - [ 7477588 ]/Electro Streak Logo - [ 7354417 ]/Electro Streak Logo (with SFX).wav	722cf014feb5acc9b519c50a6f3c2a40
sib_1	2659308	190606-06AG【AudioJungle宣传包装配乐AE模板背景音乐合集完整67G】/AJ2012-2019/AudioJungle Stock Music Bundle/E/Electro Streak Logo - [ 7354417 ]/Electro Streak Logo (without SFX).wav|190606-06AG【AudioJungle宣传包装配乐AE模板背景音乐合集完整67G】/AJ2012-2019/AudioJungle Stock Music Bundle/Q/Quick Logo Sting Pack - [ 7477588 ]/Electro Streak Logo - [ 7354417 ]/Electro Streak Logo (without SFX).wav	ed5964829b574463f2d0e3e700c49925
sib_1	1840162	190606-06AG【AudioJungle宣传包装配乐AE模板背景音乐合集完整67G】/AJ2012-2019/AudioJungle Stock Music Bundle/E/Electro Streak Logo - [ 7354417 ]/Electro Streak Logo (without SFX).mp3|190606-06AG【AudioJungle宣传包装配乐AE模板背景音乐合集完整67G】/AJ2012-2019/AudioJungle Stock Music Bundle/Q/Quick Logo Sting Pack - [ 7477588 ]/Electro Streak Logo - [ 7354417 ]/Electro Streak Logo (without SFX).mp3	239577f3b2c63687a1ca27b397e14bbb
sib_1	2200860	190606-06AG【AudioJungle宣传包装配乐AE模板背景音乐合集完整67G】/AJ2012-2019/AudioJungle Stock Music Bundle/E/Electro Streak Logo - [ 7354417 ]/Electro Streak Logo (without SFX short).wav|190606-06AG【AudioJungle宣传包装配乐AE模板背景音乐合集完整67G】/AJ2012-2019/AudioJungle Stock Music Bundle/Q/Quick Logo Sting Pack - [ 7477588 ]/Electro Streak Logo - [ 7354417 ]/Electro Streak Logo (without SFX short).wav	2a71b1511e90e2f07abf9def78f59ec1
sib_1	1735762	190606-06AG【AudioJungle宣传包装配乐AE模板背景音乐合集完整67G】/AJ2012-2019/AudioJungle Stock Music Bundle/E/Electro Streak Logo - [ 7354417 ]/Electro Streak Logo (without SFX short).mp3|190606-06AG【AudioJungle宣传包装配乐AE模板背景音乐合集完整67G】/AJ2012-2019/AudioJungle Stock Music Bundle/Q/Quick Logo Sting Pack - [ 7477588 ]/Electro Streak Logo - [ 7354417 ]/Electro Streak Logo (without SFX short).mp3	6ce88613b6526668bf21c70ac876621b
sib_1	1735762	190606-06AG【AudioJungle宣传包装配乐AE模板背景音乐合集完整67G】/AJ2012-2019/AudioJungle Stock Music Bundle/E/Electro Streak Logo - [ 7354417 ]/Electro Streak Logo (with SFX short).mp3|190606-06AG【AudioJungle宣传包装配乐AE模板背景音乐合集完整67G】/AJ2012-2019/AudioJungle Stock Music Bundle/Q/Quick Logo Sting Pack - [ 7477588 ]/Electro Streak Logo - [ 7354417 ]/Electro Streak Logo (with SFX short).mp3	d0b013700a9713d714d51b9a89e264a8
sib_1	2200860	190606-06AG【AudioJungle宣传包装配乐AE模板背景音乐合集完整67G】/AJ2012-2019/AudioJungle Stock Music Bundle/E/Electro Streak Logo - [ 7354417 ]/Electro Streak Logo (with SFX short).wav|190606-06AG【AudioJungle宣传包装配乐AE模板背景音乐合集完整67G】/AJ2012-2019/AudioJungle Stock Music Bundle/Q/Quick Logo Sting Pack - [ 7477588 ]/Electro Streak Logo - [ 7354417 ]/Electro Streak Logo (with SFX short).wav	b6e7b16f84d2c4446ed5c0f83bf9dae4
sib_1	1840162	190606-06AG【AudioJungle宣传包装配乐AE模板背景音乐合集完整67G】/AJ2012-2019/AudioJungle Stock Music Bundle/E/Electro Streak Logo - [ 7354417 ]/Electro Streak Logo (with SFX).mp3|190606-06AG【AudioJungle宣传包装配乐AE模板背景音乐合集完整67G】/AJ2012-2019/AudioJungle Stock Music Bundle/Q/Quick Logo Sting Pack - [ 7477588 ]/Electro Streak Logo - [ 7354417 ]/Electro Streak Logo (with SFX).mp3	a64c3bacc9a75cdfc6e6be4b2e18c435
sib_1	4337317	190606-06AG【AudioJungle宣传包装配乐AE模板背景音乐合集完整67G】/AJ2012-2019/AudioJungle Stock Music Bundle/E/Epic Dark Hollywood - [ 15641280 ]/15641280_disturbed-cinematic_by_star_music_preview.mp3|190606-06AG【AudioJungle宣传包装配乐AE模板背景音乐合集完整67G】/AJ2012-2019/AudioJungle Stock Music Bundle/D/Disturbed Cinematic - [ 15641280 ]/15641280_disturbed-cinematic_by_star_music.mp3|190606-06AG【AudioJungle宣传包装配乐AE模板背景音乐合集完整67G】/AJ2012-2019/AudioJungle Stock Music Bundle/D/Dramatic Epic Cinematic Trailer - [ 15641280 ]/Dramatic Epic Cinematic Trailer (Full Version).mp3	2f2c9562fe6ab80f3828d22b9ba32337
sib_1	1870674	190606-06AG【AudioJungle宣传包装配乐AE模板背景音乐合集完整67G】/AJ2012-2019/AudioJungle Stock Music Bundle/N/New Year's Eve Logo - [ 2960899 ]/New Year's Eve Logo.mp3|190606-06AG【AudioJungle宣传包装配乐AE模板背景音乐合集完整67G】/AJ2012-2019/AudioJungle Stock Music Bundle/L/Logo Pack 2013 - [ 4156999 ]/New Year's Eve Logo - [ 2960899 ]/New Year's Eve Logo.mp3	9bf736f46e1555f0203e2050ed302603
sib_1	6260189	190606-06AG【AudioJungle宣传包装配乐AE模板背景音乐合集完整67G】/AJ2012-2019/AudioJungle Stock Music Bundle/N/News - [ 400212 ]/News.mp3|190606-06AG【AudioJungle宣传包装配乐AE模板背景音乐合集完整67G】/AJ2012-2019/AudioJungle Stock Music Bundle/I/Inspiring Cinematic Adventure News - [ 400212 ]/Inspiring Cinematic Adventure News (Full).mp3	ac26353b22dc3094046dd57680093a5a
sib_1	15822852	190606-06AG【AudioJungle宣传包装配乐AE模板背景音乐合集完整67G】/AJ2012-2019/AudioJungle Stock Music Bundle/N/News Pack - [ 2299193 ]/Intro News - [ 1142101 ]/Intro News.wav|190606-06AG【AudioJungle宣传包装配乐AE模板背景音乐合集完整67G】/AJ2012-2019/AudioJungle Stock Music Bundle/I/Intro News - [ 1142101 ]/Intro News.wav	9269775e536525dcc23b1a56ab7ca7c8
sib_1	13196712	190606-06AG【AudioJungle宣传包装配乐AE模板背景音乐合集完整67G】/AJ2012-2019/AudioJungle Stock Music Bundle/N/News Pack - [ 2299193 ]/Intro News II - [ 2066043 ]/Intro News II (Full Track A+B).wav|190606-06AG【AudioJungle宣传包装配乐AE模板背景音乐合集完整67G】/AJ2012-2019/AudioJungle Stock Music Bundle/I/Intro News II - [ 2066043 ]/Intro News II (Full track A + B).wav	e4064bb31e05147210bbf5acea1b5a21
sib_1	4854424	190606-06AG【AudioJungle宣传包装配乐AE模板背景音乐合集完整67G】/AJ2012-2019/AudioJungle Stock Music Bundle/N/News Pack - [ 2299193 ]/Intro News Logo - [ 1222767 ]/Intro News Logo.wav|190606-06AG【AudioJungle宣传包装配乐AE模板背景音乐合集完整67G】/AJ2012-2019/AudioJungle Stock Music Bundle/I/Intro News Logo - [ 1222767 ]/Intro News Logo.wav	2726c6f3427f82edbf646f8f27ab3a90
sib_1	16411568	190606-06AG【AudioJungle宣传包装配乐AE模板背景音乐合集完整67G】/AJ2012-2019/AudioJungle Stock Music Bundle/N/No More Secrets - [ 1086638 ]/No More Secrets (Full).wav|190606-06AG【AudioJungle宣传包装配乐AE模板背景音乐合集完整67G】/AJ2012-2019/AudioJungle Stock Music Bundle/D/Deep Emotions Pack 1 - [ 4491941 ]/No More Secrets - [ 1086638 ]/No More Secrets (Full).wav	c85d08c820e9983502d8e26be1ef6b76
sib_1	7210182	190606-06AG【AudioJungle宣传包装配乐AE模板背景音乐合集完整67G】/AJ2012-2019/AudioJungle Stock Music Bundle/N/New Day - [ 4145747 ]/New Day (Full).mp3|190606-06AG【AudioJungle宣传包装配乐AE模板背景音乐合集完整67G】/AJ2012-2019/AudioJungle Stock Music Bundle/R/Rainbow Motivation Pack - [ 4558877 ]/New Day.mp3	e9c511d9ad86c17422eed25aa15908e3
sib_1	26344814	190606-06AG【AudioJungle宣传包装配乐AE模板背景音乐合集完整67G】/AJ2012-2019/AudioJungle Stock Music Bundle/N/New Day - [ 4145747 ]/New Day (Full).wav|190606-06AG【AudioJungle宣传包装配乐AE模板背景音乐合集完整67G】/AJ2012-2019/AudioJungle Stock Music Bundle/R/Rainbow Motivation Pack - [ 4558877 ]/New Day.wav	cab4b400251465e60bcd1ad2aec2542c
sib_1	33228308	190606-06AG【AudioJungle宣传包装配乐AE模板背景音乐合集完整67G】/AJ2012-2019/AudioJungle Stock Music Bundle/I/Indie Energetic Motivational Upbeat Action Sports Rock - [ 5158889 ]/Indie Energetic Motivational Upbeat Action Sports Rock (Full).wav|190606-06AG【AudioJungle宣传包装配乐AE模板背景音乐合集完整67G】/AJ2012-2019/AudioJungle Stock Music Bundle/I/Indie Rock Energy - [ 5158889 ]/Indie Rock Energy.wav|190606-06AG【AudioJungle宣传包装配乐AE模板背景音乐合集完整67G】/AJ2012-2019/AudioJungle Stock Music Bundle/S/Shake It Loose - [ 5158889 ]/Shake It Loose.wav	edc3a70c5586ab3cd9d0c2a0b04870f8
sib_1	8772274	190606-06AG【AudioJungle宣传包装配乐AE模板背景音乐合集完整67G】/AJ2012-2019/AudioJungle Stock Music Bundle/I/Indie Energetic Motivational Upbeat Action Sports Rock - [ 5158889 ]/Indie Energetic Motivational Upbeat Action Sports Rock (Full).mp3|190606-06AG【AudioJungle宣传包装配乐AE模板背景音乐合集完整67G】/AJ2012-2019/AudioJungle Stock Music Bundle/I/Indie Rock Energy - [ 5158889 ]/Indie Rock Energy.mp3|190606-06AG【AudioJungle宣传包装配乐AE模板背景音乐合集完整67G】/AJ2012-2019/AudioJungle Stock Music Bundle/S/Shake It Loose - [ 5158889 ]/Shake It Loose.mp3	ee2fbdabbaa9cadd998808f11e2e8ef9
sib_1	7985781	190606-06AG【AudioJungle宣传包装配乐AE模板背景音乐合集完整67G】/AJ2012-2019/AudioJungle Stock Music Bundle/I/In Christmas - [ 20879162 ]/In Christmas (Main).mp3|190606-06AG【AudioJungle宣传包装配乐AE模板背景音乐合集完整67G】/AJ2012-2019/AudioJungle Stock Music Bundle/M/Magic & Beautiful Christmas Story - [ 20879162 ]/Magic & Beautiful Christmas Story (Main).mp3	c034380a22fd26117d1b14b10d734a7c
sib_1	31230352	190606-06AG【AudioJungle宣传包装配乐AE模板背景音乐合集完整67G】/AJ2012-2019/AudioJungle Stock Music Bundle/I/Inspiring Cinematic - [ 10938456 ]/Inspiring Cinematic.wav|190606-06AG【AudioJungle宣传包装配乐AE模板背景音乐合集完整67G】/AJ2012-2019/AudioJungle Stock Music Bundle/I/Inspiring Uplifting Epic Motivational Cinematic Trailer - [ 10938456 ]/Inspiring Uplifting Epic Motivational Cinematic Trailer (Main).wav	dbc4726c54e650c56619bef794212909
sib_1	9638992	190606-06AG【AudioJungle宣传包装配乐AE模板背景音乐合集完整67G】/AJ2012-2019/AudioJungle Stock Music Bundle/I/Inspiring Cinematic - [ 10938456 ]/Inspiring Cinematic (46 sec).wav|190606-06AG【AudioJungle宣传包装配乐AE模板背景音乐合集完整67G】/AJ2012-2019/AudioJungle Stock Music Bundle/I/Inspiring Uplifting Epic Motivational Cinematic Trailer - [ 10938456 ]/Inspiring Uplifting Epic Motivational Cinematic Trailer (46 sec).wav	d4bb92d9a5b71f3b8ba13a6527c60ab3
sib_1	8165758	190606-06AG【AudioJungle宣传包装配乐AE模板背景音乐合集完整67G】/AJ2012-2019/AudioJungle Stock Music Bundle/I/Inspirational Piano And Strings - [ 19984504 ]/19984504_inspirational-piano-and-strings_by_ivanluzan.mp3|190606-06AG【AudioJungle宣传包装配乐AE模板背景音乐合集完整67G】/AJ2012-2019/AudioJungle Stock Music Bundle/R/Relaxing Piano - [ 19984504 ]/Relaxing Piano (Full).mp3	22d2b9c2eb785cd4980fcdd4b2be343f
sib_1	25748812	190606-06AG【AudioJungle宣传包装配乐AE模板背景音乐合集完整67G】/AJ2012-2019/AudioJungle Stock Music Bundle/I/Inspiring Ideas into Motion - [ 1488424 ]/Inspiring Ideas into Motion (Full).wav|190606-06AG【AudioJungle宣传包装配乐AE模板背景音乐合集完整67G】/AJ2012-2019/AudioJungle Stock Music Bundle/B/Beautiful Cinematic Pack - [ 2721674 ]/Inspiring Ideas into Motion - [ 1488424 ]/Inspiring Ideas into Motion (Full).wav	7316587c4f1257c3b136d5fa5ed2dfcd
sib_1	7075701	190606-06AG【AudioJungle宣传包装配乐AE模板背景音乐合集完整67G】/AJ2012-2019/AudioJungle Stock Music Bundle/I/Inspiring Ideas into Motion - [ 1488424 ]/Inspiring Ideas into Motion (Full).mp3|190606-06AG【AudioJungle宣传包装配乐AE模板背景音乐合集完整67G】/AJ2012-2019/AudioJungle Stock Music Bundle/B/Beautiful Cinematic Pack - [ 2721674 ]/Inspiring Ideas into Motion - [ 1488424 ]/Inspiring Ideas into Motion (Full).mp3	4ed9753941be7b6a18f7c22b39e3b262
sib_1	7953189	190606-06AG【AudioJungle宣传包装配乐AE模板背景音乐合集完整67G】/AJ2012-2019/AudioJungle Stock Music Bundle/I/Inspiring & Uplifting Summer Pop - [ 5919214 ]/Inspiring & Uplifting Summer Pop.mp3|190606-06AG【AudioJungle宣传包装配乐AE模板背景音乐合集完整67G】/AJ2012-2019/AudioJungle Stock Music Bundle/I/Inspiring & Uplifting Upbeat Energetic Summer Fun Pop - [ 5919214 ]/Inspiring & Uplifting Upbeat Energetic Summer Fun Pop (Full).mp3	5cc6ca9f8606787c1ae6bd2dc6242a13
sib_1	7812532	190606-06AG【AudioJungle宣传包装配乐AE模板背景音乐合集完整67G】/AJ2012-2019/AudioJungle Stock Music Bundle/I/Inspiring - [ 12467307 ]/12467307_inspiring_by_redlionproduction_clean.mp3|190606-06AG【AudioJungle宣传包装配乐AE模板背景音乐合集完整67G】/AJ2012-2019/AudioJungle Stock Music Bundle/I/Inspiring - [ 12467307 ]/Inspiring (Main).mp3	472ad3072aa6a4c7ea4034d03b73bc9e
sib_1	32137408	190606-06AG【AudioJungle宣传包装配乐AE模板背景音乐合集完整67G】/AJ2012-2019/AudioJungle Stock Music Bundle/I/Inspired Piano - [ 4948105 ]/Inspired Piano (Full).wav|190606-06AG【AudioJungle宣传包装配乐AE模板背景音乐合集完整67G】/AJ2012-2019/AudioJungle Stock Music Bundle/I/Inspired By Love - [ 4948105 ]/Inspired by Love.wav	034fd195d617777de08da4b7018b81e6
sib_1	8525035	190606-06AG【AudioJungle宣传包装配乐AE模板背景音乐合集完整67G】/AJ2012-2019/AudioJungle Stock Music Bundle/I/Inspired Piano - [ 4948105 ]/Inspired Piano (Full).mp3|190606-06AG【AudioJungle宣传包装配乐AE模板背景音乐合集完整67G】/AJ2012-2019/AudioJungle Stock Music Bundle/I/Inspired By Love - [ 4948105 ]/Inspired by Love.mp3	01b35a5adef479d6a93d3914e45f0058
sib_1	8137102	190606-06AG【AudioJungle宣传包装配乐AE模板背景音乐合集完整67G】/AJ2012-2019/AudioJungle Stock Music Bundle/I/Inspiring Energetic Upbeat Corporate Indie - [ 11411185 ]/11411185_inspiring-energetic-upbeat-corporate-indie_by_audiopizza.mp3|190606-06AG【AudioJungle宣传包装配乐AE模板背景音乐合集完整67G】/AJ2012-2019/AudioJungle Stock Music Bundle/I/Inspiring & Energetic Upbeat Corporate Indie - [ 11411185 ]/Inspiring & Energetic Upbeat Corporate Indie (Full Complete).mp3	b7c69f220e2e01a3ddf455c2741c1ff4
sib_1	6925143	190606-06AG【AudioJungle宣传包装配乐AE模板背景音乐合集完整67G】/AJ2012-2019/AudioJungle Stock Music Bundle/I/Inspirational Layered Cinematic Background - [ 231475 ]/Inspirational Layered Cinematic Background (Full).mp3|190606-06AG【AudioJungle宣传包装配乐AE模板背景音乐合集完整67G】/AJ2012-2019/AudioJungle Stock Music Bundle/B/Beautiful Piano Music Pack 1 - [ 334578 ]/World as One - [ 231475 ]/World as One (Full).mp3	43a0af6d1e75ee784d9eeebbb305ad0c
sib_1	25084188	190606-06AG【AudioJungle宣传包装配乐AE模板背景音乐合集完整67G】/AJ2012-2019/AudioJungle Stock Music Bundle/I/Inspirational Layered Cinematic Background - [ 231475 ]/Inspirational Layered Cinematic Background (Full).wav|190606-06AG【AudioJungle宣传包装配乐AE模板背景音乐合集完整67G】/AJ2012-2019/AudioJungle Stock Music Bundle/B/Beautiful Piano Music Pack 1 - [ 334578 ]/World as One - [ 231475 ]/World as One (Full).wav	4eb95739c4c54a46a276828791564cfb
sib_1	7649522	190606-06AG【AudioJungle宣传包装配乐AE模板背景音乐合集完整67G】/AJ2012-2019/AudioJungle Stock Music Bundle/I/Inspiring Romantic - [ 21653151 ]/21653151_inspiring-romantic_by_lulu_production.mp3|190606-06AG【AudioJungle宣传包装配乐AE模板背景音乐合集完整67G】/AJ2012-2019/AudioJungle Stock Music Bundle/I/Inspiring Romantic Wedding Piano - [ 21653151 ]/Inspiring Romantic Wedding Piano (Full).mp3	cc466f3337998d0e84c8fcf7fe70df55
sib_1	28738536	190606-06AG【AudioJungle宣传包装配乐AE模板背景音乐合集完整67G】/AJ2012-2019/AudioJungle Stock Music Bundle/I/In the Moment of Inspiration - [ 1586348 ]/in the Moment of Inspiration (Main).wav|190606-06AG【AudioJungle宣传包装配乐AE模板背景音乐合集完整67G】/AJ2012-2019/AudioJungle Stock Music Bundle/B/Beautiful Cinematic Pack - [ 2721674 ]/in the Moment of Inspiration - [ 1586348 ]/in the Moment of Inspiration (2.32).wav	ce98a01b47a2a58e1646e110b0b5b533
sib_1	7753842	190606-06AG【AudioJungle宣传包装配乐AE模板背景音乐合集完整67G】/AJ2012-2019/AudioJungle Stock Music Bundle/I/In the Moment of Inspiration - [ 1586348 ]/in the Moment of Inspiration (Main).mp3|190606-06AG【AudioJungle宣传包装配乐AE模板背景音乐合集完整67G】/AJ2012-2019/AudioJungle Stock Music Bundle/B/Beautiful Cinematic Pack - [ 2721674 ]/in the Moment of Inspiration - [ 1586348 ]/in the Moment of Inspiration (2.32).mp3	d2eaec00f984768316eda82f589b2594
sib_1	12113028	190606-06AG【AudioJungle宣传包装配乐AE模板背景音乐合集完整67G】/AJ2012-2019/AudioJungle Stock Music Bundle/I/I Wish You a Merry Christmas - [ 6139021 ]/I Wish You a Merry Christmas only E Piano.wav|190606-06AG【AudioJungle宣传包装配乐AE模板背景音乐合集完整67G】/AJ2012-2019/AudioJungle Stock Music Bundle/W/We Wish You a Merry Christmas - [ 19032146 ]/We Wish You a Merry Christmas (E-Piano Sole).wav	29fcd5fc21e437848395f5b0021851cf
sib_1	3981406	190606-06AG【AudioJungle宣传包装配乐AE模板背景音乐合集完整67G】/AJ2012-2019/AudioJungle Stock Music Bundle/I/I Wish You a Merry Christmas - [ 6139021 ]/I Wish You a Merry Christmas no Glockenspiel.mp3|190606-06AG【AudioJungle宣传包装配乐AE模板背景音乐合集完整67G】/AJ2012-2019/AudioJungle Stock Music Bundle/W/We Wish You a Merry Christmas - [ 19032146 ]/We Wish You a Merry Christmas (Same Without Glockenspiel).mp3	297f3703776ffc0e157f08d7cf944932
sib_1	3981406	190606-06AG【AudioJungle宣传包装配乐AE模板背景音乐合集完整67G】/AJ2012-2019/AudioJungle Stock Music Bundle/I/I Wish You a Merry Christmas - [ 6139021 ]/I Wish You a Merry Christmas.mp3|190606-06AG【AudioJungle宣传包装配乐AE模板背景音乐合集完整67G】/AJ2012-2019/AudioJungle Stock Music Bundle/W/We Wish You a Merry Christmas - [ 19032146 ]/We Wish You a Merry Christmas (Full Version).mp3	be1e7b243cf05096da101a24e3048f1c
sib_1	12113028	190606-06AG【AudioJungle宣传包装配乐AE模板背景音乐合集完整67G】/AJ2012-2019/AudioJungle Stock Music Bundle/I/I Wish You a Merry Christmas - [ 6139021 ]/I Wish You a Merry Christmas no Choir.wav|190606-06AG【AudioJungle宣传包装配乐AE模板背景音乐合集完整67G】/AJ2012-2019/AudioJungle Stock Music Bundle/W/We Wish You a Merry Christmas - [ 19032146 ]/We Wish You a Merry Christmas (Same Without Choir).wav	4826c025d2110d347b5f29ccc03c451c
sib_1	3981406	190606-06AG【AudioJungle宣传包装配乐AE模板背景音乐合集完整67G】/AJ2012-2019/AudioJungle Stock Music Bundle/I/I Wish You a Merry Christmas - [ 6139021 ]/I Wish You a Merry Christmas no Choir.mp3|190606-06AG【AudioJungle宣传包装配乐AE模板背景音乐合集完整67G】/AJ2012-2019/AudioJungle Stock Music Bundle/W/We Wish You a Merry Christmas - [ 19032146 ]/We Wish You a Merry Christmas (Same Without Choir).mp3	46f9e4c2b4e1eb8ef11fc45efe2fcd9d
sib_1	12113028	190606-06AG【AudioJungle宣传包装配乐AE模板背景音乐合集完整67G】/AJ2012-2019/AudioJungle Stock Music Bundle/I/I Wish You a Merry Christmas - [ 6139021 ]/I Wish You a Merry Christmas.wav|190606-06AG【AudioJungle宣传包装配乐AE模板背景音乐合集完整67G】/AJ2012-2019/AudioJungle Stock Music Bundle/W/We Wish You a Merry Christmas - [ 19032146 ]/We Wish You a Merry Christmas (Full Version).wav	473259039dd0442d594661b05dcd2bfe
sib_1	12113028	190606-06AG【AudioJungle宣传包装配乐AE模板背景音乐合集完整67G】/AJ2012-2019/AudioJungle Stock Music Bundle/I/I Wish You a Merry Christmas - [ 6139021 ]/I Wish You a Merry Christmas no Glockenspiel.wav|190606-06AG【AudioJungle宣传包装配乐AE模板背景音乐合集完整67G】/AJ2012-2019/AudioJungle Stock Music Bundle/W/We Wish You a Merry Christmas - [ 19032146 ]/We Wish You a Merry Christmas (Same Without Glockenspiel).wav	4147ed0af4178131525178ce12871a9c
sib_1	3981406	190606-06AG【AudioJungle宣传包装配乐AE模板背景音乐合集完整67G】/AJ2012-2019/AudioJungle Stock Music Bundle/I/I Wish You a Merry Christmas - [ 6139021 ]/I Wish You a Merry Christmas only E Piano.mp3|190606-06AG【AudioJungle宣传包装配乐AE模板背景音乐合集完整67G】/AJ2012-2019/AudioJungle Stock Music Bundle/W/We Wish You a Merry Christmas - [ 19032146 ]/We Wish You a Merry Christmas (E-Piano Sole).mp3	c46eeb70187a177d43d1214e304493ca
sib_1	6806092	190606-06AG【AudioJungle宣传包装配乐AE模板背景音乐合集完整67G】/AJ2012-2019/AudioJungle Stock Music Bundle/I/Inspiring and Graceful Cinematic - [ 2361951 ]/Soaring Spirit.mp3|190606-06AG【AudioJungle宣传包装配乐AE模板背景音乐合集完整67G】/AJ2012-2019/AudioJungle Stock Music Bundle/B/Beautiful Cinematic Pack - [ 2721674 ]/Soaring Spirit - [ 2361951 ]/Soaring Spirit (With Choir).mp3	337c6412e054f6e99de5a2eacb051ed0
sib_1	1978299	190606-06AG【AudioJungle宣传包装配乐AE模板背景音乐合集完整67G】/AJ2012-2019/AudioJungle Stock Music Bundle/D/Dreamy Logo - [ 2831230 ]/Dreamy Logo.mp3|190606-06AG【AudioJungle宣传包装配乐AE模板背景音乐合集完整67G】/AJ2012-2019/AudioJungle Stock Music Bundle/L/Logo Pack 2013 - [ 4156999 ]/Dreamy Logo - [ 2831230 ]/Dreamy Logo.mp3	a4760b539091f10cbdd1b1300ca191a2
sib_1	53944148	190606-06AG【AudioJungle宣传包装配乐AE模板背景音乐合集完整67G】/AJ2012-2019/AudioJungle Stock Music Bundle/D/Drums Claps & Big Band Swing - [ 11938180 ]/Drums Claps & Big Band Swing (One Track Contains 3 Versions + 1 loop).wav|190606-06AG【AudioJungle宣传包装配乐AE模板背景音乐合集完整67G】/AJ2012-2019/AudioJungle Stock Music Bundle/D/Drums Claps Big Band Swing - [ 11938180 ]/11938180_drums-claps-big-band-swing_by_allengrey_preview.wav	0ebb8d97efea52ebb7b13f32445c6c33
sib_1	6879167	190606-06AG【AudioJungle宣传包装配乐AE模板背景音乐合集完整67G】/AJ2012-2019/AudioJungle Stock Music Bundle/D/Dream Sonata Inspiring Piano - [ 307413 ]/Dream Sonata Inspiring Piano (Full).mp3|190606-06AG【AudioJungle宣传包装配乐AE模板背景音乐合集完整67G】/AJ2012-2019/AudioJungle Stock Music Bundle/B/Beautiful Piano Music Pack 1 - [ 334578 ]/Dream Sonata Inspiring Piano - [ 307413 ]/Dream Sonata Inspiring Piano (Full).mp3	c535d5607ceeda94a0a92936f0d96332
sib_1	24879336	190606-06AG【AudioJungle宣传包装配乐AE模板背景音乐合集完整67G】/AJ2012-2019/AudioJungle Stock Music Bundle/D/Dream Sonata Inspiring Piano - [ 307413 ]/Dream Sonata Inspiring Piano (Full).wav|190606-06AG【AudioJungle宣传包装配乐AE模板背景音乐合集完整67G】/AJ2012-2019/AudioJungle Stock Music Bundle/B/Beautiful Piano Music Pack 1 - [ 334578 ]/Dream Sonata Inspiring Piano - [ 307413 ]/Dream Sonata Inspiring Piano (Full).wav	e57a3653e8cfb354dcf435db551a273f
sib_1	3236956	190606-06AG【AudioJungle宣传包装配乐AE模板背景音乐合集完整67G】/AJ2012-2019/AudioJungle Stock Music Bundle/D/Dark Orchestral Logo 3 - [ 2250072 ]/Dark Orchestral Logo 3 (The First Version).wav|190606-06AG【AudioJungle宣传包装配乐AE模板背景音乐合集完整67G】/AJ2012-2019/AudioJungle Stock Music Bundle/D/Dark Orchestral Logo 3 - [ 2250072 ]/Dark-orchestral-logo-3_by_james-lee-grey_clean_edition.wav	07b52d0275b2d763b1531992745759d2
sib_1	5600212	190606-06AG【AudioJungle宣传包装配乐AE模板背景音乐合集完整67G】/AJ2012-2019/AudioJungle Stock Music Bundle/D/Dark Acoustic - [ 2516878 ]/Dark Acoustic (Full).mp3|190606-06AG【AudioJungle宣传包装配乐AE模板背景音乐合集完整67G】/AJ2012-2019/AudioJungle Stock Music Bundle/C/Close To The End - [ 2516878 ]/CloseToTheEnd320kbps.mp3	4959def06db90891d90b1c6985104ea7
sib_1	19273494	190606-06AG【AudioJungle宣传包装配乐AE模板背景音乐合集完整67G】/AJ2012-2019/AudioJungle Stock Music Bundle/D/Dark Acoustic - [ 2516878 ]/Dark Acoustic (Full).wav|190606-06AG【AudioJungle宣传包装配乐AE模板背景音乐合集完整67G】/AJ2012-2019/AudioJungle Stock Music Bundle/C/Close To The End - [ 2516878 ]/CloseToTheEnd.wav	b88d6440ae94a83a579ccb92a1d97afe
sib_1	32904968	190606-06AG【AudioJungle宣传包装配乐AE模板背景音乐合集完整67G】/AJ2012-2019/AudioJungle Stock Music Bundle/D/Deep Emotions Pack 1 - [ 4491941 ]/Remember Me - [ 1217910 ]/Remember Me.wav|190606-06AG【AudioJungle宣传包装配乐AE模板背景音乐合集完整67G】/AJ2012-2019/AudioJungle Stock Music Bundle/R/Remember Me - [ 1217910 ]/Remember Me.wav	d0f570d4912639da64180a58ad80458b
sib_1	54379996	190606-06AG【AudioJungle宣传包装配乐AE模板背景音乐合集完整67G】/AJ2012-2019/AudioJungle Stock Music Bundle/D/Deep Emotions Pack 1 - [ 4491941 ]/Simple Beauty - [ 2699174 ]/Simple Beauty (Full).wav|190606-06AG【AudioJungle宣传包装配乐AE模板背景音乐合集完整67G】/AJ2012-2019/AudioJungle Stock Music Bundle/S/Simple Beauty - [ 2699174 ]/Simple Beauty (Full).wav	c6357c0be917e274f36bab96ebfe4928
sib_1	13568691	190606-06AG【AudioJungle宣传包装配乐AE模板背景音乐合集完整67G】/AJ2012-2019/AudioJungle Stock Music Bundle/D/Deep Emotions Pack 1 - [ 4491941 ]/Simple Beauty - [ 2699174 ]/Simple Beauty (Full).mp3|190606-06AG【AudioJungle宣传包装配乐AE模板背景音乐合集完整67G】/AJ2012-2019/AudioJungle Stock Music Bundle/S/Simple Beauty - [ 2699174 ]/Simple Beauty (Full).mp3	9425f1c3ce6948a071b85a39b0d956ef
sib_1	11420381	190606-06AG【AudioJungle宣传包装配乐AE模板背景音乐合集完整67G】/AJ2012-2019/AudioJungle Stock Music Bundle/D/Deep Emotions Pack 1 - [ 4491941 ]/Born to Shine - [ 2214734 ]/Born to Shine (Full).mp3|190606-06AG【AudioJungle宣传包装配乐AE模板背景音乐合集完整67G】/AJ2012-2019/AudioJungle Stock Music Bundle/B/Born to Shine - [ 2214734 ]/Born to Shine (Full).mp3	3fad3d10216a459f2d7fe35ca2fd3655
sib_1	44906956	190606-06AG【AudioJungle宣传包装配乐AE模板背景音乐合集完整67G】/AJ2012-2019/AudioJungle Stock Music Bundle/D/Deep Emotions Pack 1 - [ 4491941 ]/Born to Shine - [ 2214734 ]/Born to Shine (Full).wav|190606-06AG【AudioJungle宣传包装配乐AE模板背景音乐合集完整67G】/AJ2012-2019/AudioJungle Stock Music Bundle/B/Born to Shine - [ 2214734 ]/Born to Shine (Full).wav	3a72b92bdaa546c12da96e1985d39310
sib_1	45819972	190606-06AG【AudioJungle宣传包装配乐AE模板背景音乐合集完整67G】/AJ2012-2019/AudioJungle Stock Music Bundle/D/Deep Emotions Pack 1 - [ 4491941 ]/Sentimental Moods - [ 2004932 ]/Sentimental Moods (Full).wav|190606-06AG【AudioJungle宣传包装配乐AE模板背景音乐合集完整67G】/AJ2012-2019/AudioJungle Stock Music Bundle/S/Sentimental Moods - [ 2004932 ]/Sentimental Moods (Full).wav	9442a93f66c6ab0e2e5460d03efb5163
sib_1	11627279	190606-06AG【AudioJungle宣传包装配乐AE模板背景音乐合集完整67G】/AJ2012-2019/AudioJungle Stock Music Bundle/D/Deep Emotions Pack 1 - [ 4491941 ]/Sentimental Moods - [ 2004932 ]/Sentimental Moods (Full).mp3|190606-06AG【AudioJungle宣传包装配乐AE模板背景音乐合集完整67G】/AJ2012-2019/AudioJungle Stock Music Bundle/S/Sentimental Moods - [ 2004932 ]/Sentimental Moods (Full).mp3	296affca1168112a3cbd066c65f0c015
sib_1	7647252	190606-06AG【AudioJungle宣传包装配乐AE模板背景音乐合集完整67G】/AJ2012-2019/AudioJungle Stock Music Bundle/D/Deep Emotions Pack 1 - [ 4491941 ]/Wedding Song - [ 3131234 ]/Wedding Song (Full).mp3|190606-06AG【AudioJungle宣传包装配乐AE模板背景音乐合集完整67G】/AJ2012-2019/AudioJungle Stock Music Bundle/W/Wedding Song - [ 3131234 ]/Wedding Song (Full).mp3	c89ca30c1a0d8a1836b4f826ede387ac
sib_1	28266716	190606-06AG【AudioJungle宣传包装配乐AE模板背景音乐合集完整67G】/AJ2012-2019/AudioJungle Stock Music Bundle/D/Deep Emotions Pack 1 - [ 4491941 ]/Wedding Song - [ 3131234 ]/Wedding Song (Full).wav|190606-06AG【AudioJungle宣传包装配乐AE模板背景音乐合集完整67G】/AJ2012-2019/AudioJungle Stock Music Bundle/W/Wedding Song - [ 3131234 ]/Wedding Song (Full).wav	05d49309dff752a13a5e6a9ed386afc4
sib_1	49296600	190606-06AG【AudioJungle宣传包装配乐AE模板背景音乐合集完整67G】/AJ2012-2019/AudioJungle Stock Music Bundle/D/Deep Emotions Pack 1 - [ 4491941 ]/Mysteria - [ 1538502 ]/Mysteria (Full).wav|190606-06AG【AudioJungle宣传包装配乐AE模板背景音乐合集完整67G】/AJ2012-2019/AudioJungle Stock Music Bundle/M/Mysteria - [ 1538502 ]/Mysteria (Full).wav	378fa74e47ce0f755036f26dc48fd81f
sib_1	12416159	190606-06AG【AudioJungle宣传包装配乐AE模板背景音乐合集完整67G】/AJ2012-2019/AudioJungle Stock Music Bundle/D/Deep Emotions Pack 1 - [ 4491941 ]/Mysteria - [ 1538502 ]/Mysteria (Full).mp3|190606-06AG【AudioJungle宣传包装配乐AE模板背景音乐合集完整67G】/AJ2012-2019/AudioJungle Stock Music Bundle/M/Mysteria - [ 1538502 ]/Mysteria (Full).mp3	12376d3a5c8c4e3d2a580b0b10573975
sib_1	3951272	190606-06AG【AudioJungle宣传包装配乐AE模板背景音乐合集完整67G】/AJ2012-2019/AudioJungle Stock Music Bundle/D/Digital Reveal - [ 588518 ]/Digital Reveal.wav|190606-06AG【AudioJungle宣传包装配乐AE模板背景音乐合集完整67G】/AJ2012-2019/AudioJungle Stock Music Bundle/M/Modern Electronic Logos Pack - [ 1742640 ]/Digital Reveal - [ 588518 ]/Digital Reveal.wav	3e274850465c0b20e3a9e47e988c1e60
sib_1	10923967	190606-06AG【AudioJungle宣传包装配乐AE模板背景音乐合集完整67G】/AJ2012-2019/AudioJungle Stock Music Bundle/D/Daydream - [ 884189 ]/Daydream (Full).mp3|190606-06AG【AudioJungle宣传包装配乐AE模板背景音乐合集完整67G】/AJ2012-2019/AudioJungle Stock Music Bundle/R/Romantic Pack - [ 1766691 ]/Daydream - [ 884189 ]/Daydream (Full).mp3	4839e73b064fd4163b95c49c9685dde7
sib_1	42720936	190606-06AG【AudioJungle宣传包装配乐AE模板背景音乐合集完整67G】/AJ2012-2019/AudioJungle Stock Music Bundle/D/Daydream - [ 884189 ]/Daydream (Full).wav|190606-06AG【AudioJungle宣传包装配乐AE模板背景音乐合集完整67G】/AJ2012-2019/AudioJungle Stock Music Bundle/R/Romantic Pack - [ 1766691 ]/Daydream - [ 884189 ]/Daydream (Full).wav	ef5b89e53661a7d5842b203769df6bce
sib_1	6871853	190606-06AG【AudioJungle宣传包装配乐AE模板背景音乐合集完整67G】/AJ2012-2019/AudioJungle Stock Music Bundle/D/Dreaming Of When - [ 262861 ]/Dreaming of When.mp3|190606-06AG【AudioJungle宣传包装配乐AE模板背景音乐合集完整67G】/AJ2012-2019/AudioJungle Stock Music Bundle/B/Beautiful Piano Music Pack 1 - [ 334578 ]/Dreaming of When - [ 262861 ]/Dreaming of When (Full).mp3	f0cd2f64a8f61f8835eac76704338428
sib_1	24849520	190606-06AG【AudioJungle宣传包装配乐AE模板背景音乐合集完整67G】/AJ2012-2019/AudioJungle Stock Music Bundle/D/Dreaming Of When - [ 262861 ]/Dreaming of When.wav|190606-06AG【AudioJungle宣传包装配乐AE模板背景音乐合集完整67G】/AJ2012-2019/AudioJungle Stock Music Bundle/B/Beautiful Piano Music Pack 1 - [ 334578 ]/Dreaming of When - [ 262861 ]/Dreaming of When (Full).wav	704b20c6153d812f34e11bae6b351da0
sib_1	6859099	190606-06AG【AudioJungle宣传包装配乐AE模板背景音乐合集完整67G】/AJ2012-2019/AudioJungle Stock Music Bundle/D/Drumstep Rock Pack - [ 6411476 ]/Drumstep Rock - [ 6248931 ]/Drumstep Rock (Full).mp3|190606-06AG【AudioJungle宣传包装配乐AE模板背景音乐合集完整67G】/AJ2012-2019/AudioJungle Stock Music Bundle/D/Drumstep Rock - [ 6248931 ]/Drumstep Rock.mp3	4eabb93680dd65637322b5f69d60da6d
sib_1	24797872	190606-06AG【AudioJungle宣传包装配乐AE模板背景音乐合集完整67G】/AJ2012-2019/AudioJungle Stock Music Bundle/D/Drumstep Rock Pack - [ 6411476 ]/Drumstep Rock - [ 6248931 ]/Drumstep Rock (Full).wav|190606-06AG【AudioJungle宣传包装配乐AE模板背景音乐合集完整67G】/AJ2012-2019/AudioJungle Stock Music Bundle/D/Drumstep Rock - [ 6248931 ]/Drumstep Rock.wav	d4c231d89c6316d7da78303ad06a6e60
sib_1	26153332	190606-06AG【AudioJungle宣传包装配乐AE模板背景音乐合集完整67G】/AJ2012-2019/AudioJungle Stock Music Bundle/D/Day by Day - [ 2962936 ]/Day by Day (Full).wav|190606-06AG【AudioJungle宣传包装配乐AE模板背景音乐合集完整67G】/AJ2012-2019/AudioJungle Stock Music Bundle/R/Romantic Underscores Pack - [ 3401219 ]/Day by Day - [ 2962936 ]/Day by Day (Full).wav	f535baa24712d75ede325f907d906f69
sib_1	7161430	190606-06AG【AudioJungle宣传包装配乐AE模板背景音乐合集完整67G】/AJ2012-2019/AudioJungle Stock Music Bundle/D/Day by Day - [ 2962936 ]/Day by Day (Full).mp3|190606-06AG【AudioJungle宣传包装配乐AE模板背景音乐合集完整67G】/AJ2012-2019/AudioJungle Stock Music Bundle/R/Romantic Underscores Pack - [ 3401219 ]/Day by Day - [ 2962936 ]/Day by Day (Full).mp3	35abdeadadf045023e8a76099e3e426a
sib_1	20648208	190606-06AG【AudioJungle宣传包装配乐AE模板背景音乐合集完整67G】/AJ2012-2019/AudioJungle Stock Music Bundle/S/Sunny Day - [ 5194307 ]/Sunny Day (Full).WAV|190606-06AG【AudioJungle宣传包装配乐AE模板背景音乐合集完整67G】/AJ2012-2019/AudioJungle Stock Music Bundle/F/Feel Good Music Pack - [ 5307389 ]/Sunny Day - [ 5194307 ]/Sunny Day.WAV	3e3b87bfa70bd8b9219044a07335fd9f
sib_1	5917564	190606-06AG【AudioJungle宣传包装配乐AE模板背景音乐合集完整67G】/AJ2012-2019/AudioJungle Stock Music Bundle/S/Sunny Day - [ 5194307 ]/Sunny Day (Full).MP3|190606-06AG【AudioJungle宣传包装配乐AE模板背景音乐合集完整67G】/AJ2012-2019/AudioJungle Stock Music Bundle/F/Feel Good Music Pack - [ 5307389 ]/Sunny Day - [ 5194307 ]/Sunny Day.MP3	d756f8d3bb38f187b039c3da060c7fe3
sib_1	5148745	190606-06AG【AudioJungle宣传包装配乐AE模板背景音乐合集完整67G】/AJ2012-2019/AudioJungle Stock Music Bundle/S/Stylish Rock - [ 22745320 ]/Stylish Rock.mp3|190606-06AG【AudioJungle宣传包装配乐AE模板背景音乐合集完整67G】/AJ2012-2019/AudioJungle Stock Music Bundle/S/Stylish Stomp Rock Pack - [ 23144740 ]/Stylish Rock - [ 22745320 ]/Stylish Rock.mp3	0692663dab505fdd5176e04593631aba
sib_1	40702722	190606-06AG【AudioJungle宣传包装配乐AE模板背景音乐合集完整67G】/AJ2012-2019/AudioJungle Stock Music Bundle/S/Stylish Rock - [ 22745320 ]/Stylish Rock.wav|190606-06AG【AudioJungle宣传包装配乐AE模板背景音乐合集完整67G】/AJ2012-2019/AudioJungle Stock Music Bundle/S/Stylish Stomp Rock Pack - [ 23144740 ]/Stylish Rock - [ 22745320 ]/Stylish Rock.wav	f023c0b95f59b70373d53e07b281a8be
sib_1	20202670	190606-06AG【AudioJungle宣传包装配乐AE模板背景音乐合集完整67G】/AJ2012-2019/AudioJungle Stock Music Bundle/S/Summer Sun 2 - [ 4075511 ]/Summer Sun 2 (Full).wav|190606-06AG【AudioJungle宣传包装配乐AE模板背景音乐合集完整67G】/AJ2012-2019/AudioJungle Stock Music Bundle/R/Rainbow Motivation Pack - [ 4558877 ]/Summer Sun 2.wav	1ea5020fcca26a10685805063f69a986
sib_1	5819423	190606-06AG【AudioJungle宣传包装配乐AE模板背景音乐合集完整67G】/AJ2012-2019/AudioJungle Stock Music Bundle/S/Summer Sun 2 - [ 4075511 ]/Summer Sun 2 (Full).mp3|190606-06AG【AudioJungle宣传包装配乐AE模板背景音乐合集完整67G】/AJ2012-2019/AudioJungle Stock Music Bundle/R/Rainbow Motivation Pack - [ 4558877 ]/Summer Sun 2.mp3	80070ab2fccaa99c2b196439bcea06d2
sib_1	60444296	190606-06AG【AudioJungle宣传包装配乐AE模板背景音乐合集完整67G】/AJ2012-2019/AudioJungle Stock Music Bundle/S/Sad Lullaby - [ 16912399 ]/Sad Lullaby.wav|190606-06AG【AudioJungle宣传包装配乐AE模板背景音乐合集完整67G】/AJ2012-2019/AudioJungle Stock Music Bundle/B/Beautiful Vocal Lullaby Pack - [ 19612930 ]/Sad Lullaby - [ 16912399 ]/Sad Lullaby.wav	2cc53fd26109fbce163fd57277fda175
sib_1	6934054	190606-06AG【AudioJungle宣传包装配乐AE模板背景音乐合集完整67G】/AJ2012-2019/AudioJungle Stock Music Bundle/S/Sad Lullaby - [ 16912399 ]/Sad Lullaby.mp3|190606-06AG【AudioJungle宣传包装配乐AE模板背景音乐合集完整67G】/AJ2012-2019/AudioJungle Stock Music Bundle/B/Beautiful Vocal Lullaby Pack - [ 19612930 ]/Sad Lullaby - [ 16912399 ]/Sad Lullaby.mp3	571ef28badf9bf270501b17e9b9eff9a
sib_1	66753	190606-06AG【AudioJungle宣传包装配乐AE模板背景音乐合集完整67G】/AJ2012-2019/AudioJungle Stock Music Bundle/S/Silent Night Ukulele Lullaby - [ 19171714 ]/ReadMe.pdf|190606-06AG【AudioJungle宣传包装配乐AE模板背景音乐合集完整67G】/AJ2012-2019/AudioJungle Stock Music Bundle/R/Rockin’ Christmas Deck the Halls - [ 19161582 ]/ReadMe.pdf|190606-06AG【AudioJungle宣传包装配乐AE模板背景音乐合集完整67G】/AJ2012-2019/AudioJungle Stock Music Bundle/U/Upbeat Uplifting Inspiring Indie Pop - [ 9108844 ]/ReadMe.pdf|190606-06AG【AudioJungle宣传包装配乐AE模板背景音乐合集完整67G】/AJ2012-2019/AudioJungle Stock Music Bundle/C/Christmas Jingle Bells - [ 19155677 ]/ReadMe.pdf	68a23eb6244b5864f0762ad01f6fac2d
sib_1	6832974	190606-06AG【AudioJungle宣传包装配乐AE模板背景音乐合集完整67G】/AJ2012-2019/AudioJungle Stock Music Bundle/S/Spring In My Heart - [ 4118536 ]/Spring In My Heart (Full).mp3|190606-06AG【AudioJungle宣传包装配乐AE模板背景音乐合集完整67G】/AJ2012-2019/AudioJungle Stock Music Bundle/R/Rainbow Motivation Pack - [ 4558877 ]/Spring In My Heart.mp3	86752e939303b4b4b5c58abf5e0e33b0
sib_1	24678294	190606-06AG【AudioJungle宣传包装配乐AE模板背景音乐合集完整67G】/AJ2012-2019/AudioJungle Stock Music Bundle/S/Spring In My Heart - [ 4118536 ]/Spring In My Heart (Full).wav|190606-06AG【AudioJungle宣传包装配乐AE模板背景音乐合集完整67G】/AJ2012-2019/AudioJungle Stock Music Bundle/R/Rainbow Motivation Pack - [ 4558877 ]/Spring In My Heart.wav	50f492578c7f5cce87073f6c54c7eb3a
sib_1	2912508	190606-06AG【AudioJungle宣传包装配乐AE模板背景音乐合集完整67G】/AJ2012-2019/AudioJungle Stock Music Bundle/S/Swish Logo - [ 7293054 ]/Swish Logo (Without SFX).wav|190606-06AG【AudioJungle宣传包装配乐AE模板背景音乐合集完整67G】/AJ2012-2019/AudioJungle Stock Music Bundle/Q/Quick Logo Sting Pack - [ 7477588 ]/Swish Logo - [ 7293054 ]/Swish Logo (Without SFX).wav	ec0d594be25359042f268b5dd83dc8ab
sib_1	2916868	190606-06AG【AudioJungle宣传包装配乐AE模板背景音乐合集完整67G】/AJ2012-2019/AudioJungle Stock Music Bundle/S/Swish Logo - [ 7293054 ]/Swish Logo (With SFX).wav|190606-06AG【AudioJungle宣传包装配乐AE模板背景音乐合集完整67G】/AJ2012-2019/AudioJungle Stock Music Bundle/Q/Quick Logo Sting Pack - [ 7477588 ]/Swish Logo - [ 7293054 ]/Swish Logo (With SFX).wav	208e39f6e3ff3104a98ac66cd6ea12ee
sib_1	6872242	190606-06AG【AudioJungle宣传包装配乐AE模板背景音乐合集完整67G】/AJ2012-2019/AudioJungle Stock Music Bundle/S/Summer Night Piano Dreaming - [ 5158598 ] УДАЛЕН/Summer Night Piano Dreaming.mp3|190606-06AG【AudioJungle宣传包装配乐AE模板背景音乐合集完整67G】/AJ2012-2019/AudioJungle Stock Music Bundle/S/Summer Night Piano Dreaming - [ 5158598 ]/5158598_summer-night-piano-dreaming_by_pablikmm.mp3	59bd3c79bb6f1d8affadbf07bab38e59
sib_1	2833852	190606-06AG【AudioJungle宣传包装配乐AE模板背景音乐合集完整67G】/AJ2012-2019/AudioJungle Stock Music Bundle/S/Spiral Particels Logo - [ 7361018 ]/Spiral Particles Logo (With SFX).wav|190606-06AG【AudioJungle宣传包装配乐AE模板背景音乐合集完整67G】/AJ2012-2019/AudioJungle Stock Music Bundle/Q/Quick Logo Sting Pack - [ 7477588 ]/Spiral Particels Logo - [ 7361018 ]/Spiral Particles Logo (With SFX).wav	a66ef1361ab8b9373a7f62127d78ef6c
sib_1	1882065	190606-06AG【AudioJungle宣传包装配乐AE模板背景音乐合集完整67G】/AJ2012-2019/AudioJungle Stock Music Bundle/S/Spiral Particels Logo - [ 7361018 ]/Spiral Particles Logo (With SFX).mp3|190606-06AG【AudioJungle宣传包装配乐AE模板背景音乐合集完整67G】/AJ2012-2019/AudioJungle Stock Music Bundle/Q/Quick Logo Sting Pack - [ 7477588 ]/Spiral Particels Logo - [ 7361018 ]/Spiral Particles Logo (With SFX).mp3	183efa3cb19f2abd4a4af5707e3bb9e6
sib_1	2833852	190606-06AG【AudioJungle宣传包装配乐AE模板背景音乐合集完整67G】/AJ2012-2019/AudioJungle Stock Music Bundle/S/Spiral Particels Logo - [ 7361018 ]/Spiral Particles Logo (Only SFX).wav|190606-06AG【AudioJungle宣传包装配乐AE模板背景音乐合集完整67G】/AJ2012-2019/AudioJungle Stock Music Bundle/Q/Quick Logo Sting Pack - [ 7477588 ]/Spiral Particels Logo - [ 7361018 ]/Spiral Particles Logo (Only SFX).wav	a9918d00bbd1074c04aabacf15c028fa
sib_1	1878790	190606-06AG【AudioJungle宣传包装配乐AE模板背景音乐合集完整67G】/AJ2012-2019/AudioJungle Stock Music Bundle/S/Spiral Particels Logo - [ 7361018 ]/Spiral Particles Logo (Only SFX).mp3|190606-06AG【AudioJungle宣传包装配乐AE模板背景音乐合集完整67G】/AJ2012-2019/AudioJungle Stock Music Bundle/Q/Quick Logo Sting Pack - [ 7477588 ]/Spiral Particels Logo - [ 7361018 ]/Spiral Particles Logo (Only SFX).mp3	3acda3f7760ad88cd3f564cce56ab8f5
sib_1	1799446	190606-06AG【AudioJungle宣传包装配乐AE模板背景音乐合集完整67G】/AJ2012-2019/AudioJungle Stock Music Bundle/S/Short Particle Logo - [ 7477142 ]/Short Particle Logo 4.mp3|190606-06AG【AudioJungle宣传包装配乐AE模板背景音乐合集完整67G】/AJ2012-2019/AudioJungle Stock Music Bundle/Q/Quick Logo Sting Pack - [ 7477588 ]/Short Particle Logo - [ 7477142 ]/Short Particle Logo 4.mp3	19f60c16213adb856733f42d5964c0f8
sib_1	1799446	190606-06AG【AudioJungle宣传包装配乐AE模板背景音乐合集完整67G】/AJ2012-2019/AudioJungle Stock Music Bundle/S/Short Particle Logo - [ 7477142 ]/Short Particle Logo 2.mp3|190606-06AG【AudioJungle宣传包装配乐AE模板背景音乐合集完整67G】/AJ2012-2019/AudioJungle Stock Music Bundle/Q/Quick Logo Sting Pack - [ 7477588 ]/Short Particle Logo - [ 7477142 ]/Short Particle Logo 2.mp3	e20e47408dc83b68a5ef87743f188586
sib_1	2444220	190606-06AG【AudioJungle宣传包装配乐AE模板背景音乐合集完整67G】/AJ2012-2019/AudioJungle Stock Music Bundle/S/Short Particle Logo - [ 7477142 ]/Short Particle Logo 1.wav|190606-06AG【AudioJungle宣传包装配乐AE模板背景音乐合集完整67G】/AJ2012-2019/AudioJungle Stock Music Bundle/Q/Quick Logo Sting Pack - [ 7477588 ]/Short Particle Logo - [ 7477142 ]/Short Particle Logo 1.wav	e3fdbee28873581af3445a171fa5a344
sib_1	1790050	190606-06AG【AudioJungle宣传包装配乐AE模板背景音乐合集完整67G】/AJ2012-2019/AudioJungle Stock Music Bundle/S/Short Particle Logo - [ 7477142 ]/Short Particle Logo 3.mp3|190606-06AG【AudioJungle宣传包装配乐AE模板背景音乐合集完整67G】/AJ2012-2019/AudioJungle Stock Music Bundle/Q/Quick Logo Sting Pack - [ 7477588 ]/Short Particle Logo - [ 7477142 ]/Short Particle Logo 3.mp3	ab41fedd5c967e8d208e1862c028b369
sib_1	2487088	190606-06AG【AudioJungle宣传包装配乐AE模板背景音乐合集完整67G】/AJ2012-2019/AudioJungle Stock Music Bundle/S/Short Particle Logo - [ 7477142 ]/Short Particle Logo 2.wav|190606-06AG【AudioJungle宣传包装配乐AE模板背景音乐合集完整67G】/AJ2012-2019/AudioJungle Stock Music Bundle/Q/Quick Logo Sting Pack - [ 7477588 ]/Short Particle Logo - [ 7477142 ]/Short Particle Logo 2.wav	30af68fb11374c25a582ec609d06e002
sib_1	1790050	190606-06AG【AudioJungle宣传包装配乐AE模板背景音乐合集完整67G】/AJ2012-2019/AudioJungle Stock Music Bundle/S/Short Particle Logo - [ 7477142 ]/Short Particle Logo 1.mp3|190606-06AG【AudioJungle宣传包装配乐AE模板背景音乐合集完整67G】/AJ2012-2019/AudioJungle Stock Music Bundle/Q/Quick Logo Sting Pack - [ 7477588 ]/Short Particle Logo - [ 7477142 ]/Short Particle Logo 1.mp3	1aaf0b6f72e629495a75d419f8562cc8
sib_1	2444220	190606-06AG【AudioJungle宣传包装配乐AE模板背景音乐合集完整67G】/AJ2012-2019/AudioJungle Stock Music Bundle/S/Short Particle Logo - [ 7477142 ]/Short Particle Logo 3.wav|190606-06AG【AudioJungle宣传包装配乐AE模板背景音乐合集完整67G】/AJ2012-2019/AudioJungle Stock Music Bundle/Q/Quick Logo Sting Pack - [ 7477588 ]/Short Particle Logo - [ 7477142 ]/Short Particle Logo 3.wav	9804f7fdd7d335f5448c966bbfa5509d
sib_1	2487088	190606-06AG【AudioJungle宣传包装配乐AE模板背景音乐合集完整67G】/AJ2012-2019/AudioJungle Stock Music Bundle/S/Short Particle Logo - [ 7477142 ]/Short Particle Logo 4.wav|190606-06AG【AudioJungle宣传包装配乐AE模板背景音乐合集完整67G】/AJ2012-2019/AudioJungle Stock Music Bundle/Q/Quick Logo Sting Pack - [ 7477588 ]/Short Particle Logo - [ 7477142 ]/Short Particle Logo 4.wav	90b8dafa572f80b1487b2cf8047d42e1
sib_1	34488376	190606-06AG【AudioJungle宣传包装配乐AE模板背景音乐合集完整67G】/AJ2012-2019/AudioJungle Stock Music Bundle/S/Sunday Walk - [ 9269649 ]/Sunday Walk (Full).wav|190606-06AG【AudioJungle宣传包装配乐AE模板背景音乐合集完整67G】/AJ2012-2019/AudioJungle Stock Music Bundle/H/House Pack 1 - [ 9377610 ]/Sunday Walk - [ 9269649]/Sunday Walk.wav	e8c31c8abf8a53160af9a2bf01f766c6
sib_1	9056569	190606-06AG【AudioJungle宣传包装配乐AE模板背景音乐合集完整67G】/AJ2012-2019/AudioJungle Stock Music Bundle/S/Sunday Walk - [ 9269649 ]/Sunday Walk (Full).mp3|190606-06AG【AudioJungle宣传包装配乐AE模板背景音乐合集完整67G】/AJ2012-2019/AudioJungle Stock Music Bundle/H/House Pack 1 - [ 9377610 ]/Sunday Walk - [ 9269649]/Sunday Walk.mp3	631f59cd886375468324962da5bb209f
sib_1	29277792	190606-06AG【AudioJungle宣传包装配乐AE模板背景音乐合集完整67G】/AJ2012-2019/AudioJungle Stock Music Bundle/S/Stand Up - [ 9259921 ]/Stand Up (Full).wav|190606-06AG【AudioJungle宣传包装配乐AE模板背景音乐合集完整67G】/AJ2012-2019/AudioJungle Stock Music Bundle/H/House Pack 1 - [ 9377610 ]/Stand Up - [ 9259921]/Stand Up.wav	7eb4df457719ede4df0fe5ccc8e06750
sib_1	7874783	190606-06AG【AudioJungle宣传包装配乐AE模板背景音乐合集完整67G】/AJ2012-2019/AudioJungle Stock Music Bundle/S/Stand Up - [ 9259921 ]/Stand Up (Full).mp3|190606-06AG【AudioJungle宣传包装配乐AE模板背景音乐合集完整67G】/AJ2012-2019/AudioJungle Stock Music Bundle/H/House Pack 1 - [ 9377610 ]/Stand Up - [ 9259921]/Stand Up.mp3	93cac701668e060a77de46737830ab9b
sib_1	51719	190606-06AG【AudioJungle宣传包装配乐AE模板背景音乐合集完整67G】/AJ2012-2019/AudioJungle Stock Music Bundle/S/Silent Night Rock - [ 19170965 ]/Support Information.pdf|190606-06AG【AudioJungle宣传包装配乐AE模板背景音乐合集完整67G】/AJ2012-2019/AudioJungle Stock Music Bundle/L/Light Happy Christmas - [ 20989944 ]/Support Information.pdf	0135639613b232bf821602ab1fb1b274
sib_1	4439960	190606-06AG【AudioJungle宣传包装配乐AE模板背景音乐合集完整67G】/AJ2012-2019/AudioJungle Stock Music Bundle/S/Soft Opening Logo - [ 240966 ]/Soft Opening Logo.wav|190606-06AG【AudioJungle宣传包装配乐AE模板背景音乐合集完整67G】/AJ2012-2019/AudioJungle Stock Music Bundle/C/Corporate Logo Pack - [ 513541 ]/Soft Opening Logo - [ 240966 ]/Soft Opening Logo.wav	dd1de92951fe99a272bd8d726c385060
sib_1	45378872	190606-06AG【AudioJungle宣传包装配乐AE模板背景音乐合集完整67G】/AJ2012-2019/AudioJungle Stock Music Bundle/Y/You Sweep Me Off My Feet (Vocals) - [ 1282397 ]/You Sweep Me Off My Feet (Vocals) (Full Instrumental).wav|190606-06AG【AudioJungle宣传包装配乐AE模板背景音乐合集完整67G】/AJ2012-2019/AudioJungle Stock Music Bundle/R/Romantic Pack - [ 1766691 ]/You Sweep Me Off My Feet (Vocals) - [ 1282397 ]/You Sweep Me Off My Feet (Vocals) (Full Instrumental).wav	401eee3b5488ca4d903e9a339f983d47
sib_1	45378872	190606-06AG【AudioJungle宣传包装配乐AE模板背景音乐合集完整67G】/AJ2012-2019/AudioJungle Stock Music Bundle/Y/You Sweep Me Off My Feet (Vocals) - [ 1282397 ]/You Sweep Me Off My Feet (Vocals) (Full With Vocals).wav|190606-06AG【AudioJungle宣传包装配乐AE模板背景音乐合集完整67G】/AJ2012-2019/AudioJungle Stock Music Bundle/R/Romantic Pack - [ 1766691 ]/You Sweep Me Off My Feet (Vocals) - [ 1282397 ]/You Sweep Me Off My Feet (Vocals) (Full With Vocals).wav	01e586427e161622542c0a1f71520dac
sib_1	11526874	190606-06AG【AudioJungle宣传包装配乐AE模板背景音乐合集完整67G】/AJ2012-2019/AudioJungle Stock Music Bundle/Y/You Sweep Me Off My Feet (Vocals) - [ 1282397 ]/You Sweep Me Off My Feet (Vocals) (Full With Vocals).mp3|190606-06AG【AudioJungle宣传包装配乐AE模板背景音乐合集完整67G】/AJ2012-2019/AudioJungle Stock Music Bundle/R/Romantic Pack - [ 1766691 ]/You Sweep Me Off My Feet (Vocals) - [ 1282397 ]/You Sweep Me Off My Feet (Vocals) (Full With Vocals).mp3	bc373bce456fb1fd88168844c39623ec
sib_1	11526874	190606-06AG【AudioJungle宣传包装配乐AE模板背景音乐合集完整67G】/AJ2012-2019/AudioJungle Stock Music Bundle/Y/You Sweep Me Off My Feet (Vocals) - [ 1282397 ]/You Sweep Me Off My Feet (Vocals) (Full Instrumental).mp3|190606-06AG【AudioJungle宣传包装配乐AE模板背景音乐合集完整67G】/AJ2012-2019/AudioJungle Stock Music Bundle/R/Romantic Pack - [ 1766691 ]/You Sweep Me Off My Feet (Vocals) - [ 1282397 ]/You Sweep Me Off My Feet (Vocals) (Full Instrumental).mp3	6e2f4edade424fd38575f3b76d86f0e6
sib_1	2657460	190606-06AG【AudioJungle宣传包装配乐AE模板背景音乐合集完整67G】/AJ2012-2019/AudioJungle Stock Music Bundle/L/Laser Writing Logo - [ 7261081 ]/Laser Writing Logo (With lightsabre SFX).wav|190606-06AG【AudioJungle宣传包装配乐AE模板背景音乐合集完整67G】/AJ2012-2019/AudioJungle Stock Music Bundle/Q/Quick Logo Sting Pack - [ 7477588 ]/Laser Writing Logo - [ 7261081 ]/Laser Writing Logo (With lightsabre SFX).wav	d904befa3ac474900f4994fe383f389c
sib_1	2658224	190606-06AG【AudioJungle宣传包装配乐AE模板背景音乐合集完整67G】/AJ2012-2019/AudioJungle Stock Music Bundle/L/Laser Writing Logo - [ 7261081 ]/Laser Writing Logo (With burning SFX).wav|190606-06AG【AudioJungle宣传包装配乐AE模板背景音乐合集完整67G】/AJ2012-2019/AudioJungle Stock Music Bundle/Q/Quick Logo Sting Pack - [ 7477588 ]/Laser Writing Logo - [ 7261081 ]/Laser Writing Logo (With burning SFX).wav	88ea8ee74e5477ecaf1742c27261a9b4
sib_1	2657780	190606-06AG【AudioJungle宣传包装配乐AE模板背景音乐合集完整67G】/AJ2012-2019/AudioJungle Stock Music Bundle/L/Laser Writing Logo - [ 7261081 ]/Laser Writing Logo (Without SFX).wav|190606-06AG【AudioJungle宣传包装配乐AE模板背景音乐合集完整67G】/AJ2012-2019/AudioJungle Stock Music Bundle/Q/Quick Logo Sting Pack - [ 7477588 ]/Laser Writing Logo - [ 7261081 ]/Laser Writing Logo (Without SFX).wav	5abf0451acf1cc003139b592a52919da
sib_1	1838074	190606-06AG【AudioJungle宣传包装配乐AE模板背景音乐合集完整67G】/AJ2012-2019/AudioJungle Stock Music Bundle/L/Laser Writing Logo - [ 7261081 ]/Laser Writing Logo (With burning SFX).mp3|190606-06AG【AudioJungle宣传包装配乐AE模板背景音乐合集完整67G】/AJ2012-2019/AudioJungle Stock Music Bundle/Q/Quick Logo Sting Pack - [ 7477588 ]/Laser Writing Logo - [ 7261081 ]/Laser Writing Logo (With burning SFX).mp3	aa627a9475fa435a1056e9879f59cbc8
sib_1	1838074	190606-06AG【AudioJungle宣传包装配乐AE模板背景音乐合集完整67G】/AJ2012-2019/AudioJungle Stock Music Bundle/L/Laser Writing Logo - [ 7261081 ]/Laser Writing Logo (With lightsabre SFX).mp3|190606-06AG【AudioJungle宣传包装配乐AE模板背景音乐合集完整67G】/AJ2012-2019/AudioJungle Stock Music Bundle/Q/Quick Logo Sting Pack - [ 7477588 ]/Laser Writing Logo - [ 7261081 ]/Laser Writing Logo (With lightsabre SFX).mp3	c54bcfd95812647a8eb32dca6bd1c1e1
sib_1	1838074	190606-06AG【AudioJungle宣传包装配乐AE模板背景音乐合集完整67G】/AJ2012-2019/AudioJungle Stock Music Bundle/L/Laser Writing Logo - [ 7261081 ]/Laser Writing Logo (Without SFX).mp3|190606-06AG【AudioJungle宣传包装配乐AE模板背景音乐合集完整67G】/AJ2012-2019/AudioJungle Stock Music Bundle/Q/Quick Logo Sting Pack - [ 7477588 ]/Laser Writing Logo - [ 7261081 ]/Laser Writing Logo (Without SFX).mp3	5da1fa4c5a2e10a44a49bad0f0d72771
sib_1	2177874	190606-06AG【AudioJungle宣传包装配乐AE模板背景音乐合集完整67G】/AJ2012-2019/AudioJungle Stock Music Bundle/L/Logo Pack 2013 - [ 4156999 ]/Hi Tech Logo - [ 3974717 ]/Hi Tech Logo.mp3|190606-06AG【AudioJungle宣传包装配乐AE模板背景音乐合集完整67G】/AJ2012-2019/AudioJungle Stock Music Bundle/H/Hi Tech Logo - [ 3974717 ]/Hi Tech Logo.mp3	0c74f8f58a6f45a12e2a6e216f56fc4e
sib_1	6561532	190606-06AG【AudioJungle宣传包装配乐AE模板背景音乐合集完整67G】/AJ2012-2019/AudioJungle Stock Music Bundle/L/Let's GO - [ 16279077 ]/Let's GO (Full Version).mp3|190606-06AG【AudioJungle宣传包装配乐AE模板背景音乐合集完整67G】/AJ2012-2019/AudioJungle Stock Music Bundle/L/Let's Go! - [ 16279077 ]/16279077_let-s-go_by_alex_besss.mp3	2fab51a9a276d7aeb798a097de3054e8
sib_1	5822776	190606-06AG【AudioJungle宣传包装配乐AE模板背景音乐合集完整67G】/AJ2012-2019/AudioJungle Stock Music Bundle/L/Little Lullaby - [ 859777 ]/Little Lullaby (Full).mp3|190606-06AG【AudioJungle宣传包装配乐AE模板背景音乐合集完整67G】/AJ2012-2019/AudioJungle Stock Music Bundle/R/Romantic Pack - [ 1766691 ]/Little Lullaby - [ 859777 ]/Little Lullaby (Full).mp3	c9fd830213297da6829f64e05de8a4b6
sib_1	20222376	190606-06AG【AudioJungle宣传包装配乐AE模板背景音乐合集完整67G】/AJ2012-2019/AudioJungle Stock Music Bundle/L/Little Lullaby - [ 859777 ]/Little Lullaby (Full).wav|190606-06AG【AudioJungle宣传包装配乐AE模板背景音乐合集完整67G】/AJ2012-2019/AudioJungle Stock Music Bundle/R/Romantic Pack - [ 1766691 ]/Little Lullaby - [ 859777 ]/Little Lullaby (Full).wav	2b613ab85a2c076fbd78132b379df4bf
sib_1	7369813	190606-06AG【AudioJungle宣传包装配乐AE模板背景音乐合集完整67G】/AJ2012-2019/AudioJungle Stock Music Bundle/L/Love Letter - [ 20903226 ]/Love Letter (Full).mp3|190606-06AG【AudioJungle宣传包装配乐AE模板背景音乐合集完整67G】/AJ2012-2019/AudioJungle Stock Music Bundle/A/Acoustic Inspiration - [ 20903226 ]/20903226_acoustic-inspiration_by_moodmode+.mp3	815c12bcd1c195439e3cc6c5cdec5ca4
sib_1	9317057	190606-06AG【AudioJungle宣传包装配乐AE模板背景音乐合集完整67G】/AJ2012-2019/AudioJungle Stock Music Bundle/L/Last Hero - [ 18382775 ]/Last Hero (Full Complete).mp3|190606-06AG【AudioJungle宣传包装配乐AE模板背景音乐合集完整67G】/AJ2012-2019/AudioJungle Stock Music Bundle/B/Bright Epic - [ 18382775 ]/18382775_bright-epic_by_eliansproductions_preview.mp3	9ef15eaf02dc6b98cc1a68be1527fbc0
sib_1	25685240	190606-06AG【AudioJungle宣传包装配乐AE模板背景音乐合集完整67G】/AJ2012-2019/AudioJungle Stock Music Bundle/L/Life is Wonderful - [ 240872 ]/Life is Wonderful (Full).wav|190606-06AG【AudioJungle宣传包装配乐AE模板背景音乐合集完整67G】/AJ2012-2019/AudioJungle Stock Music Bundle/B/Beautiful Piano Music Pack 1 - [ 334578 ]/Life is Wonderful - [ 240872 ]/Life is Wonderful (Full).wav	51458e75b8c26e047d71851418ee7a56
sib_1	7062025	190606-06AG【AudioJungle宣传包装配乐AE模板背景音乐合集完整67G】/AJ2012-2019/AudioJungle Stock Music Bundle/L/Life is Wonderful - [ 240872 ]/Life is Wonderful (Full).mp3|190606-06AG【AudioJungle宣传包装配乐AE模板背景音乐合集完整67G】/AJ2012-2019/AudioJungle Stock Music Bundle/B/Beautiful Piano Music Pack 1 - [ 334578 ]/Life is Wonderful - [ 240872 ]/Life is Wonderful (Full).mp3	32b54d290f544e91100b85f945731b1f
sib_1	4171892	190606-06AG【AudioJungle宣传包装配乐AE模板背景音乐合集完整67G】/AJ2012-2019/AudioJungle Stock Music Bundle/L/Logo Reveal - [ 18394493 ]/Logo Reveal (Main Version).wav|190606-06AG【AudioJungle宣传包装配乐AE模板背景音乐合集完整67G】/AJ2012-2019/AudioJungle Stock Music Bundle/R/Reveal Logo Pack - [ 19421946 ]/Sound_The_Logo_Colorful Reveal.wav	4c40f0a4e785f91c9ca33f8a3f64123b
sib_1	4862298	190606-06AG【AudioJungle宣传包装配乐AE模板背景音乐合集完整67G】/AJ2012-2019/AudioJungle Stock Music Bundle/L/Lovely Pop Music - [ 6160764 ]/Lovely Pop Music (Full).mp3|190606-06AG【AudioJungle宣传包装配乐AE模板背景音乐合集完整67G】/AJ2012-2019/AudioJungle Stock Music Bundle/R/Romance - [ 6160764 ]/Romance.mp3	2f2cfd729102b726b0e63a122ca71c86
sib_1	2939348	190606-06AG【AudioJungle宣传包装配乐AE模板背景音乐合集完整67G】/AJ2012-2019/AudioJungle Stock Music Bundle/G/Glitchy Digital Crystal Logo #04 - [ 125389 ]/Glitchy Digital Crystal Logo #04.wav|190606-06AG【AudioJungle宣传包装配乐AE模板背景音乐合集完整67G】/AJ2012-2019/AudioJungle Stock Music Bundle/G/Glitchy Digital Crystal Logos Pack - [ 754076 ]/Glitchy Digital Crystal Logo #04 - [ 125389 ]/Glitchy Digital Crystal Logo #04.wav	2837a9e771caeb0fb858300f22a0e708
sib_1	1902172	190606-06AG【AudioJungle宣传包装配乐AE模板背景音乐合集完整67G】/AJ2012-2019/AudioJungle Stock Music Bundle/G/Glitchy Digital Crystal Logo #04 - [ 125389 ]/Glitchy Digital Crystal Logo #04.mp3|190606-06AG【AudioJungle宣传包装配乐AE模板背景音乐合集完整67G】/AJ2012-2019/AudioJungle Stock Music Bundle/G/Glitchy Digital Crystal Logos Pack - [ 754076 ]/Glitchy Digital Crystal Logo #04 - [ 125389 ]/Glitchy Digital Crystal Logo #04.mp3	fa55ef6c1869ec2c7c220de3921fb710
sib_1	1997257	190606-06AG【AudioJungle宣传包装配乐AE模板背景音乐合集完整67G】/AJ2012-2019/AudioJungle Stock Music Bundle/G/Glitchy Digital Crystal Logos Pack - [ 754076 ]/Glitchy Digital Crystal Logo #06 - [ 129026 ]/Glitchy Digital Crystal Logo #06.mp3|190606-06AG【AudioJungle宣传包装配乐AE模板背景音乐合集完整67G】/AJ2012-2019/AudioJungle Stock Music Bundle/G/Glitchy Digital Crystal Logo #06 - [ 129026 ]/Glitchy Digital Crystal Logo #06.mp3	68d06ef0a098000aa65b34644d6dd9cd
sib_1	3357924	190606-06AG【AudioJungle宣传包装配乐AE模板背景音乐合集完整67G】/AJ2012-2019/AudioJungle Stock Music Bundle/G/Glitchy Digital Crystal Logos Pack - [ 754076 ]/Glitchy Digital Crystal Logo #06 - [ 129026 ]/Glitchy Digital Crystal Logo #06.wav|190606-06AG【AudioJungle宣传包装配乐AE模板背景音乐合集完整67G】/AJ2012-2019/AudioJungle Stock Music Bundle/G/Glitchy Digital Crystal Logo #06 - [ 129026 ]/Glitchy Digital Crystal Logo #06.wav	759ea66eb1710bb1a7b0349857621ef2
sib_1	2989620	190606-06AG【AudioJungle宣传包装配乐AE模板背景音乐合集完整67G】/AJ2012-2019/AudioJungle Stock Music Bundle/G/Glitchy Digital Crystal Logos Pack - [ 754076 ]/Glitchy Digital Crystal Logo #02 - [ 57406 ]/Glitchy Digital Crystal Logo #02.wav|190606-06AG【AudioJungle宣传包装配乐AE模板背景音乐合集完整67G】/AJ2012-2019/AudioJungle Stock Music Bundle/G/Glitchy Digital Crystal Logo #02 - [ 57406 ]/Glitchy Digital Crystal Logo #02.wav	902c9c5f4a76a4a80994d4fcac2fa9b3
sib_1	1913515	190606-06AG【AudioJungle宣传包装配乐AE模板背景音乐合集完整67G】/AJ2012-2019/AudioJungle Stock Music Bundle/G/Glitchy Digital Crystal Logos Pack - [ 754076 ]/Glitchy Digital Crystal Logo #02 - [ 57406 ]/Glitchy Digital Crystal Logo #02.mp3|190606-06AG【AudioJungle宣传包装配乐AE模板背景音乐合集完整67G】/AJ2012-2019/AudioJungle Stock Music Bundle/G/Glitchy Digital Crystal Logo #02 - [ 57406 ]/Glitchy Digital Crystal Logo #02.mp3	2b627a062248fbc9450bc4c88cc76b1d
sib_1	2131004	190606-06AG【AudioJungle宣传包装配乐AE模板背景音乐合集完整67G】/AJ2012-2019/AudioJungle Stock Music Bundle/G/Glitchy Digital Crystal Logos Pack - [ 754076 ]/Glitchy Digital Crystal Logo #08 - [ 129568 ]/Glitchy Digital Crystal Logo #08.mp3|190606-06AG【AudioJungle宣传包装配乐AE模板背景音乐合集完整67G】/AJ2012-2019/AudioJungle Stock Music Bundle/G/Glitchy Digital Crystal Logo #08 - [ 129568 ]/Glitchy Digital Crystal Logo #08.mp3	e7f75326f2b539da3b9bfac44dfe0ab7
sib_1	3945924	190606-06AG【AudioJungle宣传包装配乐AE模板背景音乐合集完整67G】/AJ2012-2019/AudioJungle Stock Music Bundle/G/Glitchy Digital Crystal Logos Pack - [ 754076 ]/Glitchy Digital Crystal Logo #08 - [ 129568 ]/Glitchy Digital Crystal Logo #08.wav|190606-06AG【AudioJungle宣传包装配乐AE模板背景音乐合集完整67G】/AJ2012-2019/AudioJungle Stock Music Bundle/G/Glitchy Digital Crystal Logo #08 - [ 129568 ]/Glitchy Digital Crystal Logo #08.wav	9afd4265ac17335435d9b22a32db3286
sib_1	3845840	190606-06AG【AudioJungle宣传包装配乐AE模板背景音乐合集完整67G】/AJ2012-2019/AudioJungle Stock Music Bundle/G/Glitchy Digital Crystal Logos Pack - [ 754076 ]/Glitchy Digital Crystal Logo #010 - [ 129574 ]/Glitchy Digital Crystal Logo #10.wav|190606-06AG【AudioJungle宣传包装配乐AE模板背景音乐合集完整67G】/AJ2012-2019/AudioJungle Stock Music Bundle/G/Glitchy Digital Crystal Logo #010 - [ 129574 ]/Glitchy Digital Crystal Logo #10.wav	79861829dcf8ff997e6315431a8ea33e
sib_1	2108016	190606-06AG【AudioJungle宣传包装配乐AE模板背景音乐合集完整67G】/AJ2012-2019/AudioJungle Stock Music Bundle/G/Glitchy Digital Crystal Logos Pack - [ 754076 ]/Glitchy Digital Crystal Logo #010 - [ 129574 ]/Glitchy Digital Crystal Logo #10.mp3|190606-06AG【AudioJungle宣传包装配乐AE模板背景音乐合集完整67G】/AJ2012-2019/AudioJungle Stock Music Bundle/G/Glitchy Digital Crystal Logo #010 - [ 129574 ]/Glitchy Digital Crystal Logo #10.mp3	c00c66b705dd37c9b67a2ab85c6d28f3
sib_1	2828724	190606-06AG【AudioJungle宣传包装配乐AE模板背景音乐合集完整67G】/AJ2012-2019/AudioJungle Stock Music Bundle/G/Glitchy Digital Crystal Logos Pack - [ 754076 ]/Glitchy Digital Crystal Logo #03 - [ 119911 ]/Glitchy Digital Crystal Logo #03.wav|190606-06AG【AudioJungle宣传包装配乐AE模板背景音乐合集完整67G】/AJ2012-2019/AudioJungle Stock Music Bundle/G/Glitchy Digital Crystal Logo #03 - [ 119911 ]/Glitchy Digital Crystal Logo #03.wav	8a23c5d7b1939929b9a421f344942905
sib_1	1877092	190606-06AG【AudioJungle宣传包装配乐AE模板背景音乐合集完整67G】/AJ2012-2019/AudioJungle Stock Music Bundle/G/Glitchy Digital Crystal Logos Pack - [ 754076 ]/Glitchy Digital Crystal Logo #03 - [ 119911 ]/Glitchy Digital Crystal Logo #03.mp3|190606-06AG【AudioJungle宣传包装配乐AE模板背景音乐合集完整67G】/AJ2012-2019/AudioJungle Stock Music Bundle/G/Glitchy Digital Crystal Logo #03 - [ 119911 ]/Glitchy Digital Crystal Logo #03.mp3	f7cb47cdc1d711f94b306844169f3bad
sib_1	2133094	190606-06AG【AudioJungle宣传包装配乐AE模板背景音乐合集完整67G】/AJ2012-2019/AudioJungle Stock Music Bundle/G/Glitchy Digital Crystal Logos Pack - [ 754076 ]/Glitchy Digital Crystal Logo #09 - [ 129571 ]/Glitchy Digital Crystal Logo #09.mp3|190606-06AG【AudioJungle宣传包装配乐AE模板背景音乐合集完整67G】/AJ2012-2019/AudioJungle Stock Music Bundle/G/Glitchy Digital Crystal Logo #09 - [ 129571 ]/Glitchy Digital Crystal Logo #09.mp3	26bb32ed3847043c573eb54d167bd216
sib_1	3958436	190606-06AG【AudioJungle宣传包装配乐AE模板背景音乐合集完整67G】/AJ2012-2019/AudioJungle Stock Music Bundle/G/Glitchy Digital Crystal Logos Pack - [ 754076 ]/Glitchy Digital Crystal Logo #09 - [ 129571 ]/Glitchy Digital Crystal Logo #09.wav|190606-06AG【AudioJungle宣传包装配乐AE模板背景音乐合集完整67G】/AJ2012-2019/AudioJungle Stock Music Bundle/G/Glitchy Digital Crystal Logo #09 - [ 129571 ]/Glitchy Digital Crystal Logo #09.wav	0550dbbe624fe8d7ac26bcb5b01b6fcc
sib_1	2077714	190606-06AG【AudioJungle宣传包装配乐AE模板背景音乐合集完整67G】/AJ2012-2019/AudioJungle Stock Music Bundle/G/Glitchy Digital Crystal Logos Pack - [ 754076 ]/Glitchy Digital Crystal Logo #05 - [ 126200 ]/Glitchy Digital Crystal Logo #05.mp3|190606-06AG【AudioJungle宣传包装配乐AE模板背景音乐合集完整67G】/AJ2012-2019/AudioJungle Stock Music Bundle/G/Glitchy Digital Crystal Logo #05 - [ 126200 ]/Glitchy Digital Crystal Logo #05.mp3	46b60e747574d28bcac30c64ff61caa8
sib_1	3710724	190606-06AG【AudioJungle宣传包装配乐AE模板背景音乐合集完整67G】/AJ2012-2019/AudioJungle Stock Music Bundle/G/Glitchy Digital Crystal Logos Pack - [ 754076 ]/Glitchy Digital Crystal Logo #05 - [ 126200 ]/Glitchy Digital Crystal Logo #05.wav|190606-06AG【AudioJungle宣传包装配乐AE模板背景音乐合集完整67G】/AJ2012-2019/AudioJungle Stock Music Bundle/G/Glitchy Digital Crystal Logo #05 - [ 126200 ]/Glitchy Digital Crystal Logo #05.wav	f8e529239b6ccf0cea58352377055374
sib_1	2652324	190606-06AG【AudioJungle宣传包装配乐AE模板背景音乐合集完整67G】/AJ2012-2019/AudioJungle Stock Music Bundle/G/Glitchy Digital Crystal Logos Pack - [ 754076 ]/Glitchy Digital Crystal Logo #01 - [ 57399 ]/Glitchy Digital Crystal Logo #01.wav|190606-06AG【AudioJungle宣传包装配乐AE模板背景音乐合集完整67G】/AJ2012-2019/AudioJungle Stock Music Bundle/G/Glitchy Digital Crystal Logo #01 - [ 57399 ]/Glitchy Digital Crystal Logo #01.wav	155f8d76557ab481d23b508d48501ea0
sib_1	1837238	190606-06AG【AudioJungle宣传包装配乐AE模板背景音乐合集完整67G】/AJ2012-2019/AudioJungle Stock Music Bundle/G/Glitchy Digital Crystal Logos Pack - [ 754076 ]/Glitchy Digital Crystal Logo #01 - [ 57399 ]/Glitchy Digital Crystal Logo #01.mp3|190606-06AG【AudioJungle宣传包装配乐AE模板背景音乐合集完整67G】/AJ2012-2019/AudioJungle Stock Music Bundle/G/Glitchy Digital Crystal Logo #01 - [ 57399 ]/Glitchy Digital Crystal Logo #01.mp3	1c036dc775f4af45df6b12986d9e56b0
sib_1	2293858	190606-06AG【AudioJungle宣传包装配乐AE模板背景音乐合集完整67G】/AJ2012-2019/AudioJungle Stock Music Bundle/G/Glitchy Digital Crystal Logos Pack - [ 754076 ]/Glitchy Digital Crystal Logo #07 - [ 129056 ]/Glitchy Digital Crystal Logo #07.mp3|190606-06AG【AudioJungle宣传包装配乐AE模板背景音乐合集完整67G】/AJ2012-2019/AudioJungle Stock Music Bundle/G/Glitchy Digital Crystal Logo #07 - [ 129056 ]/Glitchy Digital Crystal Logo #07.mp3	73bfe3b2f305f5407a95297ebddf6c91
sib_1	4666700	190606-06AG【AudioJungle宣传包装配乐AE模板背景音乐合集完整67G】/AJ2012-2019/AudioJungle Stock Music Bundle/G/Glitchy Digital Crystal Logos Pack - [ 754076 ]/Glitchy Digital Crystal Logo #07 - [ 129056 ]/Glitchy Digital Crystal Logo #07.wav|190606-06AG【AudioJungle宣传包装配乐AE模板背景音乐合集完整67G】/AJ2012-2019/AudioJungle Stock Music Bundle/G/Glitchy Digital Crystal Logo #07 - [ 129056 ]/Glitchy Digital Crystal Logo #07.wav	3008f3ccc84fa085ecbb590336f88b62
sib_1	9173592	190606-06AG【AudioJungle宣传包装配乐AE模板背景音乐合集完整67G】/AJ2012-2019/AudioJungle Stock Music Bundle/G/Go Ahead - [ 9259868 ]/Go Ahead (Full).mp3|190606-06AG【AudioJungle宣传包装配乐AE模板背景音乐合集完整67G】/AJ2012-2019/AudioJungle Stock Music Bundle/H/House Pack 1 - [ 9377610 ]/Go Ahead - [ 9259868 ]/Go Ahead.mp3	437f15f6e9c4ca55361c7d0f61f617ef
sib_1	35002348	190606-06AG【AudioJungle宣传包装配乐AE模板背景音乐合集完整67G】/AJ2012-2019/AudioJungle Stock Music Bundle/G/Go Ahead - [ 9259868 ]/Go Ahead (Full).wav|190606-06AG【AudioJungle宣传包装配乐AE模板背景音乐合集完整67G】/AJ2012-2019/AudioJungle Stock Music Bundle/H/House Pack 1 - [ 9377610 ]/Go Ahead - [ 9259868 ]/Go Ahead.wav	0e2ab0d55210a36db7b2cae220ff3be6
sib_1	25642150	190606-06AG【AudioJungle宣传包装配乐AE模板背景音乐合集完整67G】/AJ2012-2019/AudioJungle Stock Music Bundle/G/Glitchy Disease Rising Trailer - [ 5020572 ]/Glitchy Disease Rising Trailer (Full).wav|190606-06AG【AudioJungle宣传包装配乐AE模板背景音乐合集完整67G】/AJ2012-2019/AudioJungle Stock Music Bundle/C/Cinematic Trailer Pack - [ 5182636 ]/Glitchy Disease Rising Trailer - [ 5020572 ]/Glitchy Disease Rising Trailer.wav	bf8cdefd192140256c9629c37261e9cb
sib_1	16176404	190606-06AG【AudioJungle宣传包装配乐AE模板背景音乐合集完整67G】/AJ2012-2019/AudioJungle Stock Music Bundle/G/Gentle Wedding Song - [ 1595772 ]/Gentle Wedding Song (Full).wav|190606-06AG【AudioJungle宣传包装配乐AE模板背景音乐合集完整67G】/AJ2012-2019/AudioJungle Stock Music Bundle/R/Romantic Movie Starter Pack - [ 3902052 ]/Gentle Wedding Song - [ 1595772 ]/Gentle Wedding Song (Full).wav	01bbadf144aa86686e22f3b76f97ae95
sib_1	4879428	190606-06AG【AudioJungle宣传包装配乐AE模板背景音乐合集完整67G】/AJ2012-2019/AudioJungle Stock Music Bundle/G/Gentle Wedding Song - [ 1595772 ]/Gentle Wedding Song (Full).mp3|190606-06AG【AudioJungle宣传包装配乐AE模板背景音乐合集完整67G】/AJ2012-2019/AudioJungle Stock Music Bundle/R/Romantic Movie Starter Pack - [ 3902052 ]/Gentle Wedding Song - [ 1595772 ]/Gentle Wedding Song (Full).mp3	c2b267222e17c1fae82dc0da8fcd50d2
sib_1	47734538	190606-06AG【AudioJungle宣传包装配乐AE模板背景音乐合集完整67G】/AJ2012-2019/AudioJungle Stock Music Bundle/G/Global Awards - [ 8916110 ]/Global Awards (Short, Shortesеt, Fanfares).wav|190606-06AG【AudioJungle宣传包装配乐AE模板背景音乐合集完整67G】/AJ2012-2019/AudioJungle Stock Music Bundle/G/Global Awards - [ 8916110 ]/pmwa - Global Awards.wav	dc17f5c3426c6c27b53f2c7686c92dac
sib_1	3107610	190606-06AG【AudioJungle宣传包装配乐AE模板背景音乐合集完整67G】/AJ2012-2019/AudioJungle Stock Music Bundle/G/Good Result logo - [ 234679 ]/Good Result logo.wav|190606-06AG【AudioJungle宣传包装配乐AE模板背景音乐合集完整67G】/AJ2012-2019/AudioJungle Stock Music Bundle/C/Corporate Logo Pack - [ 513541 ]/Good Result logo - [ 234679 ]/Good Result logo.wav	5c1523aeaf36ef99a534446636823d29
sib_1	3398759	190606-06AG【AudioJungle宣传包装配乐AE模板背景音乐合集完整67G】/AJ2012-2019/AudioJungle Stock Music Bundle/M/Metalheadz - [ 428447 ]/Metalheadz (Full).mp3|190606-06AG【AudioJungle宣传包装配乐AE模板背景音乐合集完整67G】/AJ2012-2019/AudioJungle Stock Music Bundle/R/Rock Music Power Pack - [ 3799294 ]/Metalheadz/Metalheadz.mp3	2f4186cedc7918ca0c9eda040c7c7b05
sib_1	9536000	190606-06AG【AudioJungle宣传包装配乐AE模板背景音乐合集完整67G】/AJ2012-2019/AudioJungle Stock Music Bundle/M/Metalheadz - [ 428447 ]/Metalheadz (Full).wav|190606-06AG【AudioJungle宣传包装配乐AE模板背景音乐合集完整67G】/AJ2012-2019/AudioJungle Stock Music Bundle/R/Rock Music Power Pack - [ 3799294 ]/Metalheadz/Metalheadz.wav	e96a6ed8db7cab453d50e5b7ab9c2566
sib_1	3540624	190606-06AG【AudioJungle宣传包装配乐AE模板背景音乐合集完整67G】/AJ2012-2019/AudioJungle Stock Music Bundle/M/Modern Electronic Logo 3 - [ 935534 ]/Modern Electronic Logo 3.wav|190606-06AG【AudioJungle宣传包装配乐AE模板背景音乐合集完整67G】/AJ2012-2019/AudioJungle Stock Music Bundle/M/Modern Electronic Logos Pack - [ 1742640 ]/Modern Electronic Logo 3 - [ 935534 ]/Modern Electronic Logo 3.wav|190606-06AG【AudioJungle宣传包装配乐AE模板背景音乐合集完整67G】/AJ2012-2019/AudioJungle Stock Music Bundle/M/Modern Electronic Logos Pack - [ 1742640 ]/Modern Electronic Logo 3 - [ 860014 ]/Modern Electronic Logo 3.wav	2b5ab87fecd986084f82ba375009c9a8
sib_1	6762879	190606-06AG【AudioJungle宣传包装配乐AE模板背景音乐合集完整67G】/AJ2012-2019/AudioJungle Stock Music Bundle/M/Mother's Lullaby - [ 10760091 ]/Mother's Lullaby.mp3|190606-06AG【AudioJungle宣传包装配乐AE模板背景音乐合集完整67G】/AJ2012-2019/AudioJungle Stock Music Bundle/B/Beautiful Vocal Lullaby Pack - [ 19612930 ]/Mother's Lullaby - [ 10760091 ]/Mother's Lullaby.mp3	ea6a1cb658514f266db1a018f7913270
sib_1	58560768	190606-06AG【AudioJungle宣传包装配乐AE模板背景音乐合集完整67G】/AJ2012-2019/AudioJungle Stock Music Bundle/M/Mother's Lullaby - [ 10760091 ]/Mother's Lullaby.wav|190606-06AG【AudioJungle宣传包装配乐AE模板背景音乐合集完整67G】/AJ2012-2019/AudioJungle Stock Music Bundle/B/Beautiful Vocal Lullaby Pack - [ 19612930 ]/Mother's Lullaby - [ 10760091 ]/Mother's Lullaby.wav	c1810f04093f95934adf3bd145501c48
sib_1	28026160	190606-06AG【AudioJungle宣传包装配乐AE模板背景音乐合集完整67G】/AJ2012-2019/AudioJungle Stock Music Bundle/M/Motivational - Glorious Day - [ 6590080 ]/Glorious Day (Main).wav|190606-06AG【AudioJungle宣传包装配乐AE模板背景音乐合集完整67G】/AJ2012-2019/AudioJungle Stock Music Bundle/B/Bright Uplifting Grand Motivational - [ 6590080 ]/Bright Uplifting Grand Motivational (Main version).wav	c42e7eeec793fade3412b293a864eef4
sib_1	7592927	190606-06AG【AudioJungle宣传包装配乐AE模板背景音乐合集完整67G】/AJ2012-2019/AudioJungle Stock Music Bundle/M/Motivational - Glorious Day - [ 6590080 ]/Glorious Day (Main).mp3|190606-06AG【AudioJungle宣传包装配乐AE模板背景音乐合集完整67G】/AJ2012-2019/AudioJungle Stock Music Bundle/B/Bright Uplifting Grand Motivational - [ 6590080 ]/Bright Uplifting Grand Motivational (Main version).mp3	4f1c9da1899db95fcc78f31cc4468097
sib_1	52025356	190606-06AG【AudioJungle宣传包装配乐AE模板背景音乐合集完整67G】/AJ2012-2019/AudioJungle Stock Music Bundle/M/Motivational - Glorious Day - [ 6590080 ]/Glorious Day (Extended).wav|190606-06AG【AudioJungle宣传包装配乐AE模板背景音乐合集完整67G】/AJ2012-2019/AudioJungle Stock Music Bundle/B/Bright Uplifting Grand Motivational - [ 6590080 ]/Bright Uplifting Grand Motivational (Extended Version).wav	02f13389c25d758aab2720fe943b698e
sib_1	13034754	190606-06AG【AudioJungle宣传包装配乐AE模板背景音乐合集完整67G】/AJ2012-2019/AudioJungle Stock Music Bundle/M/Motivational - Glorious Day - [ 6590080 ]/Glorious Day (Extended).mp3|190606-06AG【AudioJungle宣传包装配乐AE模板背景音乐合集完整67G】/AJ2012-2019/AudioJungle Stock Music Bundle/B/Bright Uplifting Grand Motivational - [ 6590080 ]/Bright Uplifting Grand Motivational (Extended Version).mp3	e1edfe092fe04686761595d0122391c5
sib_1	2803524	190606-06AG【AudioJungle宣传包装配乐AE模板背景音乐合集完整67G】/AJ2012-2019/AudioJungle Stock Music Bundle/M/Modern Electronic Logo 4 - [ 1021790 ]/Modern Electronic Logo 4.wav|190606-06AG【AudioJungle宣传包装配乐AE模板背景音乐合集完整67G】/AJ2012-2019/AudioJungle Stock Music Bundle/M/Modern Electronic Logos Pack - [ 1742640 ]/Modern Electronic Logo 4 - [ 1021790 ]/Modern Electronic Logo 4.wav|190606-06AG【AudioJungle宣传包装配乐AE模板背景音乐合集完整67G】/AJ2012-2019/AudioJungle Stock Music Bundle/M/Modern Electronic Logos Pack - [ 1742640 ]/Modern Electronic Logo 4 - [ 860014 ]/Modern Electronic Logo 4.wav	9ef4c7a05823f2b73b356162386ec90b
sib_1	4129071	190606-06AG【AudioJungle宣传包装配乐AE模板背景音乐合集完整67G】/AJ2012-2019/AudioJungle Stock Music Bundle/M/Massive Firepower - [ 2862722 ]/Massive Firepower (Full).mp3|190606-06AG【AudioJungle宣传包装配乐AE模板背景音乐合集完整67G】/AJ2012-2019/AudioJungle Stock Music Bundle/R/Rock Music Power Pack - [ 3799294 ]/Massive Firepower/Massive_Firepower.mp3	e8279ce9e257578aebf3914a0336ed98
sib_1	12755868	190606-06AG【AudioJungle宣传包装配乐AE模板背景音乐合集完整67G】/AJ2012-2019/AudioJungle Stock Music Bundle/M/Massive Firepower - [ 2862722 ]/Massive Firepower (Full).wav|190606-06AG【AudioJungle宣传包装配乐AE模板背景音乐合集完整67G】/AJ2012-2019/AudioJungle Stock Music Bundle/R/Rock Music Power Pack - [ 3799294 ]/Massive Firepower/Massive_Firepower.wav	eb61988b93cc91ae357468df7f8f4556
sib_1	5544535	190606-06AG【AudioJungle宣传包装配乐AE模板背景音乐合集完整67G】/AJ2012-2019/AudioJungle Stock Music Bundle/M/Movie Groovy - [ 5196843 ]/Movie Groovy (Full).MP3|190606-06AG【AudioJungle宣传包装配乐AE模板背景音乐合集完整67G】/AJ2012-2019/AudioJungle Stock Music Bundle/F/Feel Good Music Pack - [ 5307389 ]/Movie Groovy - [ 5196843 ]/Movie Groovy.MP3	33660e56a24499b5e5382b527a14a94a
sib_1	19001592	190606-06AG【AudioJungle宣传包装配乐AE模板背景音乐合集完整67G】/AJ2012-2019/AudioJungle Stock Music Bundle/M/Movie Groovy - [ 5196843 ]/Movie Groovy (Full).WAV|190606-06AG【AudioJungle宣传包装配乐AE模板背景音乐合集完整67G】/AJ2012-2019/AudioJungle Stock Music Bundle/F/Feel Good Music Pack - [ 5307389 ]/Movie Groovy - [ 5196843 ]/Movie Groovy.WAV	79730a8df561bb065cfd7c8638a4b135
sib_1	4617924	190606-06AG【AudioJungle宣传包装配乐AE模板背景音乐合集完整67G】/AJ2012-2019/AudioJungle Stock Music Bundle/M/Modern Electronic Logo 2 - [ 860014 ]/Modern Electronic Logo 2.wav|190606-06AG【AudioJungle宣传包装配乐AE模板背景音乐合集完整67G】/AJ2012-2019/AudioJungle Stock Music Bundle/M/Modern Electronic Logos Pack - [ 1742640 ]/Modern Electronic Logo 2 - [ 860014 ]/Modern Electronic Logo 2.wav	6be413168029436da3b2ba20c75bfebe
sib_1	35117032	190606-06AG【AudioJungle宣传包装配乐AE模板背景音乐合集完整67G】/AJ2012-2019/AudioJungle Stock Music Bundle/M/Merry Celebration - [ 21335539 ]/Merry Celebration.wav|190606-06AG【AudioJungle宣传包装配乐AE模板背景音乐合集完整67G】/AJ2012-2019/AudioJungle Stock Music Bundle/U/Upbeat Happy Pack - [ 21440278 ]/Merry Celebration - [ 21335539 ]/Merry Celebration.wav	b9d9b92f068b0ab3a123b0e90fe28953
sib_1	4638949	190606-06AG【AudioJungle宣传包装配乐AE模板背景音乐合集完整67G】/AJ2012-2019/AudioJungle Stock Music Bundle/M/Merry Celebration - [ 21335539 ]/Merry Celebration.mp3|190606-06AG【AudioJungle宣传包装配乐AE模板背景音乐合集完整67G】/AJ2012-2019/AudioJungle Stock Music Bundle/U/Upbeat Happy Pack - [ 21440278 ]/Merry Celebration - [ 21335539 ]/Merry Celebration.mp3	a0f186ccdf4eba88187acccbdbb4b786
sib_1	4202124	190606-06AG【AudioJungle宣传包装配乐AE模板背景音乐合集完整67G】/AJ2012-2019/AudioJungle Stock Music Bundle/M/Modern Electronic Logo - [ 537029 ]/Modern Electronic Logo.wav|190606-06AG【AudioJungle宣传包装配乐AE模板背景音乐合集完整67G】/AJ2012-2019/AudioJungle Stock Music Bundle/M/Modern Electronic Logos Pack - [ 1742640 ]/Modern Electronic Logo - [ 537029 ]/Modern Electronic Logo.wav	bc493c94b95e9b8b9d83f64e74eb8556
sib_1	3975324	190606-06AG【AudioJungle宣传包装配乐AE模板背景音乐合集完整67G】/AJ2012-2019/AudioJungle Stock Music Bundle/M/Modern Electronic Logos Pack - [ 1742640 ]/Hi-Tech Stinger 2 - [ 686115 ]/Hi-Tech Stinger 2.wav|190606-06AG【AudioJungle宣传包装配乐AE模板背景音乐合集完整67G】/AJ2012-2019/AudioJungle Stock Music Bundle/H/Hi-Tech Stinger 2 - [ 686115 ]/Hi-Tech Stinger 2.wav	908f8c3b60b32471fbe8a14b3f1a2fb5
sib_1	3005124	190606-06AG【AudioJungle宣传包装配乐AE模板背景音乐合集完整67G】/AJ2012-2019/AudioJungle Stock Music Bundle/M/Modern Electronic Logos Pack - [ 1742640 ]/Hi-Tech Stinger - [ 683599 ]/Hi-Tech Stinger.wav|190606-06AG【AudioJungle宣传包装配乐AE模板背景音乐合集完整67G】/AJ2012-2019/AudioJungle Stock Music Bundle/H/Hi-Tech Stinger - [ 683599 ]/Hi-Tech Stinger.wav	f102c32295876d719fe473eaa23f4e80
sib_1	7292974	190606-06AG【AudioJungle宣传包装配乐AE模板背景音乐合集完整67G】/AJ2012-2019/AudioJungle Stock Music Bundle/M/Mellow Underscores - [ 2694453 ]/Mellow Underscores (Full).mp3|190606-06AG【AudioJungle宣传包装配乐AE模板背景音乐合集完整67G】/AJ2012-2019/AudioJungle Stock Music Bundle/R/Romantic Underscores Pack - [ 3401219 ]/Mellow Underscores - [ 2694453 ]/Mellow Underscores (Full).mp3	f7a41d858a44eb17ee9f77e7c6d54523
sib_1	26730924	190606-06AG【AudioJungle宣传包装配乐AE模板背景音乐合集完整67G】/AJ2012-2019/AudioJungle Stock Music Bundle/M/Mellow Underscores - [ 2694453 ]/Mellow Underscores (Full).wav|190606-06AG【AudioJungle宣传包装配乐AE模板背景音乐合集完整67G】/AJ2012-2019/AudioJungle Stock Music Bundle/R/Romantic Underscores Pack - [ 3401219 ]/Mellow Underscores - [ 2694453 ]/Mellow Underscores (Full).wav	517539b43f82e8c5e1d04c8f4db8b029
sib_1	5656529	190606-06AG【AudioJungle宣传包装配乐AE模板背景音乐合集完整67G】/AJ2012-2019/AudioJungle Stock Music Bundle/M/Motivation Corporate Pack - [ 23150953 ]/For Business - [ 22804352 ]/For Business.mp3|190606-06AG【AudioJungle宣传包装配乐AE模板背景音乐合集完整67G】/AJ2012-2019/AudioJungle Stock Music Bundle/F/For Business - [ 22804352 ]/For Business.mp3	80fe2921c2341f008ecf2dea6260e9ea
sib_1	46343702	190606-06AG【AudioJungle宣传包装配乐AE模板背景音乐合集完整67G】/AJ2012-2019/AudioJungle Stock Music Bundle/M/Motivation Corporate Pack - [ 23150953 ]/For Business - [ 22804352 ]/For Business.wav|190606-06AG【AudioJungle宣传包装配乐AE模板背景音乐合集完整67G】/AJ2012-2019/AudioJungle Stock Music Bundle/F/For Business - [ 22804352 ]/For Business.wav	c28d8f01c4ff10b026d487671a88a3d6
sib_1	10103018	190606-06AG【AudioJungle宣传包装配乐AE模板背景音乐合集完整67G】/AJ2012-2019/AudioJungle Stock Music Bundle/M/Memories of Last Christmas - [ 140992 ]/Memories of Last Christmas (Full).wav|190606-06AG【AudioJungle宣传包装配乐AE模板背景音乐合集完整67G】/AJ2012-2019/AudioJungle Stock Music Bundle/C/Christmas Music Pack - [ 145547 ]/Memories of Last Christmas - [ 140992 ]/Memories of Last Christmas.wav	9a138193383cdc3dc388460d0c43793a
sib_1	7211445	190606-06AG【AudioJungle宣传包装配乐AE模板背景音乐合集完整67G】/AJ2012-2019/AudioJungle Stock Music Bundle/W/Warm Summer Uplifting Acoustic - [ 300816 ]/Warm Summer (Main).mp3|190606-06AG【AudioJungle宣传包装配乐AE模板背景音乐合集完整67G】/AJ2012-2019/AudioJungle Stock Music Bundle/B/Beautiful Piano Music Pack 1 - [ 334578 ]/Warm Summer Uplifting Acoustic - [ 300816 ]/Warm Summer (2.19).mp3	077feb1e4a3127429c5eb9f272e16351
sib_1	26345172	190606-06AG【AudioJungle宣传包装配乐AE模板背景音乐合集完整67G】/AJ2012-2019/AudioJungle Stock Music Bundle/W/Warm Summer Uplifting Acoustic - [ 300816 ]/Warm Summer (Main).wav|190606-06AG【AudioJungle宣传包装配乐AE模板背景音乐合集完整67G】/AJ2012-2019/AudioJungle Stock Music Bundle/B/Beautiful Piano Music Pack 1 - [ 334578 ]/Warm Summer Uplifting Acoustic - [ 300816 ]/Warm Summer (2.19).wav	7527634a4b4a5912727aee3ac45c8a87
sib_1	30145036	190606-06AG【AudioJungle宣传包装配乐AE模板背景音乐合集完整67G】/AJ2012-2019/AudioJungle Stock Music Bundle/W/Wedding Music Pack - [ 4372822 ]/Heavenly Beauty.wav|190606-06AG【AudioJungle宣传包装配乐AE模板背景音乐合集完整67G】/AJ2012-2019/AudioJungle Stock Music Bundle/H/Heavenly Beauty - [ 3205270 ]/Heavenly Beauty (Full).wav	e406eb17ff4b4f2c3dce138dddaa8730
sib_1	31498622	190606-06AG【AudioJungle宣传包装配乐AE模板背景音乐合集完整67G】/AJ2012-2019/AudioJungle Stock Music Bundle/W/Wedding Music Pack - [ 4372822 ]/Angle Of Paradise.wav|190606-06AG【AudioJungle宣传包装配乐AE模板背景音乐合集完整67G】/AJ2012-2019/AudioJungle Stock Music Bundle/A/Angle Of Paradise - [ 3031549 ]/Angle Of Paradise (Full).wav	8fc142b9fcc208df8a0d4d8a6a394dd2
sib_1	8065534	190606-06AG【AudioJungle宣传包装配乐AE模板背景音乐合集完整67G】/AJ2012-2019/AudioJungle Stock Music Bundle/W/Wedding Music Pack - [ 4372822 ]/Heavenly Beauty.mp3|190606-06AG【AudioJungle宣传包装配乐AE模板背景音乐合集完整67G】/AJ2012-2019/AudioJungle Stock Music Bundle/H/Heavenly Beauty - [ 3205270 ]/Heavenly Beauty (Full).mp3	7fece38d9295d3c7131416ee3d4cf7e3
sib_1	8372470	190606-06AG【AudioJungle宣传包装配乐AE模板背景音乐合集完整67G】/AJ2012-2019/AudioJungle Stock Music Bundle/W/Wedding Music Pack - [ 4372822 ]/Angle Of Paradise.mp3|190606-06AG【AudioJungle宣传包装配乐AE模板背景音乐合集完整67G】/AJ2012-2019/AudioJungle Stock Music Bundle/A/Angle Of Paradise - [ 3031549 ]/Angle Of Paradise (Full).mp3	a402c7bf0b31e738d860a721afc9e4db
sib_1	5978578	190606-06AG【AudioJungle宣传包装配乐AE模板背景音乐合集完整67G】/AJ2012-2019/AudioJungle Stock Music Bundle/W/Wedding Music Pack - [ 4372822 ]/Cinematic Theme.mp3|190606-06AG【AudioJungle宣传包装配乐AE模板背景音乐合集完整67G】/AJ2012-2019/AudioJungle Stock Music Bundle/C/Cinematic Theme - [ 3294744 ]/Cinematic Theme (Full).mp3	67db3ed8b7186bad1cca178b95f0f40d
sib_1	20932996	190606-06AG【AudioJungle宣传包装配乐AE模板背景音乐合集完整67G】/AJ2012-2019/AudioJungle Stock Music Bundle/W/Wedding Music Pack - [ 4372822 ]/Cinematic Theme.wav|190606-06AG【AudioJungle宣传包装配乐AE模板背景音乐合集完整67G】/AJ2012-2019/AudioJungle Stock Music Bundle/C/Cinematic Theme - [ 3294744 ]/Cinematic Theme (Full).wav	27fb55a12f21b2e9afda21fac8f039a0
sib_1	19771224	190606-06AG【AudioJungle宣传包装配乐AE模板背景音乐合集完整67G】/AJ2012-2019/AudioJungle Stock Music Bundle/P/Psychadelic Punk Rockers - [ 2862816 ]/Psychadelic Punk Rockers (Full).wav|190606-06AG【AudioJungle宣传包装配乐AE模板背景音乐合集完整67G】/AJ2012-2019/AudioJungle Stock Music Bundle/R/Rock Music Power Pack - [ 3799294 ]/Psychadelic Punk Rockers/Psychadelic_Punk_Rockers.wav	96274605d6bde59b7680e76866578de9
sib_1	5719420	190606-06AG【AudioJungle宣传包装配乐AE模板背景音乐合集完整67G】/AJ2012-2019/AudioJungle Stock Music Bundle/P/Psychadelic Punk Rockers - [ 2862816 ]/Psychadelic Punk Rockers (Full).mp3|190606-06AG【AudioJungle宣传包装配乐AE模板背景音乐合集完整67G】/AJ2012-2019/AudioJungle Stock Music Bundle/R/Rock Music Power Pack - [ 3799294 ]/Psychadelic Punk Rockers/Psychadelic_Punk_Rockers.mp3	70e3fb0e013761d4405f305573c5d85e
sib_1	24325796	190606-06AG【AudioJungle宣传包装配乐AE模板背景音乐合集完整67G】/AJ2012-2019/AudioJungle Stock Music Bundle/P/Peaceful Dawn - [ 642062 ]/Peaceful Dawn (Full).wav|190606-06AG【AudioJungle宣传包装配乐AE模板背景音乐合集完整67G】/AJ2012-2019/AudioJungle Stock Music Bundle/B/Beautiful Cinematic Pack - [ 2721674 ]/Peaceful Dawn - [ 642062 ]/Peaceful Dawn (Full).wav	800aafed79b22ac21c62fa76086a3731
sib_1	6743396	190606-06AG【AudioJungle宣传包装配乐AE模板背景音乐合集完整67G】/AJ2012-2019/AudioJungle Stock Music Bundle/P/Peaceful Dawn - [ 642062 ]/Peaceful Dawn.mp3|190606-06AG【AudioJungle宣传包装配乐AE模板背景音乐合集完整67G】/AJ2012-2019/AudioJungle Stock Music Bundle/B/Beautiful Cinematic Pack - [ 2721674 ]/Peaceful Dawn - [ 642062 ]/Peaceful Dawn (Full).mp3	b1f12dea82a7578b3a0eb48ff9a48b53
sib_1	1796314	190606-06AG【AudioJungle宣传包装配乐AE模板背景音乐合集完整67G】/AJ2012-2019/AudioJungle Stock Music Bundle/P/Piano Logo Reveal 2 - [ 7241550 ]/Piano Logo Reveal 2 (No violins).mp3|190606-06AG【AudioJungle宣传包装配乐AE模板背景音乐合集完整67G】/AJ2012-2019/AudioJungle Stock Music Bundle/Q/Quick Logo Sting Pack - [ 7477588 ]/Piano Logo Reveal 2 - [ 7241550 ]/Piano Logo Reveal 2 (No violins).mp3	2c5c74bc4ab009df2fe2d8367eac45ac
sib_1	2468000	190606-06AG【AudioJungle宣传包装配乐AE模板背景音乐合集完整67G】/AJ2012-2019/AudioJungle Stock Music Bundle/P/Piano Logo Reveal 2 - [ 7241550 ]/Piano Logo Reveal 2 (No violins).wav|190606-06AG【AudioJungle宣传包装配乐AE模板背景音乐合集完整67G】/AJ2012-2019/AudioJungle Stock Music Bundle/Q/Quick Logo Sting Pack - [ 7477588 ]/Piano Logo Reveal 2 - [ 7241550 ]/Piano Logo Reveal 2 (No violins).wav	525c7bb4246bffb33f8d2f48308812bf
sib_1	2740560	190606-06AG【AudioJungle宣传包装配乐AE模板背景音乐合集完整67G】/AJ2012-2019/AudioJungle Stock Music Bundle/P/Piano Logo Reveal 2 - [ 7241550 ]/Piano Logo Reveal 2 (Long release no violins).wav|190606-06AG【AudioJungle宣传包装配乐AE模板背景音乐合集完整67G】/AJ2012-2019/AudioJungle Stock Music Bundle/Q/Quick Logo Sting Pack - [ 7477588 ]/Piano Logo Reveal 2 - [ 7241550 ]/Piano Logo Reveal 2 (Long release no violins).wav	c43b7fe22e67a310e6b7e782d10842ad
sib_1	2468000	190606-06AG【AudioJungle宣传包装配乐AE模板背景音乐合集完整67G】/AJ2012-2019/AudioJungle Stock Music Bundle/P/Piano Logo Reveal 2 - [ 7241550 ]/Piano Logo Reveal 2.wav|190606-06AG【AudioJungle宣传包装配乐AE模板背景音乐合集完整67G】/AJ2012-2019/AudioJungle Stock Music Bundle/Q/Quick Logo Sting Pack - [ 7477588 ]/Piano Logo Reveal 2 - [ 7241550 ]/Piano Logo Reveal 2.wav	8ba98366e75a1992e6b9af29533c75c4
sib_1	2740560	190606-06AG【AudioJungle宣传包装配乐AE模板背景音乐合集完整67G】/AJ2012-2019/AudioJungle Stock Music Bundle/P/Piano Logo Reveal 2 - [ 7241550 ]/Piano Logo Reveal 2 (Long release).wav|190606-06AG【AudioJungle宣传包装配乐AE模板背景音乐合集完整67G】/AJ2012-2019/AudioJungle Stock Music Bundle/Q/Quick Logo Sting Pack - [ 7477588 ]/Piano Logo Reveal 2 - [ 7241550 ]/Piano Logo Reveal 2 (Long release).wav	ede38e6c46be38f86be3da653d05584c
sib_1	1857910	190606-06AG【AudioJungle宣传包装配乐AE模板背景音乐合集完整67G】/AJ2012-2019/AudioJungle Stock Music Bundle/P/Piano Logo Reveal 2 - [ 7241550 ]/Piano Logo Reveal 2 (Long release).mp3|190606-06AG【AudioJungle宣传包装配乐AE模板背景音乐合集完整67G】/AJ2012-2019/AudioJungle Stock Music Bundle/Q/Quick Logo Sting Pack - [ 7477588 ]/Piano Logo Reveal 2 - [ 7241550 ]/Piano Logo Reveal 2 (Long release).mp3	49ca6e8e3a7daa4bfea5123d19808806
sib_1	1857910	190606-06AG【AudioJungle宣传包装配乐AE模板背景音乐合集完整67G】/AJ2012-2019/AudioJungle Stock Music Bundle/P/Piano Logo Reveal 2 - [ 7241550 ]/Piano Logo Reveal 2 (Long release no violins).mp3|190606-06AG【AudioJungle宣传包装配乐AE模板背景音乐合集完整67G】/AJ2012-2019/AudioJungle Stock Music Bundle/Q/Quick Logo Sting Pack - [ 7477588 ]/Piano Logo Reveal 2 - [ 7241550 ]/Piano Logo Reveal 2 (Long release no violins).mp3	1e8e46a3bdf83b748ed8f091812302c5
sib_1	1796314	190606-06AG【AudioJungle宣传包装配乐AE模板背景音乐合集完整67G】/AJ2012-2019/AudioJungle Stock Music Bundle/P/Piano Logo Reveal 2 - [ 7241550 ]/Piano Logo Reveal 2.mp3|190606-06AG【AudioJungle宣传包装配乐AE模板背景音乐合集完整67G】/AJ2012-2019/AudioJungle Stock Music Bundle/Q/Quick Logo Sting Pack - [ 7477588 ]/Piano Logo Reveal 2 - [ 7241550 ]/Piano Logo Reveal 2.mp3	b0fdf85e820c8511da3892807deafdcc
sib_1	25094160	190606-06AG【AudioJungle宣传包装配乐AE模板背景音乐合集完整67G】/AJ2012-2019/AudioJungle Stock Music Bundle/P/Photos and Memories - [ 1128523 ]/Photos and Memories (Full).wav|190606-06AG【AudioJungle宣传包装配乐AE模板背景音乐合集完整67G】/AJ2012-2019/AudioJungle Stock Music Bundle/B/Beautiful Cinematic Pack - [ 2721674 ]/Photos and Memories - [ 1128523 ]/Photos and Memories (Full).wav	2fd28cce4d3878410e1d14bfaf43e208
sib_1	6927310	190606-06AG【AudioJungle宣传包装配乐AE模板背景音乐合集完整67G】/AJ2012-2019/AudioJungle Stock Music Bundle/P/Photos and Memories - [ 1128523 ]/Photos and Memories.mp3|190606-06AG【AudioJungle宣传包装配乐AE模板背景音乐合集完整67G】/AJ2012-2019/AudioJungle Stock Music Bundle/B/Beautiful Cinematic Pack - [ 2721674 ]/Photos and Memories - [ 1128523 ]/Photos and Memories (Full).mp3	bd261415849933f3dd6399d522de5728
sib_1	8045810	190606-06AG【AudioJungle宣传包装配乐AE模板背景音乐合集完整67G】/AJ2012-2019/AudioJungle Stock Music Bundle/P/Preparation for Christmas - [ 140989 ]/Preparation for Christmas (Full).wav|190606-06AG【AudioJungle宣传包装配乐AE模板背景音乐合集完整67G】/AJ2012-2019/AudioJungle Stock Music Bundle/C/Christmas Music Pack - [ 145547 ]/Preparation for Christmas - [ 140989 ]/Preparation for Christmas.wav	7209640f69d42480b0550f05b3a96943
sib_1	6408508	190606-06AG【AudioJungle宣传包装配乐AE模板背景音乐合集完整67G】/AJ2012-2019/AudioJungle Stock Music Bundle/R/Relaxing Piano - [ 931347 ]/Relaxing Piano (Logo).wav|190606-06AG【AudioJungle宣传包装配乐AE模板背景音乐合集完整67G】/AJ2012-2019/AudioJungle Stock Music Bundle/R/Relax Chill Romantic Backgrounds - [ 1219832 ]/Relax Chill Melody Logo.wav	275a524d3d713621ba782533f469d730
sib_1	21803448	190606-06AG【AudioJungle宣传包装配乐AE模板背景音乐合集完整67G】/AJ2012-2019/AudioJungle Stock Music Bundle/R/Relaxing Piano - [ 931347 ]/Relaxing Piano (Melody).wav|190606-06AG【AudioJungle宣传包装配乐AE模板背景音乐合集完整67G】/AJ2012-2019/AudioJungle Stock Music Bundle/R/Relax Chill Romantic Backgrounds - [ 1219832 ]/Relax Chill Melody.wav	f30ef14dd5ead42f452afd87820a3ea7
sib_1	5446672	190606-06AG【AudioJungle宣传包装配乐AE模板背景音乐合集完整67G】/AJ2012-2019/AudioJungle Stock Music Bundle/R/Relaxing Piano - [ 931347 ]/Relaxing Piano (Loop).wav|190606-06AG【AudioJungle宣传包装配乐AE模板背景音乐合集完整67G】/AJ2012-2019/AudioJungle Stock Music Bundle/R/Relax Chill Romantic Backgrounds - [ 1219832 ]/Relax Chill Melody Melody Loop.wav	7104804bd4d8fc807e5f82243fa1494e
sib_1	26240434	190606-06AG【AudioJungle宣传包装配乐AE模板背景音乐合集完整67G】/AJ2012-2019/AudioJungle Stock Music Bundle/R/Rainbow in my Heart - [ 4463304 ]/Rainbow in my Heart (Full).wav|190606-06AG【AudioJungle宣传包装配乐AE模板背景音乐合集完整67G】/AJ2012-2019/AudioJungle Stock Music Bundle/R/Rainbow Motivation Pack - [ 4558877 ]/Rainbow in my Heart.wav	f84b77ae657266f637db291ee925f70a
sib_1	7187195	190606-06AG【AudioJungle宣传包装配乐AE模板背景音乐合集完整67G】/AJ2012-2019/AudioJungle Stock Music Bundle/R/Rainbow in my Heart - [ 4463304 ]/Rainbow in my Heart (Full).mp3|190606-06AG【AudioJungle宣传包装配乐AE模板背景音乐合集完整67G】/AJ2012-2019/AudioJungle Stock Music Bundle/R/Rainbow Motivation Pack - [ 4558877 ]/Rainbow in my Heart.mp3	6ee965e6bc882c270acb4fb457b96fb1
sib_1	35029300	190606-06AG【AudioJungle宣传包装配乐AE模板背景音乐合集完整67G】/AJ2012-2019/AudioJungle Stock Music Bundle/R/Reminisce - [ 864588 ]/Reminisce (Full).wav|190606-06AG【AudioJungle宣传包装配乐AE模板背景音乐合集完整67G】/AJ2012-2019/AudioJungle Stock Music Bundle/R/Romantic Pack - [ 1766691 ]/Reminisce - [ 864588 ]/Reminisce (Full).wav	8a6779a4ee6840eb6d2b9e204c9656bb
sib_1	9180033	190606-06AG【AudioJungle宣传包装配乐AE模板背景音乐合集完整67G】/AJ2012-2019/AudioJungle Stock Music Bundle/R/Reminisce - [ 864588 ]/Reminisce (Full).mp3|190606-06AG【AudioJungle宣传包装配乐AE模板背景音乐合集完整67G】/AJ2012-2019/AudioJungle Stock Music Bundle/R/Romantic Pack - [ 1766691 ]/Reminisce - [ 864588 ]/Reminisce (Full).mp3	05da99bea8e1554003ff09311927dc20
sib_1	23686292	190606-06AG【AudioJungle宣传包装配乐AE模板背景音乐合集完整67G】/AJ2012-2019/AudioJungle Stock Music Bundle/R/Relax Chill Background - [ 938333 ]/Relax Chill Background (Main).wav|190606-06AG【AudioJungle宣传包装配乐AE模板背景音乐合集完整67G】/AJ2012-2019/AudioJungle Stock Music Bundle/R/Relax Chill Romantic Backgrounds - [ 1219832 ]/Relax Chill Background Music.wav	2a77bbccb6f409207e7ccafbf60c7542
sib_1	6506164	190606-06AG【AudioJungle宣传包装配乐AE模板背景音乐合集完整67G】/AJ2012-2019/AudioJungle Stock Music Bundle/R/Relax Chill Background - [ 938333 ]/Relax Chill Background (Loop).wav|190606-06AG【AudioJungle宣传包装配乐AE模板背景音乐合集完整67G】/AJ2012-2019/AudioJungle Stock Music Bundle/R/Relax Chill Romantic Backgrounds - [ 1219832 ]/Relax Chill Background Music Loop.wav	e87ad51c4d4bdc00d8dcb50e3db2c561
sib_1	8346064	190606-06AG【AudioJungle宣传包装配乐AE模板背景音乐合集完整67G】/AJ2012-2019/AudioJungle Stock Music Bundle/R/Relax Chill Background - [ 938333 ]/Relax Chill Background (Logo).wav|190606-06AG【AudioJungle宣传包装配乐AE模板背景音乐合集完整67G】/AJ2012-2019/AudioJungle Stock Music Bundle/R/Relax Chill Romantic Backgrounds - [ 1219832 ]/Relax Chill Background Music Logo.wav	7ed70c66d810e06cd08ea7c09a23f7ca
sib_1	6827350	190606-06AG【AudioJungle宣传包装配乐AE模板背景音乐合集完整67G】/AJ2012-2019/AudioJungle Stock Music Bundle/R/Romantic Underscores Pack - [ 3401219 ]/Flying to Heaven - [ 2924016 ]/Flying to Heaven (Full).mp3|190606-06AG【AudioJungle宣传包装配乐AE模板背景音乐合集完整67G】/AJ2012-2019/AudioJungle Stock Music Bundle/F/Flying to Heaven - [ 2924016 ]/Flying to Heaven (Full).mp3	94c27eb76f8a78f9520a775ad0cbfd49
sib_1	24677128	190606-06AG【AudioJungle宣传包装配乐AE模板背景音乐合集完整67G】/AJ2012-2019/AudioJungle Stock Music Bundle/R/Romantic Underscores Pack - [ 3401219 ]/Flying to Heaven - [ 2924016 ]/Flying to Heaven (Full).wav|190606-06AG【AudioJungle宣传包装配乐AE模板背景音乐合集完整67G】/AJ2012-2019/AudioJungle Stock Music Bundle/F/Flying to Heaven - [ 2924016 ]/Flying to Heaven (Full).wav	03f335c3aec642acb061fbae760a026d
sib_1	29415336	190606-06AG【AudioJungle宣传包装配乐AE模板背景音乐合集完整67G】/AJ2012-2019/AudioJungle Stock Music Bundle/R/Romantic Pack - [ 1766691 ]/Butterfly - [ 1030082 ]/Butterfly (Full).wav|190606-06AG【AudioJungle宣传包装配乐AE模板背景音乐合集完整67G】/AJ2012-2019/AudioJungle Stock Music Bundle/B/Butterfly - [ 1030082 ]/Butterfly (Full).wav	bd2d263a89c1ac416c643e03fb10f8cc
sib_1	7907347	190606-06AG【AudioJungle宣传包装配乐AE模板背景音乐合集完整67G】/AJ2012-2019/AudioJungle Stock Music Bundle/R/Romantic Pack - [ 1766691 ]/Butterfly - [ 1030082 ]/Butterfly (Full).mp3|190606-06AG【AudioJungle宣传包装配乐AE模板背景音乐合集完整67G】/AJ2012-2019/AudioJungle Stock Music Bundle/B/Butterfly - [ 1030082 ]/Butterfly (Full).mp3	e136381063e39957e56bc949e5d85201
sib_1	33648404	190606-06AG【AudioJungle宣传包装配乐AE模板背景音乐合集完整67G】/AJ2012-2019/AudioJungle Stock Music Bundle/R/Romantic Movie Starter Pack - [ 3902052 ]/Hope - [ 2434151 ]/Hope (Full).wav|190606-06AG【AudioJungle宣传包装配乐AE模板背景音乐合集完整67G】/AJ2012-2019/AudioJungle Stock Music Bundle/H/Hope - [ 2434151 ]/Hope (Full).wav	f2f9f9106f7e3c2b55826ec1336f277e
sib_1	8879267	190606-06AG【AudioJungle宣传包装配乐AE模板背景音乐合集完整67G】/AJ2012-2019/AudioJungle Stock Music Bundle/R/Romantic Movie Starter Pack - [ 3902052 ]/Hope - [ 2434151 ]/Hope (Full).mp3|190606-06AG【AudioJungle宣传包装配乐AE模板背景音乐合集完整67G】/AJ2012-2019/AudioJungle Stock Music Bundle/H/Hope - [ 2434151 ]/Hope (Full).mp3	538154f86f8b5faf4b4ccee96736e176
sib_1	5654748	190606-06AG【AudioJungle宣传包装配乐AE模板背景音乐合集完整67G】/AJ2012-2019/AudioJungle Stock Music Bundle/R/Romantic Movie Starter Pack - [ 3902052 ]/A Moment of Reflection - [ 3021384 ]/A Moment of Reflection (Full).mp3|190606-06AG【AudioJungle宣传包装配乐AE模板背景音乐合集完整67G】/AJ2012-2019/AudioJungle Stock Music Bundle/A/A Moment of Reflection - [ 3021384 ]/A Moment of Reflection.mp3	566e58e55f45b68004ff2b3ad358620e
sib_1	19454504	190606-06AG【AudioJungle宣传包装配乐AE模板背景音乐合集完整67G】/AJ2012-2019/AudioJungle Stock Music Bundle/R/Romantic Movie Starter Pack - [ 3902052 ]/A Moment of Reflection - [ 3021384 ]/A Moment of Reflection (Full).wav|190606-06AG【AudioJungle宣传包装配乐AE模板背景音乐合集完整67G】/AJ2012-2019/AudioJungle Stock Music Bundle/A/A Moment of Reflection - [ 3021384 ]/A Moment of Reflection.wav	a6059063fd263a672723d7df9f56d0d2
sib_1	5873134	190606-06AG【AudioJungle宣传包装配乐AE模板背景音乐合集完整67G】/AJ2012-2019/AudioJungle Stock Music Bundle/F/Fairy Tale - [ 6164175 ]/Fairy Tale.mp3|190606-06AG【AudioJungle宣传包装配乐AE模板背景音乐合集完整67G】/AJ2012-2019/AudioJungle Stock Music Bundle/C/Christmas Mystery - [ 6164175 ]/Christmas mystery.mp3	d800ccb91a59d42b483f1de5bb94c300
sib_1	20468754	190606-06AG【AudioJungle宣传包装配乐AE模板背景音乐合集完整67G】/AJ2012-2019/AudioJungle Stock Music Bundle/F/Fairy Tale - [ 6164175 ]/Fairy Tale.wav|190606-06AG【AudioJungle宣传包装配乐AE模板背景音乐合集完整67G】/AJ2012-2019/AudioJungle Stock Music Bundle/C/Christmas Mystery - [ 6164175 ]/Christmas mystery.wav	817c0f40a5fb42984e9764ec84a76a4c
sib_1	5437956	190606-06AG【AudioJungle宣传包装配乐AE模板背景音乐合集完整67G】/AJ2012-2019/AudioJungle Stock Music Bundle/F/Feel Good Music Pack - [ 5307389 ]/High Tech Theme - [ 5210940 ]/High Tech Theme.MP3|190606-06AG【AudioJungle宣传包装配乐AE模板背景音乐合集完整67G】/AJ2012-2019/AudioJungle Stock Music Bundle/H/High Tech Theme - [ 5210940 ]/High Tech Theme (Full).MP3	4ca06a3f0bd6db80b17acda700c98567
sib_1	18531192	190606-06AG【AudioJungle宣传包装配乐AE模板背景音乐合集完整67G】/AJ2012-2019/AudioJungle Stock Music Bundle/F/Feel Good Music Pack - [ 5307389 ]/High Tech Theme - [ 5210940 ]/High Tech Theme.WAV|190606-06AG【AudioJungle宣传包装配乐AE模板背景音乐合集完整67G】/AJ2012-2019/AudioJungle Stock Music Bundle/H/High Tech Theme - [ 5210940 ]/High Tech Theme (Full).WAV	7d091818b158d62264304b5c6be1f2b0
sib_1	2478940	190606-06AG【AudioJungle宣传包装配乐AE模板背景音乐合集完整67G】/AJ2012-2019/AudioJungle Stock Music Bundle/F/Fire Reveal - [ 1535252 ]/Fire Reveal.wav|190606-06AG【AudioJungle宣传包装配乐AE模板背景音乐合集完整67G】/AJ2012-2019/AudioJungle Stock Music Bundle/F/Fire Reveal Logo - [ 1923754 ]/Fire Reveal Logo ( second part ).wav	06e893ca38e71ecef38b1e9aa4c44f0f
sib_1	1800762	190606-06AG【AudioJungle宣传包装配乐AE模板背景音乐合集完整67G】/AJ2012-2019/AudioJungle Stock Music Bundle/F/Fire Reveal - [ 1535252 ]/Fire Reveal.mp3|190606-06AG【AudioJungle宣传包装配乐AE模板背景音乐合集完整67G】/AJ2012-2019/AudioJungle Stock Music Bundle/F/Fire Reveal Logo - [ 1923754 ]/Fire Reveal Logo ( second part ).mp3	a29dc6501fa26141d5dfd59d458be6c9
sib_1	6398510	190606-06AG【AudioJungle宣传包装配乐AE模板背景音乐合集完整67G】/AJ2012-2019/AudioJungle Stock Music Bundle/F/Fashion Funk Hip Hop - [ 20044346 ]/20044346_fashion-funk-hip-hop_by_kicktracks.mp3|190606-06AG【AudioJungle宣传包装配乐AE模板背景音乐合集完整67G】/AJ2012-2019/AudioJungle Stock Music Bundle/H/Hip-Hop Fashion Upbeat - [ 20044346 ]/Hip-Hop Fashion Upbeat (Main With Vocals).mp3	6c02ffb2757cc7c22ebc44c82eeaaa53
sib_1	6362210	190606-06AG【AudioJungle宣传包装配乐AE模板背景音乐合集完整67G】/AJ2012-2019/AudioJungle Stock Music Bundle/F/Fashion Event - [ 117462859 ]/117462859_fashion-event_by_sg-audio.mp3|190606-06AG【AudioJungle宣传包装配乐AE模板背景音乐合集完整67G】/AJ2012-2019/AudioJungle Stock Music Bundle/F/Fashion Event - [ 17462859 ]/Fashion Event (Short).mp3	03adb463a737d901112f318c641adfd1
sib_1	7442428	190606-06AG【AudioJungle宣传包装配乐AE模板背景音乐合集完整67G】/AJ2012-2019/AudioJungle Stock Music Bundle/F/Forever in My Heart - [ 9467543 ]/Forever in My Heart (Full).mp3|190606-06AG【AudioJungle宣传包装配乐AE模板背景音乐合集完整67G】/AJ2012-2019/AudioJungle Stock Music Bundle/B/Beautiful Cinematic Piano Pack - [ 4172759 ]/4. Forever in My Heart_mp3.mp3	16f092427144392fecba9bdb14df3dce
sib_1	27394012	190606-06AG【AudioJungle宣传包装配乐AE模板背景音乐合集完整67G】/AJ2012-2019/AudioJungle Stock Music Bundle/F/Forever in My Heart - [ 9467543 ]/Forever in My Heart (Full).wav|190606-06AG【AudioJungle宣传包装配乐AE模板背景音乐合集完整67G】/AJ2012-2019/AudioJungle Stock Music Bundle/B/Beautiful Cinematic Piano Pack - [ 4172759 ]/4. Forever in My Heart_wav.wav	4e442bc94be7af00041c120d990a1147
sib_1	4163792	190606-06AG【AudioJungle宣传包装配乐AE模板背景音乐合集完整67G】/AJ2012-2019/AudioJungle Stock Music Bundle/F/Fairytale Holiday Loop 2 - [ 148283 ]/Fairytale Holiday Loop 2.wav|190606-06AG【AudioJungle宣传包装配乐AE模板背景音乐合集完整67G】/AJ2012-2019/AudioJungle Stock Music Bundle/C/Christmas Loops - [ 148332 ]/Fairytale Holiday Loop 2 - [ 148283 ]/Fairytale Holiday Loop 2.wav	5427fb578b10a3ba56802a8b20037a4a
sib_1	4595706	190606-06AG【AudioJungle宣传包装配乐AE模板背景音乐合集完整67G】/AJ2012-2019/AudioJungle Stock Music Bundle/F/Fashion Party - [ 1372782 ]/Fashion Party.mp3|190606-06AG【AudioJungle宣传包装配乐AE模板背景音乐合集完整67G】/AJ2012-2019/AudioJungle Stock Music Bundle/C/Colorful Fashion Intro - [ 13345925 ]/Colorful Fashion Intro 13345925.mp3	17eebbbe682d8fcc396012ee9a11bc2f
sib_1	3623020	190606-06AG【AudioJungle宣传包装配乐AE模板背景音乐合集完整67G】/AJ2012-2019/AudioJungle Stock Music Bundle/F/Fire Whoosh Logo - [ 6526710 ]/Fire Whoosh Logo (W-Music, W-Music Alt, FX Only).mp3|190606-06AG【AudioJungle宣传包装配乐AE模板背景音乐合集完整67G】/AJ2012-2019/AudioJungle Stock Music Bundle/F/Fire Whoosh Logo - [ 6526710 ]/6526710_fire-whoosh-logo_by_illuminations_preview.mp3	c6d62fd77e9e1eb7d394c85af41562c6
sib_1	5848554	190606-06AG【AudioJungle宣传包装配乐AE模板背景音乐合集完整67G】/AJ2012-2019/AudioJungle Stock Music Bundle/B/Beautiful Vocal Lullaby Pack - [ 19612930 ]/Angel's Lullaby - [ 19539360 ]/Angel's Lullaby.mp3|190606-06AG【AudioJungle宣传包装配乐AE模板背景音乐合集完整67G】/AJ2012-2019/AudioJungle Stock Music Bundle/A/Angel's Lullaby - [ 19539360 ]/Angel's Lullaby.mp3	935a318a7f38b76e756c161997464ad4
sib_1	48470456	190606-06AG【AudioJungle宣传包装配乐AE模板背景音乐合集完整67G】/AJ2012-2019/AudioJungle Stock Music Bundle/B/Beautiful Vocal Lullaby Pack - [ 19612930 ]/Angel's Lullaby - [ 19539360 ]/Angel's Lullaby.wav|190606-06AG【AudioJungle宣传包装配乐AE模板背景音乐合集完整67G】/AJ2012-2019/AudioJungle Stock Music Bundle/A/Angel's Lullaby - [ 19539360 ]/Angel's Lullaby.wav	76c5c8c913a7ab92f73ea45717f253d8
sib_1	19980344	190606-06AG【AudioJungle宣传包装配乐AE模板背景音乐合集完整67G】/AJ2012-2019/AudioJungle Stock Music Bundle/B/Beautiful Ambient Atmosphere - [ 6484475 ]/Beautiful Ambient Atmosphere (Full).wav|190606-06AG【AudioJungle宣传包装配乐AE模板背景音乐合集完整67G】/AJ2012-2019/AudioJungle Stock Music Bundle/B/Beautiful Ambient Atmosphere - [ 6484475 ]/The Muse Maker - The Beauty Outside.wav	c60bf45108f2e9c437cafc1736a8a8ee
sib_1	4013124	190606-06AG【AudioJungle宣传包装配乐AE模板背景音乐合集完整67G】/AJ2012-2019/AudioJungle Stock Music Bundle/B/Birthday Party - [ 5131222 ]/Birthday Party (Loop 2).wav|190606-06AG【AudioJungle宣传包装配乐AE模板背景音乐合集完整67G】/AJ2012-2019/AudioJungle Stock Music Bundle/B/Birthday Party - [ 111909 ]/Birthday Party-loop2.wav	11c09524a411281ea0e1edf772b3fd11
sib_1	4013124	190606-06AG【AudioJungle宣传包装配乐AE模板背景音乐合集完整67G】/AJ2012-2019/AudioJungle Stock Music Bundle/B/Birthday Party - [ 5131222 ]/Birthday Party (Loop 1).wav|190606-06AG【AudioJungle宣传包装配乐AE模板背景音乐合集完整67G】/AJ2012-2019/AudioJungle Stock Music Bundle/B/Birthday Party - [ 111909 ]/Birthday Party-loop1.wav	d0c2e21a4953fe7c9b55de78c845b58e
sib_1	4013128	190606-06AG【AudioJungle宣传包装配乐AE模板背景音乐合集完整67G】/AJ2012-2019/AudioJungle Stock Music Bundle/B/Birthday Party - [ 5131222 ]/Birthday Party (Loop 3).wav|190606-06AG【AudioJungle宣传包装配乐AE模板背景音乐合集完整67G】/AJ2012-2019/AudioJungle Stock Music Bundle/B/Birthday Party - [ 111909 ]/Birthday Party-loop3.wav	0272b6b7342ca71af0809e7520b2e6e6
sib_1	21817972	190606-06AG【AudioJungle宣传包装配乐AE模板背景音乐合集完整67G】/AJ2012-2019/AudioJungle Stock Music Bundle/B/Birthday Party - [ 5131222 ]/Birthday Party (Main Theme).wav|190606-06AG【AudioJungle宣传包装配乐AE模板背景音乐合集完整67G】/AJ2012-2019/AudioJungle Stock Music Bundle/B/Birthday Party - [ 111909 ]/Birthday Party.wav	bfed0de68688d134bdabdd783532e734
sib_1	9718403	190606-06AG【AudioJungle宣传包装配乐AE模板背景音乐合集完整67G】/AJ2012-2019/AudioJungle Stock Music Bundle/H/Happy Laid Back Ukulele - [ 16250492 ]/16250492_happy-laid-back-ukulele_by_musicmode.mp3|190606-06AG【AudioJungle宣传包装配乐AE模板背景音乐合集完整67G】/AJ2012-2019/AudioJungle Stock Music Bundle/H/Happy & Laid Back Ukulele - [ 16250492 ]/Happy & Laid Back Ukulele (Full Complete).mp3	7c367943a4b5beeab5843ed642370982
sib_1	2062504	190606-06AG【AudioJungle宣传包装配乐AE模板背景音乐合集完整67G】/AJ2012-2019/AudioJungle Stock Music Bundle/H/Happy Kids Music - [20925132 ]/Loop 3.mp3|190606-06AG【AudioJungle宣传包装配乐AE模板背景音乐合集完整67G】/AJ2012-2019/AudioJungle Stock Music Bundle/H/Happy Kids Music - [ 20925132 ]/Happy Kids Music (Loop 3).mp3	094207365f91690d3b4c868466f66b80
sib_1	5645686	190606-06AG【AudioJungle宣传包装配乐AE模板背景音乐合集完整67G】/AJ2012-2019/AudioJungle Stock Music Bundle/H/Happy Kids Music - [20925132 ]/Loop 1.wav|190606-06AG【AudioJungle宣传包装配乐AE模板背景音乐合集完整67G】/AJ2012-2019/AudioJungle Stock Music Bundle/H/Happy Kids Music - [ 20925132 ]/Happy Kids Music (Loop 1).wav	e5679cf5965894c765b0fbf26d53deed
sib_1	45108880	190606-06AG【AudioJungle宣传包装配乐AE模板背景音乐合集完整67G】/AJ2012-2019/AudioJungle Stock Music Bundle/H/Happy Kids Music - [20925132 ]/Happy Kids Music_Background verison.wav|190606-06AG【AudioJungle宣传包装配乐AE模板背景音乐合集完整67G】/AJ2012-2019/AudioJungle Stock Music Bundle/H/Happy Kids Music - [ 20925132 ]/Happy Kids Music (Background Verison No Melody).wav	27169b4d6cb66582058a21a229577ee7
sib_1	2061460	190606-06AG【AudioJungle宣传包装配乐AE模板背景音乐合集完整67G】/AJ2012-2019/AudioJungle Stock Music Bundle/H/Happy Kids Music - [20925132 ]/Loop 1.mp3|190606-06AG【AudioJungle宣传包装配乐AE模板背景音乐合集完整67G】/AJ2012-2019/AudioJungle Stock Music Bundle/H/Happy Kids Music - [ 20925132 ]/Happy Kids Music (Loop 1).mp3	4b3fcb77e61bb46f4ce93bc58de9021c
sib_1	5623214	190606-06AG【AudioJungle宣传包装配乐AE模板背景音乐合集完整67G】/AJ2012-2019/AudioJungle Stock Music Bundle/H/Happy Kids Music - [20925132 ]/Loop 2.wav|190606-06AG【AudioJungle宣传包装配乐AE模板背景音乐合集完整67G】/AJ2012-2019/AudioJungle Stock Music Bundle/H/Happy Kids Music - [ 20925132 ]/Happy Kids Music (Loop 2).wav	dd45b86531e508ab671ad0b183837659
sib_1	45270896	190606-06AG【AudioJungle宣传包装配乐AE模板背景音乐合集完整67G】/AJ2012-2019/AudioJungle Stock Music Bundle/H/Happy Kids Music - [20925132 ]/Happy Kids Music_Main Version.wav|190606-06AG【AudioJungle宣传包装配乐AE模板背景音乐合集完整67G】/AJ2012-2019/AudioJungle Stock Music Bundle/H/Happy Kids Music - [ 20925132 ]/Happy Kids Music (Main).wav	b1f9b2d238aef8bf93e50826f98666c4
sib_1	6549740	190606-06AG【AudioJungle宣传包装配乐AE模板背景音乐合集完整67G】/AJ2012-2019/AudioJungle Stock Music Bundle/H/Happy Kids Music - [20925132 ]/Happy Kids Music_Main Version.mp3|190606-06AG【AudioJungle宣传包装配乐AE模板背景音乐合集完整67G】/AJ2012-2019/AudioJungle Stock Music Bundle/H/Happy Kids Music - [ 20925132 ]/Happy Kids Music (Main).mp3	d7afe446eaa49f36b46aac7ae80a07d1
sib_1	6531992	190606-06AG【AudioJungle宣传包装配乐AE模板背景音乐合集完整67G】/AJ2012-2019/AudioJungle Stock Music Bundle/H/Happy Kids Music - [20925132 ]/Happy Kids Music_Background verison.mp3|190606-06AG【AudioJungle宣传包装配乐AE模板背景音乐合集完整67G】/AJ2012-2019/AudioJungle Stock Music Bundle/H/Happy Kids Music - [ 20925132 ]/Happy Kids Music (Background Verison No Melody).mp3	b35a76295728460dbf5502b24a07742e
sib_1	5652366	190606-06AG【AudioJungle宣传包装配乐AE模板背景音乐合集完整67G】/AJ2012-2019/AudioJungle Stock Music Bundle/H/Happy Kids Music - [20925132 ]/Loop 3.wav|190606-06AG【AudioJungle宣传包装配乐AE模板背景音乐合集完整67G】/AJ2012-2019/AudioJungle Stock Music Bundle/H/Happy Kids Music - [ 20925132 ]/Happy Kids Music (Loop 3).wav	67cd03cd62e35af22545b76c38ac69fb
sib_1	2059372	190606-06AG【AudioJungle宣传包装配乐AE模板背景音乐合集完整67G】/AJ2012-2019/AudioJungle Stock Music Bundle/H/Happy Kids Music - [20925132 ]/Loop 2.mp3|190606-06AG【AudioJungle宣传包装配乐AE模板背景音乐合集完整67G】/AJ2012-2019/AudioJungle Stock Music Bundle/H/Happy Kids Music - [ 20925132 ]/Happy Kids Music (Loop 2).mp3	4cd1836dfe6555949ba5afc5f05c344f
sib_1	43935828	190606-06AG【AudioJungle宣传包装配乐AE模板背景音乐合集完整67G】/AJ2012-2019/AudioJungle Stock Music Bundle/H/Happy Pack Vol 3 - [ 20848940 ]/Happy Go Lucky - [ 20726052 ]/20848940_happy-pack-vol-3_by_goodcatstudios_Happy-Go-Lucky.wav|190606-06AG【AudioJungle宣传包装配乐AE模板背景音乐合集完整67G】/AJ2012-2019/AudioJungle Stock Music Bundle/H/Happy Go Lucky - [ 20726052 ]/20726052_happy-go-lucky_by_goodcatstudios_Long.wav	eaca4d8621076419991b28a79281b718
sib_1	6398538	190606-06AG【AudioJungle宣传包装配乐AE模板背景音乐合集完整67G】/AJ2012-2019/AudioJungle Stock Music Bundle/H/Happy Pack Vol 3 - [ 20848940 ]/Happy Go Lucky - [ 20726052 ]/20848940_happy-pack-vol-3_by_goodcatstudios_Happy-Go-Lucky.mp3|190606-06AG【AudioJungle宣传包装配乐AE模板背景音乐合集完整67G】/AJ2012-2019/AudioJungle Stock Music Bundle/H/Happy Go Lucky - [ 20726052 ]/20726052_happy-go-lucky_by_goodcatstudios_Long.mp3	6e1df2b28dee767809c5952acd6722d7
sib_1	7411218	190606-06AG【AudioJungle宣传包装配乐AE模板背景音乐合集完整67G】/AJ2012-2019/AudioJungle Stock Music Bundle/H/Happy Pack Vol 3 - [ 20848940 ]/Ukulele Feel Good - [ 20743738 ]/20848940_happy-pack-vol-3_by_goodcatstudios_Ukulele-Feel-Good.mp3|190606-06AG【AudioJungle宣传包装配乐AE模板背景音乐合集完整67G】/AJ2012-2019/AudioJungle Stock Music Bundle/U/Ukulele Feel Good - [ 20743738 ]/20743738_ukulele-feel-good_by_goodcatstudios_Long.mp3	47206728fa1062a8e2bca36c2d4d5b40
sib_1	52872972	190606-06AG【AudioJungle宣传包装配乐AE模板背景音乐合集完整67G】/AJ2012-2019/AudioJungle Stock Music Bundle/H/Happy Pack Vol 3 - [ 20848940 ]/Ukulele Feel Good - [ 20743738 ]/20848940_happy-pack-vol-3_by_goodcatstudios_Ukulele-Feel-Good.wav|190606-06AG【AudioJungle宣传包装配乐AE模板背景音乐合集完整67G】/AJ2012-2019/AudioJungle Stock Music Bundle/U/Ukulele Feel Good - [ 20743738 ]/20743738_ukulele-feel-good_by_goodcatstudios_Long.wav	885dd6ab4cc2b5f813132555872acfdb
sib_1	5000350	190606-06AG【AudioJungle宣传包装配乐AE模板背景音乐合集完整67G】/AJ2012-2019/AudioJungle Stock Music Bundle/H/Heroic Orchestral Hip-Hop - [ 20511656 ]/Heroic Orchestral Hip Hop (Original Version).mp3|190606-06AG【AudioJungle宣传包装配乐AE模板背景音乐合集完整67G】/AJ2012-2019/AudioJungle Stock Music Bundle/H/Heroic Orchestral Hip Hop - [ 20511656 ]/20511656_heroic-orchestral-hip-hop_by_paul_velchev.mp3	9c97969d575b3f32eccfc1731ab63aa3
sib_1	5711149	190606-06AG【AudioJungle宣传包装配乐AE模板背景音乐合集完整67G】/AJ2012-2019/AudioJungle Stock Music Bundle/H/Heavenly Choral Music - [ 5306062 ]/A New Dawn - [ 3268168 ]/A New Dawn (Full).mp3|190606-06AG【AudioJungle宣传包装配乐AE模板背景音乐合集完整67G】/AJ2012-2019/AudioJungle Stock Music Bundle/A/A New Dawn - [ 3268168 ]/A New Dawn (Full).mp3	102765f0b7b4a3e5388b3389505156cc
sib_1	5256610	190606-06AG【AudioJungle宣传包装配乐AE模板背景音乐合集完整67G】/AJ2012-2019/AudioJungle Stock Music Bundle/H/Heavenly Choral Music - [ 5306062 ]/Heaven - [ 3117005 ]/Heaven (Full).mp3|190606-06AG【AudioJungle宣传包装配乐AE模板背景音乐合集完整67G】/AJ2012-2019/AudioJungle Stock Music Bundle/H/Heaven - [ 3117005 ]/Heaven (Full).mp3	a52c31830f64e32a514158f4d5663bc3
sib_1	4049409	190606-06AG【AudioJungle宣传包装配乐AE模板背景音乐合集完整67G】/AJ2012-2019/AudioJungle Stock Music Bundle/H/Happy Children Play - [ 22067065 ]/22067065_happy-children-play_by_markband.mp3|190606-06AG【AudioJungle宣传包装配乐AE模板背景音乐合集完整67G】/AJ2012-2019/AudioJungle Stock Music Bundle/U/Uplifting Funny Children Music - [ 22236250 ]/Uplifting Funny Children Music (Full).mp3	77a62bb50f4dad6d5ca74063c8b5b4c7
sib_1	25827162	190606-06AG【AudioJungle宣传包装配乐AE模板背景音乐合集完整67G】/AJ2012-2019/AudioJungle Stock Music Bundle/H/Happiness - [ 5539400 ]/Happiness (Main).wav|190606-06AG【AudioJungle宣传包装配乐AE模板背景音乐合集完整67G】/AJ2012-2019/AudioJungle Stock Music Bundle/H/Happy Times - [ 5539400 ]/Happy Times.wav	7cc5ea0a2d936b2fe2a41f283b538091
sib_1	7087263	190606-06AG【AudioJungle宣传包装配乐AE模板背景音乐合集完整67G】/AJ2012-2019/AudioJungle Stock Music Bundle/H/Happiness - [ 5539400 ]/Happiness (Alt Version).mp3|190606-06AG【AudioJungle宣传包装配乐AE模板背景音乐合集完整67G】/AJ2012-2019/AudioJungle Stock Music Bundle/H/Happy Times - [ 5539400 ]/Happy Times alt vers.mp3	c400ba4bae38d6e7afb49d1224e46cd0
sib_1	4724747	190606-06AG【AudioJungle宣传包装配乐AE模板背景音乐合集完整67G】/AJ2012-2019/AudioJungle Stock Music Bundle/H/Happiness - [ 5539400 ]/Happiness (Short).mp3|190606-06AG【AudioJungle宣传包装配乐AE模板背景音乐合集完整67G】/AJ2012-2019/AudioJungle Stock Music Bundle/H/Happy Times - [ 5539400 ]/Happy Times (short).mp3	53fe8cabc0b00a92668a761473b5fedd
sib_1	7083066	190606-06AG【AudioJungle宣传包装配乐AE模板背景音乐合集完整67G】/AJ2012-2019/AudioJungle Stock Music Bundle/H/Happiness - [ 5539400 ]/Happiness (Main).mp3|190606-06AG【AudioJungle宣传包装配乐AE模板背景音乐合集完整67G】/AJ2012-2019/AudioJungle Stock Music Bundle/H/Happy Times - [ 5539400 ]/Happy Times.mp3	a468688e33e75579d0164aa369b886fd
sib_1	25847558	190606-06AG【AudioJungle宣传包装配乐AE模板背景音乐合集完整67G】/AJ2012-2019/AudioJungle Stock Music Bundle/H/Happiness - [ 5539400 ]/Happiness (Alt Version).wav|190606-06AG【AudioJungle宣传包装配乐AE模板背景音乐合集完整67G】/AJ2012-2019/AudioJungle Stock Music Bundle/H/Happy Times - [ 5539400 ]/Happy Times alt vers.wav	34bcb2108b539ede934cb390d8029d6d
sib_1	15406032	190606-06AG【AudioJungle宣传包装配乐AE模板背景音乐合集完整67G】/AJ2012-2019/AudioJungle Stock Music Bundle/H/Happiness - [ 5539400 ]/Happiness (Short).wav|190606-06AG【AudioJungle宣传包装配乐AE模板背景音乐合集完整67G】/AJ2012-2019/AudioJungle Stock Music Bundle/H/Happy Times - [ 5539400 ]/Happy Times (short).wav	883ff8061bb345d3a4e673e3d431dc3d
sib_1	5542419	190606-06AG【AudioJungle宣传包装配乐AE模板背景音乐合集完整67G】/AJ2012-2019/AudioJungle Stock Music Bundle/H/Happy Background Music - [ 21369645 ]/Happy Background Music.mp3|190606-06AG【AudioJungle宣传包装配乐AE模板背景音乐合集完整67G】/AJ2012-2019/AudioJungle Stock Music Bundle/U/Upbeat Happy Pack - [ 21440278 ]/Happy Background Music - [ 21369645 ]/Happy Background Music.mp3	13c535fe5cb4e954e35bae338cd44ee8
sib_1	45085736	190606-06AG【AudioJungle宣传包装配乐AE模板背景音乐合集完整67G】/AJ2012-2019/AudioJungle Stock Music Bundle/H/Happy Background Music - [ 21369645 ]/Happy Background Music.wav|190606-06AG【AudioJungle宣传包装配乐AE模板背景音乐合集完整67G】/AJ2012-2019/AudioJungle Stock Music Bundle/U/Upbeat Happy Pack - [ 21440278 ]/Happy Background Music - [ 21369645 ]/Happy Background Music.wav	8f3949e1cf5779b20f5d2c45228f9ee8
sib_1	6315790	190606-06AG【AudioJungle宣传包装配乐AE模板背景音乐合集完整67G】/AJ2012-2019/AudioJungle Stock Music Bundle/U/Upbeat Fashion Lounge Corporate - [ 17689371 ]/Upbeat Fashion Lounge Corporate (Main).mp3|190606-06AG【AudioJungle宣传包装配乐AE模板背景音乐合集完整67G】/AJ2012-2019/AudioJungle Stock Music Bundle/U/Upbeat Fashion Corporate - [ 17689371 ]/17689371_upbeat-fashion-corporate_by_luxuryloungebeats.mp3	4c21c01f8d27465d0b3d42e3a43336db
sib_1	4271114	190606-06AG【AudioJungle宣传包装配乐AE模板背景音乐合集完整67G】/AJ2012-2019/AudioJungle Stock Music Bundle/U/Upbeat Style - [ 15797092 ]/15797092_upbeat-funk-commercial_by_guitarsstate_treca.mp3|190606-06AG【AudioJungle宣传包装配乐AE模板背景音乐合集完整67G】/AJ2012-2019/AudioJungle Stock Music Bundle/U/Upbeat Funk Commercial - [ 15797092 ]/Upbeat Funk Commercial (Full).mp3	0430cb13db3779f558fe206e420dd756
sib_1	25994876	190606-06AG【AudioJungle宣传包装配乐AE模板背景音乐合集完整67G】/AJ2012-2019/AudioJungle Stock Music Bundle/U/Uplifting Sentimental Acoustic Folk - [ 489439 ]/And So It Goes (Full Main).wav|190606-06AG【AudioJungle宣传包装配乐AE模板背景音乐合集完整67G】/AJ2012-2019/AudioJungle Stock Music Bundle/A/And So It Goes Acoustic - [ 489439 ]/And So It Goes.wav	3cd7fb00d8e7cc361e0d47dd19084469
sib_1	7132033	190606-06AG【AudioJungle宣传包装配乐AE模板背景音乐合集完整67G】/AJ2012-2019/AudioJungle Stock Music Bundle/U/Uplifting Sentimental Acoustic Folk - [ 489439 ]/And So It Goes (Full Main).mp3|190606-06AG【AudioJungle宣传包装配乐AE模板背景音乐合集完整67G】/AJ2012-2019/AudioJungle Stock Music Bundle/A/And So It Goes Acoustic - [ 489439 ]/And So It Goes.mp3	d2a0ae1a3746be67beaa42561feaa69d
sib_1	267555	190606-06AG【AudioJungle宣传包装配乐AE模板背景音乐合集完整67G】/AJ2012-2019/AudioJungle Stock Music Bundle/U/Uplifting Inspiring Piano Brilliant Ideas - [ 20889997 ]/Info.pdf|190606-06AG【AudioJungle宣传包装配乐AE模板背景音乐合集完整67G】/AJ2012-2019/AudioJungle Stock Music Bundle/C/Christmas Snow - [ 20926343 ]/Info.pdf|190606-06AG【AudioJungle宣传包装配乐AE模板背景音乐合集完整67G】/AJ2012-2019/AudioJungle Stock Music Bundle/A/A Quirky Jingle Bells - [ 19117758 ]/Info.pdf	91c670a0d2fb8ad0353ef63654c9a0da
sib_1	3467444	190606-06AG【AudioJungle宣传包装配乐AE模板背景音乐合集完整67G】/AJ2012-2019/AudioJungle Stock Music Bundle/U/Upbeat Happy Pack - [ 21440278 ]/Cheerful Background - [ 21363087 ]/Cheerful Background.mp3|190606-06AG【AudioJungle宣传包装配乐AE模板背景音乐合集完整67G】/AJ2012-2019/AudioJungle Stock Music Bundle/C/Cheerful Background - [ 21363087 ]/Cheerful Background.mp3	8047b4b62f2cd480ddc5e22ec8756835
sib_1	22185568	190606-06AG【AudioJungle宣传包装配乐AE模板背景音乐合集完整67G】/AJ2012-2019/AudioJungle Stock Music Bundle/U/Upbeat Happy Pack - [ 21440278 ]/Cheerful Background - [ 21363087 ]/Cheerful Background.wav|190606-06AG【AudioJungle宣传包装配乐AE模板背景音乐合集完整67G】/AJ2012-2019/AudioJungle Stock Music Bundle/C/Cheerful Background - [ 21363087 ]/Cheerful Background.wav	d8a2039fd8f9162966e5d3b57a01003a
sib_1	34200524	190606-06AG【AudioJungle宣传包装配乐AE模板背景音乐合集完整67G】/AJ2012-2019/AudioJungle Stock Music Bundle/U/Upbeat Corporate Inspiring Uplifting - [ 103978 ]/Upbeat Corporate Inspiring Uplifting (Main track Short).wav|190606-06AG【AudioJungle宣传包装配乐AE模板背景音乐合集完整67G】/AJ2012-2019/AudioJungle Stock Music Bundle/A/Add Loudness - [ 103978 ]/Add_Loudness.wav	869688ad65ae26c345dac432d5ab3be9
sib_1	2716320	190606-06AG【AudioJungle宣传包装配乐AE模板背景音乐合集完整67G】/AJ2012-2019/AudioJungle Stock Music Bundle/C/Clean Streaks Logo - [ 7231270 ]/Clean Streaks Logo.wav|190606-06AG【AudioJungle宣传包装配乐AE模板背景音乐合集完整67G】/AJ2012-2019/AudioJungle Stock Music Bundle/Q/Quick Logo Sting Pack - [ 7477588 ]/Clean Streaks Logo - [ 7231270 ]/Clean Streaks Logo.wav	28533ae7b14607752765a63aaa7a292f
sib_1	1851646	190606-06AG【AudioJungle宣传包装配乐AE模板背景音乐合集完整67G】/AJ2012-2019/AudioJungle Stock Music Bundle/C/Clean Streaks Logo - [ 7231270 ]/Clean Streaks Logo.mp3|190606-06AG【AudioJungle宣传包装配乐AE模板背景音乐合集完整67G】/AJ2012-2019/AudioJungle Stock Music Bundle/Q/Quick Logo Sting Pack - [ 7477588 ]/Clean Streaks Logo - [ 7231270 ]/Clean Streaks Logo.mp3	36edfd90c5471e49e1bbdff4e7f93d86
sib_1	3870646	190606-06AG【AudioJungle宣传包装配乐AE模板背景音乐合集完整67G】/AJ2012-2019/AudioJungle Stock Music Bundle/C/Cute Tune - [ 6718513 ]/6718513_cute-tune_by_331.mp3|190606-06AG【AudioJungle宣传包装配乐AE模板背景音乐合集完整67G】/AJ2012-2019/AudioJungle Stock Music Bundle/C/Cunning - [ 6718513 ]/Cunning (Full).mp3	75e583a1b237c86e1ccbcc9448e848b3
sib_1	3841289	190606-06AG【AudioJungle宣传包装配乐AE模板背景音乐合集完整67G】/AJ2012-2019/AudioJungle Stock Music Bundle/C/Christmas Joy - [ 18830640 ]/18830640_christmas-joy_by_studiokolomna.mp3|190606-06AG【AudioJungle宣传包装配乐AE模板背景音乐合集完整67G】/AJ2012-2019/AudioJungle Stock Music Bundle/C/Christmas Joy - [ 18830640 ]/Christmas Joy (60sec Cut).mp3	28cef397cd2df9aa1925e3d127f67e6e
sib_1	5201743	190606-06AG【AudioJungle宣传包装配乐AE模板背景音乐合集完整67G】/AJ2012-2019/AudioJungle Stock Music Bundle/C/Cinematic Trip Hop - [ 20593536 ]/20593536_cinematic-trip-hop_by_arthaiz.mp3|190606-06AG【AudioJungle宣传包装配乐AE模板背景音乐合集完整67G】/AJ2012-2019/AudioJungle Stock Music Bundle/C/Cinematic Trip-Hop - [ 20593536 ]/Cinematic Trip-Hop (Full).mp3	e895809d37b4b6ff7017a16b18aecdc3
sib_1	14889242	190606-06AG【AudioJungle宣传包装配乐AE模板背景音乐合集完整67G】/AJ2012-2019/AudioJungle Stock Music Bundle/C/Christmas Magic - [ 609566 ]/Christmas Magic.wav|190606-06AG【AudioJungle宣传包装配乐AE模板背景音乐合集完整67G】/AJ2012-2019/AudioJungle Stock Music Bundle/C/Cinematic Christmas Pack 1 - [ 700280 ]/Christmas Magic - [ 609566 ]/Christmas Magic.wav	51f4d3379c998abdd9486ab8fcd15e7e
sib_1	3231318	190606-06AG【AudioJungle宣传包装配乐AE模板背景音乐合集完整67G】/AJ2012-2019/AudioJungle Stock Music Bundle/C/Corporate Logo Pack - [ 513541 ]/Action Logo - [ 234461 ]/Action logo.wav|190606-06AG【AudioJungle宣传包装配乐AE模板背景音乐合集完整67G】/AJ2012-2019/AudioJungle Stock Music Bundle/A/Action Logo - [ 234461 ]/Action logo.wav	de5f82ebfb3a4236fcb86767704cf9a6
sib_1	3359494	190606-06AG【AudioJungle宣传包装配乐AE模板背景音乐合集完整67G】/AJ2012-2019/AudioJungle Stock Music Bundle/C/Corporate Logo Pack - [ 513541 ]/A Bright Flash Logo - [ 236498 ]/A Bright Flash Logo.wav|190606-06AG【AudioJungle宣传包装配乐AE模板背景音乐合集完整67G】/AJ2012-2019/AudioJungle Stock Music Bundle/A/A Bright Flash Logo - [ 236498 ]/A Bright Flash Logo.wav	7e1b63f75e9ed231a4f2236a0992154d
sib_1	3053054	190606-06AG【AudioJungle宣传包装配乐AE模板背景音乐合集完整67G】/AJ2012-2019/AudioJungle Stock Music Bundle/C/Corporate Logo Pack - [ 513541 ]/Confident Logo - [ 238303 ]/Confident Logo.wav|190606-06AG【AudioJungle宣传包装配乐AE模板背景音乐合集完整67G】/AJ2012-2019/AudioJungle Stock Music Bundle/C/Confident Logo - [ 238303 ]/Confident Logo.wav	4f809b785f7bf7efef1ef6ddc5b9db50
sib_1	16588232	190606-06AG【AudioJungle宣传包装配乐AE模板背景音乐合集完整67G】/AJ2012-2019/AudioJungle Stock Music Bundle/C/Christmas - [ 6412236 ]/Christmas wav.wav|190606-06AG【AudioJungle宣传包装配乐AE模板背景音乐合集完整67G】/AJ2012-2019/AudioJungle Stock Music Bundle/C/Christmas Inspiration - [ 6412236 ]/Christmas Inspiration.wav	7593a3914d61c38a83100190f8dd0317
sib_1	4999148	190606-06AG【AudioJungle宣传包装配乐AE模板背景音乐合集完整67G】/AJ2012-2019/AudioJungle Stock Music Bundle/C/Christmas - [ 6412236 ]/Christmas mp3.mp3|190606-06AG【AudioJungle宣传包装配乐AE模板背景音乐合集完整67G】/AJ2012-2019/AudioJungle Stock Music Bundle/C/Christmas Inspiration - [ 6412236 ]/Christmas Inspiration.mp3	077bc5b16b25a833d226363e99d2dec4
sib_1	5826160	190606-06AG【AudioJungle宣传包装配乐AE模板背景音乐合集完整67G】/AJ2012-2019/AudioJungle Stock Music Bundle/C/Christmas Loops - [ 148332 ]/Christmas Loop - [ 147849 ]/Christmas Loop.wav|190606-06AG【AudioJungle宣传包装配乐AE模板背景音乐合集完整67G】/AJ2012-2019/AudioJungle Stock Music Bundle/C/Christmas Loop - [ 147849 ]/Christmas Loop.wav	1bd9e08e2f253ff225baa3a305280cad
sib_1	12835580	190606-06AG【AudioJungle宣传包装配乐AE模板背景音乐合集完整67G】/AJ2012-2019/AudioJungle Stock Music Bundle/C/Christmas Time Is Coming - [ 135840 ]/Christmas Time Is Coming (v.2).wav|190606-06AG【AudioJungle宣传包装配乐AE模板背景音乐合集完整67G】/AJ2012-2019/AudioJungle Stock Music Bundle/C/Cinematic Christmas Pack 1 - [ 700280 ]/Christmas Time Is Coming - [ 135840 ]/Christmas Time Is Coming (Full Non Intro).wav	f75f7b042a8150c31c26a3d29802144f
sib_1	13613256	190606-06AG【AudioJungle宣传包装配乐AE模板背景音乐合集完整67G】/AJ2012-2019/AudioJungle Stock Music Bundle/C/Christmas Time Is Coming - [ 135840 ]/Christmas Time Is Coming (v.1).wav|190606-06AG【AudioJungle宣传包装配乐AE模板背景音乐合集完整67G】/AJ2012-2019/AudioJungle Stock Music Bundle/C/Cinematic Christmas Pack 1 - [ 700280 ]/Christmas Time Is Coming - [ 135840 ]/Christmas Time Is Coming.wav	3aec619e6f1ed3d1ec0768557044994e
sib_1	6565306	190606-06AG【AudioJungle宣传包装配乐AE模板背景音乐合集完整67G】/AJ2012-2019/AudioJungle Stock Music Bundle/C/Cinematic Trailer Pack - [ 5182636 ]/A Trailer - [ 5061972 ]/Trailer.mp3|190606-06AG【AudioJungle宣传包装配乐AE模板背景音乐合集完整67G】/AJ2012-2019/AudioJungle Stock Music Bundle/A/A Trailer - [ 5061972 ]/A Trailer (Full).mp3	f44076d1699e5cfaa8c6cf8e1f705c61
sib_1	23517086	190606-06AG【AudioJungle宣传包装配乐AE模板背景音乐合集完整67G】/AJ2012-2019/AudioJungle Stock Music Bundle/C/Cinematic Trailer Pack - [ 5182636 ]/A Trailer - [ 5061972 ]/Trailer.wav|190606-06AG【AudioJungle宣传包装配乐AE模板背景音乐合集完整67G】/AJ2012-2019/AudioJungle Stock Music Bundle/A/A Trailer - [ 5061972 ]/A Trailer (Full).wav	4955f87e00b1ea4cc9f10c7e02e29bef
sib_1	8694022	190606-06AG【AudioJungle宣传包装配乐AE模板背景音乐合集完整67G】/AJ2012-2019/AudioJungle Stock Music Bundle/C/Cinematic Trailer Pack - [ 5182636 ]/Cinematic - [ 4500627 ]/Cinematic.mp3|190606-06AG【AudioJungle宣传包装配乐AE模板背景音乐合集完整67G】/AJ2012-2019/AudioJungle Stock Music Bundle/C/Cinematic - [ 4500627 ]/Cinematic (Full).mp3	7d3acc2c289e5d4f1b12adf4ef483c8d
sib_1	33105626	190606-06AG【AudioJungle宣传包装配乐AE模板背景音乐合集完整67G】/AJ2012-2019/AudioJungle Stock Music Bundle/C/Cinematic Trailer Pack - [ 5182636 ]/Cinematic - [ 4500627 ]/Cinematic.wav|190606-06AG【AudioJungle宣传包装配乐AE模板背景音乐合集完整67G】/AJ2012-2019/AudioJungle Stock Music Bundle/C/Cinematic - [ 4500627 ]/Cinematic (Full).wav	90f59d874e0e083c41dce02d691e7d10
sib_1	11401806	190606-06AG【AudioJungle宣传包装配乐AE模板背景音乐合集完整67G】/AJ2012-2019/AudioJungle Stock Music Bundle/C/Christmas Is Coming - [ 141466 ]/Christmas Is Coming (Full).wav|190606-06AG【AudioJungle宣传包装配乐AE模板背景音乐合集完整67G】/AJ2012-2019/AudioJungle Stock Music Bundle/C/Christmas Music Pack - [ 145547 ]/Christmas Is Coming - [ 141466 ]/Christmas Is Coming.wav	9398aca3efb0bc85ca627537adce3406
sib_1	29112324	190606-06AG【AudioJungle宣传包装配乐AE模板背景音乐合集完整67G】/AJ2012-2019/AudioJungle Stock Music Bundle/C/Chillout Background - [ 147653 ]/Chillout Background.wav|190606-06AG【AudioJungle宣传包装配乐AE模板背景音乐合集完整67G】/AJ2012-2019/AudioJungle Stock Music Bundle/C/Chillout Background - [ 147653 ]/The Mirror Of Time.wav	49e7253e7dae7f8de0efe08def917d44
sib_1	8303902	190606-06AG【AudioJungle宣传包装配乐AE模板背景音乐合集完整67G】/AJ2012-2019/AudioJungle Stock Music Bundle/C/Christmas Logo - [ 77775 ]/Cristmas Logo.wav|190606-06AG【AudioJungle宣传包装配乐AE模板背景音乐合集完整67G】/AJ2012-2019/AudioJungle Stock Music Bundle/C/Christmas Logo Intro - [ 77775 ]/Christmas Logo Intro (Full).wav	14e8a705c521d50ee972757a02fc76e5
sib_1	4548467	190606-06AG【AudioJungle宣传包装配乐AE模板背景音乐合集完整67G】/AJ2012-2019/AudioJungle Stock Music Bundle/C/Christmas Magic Tale - [ 18519489 ]/18519489 _FlameLionStudio_ Christmas Magic Tale.mp3|190606-06AG【AudioJungle宣传包装配乐AE模板背景音乐合集完整67G】/AJ2012-2019/AudioJungle Stock Music Bundle/C/Christmas Magic Tale - [ 18519489 ]/Christmas Magic Tale (Short).mp3	2bed409725cd91d523e9063cc6eb47e7
sib_1	19960892	190606-06AG【AudioJungle宣传包装配乐AE模板背景音乐合集完整67G】/AJ2012-2019/AudioJungle Stock Music Bundle/C/Colors - [ 4857853 ]/Colors - guitar version.wav|190606-06AG【AudioJungle宣传包装配乐AE模板背景音乐合集完整67G】/AJ2012-2019/AudioJungle Stock Music Bundle/A/Acoustic - [ 4857853 ]/Acoustic Colors (Guitar Version).wav	4384a7f6aa07dda6350c44d1b901ad2c
sib_1	26601832	190606-06AG【AudioJungle宣传包装配乐AE模板背景音乐合集完整67G】/AJ2012-2019/AudioJungle Stock Music Bundle/C/Colors - [ 4857853 ]/Colors - long version guitar.wav|190606-06AG【AudioJungle宣传包装配乐AE模板背景音乐合集完整67G】/AJ2012-2019/AudioJungle Stock Music Bundle/A/Acoustic - [ 4857853 ]/Acoustic Colors (Main).wav	d3a38089bb5daebd1ebe296edbad6db4
sib_1	5763343	190606-06AG【AudioJungle宣传包装配乐AE模板背景音乐合集完整67G】/AJ2012-2019/AudioJungle Stock Music Bundle/C/Colors - [ 4857853 ]/Colors - piano version.mp3|190606-06AG【AudioJungle宣传包装配乐AE模板背景音乐合集完整67G】/AJ2012-2019/AudioJungle Stock Music Bundle/A/Acoustic - [ 4857853 ]/Acoustic Colors (Piano Version).mp3	4d1c1a509cb2f4115ddc7f69e2321bd5
sib_1	5763343	190606-06AG【AudioJungle宣传包装配乐AE模板背景音乐合集完整67G】/AJ2012-2019/AudioJungle Stock Music Bundle/C/Colors - [ 4857853 ]/Colors - guitar version.mp3|190606-06AG【AudioJungle宣传包装配乐AE模板背景音乐合集完整67G】/AJ2012-2019/AudioJungle Stock Music Bundle/A/Acoustic - [ 4857853 ]/Acoustic Colors (Guitar Version).mp3	bf7a0fb5e8d7baeaf56badd23006ac96
sib_1	19960892	190606-06AG【AudioJungle宣传包装配乐AE模板背景音乐合集完整67G】/AJ2012-2019/AudioJungle Stock Music Bundle/C/Colors - [ 4857853 ]/Colors - piano version.wav|190606-06AG【AudioJungle宣传包装配乐AE模板背景音乐合集完整67G】/AJ2012-2019/AudioJungle Stock Music Bundle/A/Acoustic - [ 4857853 ]/Acoustic Colors (Piano Version).wav	cd14d0f9d320217b260224303de1dd0f
sib_1	7269009	190606-06AG【AudioJungle宣传包装配乐AE模板背景音乐合集完整67G】/AJ2012-2019/AudioJungle Stock Music Bundle/C/Colors - [ 4857853 ]/Colors - long version guitar.mp3|190606-06AG【AudioJungle宣传包装配乐AE模板背景音乐合集完整67G】/AJ2012-2019/AudioJungle Stock Music Bundle/A/Acoustic - [ 4857853 ]/Acoustic Colors (Main).mp3	b53273ae10eb72532760fcbf1fe351a9
sib_1	4822134	190606-06AG【AudioJungle宣传包装配乐AE模板背景音乐合集完整67G】/AJ2012-2019/AudioJungle Stock Music Bundle/C/Cinematic Christmas Pack 1 - [ 700280 ]/Christmas Story - [ 135330 ]/Christmas Story (3).wav|190606-06AG【AudioJungle宣传包装配乐AE模板背景音乐合集完整67G】/AJ2012-2019/AudioJungle Stock Music Bundle/C/Christmas Story - [ 135330 ]/Christmas Story (3).wav	9d22c19215aae9428cf881ed99cccba9
sib_1	9038966	190606-06AG【AudioJungle宣传包装配乐AE模板背景音乐合集完整67G】/AJ2012-2019/AudioJungle Stock Music Bundle/C/Cinematic Christmas Pack 1 - [ 700280 ]/Christmas Story - [ 135330 ]/Christmas Story (2).wav|190606-06AG【AudioJungle宣传包装配乐AE模板背景音乐合集完整67G】/AJ2012-2019/AudioJungle Stock Music Bundle/C/Christmas Story - [ 135330 ]/Christmas Story (2).wav	67e2622270a2481d84a85172042a43cf
sib_1	4584213	190606-06AG【AudioJungle宣传包装配乐AE模板背景音乐合集完整67G】/AJ2012-2019/AudioJungle Stock Music Bundle/C/Cinematic Christmas Pack 1 - [ 700280 ]/Christmas Story - [ 135330 ]/Christmas Story (Short).mp3|190606-06AG【AudioJungle宣传包装配乐AE模板背景音乐合集完整67G】/AJ2012-2019/AudioJungle Stock Music Bundle/C/Christmas Story - [ 135330 ]/Christmas Story (Short).mp3	58ddef56e56f6a1c00a629af9614770f
sib_1	7503411	190606-06AG【AudioJungle宣传包装配乐AE模板背景音乐合集完整67G】/AJ2012-2019/AudioJungle Stock Music Bundle/A/Acoustic Dream - [ 9754053 ]/Acoustic Dream (Original Version).mp3|190606-06AG【AudioJungle宣传包装配乐AE模板背景音乐合集完整67G】/AJ2012-2019/AudioJungle Stock Music Bundle/A/Acoustic Dream - [ 9754053 ]/9754053_acoustic-dream_by_monophonicspace.mp3	774f0a40a83d80c9daa04950524638f2
sib_1	5402366	190606-06AG【AudioJungle宣传包装配乐AE模板背景音乐合集完整67G】/AJ2012-2019/AudioJungle Stock Music Bundle/A/Abstract Glitch Effects Pack - [ 1463255 ]/Akward Moment Atmos..wav|190606-06AG【AudioJungle宣传包装配乐AE模板背景音乐合集完整67G】/AJ2012-2019/AudioJungle Stock Music Bundle/A/Abstract Glitch Effects Pack - [ 1463255 ]/Akward Moment Atmos.wav	c97c377ebf86f92217162cfd3634a509
sib_1	1682584	190606-06AG【AudioJungle宣传包装配乐AE模板背景音乐合集完整67G】/AJ2012-2019/SFX/23048696_ambient-sound_by_itsy_studio_preview.mp3|190606-06AG【AudioJungle宣传包装配乐AE模板背景音乐合集完整67G】/AJ2012-2019/SFX/23048696_ambient-sound_by_itsy_studio_preview (1).mp3	3c86a6cdd6696a55f6f7aa09cc1a5f96
sib_1	123	大气深沉5【音效：大气深沉浑厚有力重低音环境气氛微电影抖音渲染音效】/Statement环境气氛WAV音效/晶品CG.url|转场音效-329个常用呼嘣哄唰嗖啾咻视频转场音效微电影抖音素材/Sounds And Whooshes Volume 1/晶品CG.url	55a54bc282cff964246cb1ed47a22bb7
sib_1	117	大气深沉5【音效：大气深沉浑厚有力重低音环境气氛微电影抖音渲染音效】/Statement环境气氛WAV音效/飞鸟博客.url|转场音效-329个常用呼嘣哄唰嗖啾咻视频转场音效微电影抖音素材/Sounds And Whooshes Volume 1/飞鸟博客.url	f0b219c8b233dee351c9bcbc33a2ad5c
sib_1	299	大气深沉5【音效：大气深沉浑厚有力重低音环境气氛微电影抖音渲染音效】/Statement环境气氛WAV音效/中文动作.url|转场音效-329个常用呼嘣哄唰嗖啾咻视频转场音效微电影抖音素材/Sounds And Whooshes Volume 1/中文动作.url	89df7c4b7a0263adc2fd1327c078e6f3
sib_1	116	Multiply Sound@影采/3.CHPTRS Film Score Collection/3.CHPTRS Film Score Collection/无忧客丨官方站点（全资源发布）.url|Multiply Sound@影采/1.Film Score Collection V1/1. Film Score Collection V1/2. Riffs_Melodies - 连复段_旋律音色/10. Cello 1 (Minor) - 大提琴音色1（小调）/无忧客丨官方站点（全资源发布）.url|Multiply Sound@影采/1.Film Score Collection V1/1. Film Score Collection V1/2. Riffs_Melodies - 连复段_旋律音色/6. High String Harmonics (Major) - 高音弦乐泛音（大调）/无忧客丨官方站点（全资源发布）.url|Multiply Sound@影采/1.Film Score Collection V1/1. Film Score Collection V1/2. Riffs_Melodies - 连复段_旋律音色/14. String Pluck (Minor) - 拨奏弦乐（小调）/无忧客丨官方站点（全资源发布）.url|Multiply Sound@影采/1.Film Score Collection V1/1. Film Score Collection V1/3. Rhythms - 节奏型音色/8. Driving Electric Bass (Minor) 120bpm - 行进动感电贝斯（小调）120拍/无忧客丨官方站点（全资源发布）.url|Multiply Sound@影采/1.Film Score Collection V1/1. Film Score Collection V1/3. Rhythms - 节奏型音色/4. Synth Pluck (Major) 90bpm - 清脆拨音合成器（大调）90拍/无忧客丨官方站点（全资源发布）.url|Multiply Sound@影采/1.Film Score Collection V1/1. Film Score Collection V1/3. Rhythms - 节奏型音色/1. Piano Pattern (Major) 90bpm - 钢琴节奏织体（大调）90拍/无忧客丨官方站点（全资源发布）.url|Multiply Sound@影采/1.Film Score Collection V1/1. Film Score Collection V1/5. Melodic Hits - 旋律打击音色/无忧客丨官方站点（全资源发布）.url|Multiply Sound@影采/1.Film Score Collection V1/1. Film Score Collection V1/5. Melodic Hits - 旋律打击音色/8. Wavering Tone (Minor) - 摇曳颤音音色（小调）/无忧客丨官方站点（全资源发布）.url|Multiply Sound@影采/1.Film Score Collection V1/1. Film Score Collection V1/5. Melodic Hits - 旋律打击音色/2. Piano Low Note (Major_Minor) - 低音单音钢琴（大小调通用）/无忧客丨官方站点（全资源发布）.url|Multiply Sound@影采/1.Film Score Collection V1/1. Film Score Collection V1/5. Melodic Hits - 旋律打击音色/5. Boom & Brass (Major_Minor) - 厚重低频+铜管（大小调通用）/无忧客丨官方站点（全资源发布）.url|Multiply Sound@影采/1.Film Score Collection V1/1. Film Score Collection V1/1. Pads_Drones - 氛围铺底_持续嗡鸣音色/11. Ghostly (Minor) - 幽寂魅影音色（小调）/无忧客丨官方站点（全资源发布）.url|Multiply Sound@影采/1.Film Score Collection V1/1. Film Score Collection V1/1. Pads_Drones - 氛围铺底_持续嗡鸣音色/9. Streching Strain (Minor) - 紧绷拉伸氛围音色（小调）/无忧客丨官方站点（全资源发布）.url|Multiply Sound@影采/Multiply Sound Film Score Collection Vol.3/海量混音编曲精品资源VIP.url|Multiply Sound@影采/2.Film Score Collection V2/2. Film Score Collection V2/7. Melodic Transitions-（粘合效果）/无忧客丨官方站点（全资源发布）.url|Multiply Sound@影采/2.Film Score Collection V2/2. Film Score Collection V2/5. Melodic Hits-旋律打击音色（粘合效果）/无忧客丨官方站点（全资源发布）.url|Multiply Sound@影采/2.Film Score Collection V2/2. Film Score Collection V2/1. Pads_Drones-氛围铺底音_持续嗡鸣音色（非速度同步）/无忧客丨官方站点（全资源发布）.url|Multiply Sound@影采/2.Film Score Collection V2/2. Film Score Collection V2/2. Riffs_Melodies-重复连复段_旋律音色（非速度同步）/无忧客丨官方站点（全资源发布）.url|Multiply Sound@影采/2.Film Score Collection V2/2. Film Score Collection V2/6.  Melodic Risers-旋律渐强上升音色（粘合效果）/无忧客丨官方站点（全资源发布）.url|Multiply Sound@影采/2.Film Score Collection V2/2. Film Score Collection V2/6.  Melodic Risers-旋律渐强上升音色（粘合效果）/8. Kingdom Come (Major) - 恢弘圣境氛围（大调）/无忧客丨官方站点（全资源发布）.url|Multiply Sound@影采/2.Film Score Collection V2/2. Film Score Collection V2/6.  Melodic Risers-旋律渐强上升音色（粘合效果）/13. Chaos (Minor) - 混沌幽暗音色（小调）/无忧客丨官方站点（全资源发布）.url|Multiply Sound@影采/2.Film Score Collection V2/2. Film Score Collection V2/6.  Melodic Risers-旋律渐强上升音色（粘合效果）/5. Cello High Build (Major_Minor) - 高音大提琴渐强铺垫（大小调通用）/无忧客丨官方站点（全资源发布）.url|Multiply Sound@影采/2.Film Score Collection V2/2. Film Score Collection V2/3. Rhythms-节奏型音色（速度同步）/无忧客丨官方站点（全资源发布）.url|Multiply Sound@影采/2.Film Score Collection V2/2. Film Score Collection V2/4. Drums-鼓组音色（速度同步）/无忧客丨官方站点（全资源发布）.url	1aeaf88a93c934ce48a7332776716a76
sib_1	387	Multiply Sound@影采/3.CHPTRS Film Score Collection/3.CHPTRS Film Score Collection/01 Tonal Sounds - 调性音色/Key of C/..txt|Multiply Sound@影采/3.CHPTRS Film Score Collection/3.CHPTRS Film Score Collection/01 Tonal Sounds - 调性音色/Key of F/..txt|Multiply Sound@影采/3.CHPTRS Film Score Collection/3.CHPTRS Film Score Collection/02 Made By CHPTRS - CHPTRS制作/Fly Over Major - 凌空翱翔音色（大调）/..txt|Multiply Sound@影采/3.CHPTRS Film Score Collection/3.CHPTRS Film Score Collection/02 Made By CHPTRS - CHPTRS制作/Wait Minor - 静谧等待音色（小调）/..txt|Multiply Sound@影采/1.Film Score Collection V1/1. Film Score Collection V1/2. Riffs_Melodies - 连复段_旋律音色/3. Cello 3 (Major) - 大提琴音色3（大调）/..txt|Multiply Sound@影采/1.Film Score Collection V1/1. Film Score Collection V1/2. Riffs_Melodies - 连复段_旋律音色/9. Upright Warm Piano (Major) - 立式暖调钢琴（大调）/..txt|Multiply Sound@影采/1.Film Score Collection V1/1. Film Score Collection V1/2. Riffs_Melodies - 连复段_旋律音色/12. Double Cello 2 (Minor) - 叠加大提琴音色2（小调）/..txt|Multiply Sound@影采/1.Film Score Collection V1/1. Film Score Collection V1/3. Rhythms - 节奏型音色/9. Pulsing Bass (Minor) 120bpm - 脉动低音（小调）120拍/..txt|Multiply Sound@影采/1.Film Score Collection V1/1. Film Score Collection V1/3. Rhythms - 节奏型音色/11. Thumping Pulse (Minor) 120bpm - 厚重敲击脉动低音（小调）120拍/..txt|Multiply Sound@影采/1.Film Score Collection V1/1. Film Score Collection V1/5. Melodic Hits - 旋律打击音色/6. Brass Inception (Minor) - 厚重开篇铜管（小调）/..txt|Multiply Sound@影采/1.Film Score Collection V1/1. Film Score Collection V1/5. Melodic Hits - 旋律打击音色/7. Hollow (Minor) - 空洞空灵音色（小调）/..txt|Multiply Sound@影采/1.Film Score Collection V1/1. Film Score Collection V1/5. Melodic Hits - 旋律打击音色/2. Piano Low Note (Major_Minor) - 低音单音钢琴（大小调通用）/..txt|Multiply Sound@影采/1.Film Score Collection V1/1. Film Score Collection V1/1. Pads_Drones - 氛围铺底_持续嗡鸣音色/3. Early Spring (Major) - 初春清新氛围（大调）/..txt|Multiply Sound@影采/2.Film Score Collection V2/2. Film Score Collection V2/2. Riffs_Melodies-重复连复段_旋律音色（非速度同步）/24. Piano Night (Minor) - 夜色钢琴（小调）/..txt|Multiply Sound@影采/2.Film Score Collection V2/2. Film Score Collection V2/6.  Melodic Risers-旋律渐强上升音色（粘合效果）/8. Kingdom Come (Major) - 恢弘圣境氛围（大调）/..txt|Multiply Sound@影采/2.Film Score Collection V2/2. Film Score Collection V2/6.  Melodic Risers-旋律渐强上升音色（粘合效果）/12. Severance (Minor) - 割裂伤感氛围（小调）/..txt|Multiply Sound@影采/2.Film Score Collection V2/2. Film Score Collection V2/6.  Melodic Risers-旋律渐强上升音色（粘合效果）/4. High Piano Build (Major_Minor) - 高音钢琴渐强铺垫（大小调通用）/..txt|Multiply Sound@影采/2.Film Score Collection V2/2. Film Score Collection V2/6.  Melodic Risers-旋律渐强上升音色（粘合效果）/5. Cello High Build (Major_Minor) - 高音大提琴渐强铺垫（大小调通用）/..txt|Multiply Sound@影采/2.Film Score Collection V2/2. Film Score Collection V2/3. Rhythms-节奏型音色（速度同步）/13. String Lullaby 120bpm (Major) - 摇篮曲弦乐 120拍（大调）/..txt|Multiply Sound@影采/2.Film Score Collection V2/2. Film Score Collection V2/3. Rhythms-节奏型音色（速度同步）/8. Clock Bell 120bpm (Major_Minor) - 时钟铃音 120拍（大小调通用）/..txt	39bfe8b71d518c40b1445f2791d47bee
sib_1	435697	Mechanicals 工业机械精密金属齿轮滚动滑动弹簧旋转/Mechanicals Designed/Mechanicals Designed/00_BOOMlibrary_EULA.pdf|Mechanicals 工业机械精密金属齿轮滚动滑动弹簧旋转/Mechanicals Construction Kit/mechanicals_ck_01_03/00_BOOMlibrary_EULA.pdf	b3fc63778914ecb0be54d14858c9daa2
sib_1	447455	大气危险紧张金属撞击冲击电影气氛渲染无损音效/BOOM_Cinematic_Metal_Titan/Cinematic_Metal_Titan_CK/00_BOOM-Library-MULA-2018.pdf|大气危险紧张金属撞击冲击电影气氛渲染无损音效/BOOM_Cinematic_Metal_Titan/Cinematic_Metal_Titan_Designed/00_BOOM-Library-MULA-2018 cgzyw.com.pdf	869d79de66394e125eee87b6d1a5c38e
sib_1	441651	大气危险紧张金属撞击冲击电影气氛渲染无损音效/BOOM_Cinematic_Metal_Titan/Cinematic_Metal_Titan_CK/00_BOOM-Library-EULA-2018.pdf|大气危险紧张金属撞击冲击电影气氛渲染无损音效/BOOM_Cinematic_Metal_Titan/Cinematic_Metal_Titan_Designed/00_BOOM-Library-EULA-2018 cgzyw.com.pdf	cd5187c2a7db6c0006bdcecb7f414d24
sib_1	6148	大气深沉3【音效：低音节奏感紧张气氛渲染无损音效素材包】/Endurance_SFX/Endurance SFX - MP3/03 - Patterns/Patterns - Space/_DS_Store|大气深沉3【音效：低音节奏感紧张气氛渲染无损音效素材包】/Endurance_SFX/Endurance SFX - MP3/03 - Patterns/Patterns - Silk/_DS_Store|大气深沉3【音效：低音节奏感紧张气氛渲染无损音效素材包】/Endurance_SFX/Endurance SFX - MP3/03 - Patterns/Patterns - Distortion/_DS_Store|大气深沉3【音效：低音节奏感紧张气氛渲染无损音效素材包】/Endurance_SFX/Endurance SFX - MP3/03 - Patterns/Patterns/_DS_Store|大气深沉3【音效：低音节奏感紧张气氛渲染无损音效素材包】/Endurance_SFX/Endurance SFX - MP3/04 - Undertones/Undertones - Distortion/_DS_Store|大气深沉3【音效：低音节奏感紧张气氛渲染无损音效素材包】/Endurance_SFX/Endurance SFX - MP3/04 - Undertones/Undertones - Silk/_DS_Store|大气深沉3【音效：低音节奏感紧张气氛渲染无损音效素材包】/Endurance_SFX/Endurance SFX - MP3/04 - Undertones/Undertones/_DS_Store|大气深沉3【音效：低音节奏感紧张气氛渲染无损音效素材包】/Endurance_SFX/Endurance SFX - MP3/04 - Undertones/Undertones - Space/_DS_Store|大气深沉3【音效：低音节奏感紧张气氛渲染无损音效素材包】/Endurance_SFX/Endurance SFX - MP3/01 - Percussion/Percussion - Space/_DS_Store|大气深沉3【音效：低音节奏感紧张气氛渲染无损音效素材包】/Endurance_SFX/Endurance SFX - MP3/01 - Percussion/Percussion - Space/Closers/_DS_Store|大气深沉3【音效：低音节奏感紧张气氛渲染无损音效素材包】/Endurance_SFX/Endurance SFX - MP3/01 - Percussion/Percussion - Silk/_DS_Store|大气深沉3【音效：低音节奏感紧张气氛渲染无损音效素材包】/Endurance_SFX/Endurance SFX - MP3/01 - Percussion/Percussion - Silk/Closers/_DS_Store|大气深沉3【音效：低音节奏感紧张气氛渲染无损音效素材包】/Endurance_SFX/Endurance SFX - MP3/01 - Percussion/Percussion/_DS_Store(1)|大气深沉3【音效：低音节奏感紧张气氛渲染无损音效素材包】/Endurance_SFX/Endurance SFX - MP3/01 - Percussion/Percussion/_DS_Store|大气深沉3【音效：低音节奏感紧张气氛渲染无损音效素材包】/Endurance_SFX/Endurance SFX - MP3/01 - Percussion/Percussion/Closers/_DS_Store|大气深沉3【音效：低音节奏感紧张气氛渲染无损音效素材包】/Endurance_SFX/Endurance SFX - MP3/01 - Percussion/Percussion - Distortion/_DS_Store|大气深沉3【音效：低音节奏感紧张气氛渲染无损音效素材包】/Endurance_SFX/Endurance SFX - MP3/01 - Percussion/Percussion - Distortion/Closers/_DS_Store|大气深沉3【音效：低音节奏感紧张气氛渲染无损音效素材包】/Endurance_SFX/Endurance SFX - MP3/05 - Strings/Strings - Silk/_DS_Store|大气深沉3【音效：低音节奏感紧张气氛渲染无损音效素材包】/Endurance_SFX/Endurance SFX - MP3/05 - Strings/Strings - Space/_DS_Store|大气深沉3【音效：低音节奏感紧张气氛渲染无损音效素材包】/Endurance_SFX/Endurance SFX - MP3/05 - Strings/Strings - Distortion/_DS_Store|大气深沉3【音效：低音节奏感紧张气氛渲染无损音效素材包】/Endurance_SFX/Endurance SFX - MP3/05 - Strings/Strings/_DS_Store|大气深沉3【音效：低音节奏感紧张气氛渲染无损音效素材包】/Endurance_SFX/Endurance SFX - MP3/02 - Bass/Bass/_DS_Store|大气深沉3【音效：低音节奏感紧张气氛渲染无损音效素材包】/Endurance_SFX/Endurance SFX - MP3/02 - Bass/Bass - Space/_DS_Store|大气深沉3【音效：低音节奏感紧张气氛渲染无损音效素材包】/Endurance_SFX/Endurance SFX - MP3/02 - Bass/Bass - Distortion/_DS_Store|大气深沉3【音效：低音节奏感紧张气氛渲染无损音效素材包】/Endurance_SFX/Endurance SFX - MP3/02 - Bass/Bass - Silk/_DS_Store|大气深沉6【大气深沉剧情叙事环境气氛渲染配乐背景音乐】/LD - Beginnings/Beginnings - WAV/05 - Undertones/.DS_Store	194577a7e20bdcc7afbb718f502c134c
sib_2	6673	Brand X Music/2003_BXM000 Brand X Music Catalogue - Vol. 1 [mp3 192]/Spazzer.nfo|Brand X Music/2002_BXM000 Magic Box Music [mp3 192] [mp3 128]/Spazzer.nfo	f7ed0a50807456dddeaecb304fee6a46
sib_2	3062646	原声ost/Kylie Minogue - Crystallize.mp3|原声ost/韩剧/Kylie Minogue - Crystallize.mp3	3a2595ecc35f126181988e19ffa5c9cb
sib_2	1686939	原声ost/超凡双生/Hans Zimmer - Hunted.mp3|原声ost/超凡双生/Hans Zimmer - Hunted(1).mp3	d82df55aeecbf0f6b08ef706a6822386
sib_2	1244334	原声ost/超凡双生/Hans Zimmer - Homeless Life.mp3|原声ost/超凡双生/Hans Zimmer - Homeless Life(1).mp3	01ed559522d592630b6c4403815dee27
sib_2	2071483	原声ost/超凡双生/Hans Zimmer - The Party Revenge.mp3|原声ost/超凡双生/Hans Zimmer - The Party Revenge(1).mp3	9b2f2e6468515be656559f9ac020913b
sib_2	2149621	原声ost/超凡双生/Hans Zimmer - Treason.mp3|原声ost/超凡双生/Hans Zimmer - Treason(1).mp3	7ea11f60c4fe8d8bd49738238390bc24
sib_2	312484	原声ost/猩球崛起/Michael Giacchino - The Lost City of Chimpanzee.mp3.ewc2|原声ost/猩球崛起/Michael Giacchino - The Lost City of Chimpanzee(1).mp3.ewc2	89cb9757d4de93f85a31e5ee89e35661
sib_2	4880591	原声ost/猩球崛起/Michael Giacchino - Along Simian Lines.mp3|原声ost/猩球崛起/Michael Giacchino - Along Simian Lines(1).mp3	18dc6c82cf9286dc3f014e28a2da5950
sib_2	1235987	原声ost/猩球崛起/Michael Giacchino - Monkey to the City(1).mp3|原声ost/猩球崛起/Michael Giacchino - Monkey to the City.mp3	a0ab9e004ec559278109ef59b9e74eb9
sib_2	105636	原声ost/猩球崛起/Michael Giacchino - Monkey to the City(1).mp3.ewc2|原声ost/猩球崛起/Michael Giacchino - Monkey to the City.mp3.ewc2	0b5e9b92432a14ba31dd7bcb4ef4dbd8
sib_2	3637598	原声ost/猩球崛起/Michael Giacchino - The Lost City of Chimpanzee(1).mp3|原声ost/猩球崛起/Michael Giacchino - The Lost City of Chimpanzee.mp3	937644a221f845b86f8dcc5d0504cc84
sib_2	419556	原声ost/猩球崛起/Michael Giacchino - Along Simian Lines.mp3.ewc2|原声ost/猩球崛起/Michael Giacchino - Along Simian Lines(1).mp3.ewc2	605d02b64c8ca961736e31780886d82d
sib_2	3647235	原声ost/超人 钢铁之躯/Hans Zimmer - This Is Clark Kent.mp3|原声ost/超人 钢铁之躯/Hans Zimmer - This Is Clark Kent(1).mp3	a5f50e7db02785109f8304b4c1ba69ae
sib_2	4139985	原声ost/超人 钢铁之躯/Hans Zimmer - Flight.mp3|原声ost/超人 钢铁之躯/Hans Zimmer - Flight(1).mp3|原声ost/超人 钢铁之躯/Hans Zimmer - Flight(2).mp3	fae6e9c3357d0d51260bc750b78528e0
sib_2	3642232	原声ost/超人 钢铁之躯/Hans Zimmer - I Have So Many Questions.mp3|原声ost/超人 钢铁之躯/Hans Zimmer - I Have So Many Questions(1).mp3	1136ff1ff3a80bd1c402da932782e1cc
sib_2	2843494	原声ost/超人 钢铁之躯/Hans Zimmer - I Will Find Him(1).mp3|原声ost/超人 钢铁之躯/Hans Zimmer - I Will Find Him.mp3	91dce98a055b2c1cc0360fcd606f5e05
sib_2	27158737	原声ost/超人 钢铁之躯/Hans Zimmer - Man of Steel (Hans' Original Sketchbook)(1).mp3|原声ost/超人 钢铁之躯/Hans Zimmer - Man of Steel (Hans' Original Sketchbook).mp3	5bf3fc7f55e7ec7f7952c83b74261a30
sib_2	2713110	原声ost/超人 钢铁之躯/Hans Zimmer - Are You Listening, Clark_(1).mp3|原声ost/超人 钢铁之躯/Hans Zimmer - Are You Listening, Clark_.mp3	7e38e883b9dc7d758268713cee6fdf8c
sib_2	5247265	原声ost/超人 钢铁之躯/Hans Zimmer - What Are You Going To Do When You Are Not Saving the World_(1).mp3|原声ost/超人 钢铁之躯/Hans Zimmer - What Are You Going To Do When You Are Not Saving the World_.mp3	3869173bb27530994ac7559bdce51ea0
sib_2	4353868	原声ost/交响乐/久石让 - 海のおかあさん(崖の上のポニョ)(1).mp3|原声ost/交响乐/久石让 - 海のおかあさん(崖の上のポニョ).mp3	519c0291e74ca21e6a8544ae06deb8fb
sib_2	4293688	原声ost/交响乐/久石让 - Kiki's Delivery Service(魔女の宅急便)(1).mp3|原声ost/交响乐/久石让 - Kiki's Delivery Service(魔女の宅急便).mp3	59a64ab39b0a8b56b7ba4136a92d704b
sib_2	3089132	原声ost/天才眼镜狗/Fly%20to%20Your%20Heart.mp3|原声ost/小叮当与失去的宝藏/Fly to Your Heart.mp3	6cdab5e2a5b57c2ccaa528b728ba1ea9
sib_2	3720933	原声ost/天才眼镜狗/Beautiful Boy (Darling Boy).mp3|原声ost/天才眼镜狗/Beautiful Boy (Darling Boy)-2.mp3	12cfd3dceafc28ae816ce1ba7dc504e5
sib_2	3313381	原声ost/天才眼镜狗/Trojan Horse-2.mp3|原声ost/天才眼镜狗/Trojan Horse.mp3	e972ab2b00d40543aec704099ab46266
sib_2	3312060	原声ost/天才眼镜狗/Gift Of A Friend.mp3|原声ost/小叮当与失去的宝藏/Gift Of A Friend.mp3	47c6e9f5360e2f3437d2f938577318cd
sib_2	4727820	原声ost/盗梦空间/Hans Zimmer - Mombassa(盗梦空间插曲)(1).mp3|原声ost/盗梦空间/Hans Zimmer - Mombassa(盗梦空间插曲).mp3	e22a6a6024c03f31fe86f85b938dd53f
sib_2	479077	原声ost/超级音效/现代音效库/现代背景环境/摩托车从右开到左.mp3|原声ost/超级音效/现代音效库/交通/汽车等车/摩托车从右到左.mp3	f55b2942833319bd868ace9260d79e5b
sib_2	2653230	原声ost/超级音效/现代音效库/现代背景环境/酒吧打桌球 (2).mp3|原声ost/超级音效/现代音效库/现代背景环境/酒吧打桌球.mp3	0768c17a0726fc37d0c26d777cc0cdd6
sib_2	1380824	原声ost/超级音效/现代音效库/现代背景环境/街上 下冰雹 (2).mp3|原声ost/超级音效/现代音效库/现代背景环境/街上 下冰雹.mp3	55f5cb679c89c42f19851f351e2705e5
sib_2	2921405	原声ost/超级音效/现代音效库/现代背景环境/唐人街菜市场.mp3|原声ost/超级音效/现代音效库/现代背景环境/Track 14唐人街 菜市场.mp3	86173229f9ef20b6c915a994ee00c164
sib_2	2932272	原声ost/超级音效/现代音效库/现代背景环境/Track 17北京闹市交通.mp3|原声ost/超级音效/现代音效库/现代背景环境/交通闹市区.mp3	cf028000c082ecf23ddec31fd06e8ecf
sib_2	1412727	原声ost/超级音效/现代音效库/现代背景环境/海滩儿童嬉戏.mp3|原声ost/超级音效/现代音效库/现代背景环境/Track01海滩.mp3	fb31ee697c20e299c5dce9fcdefa3ee7
sib_2	578873	原声ost/超级音效/现代音效库/现代背景环境/地铁电车.mp3|原声ost/超级音效/现代音效库/交通/汽车等车/地铁电车.mp3	2421378b0b10f7fb0ffb781ba4fe53ee
sib_2	2017616	原声ost/超级音效/现代音效库/现代背景环境/街道，车，鸟语花香.mp3|原声ost/超级音效/现代音效库/现代背景环境/郊外的白天.mp3|原声ost/超级音效/现代音效库/现代背景环境/郊外的白天 (2).mp3|原声ost/超级音效/现代音效库/农村市郊/郊外的白天.mp3	9cd5e14185e78f5a9cbbba24c9a3f213
sib_2	2928093	原声ost/超级音效/现代音效库/现代背景环境/北京菜市场.mp3|原声ost/超级音效/现代音效库/现代背景环境/Track 15北京市场.mp3	7cec56d0f7ccf6411e891995e5f535c1
sib_2	30929	原声ost/超级音效/现代音效库/现代背景环境/汽车迎面开来.mp3|原声ost/超级音效/现代音效库/交通/汽车等车/汽车迎面开来.mp3	0f37cd10a559552d27dea9d409e38510
sib_2	2943557	原声ost/超级音效/现代音效库/现代背景环境/Track 15唐人街 路边饭店.mp3|原声ost/超级音效/现代音效库/现代背景环境/唐人街路边饭店.mp3	f8c86405045801e8aa54a138c03a3f0f
sib_2	2927257	原声ost/超级音效/现代音效库/现代背景环境/交通拥挤2.mp3|原声ost/超级音效/现代音效库/现代背景环境/Track 11北京拥挤交通.mp3	0bd9a0273529526ac1d1dffb882acd46
sib_2	1976946	原声ost/超级音效/现代音效库/现代背景环境/吵杂的人声.mp3|原声ost/超级音效/现代音效库/家庭未标注/Track 34.mp3	9fe129e1b64e25021ca0b51a229e3a87
sib_2	2933526	原声ost/超级音效/现代音效库/现代背景环境/Track 07食堂 不好.mp3|原声ost/超级音效/现代音效库/家庭文字标注/食堂吵杂声.mp3	4765f6c124d4916b42e0e49d9f14cf45
sib_2	2925167	原声ost/超级音效/现代音效库/现代背景环境/嘈杂广场.mp3|原声ost/超级音效/现代音效库/现代背景环境/Track 14北京广场 一半嘈杂.mp3	16118edc0c3241482e769fab72cd880f
sib_2	1022842	原声ost/超级音效/现代音效库/现代背景环境/很多摩托车.mp3|原声ost/超级音效/现代音效库/交通/汽车等车/很多摩托车.mp3	cfcc2bf762d0d6ec7bb865c11acdf079
sib_2	3075214	原声ost/超级音效/现代音效库/现代背景环境/交通拥挤1.mp3|原声ost/超级音效/现代音效库/现代背景环境/Track 10北京拥挤交通.mp3	d9eb3dcb562ac94e0b4ef9723b76adf5
sib_2	2932272	原声ost/超级音效/现代音效库/现代背景环境/Track 12北京吵杂交通自行车.mp3|原声ost/超级音效/现代音效库/现代背景环境/吵杂交通自行车.mp3	2b0368de007db70d319b2809067428c2
sib_2	2973650	原声ost/超级音效/现代音效库/现代背景环境/Track 13北京嘈杂 类似火车站.mp3|原声ost/超级音效/现代音效库/交通/汽车等车/嘈杂火车站.mp3	a338739dcbca3a9e75a3d4342d84b145
sib_2	2018451	原声ost/超级音效/现代音效库/现代背景环境/郊外的夜晚.mp3|原声ost/超级音效/现代音效库/现代背景环境/郊外的夜晚 (2).mp3|原声ost/超级音效/现代音效库/农村市郊/郊外的夜晚.mp3	d6211fa0442fa6c13fef5c8e0c828353
sib_2	249521	原声ost/超级音效/现代音效库/现代背景环境/小摩托 一辆.mp3|原声ost/超级音效/现代音效库/交通/汽车等车/小摩托车.mp3	dc81efd58a66ad89bf0eaae8318cba10
sib_2	1073762	原声ost/超级音效/现代音效库/现代背景环境/缆车或者摩天轮.mp3|原声ost/超级音效/现代音效库/现代背景环境/Track44缆车或者摩天轮.mp3	b900a8bca0a99e986f3e3ed532d5c233
sib_2	2920151	原声ost/超级音效/现代音效库/现代背景环境/Track 16唐人街 鱼市场.mp3|原声ost/超级音效/现代音效库/现代背景环境/唐人街鱼市场.mp3	3ed3d82a09d2d11b7049304344a40a1d
sib_2	2999982	原声ost/超级音效/现代音效库/现代背景环境/Track 18北京卡车居多.mp3|原声ost/超级音效/现代音效库/现代背景环境/交通卡车居多.mp3	d4bb93b7eab0f1fe4cf4b8d238b2eaf4
sib_2	2927257	原声ost/超级音效/现代音效库/现代背景环境/Track 08北京 机场.mp3|原声ost/超级音效/现代音效库/交通/飞机/北京机场1.mp3	286fa9f47d04510ae16bd642f3fd7fd4
sib_2	2933944	原声ost/超级音效/现代音效库/现代背景环境/Track 09北京机场.mp3|原声ost/超级音效/现代音效库/交通/飞机/北京机场2.mp3	8084817bf96f2c6134c7c636efc8118a
sib_2	1651483	原声ost/超级音效/现代音效库/现代背景环境/餐馆2.mp3|原声ost/超级音效/现代音效库/家庭文字标注/家庭餐厅声.mp3	d55587320d41f44fc663675126483ecc
sib_2	1956884	原声ost/超级音效/现代音效库/现代背景环境/火车站群众.mp3|原声ost/超级音效/现代音效库/交通/火车/火车站英文备选.mp3	add53e7ed73fec15d58265559a61a9de
sib_2	1537380	原声ost/超级音效/现代音效库/现代背景环境/餐馆.mp3|原声ost/超级音效/现代音效库/家庭文字标注/餐馆繁忙声.mp3|原声ost/超级音效/现代音效库/家庭文字标注/餐会人群声.mp3	a64242610cba3c3cafd1e72538d11e0e
sib_2	16844	原声ost/超级音效/现代音效库/家庭文字标注/钥匙.mp3|原声ost/超级音效/现代音效库/家庭文字标注/钥匙679.mp3	f027124058a53250e5742b329cda5c96
sib_2	34816	原声ost/超级音效/现代音效库/家庭文字标注/拿筷子.mp3|原声ost/超级音效/现代音效库/家庭文字标注/拿钥匙.mp3	774251f3006b93ea3fd7ca7d7c152d4b
sib_2	303856	原声ost/超级音效/现代音效库/钱 钱包/钱/计数硬币和表下降03.mp3|原声ost/超级音效/现代音效库/钱 钱包/钱/硬币计数表下降03.mp3	3fd8c998983512b3243389975ba36a9f
sib_2	17136	原声ost/超级音效/现代音效库/钱 钱包/钱包/捡起钱包污垢.mp3|原声ost/超级音效/现代音效库/钱 钱包/钱包/真皮钱包，拿起灰尘.mp3	9d708c01196807de968a186518c87767
sib_2	36362	原声ost/超级音效/现代音效库/战争-军事-爆炸/爆炸/02zd037.mp3|原声ost/超级音效/现代音效库/战争-军事-爆炸/爆炸/02zd053.mp3	cb1443045614dcb86d6888c51c922e8c
sib_2	34690	原声ost/超级音效/现代音效库/战争-军事-爆炸/爆炸/02zd036.mp3|原声ost/超级音效/现代音效库/战争-军事-爆炸/爆炸/02zd021.mp3	348c25aa0539d08bd0ea94f252728849
sib_2	1139901	原声ost/超级音效/现代音效库/梳洗化妆/收拾衣服声.mp3|原声ost/超级音效/现代音效库/梳洗化妆/衣物沙沙响.mp3	fe5e9c2d745bff09138856061605fd0c
sib_2	1136013	原声ost/超级音效/现代音效库/交通/火车/火车首选.mp3|原声ost/超级音效/现代音效库/交通/6033 -交通工具/Track 51.mp3	f083434399a19f3aad080923bcb63633
sib_2	2188016	原声ost/超级音效/现代音效库/交通/火车/火车备用.mp3|原声ost/超级音效/现代音效库/交通/6033 -交通工具/Track 47.mp3	9318101495ab8790d08bacf2148e026c
sib_2	332277	原声ost/超级音效/现代音效库/交通/火车/火车铃备选.mp3|原声ost/超级音效/现代音效库/交通/6033 -交通工具/Track 55.mp3	fb528c17f1618235170057a26af29c22
sib_2	15414952	原声ost/超级音效/现代音效库/交通/车/撞车.wav|原声ost/超级音效/车/撞车.wav	75b4e9101258962793f3fc071b561e1e
sib_2	5788008	原声ost/超级音效/现代音效库/交通/车/急救车、救护车、警车.wav|原声ost/超级音效/车/急救车、救护车、警车.wav	371614fd36e3c6b615a10b415dfc7f95
sib_2	1049176	原声ost/飞屋环游记/Walkin' The House (1).mp3|原声ost/飞屋环游记/Walkin' The House.mp3	a197bb7108abb95111755adf1341f14b
sib_2	4141794	原声ost/独行侠/Hans Zimmer - Ride.mp3|原声ost/独行侠/Hans Zimmer - Ride(1).mp3	2e40041de7b8995710894acfc6a373bd
sib_2	227124	原声ost/人猿星球/Patrick Doyle - The Primate Facility.mp3.ewc2|原声ost/人猿星球/Patrick Doyle - The Primate Facility(1).mp3.ewc2	731374e44044f159a7e8ab251e097fa3
sib_2	328004	原声ost/人猿星球/Patrick Doyle - Caesar Protects Charles.mp3.ewc2|原声ost/人猿星球/Patrick Doyle - Caesar Protects Charles(1).mp3.ewc2	72d08489a1f46cce0c511c2d69d14ee6
sib_2	2647834	原声ost/人猿星球/Patrick Doyle - The Primate Facility(1).mp3|原声ost/人猿星球/Patrick Doyle - The Primate Facility.mp3	4ae2d764f0e27eb82799dab15b34a6c8
sib_2	1356342	原声ost/人猿星球/Patrick Doyle - Rocket Attacks Caesar(1).mp3|原声ost/人猿星球/Patrick Doyle - Rocket Attacks Caesar.mp3	913224da65a13b7c4ea819819ae528b6
sib_2	115892	原声ost/人猿星球/Patrick Doyle - Rocket Attacks Caesar.mp3.ewc2|原声ost/人猿星球/Patrick Doyle - Rocket Attacks Caesar(1).mp3.ewc2	142d49e31bb064108abd3b37693a8020
sib_2	1605858	原声ost/人猿星球/Patrick Doyle - Dodge Hoses Caesar.mp3|原声ost/人猿星球/Patrick Doyle - Dodge Hoses Caesar(1).mp3	b5f21634410bf67e5cc8bde0287b4ada
sib_2	3818962	原声ost/人猿星球/Patrick Doyle - Caesar Protects Charles.mp3|原声ost/人猿星球/Patrick Doyle - Caesar Protects Charles(1).mp3	0bf6457474044bb9da727ac03ca80655
sib_2	137380	原声ost/人猿星球/Patrick Doyle - Dodge Hoses Caesar.mp3.ewc2|原声ost/人猿星球/Patrick Doyle - Dodge Hoses Caesar(1).mp3.ewc2	1bd3ad4386f5db595e61b8cac7d98618
