rel	size
1. Film Score Collection Vol 2 (Non-Tempo)/1. Pads_Drones/1. Bass Synth (Major_Minor)/Bass Synth - A#_Bb.wav	23315964
1. Film Score Collection Vol 2 (Non-Tempo)/1. Pads_Drones/1. Bass Synth (Major_Minor)/Bass Synth - A.wav	23315964
1. Film Score Collection Vol 2 (Non-Tempo)/1. Pads_Drones/1. Bass Synth (Major_Minor)/Bass Synth - B.wav	23315964
1. Film Score Collection Vol 2 (Non-Tempo)/1. Pads_Drones/1. Bass Synth (Major_Minor)/Bass Synth - C#_Db.wav	23315964
1. Film Score Collection Vol 2 (Non-Tempo)/1. Pads_Drones/1. Bass Synth (Major_Minor)/Bass Synth - C.wav	23315964
1. Film Score Collection Vol 2 (Non-Tempo)/1. Pads_Drones/1. Bass Synth (Major_Minor)/Bass Synth - D#_Eb.wav	23315964
1. Film Score Collection Vol 2 (Non-Tempo)/1. Pads_Drones/1. Bass Synth (Major_Minor)/Bass Synth - D.wav	23315964
1. Film Score Collection Vol 2 (Non-Tempo)/1. Pads_Drones/1. Bass Synth (Major_Minor)/Bass Synth - E.wav	23315964
1. Film Score Collection Vol 2 (Non-Tempo)/1. Pads_Drones/1. Bass Synth (Major_Minor)/Bass Synth - F#_Gb.wav	23315964
1. Film Score Collection Vol 2 (Non-Tempo)/1. Pads_Drones/1. Bass Synth (Major_Minor)/Bass Synth - F.wav	23315964
1. Film Score Collection Vol 2 (Non-Tempo)/1. Pads_Drones/1. Bass Synth (Major_Minor)/Bass Synth - G#_Ab.wav	23315964
1. Film Score Collection Vol 2 (Non-Tempo)/1. Pads_Drones/1. Bass Synth (Major_Minor)/Bass Synth - G.wav	23315964
1. Film Score Collection Vol 2 (Non-Tempo)/1. Pads_Drones/10. Low String Harmonics (Major)/Low String Harmonics (A#_Bb).wav	21532844
1. Film Score Collection Vol 2 (Non-Tempo)/1. Pads_Drones/10. Low String Harmonics (Major)/Low String Harmonics (A).wav	21532844
1. Film Score Collection Vol 2 (Non-Tempo)/1. Pads_Drones/10. Low String Harmonics (Major)/Low String Harmonics (B).wav	21532844
1. Film Score Collection Vol 2 (Non-Tempo)/1. Pads_Drones/10. Low String Harmonics (Major)/Low String Harmonics (C#_Db).wav	21532844
1. Film Score Collection Vol 2 (Non-Tempo)/1. Pads_Drones/10. Low String Harmonics (Major)/Low String Harmonics (C).wav	21532844
1. Film Score Collection Vol 2 (Non-Tempo)/1. Pads_Drones/10. Low String Harmonics (Major)/Low String Harmonics (D#_Eb).wav	21532844
1. Film Score Collection Vol 2 (Non-Tempo)/1. Pads_Drones/10. Low String Harmonics (Major)/Low String Harmonics (D).wav	21532844
1. Film Score Collection Vol 2 (Non-Tempo)/1. Pads_Drones/10. Low String Harmonics (Major)/Low String Harmonics (E).wav	21532844
1. Film Score Collection Vol 2 (Non-Tempo)/1. Pads_Drones/10. Low String Harmonics (Major)/Low String Harmonics (F#_Gb).wav	21532844
1. Film Score Collection Vol 2 (Non-Tempo)/1. Pads_Drones/10. Low String Harmonics (Major)/Low String Harmonics (F).wav	21532844
1. Film Score Collection Vol 2 (Non-Tempo)/1. Pads_Drones/10. Low String Harmonics (Major)/Low String Harmonics (G#_Ab).wav	21532844
1. Film Score Collection Vol 2 (Non-Tempo)/1. Pads_Drones/10. Low String Harmonics (Major)/Low String Harmonics (G).wav	21532844
1. Film Score Collection Vol 2 (Non-Tempo)/1. Pads_Drones/11. Quiet Scenery (Major)/Quiet Scenery (A#_Bb).wav	19606740
1. Film Score Collection Vol 2 (Non-Tempo)/1. Pads_Drones/11. Quiet Scenery (Major)/Quiet Scenery (A).wav	19606740
1. Film Score Collection Vol 2 (Non-Tempo)/1. Pads_Drones/11. Quiet Scenery (Major)/Quiet Scenery (B).wav	19606740
1. Film Score Collection Vol 2 (Non-Tempo)/1. Pads_Drones/11. Quiet Scenery (Major)/Quiet Scenery (C#_Db).wav	19606740
1. Film Score Collection Vol 2 (Non-Tempo)/1. Pads_Drones/11. Quiet Scenery (Major)/Quiet Scenery (C).wav	19606740
1. Film Score Collection Vol 2 (Non-Tempo)/1. Pads_Drones/11. Quiet Scenery (Major)/Quiet Scenery (D#_Eb).wav	19606740
1. Film Score Collection Vol 2 (Non-Tempo)/1. Pads_Drones/11. Quiet Scenery (Major)/Quiet Scenery (D).wav	19606740
1. Film Score Collection Vol 2 (Non-Tempo)/1. Pads_Drones/11. Quiet Scenery (Major)/Quiet Scenery (E).wav	19606740
1. Film Score Collection Vol 2 (Non-Tempo)/1. Pads_Drones/11. Quiet Scenery (Major)/Quiet Scenery (F#_Gb).wav	19606740
1. Film Score Collection Vol 2 (Non-Tempo)/1. Pads_Drones/11. Quiet Scenery (Major)/Quiet Scenery (F).wav	19606740
1. Film Score Collection Vol 2 (Non-Tempo)/1. Pads_Drones/11. Quiet Scenery (Major)/Quiet Scenery (G#_Ab).wav	19606740
1. Film Score Collection Vol 2 (Non-Tempo)/1. Pads_Drones/11. Quiet Scenery (Major)/Quiet Scenery (G).wav	19606740
1. Film Score Collection Vol 2 (Non-Tempo)/1. Pads_Drones/12. String Orchestra (Major)/String Orchestra (A#_Bb).wav	22302730
1. Film Score Collection Vol 2 (Non-Tempo)/1. Pads_Drones/12. String Orchestra (Major)/String Orchestra (A).wav	22302728
1. Film Score Collection Vol 2 (Non-Tempo)/1. Pads_Drones/12. String Orchestra (Major)/String Orchestra (B).wav	22302724
1. Film Score Collection Vol 2 (Non-Tempo)/1. Pads_Drones/12. String Orchestra (Major)/String Orchestra (C#_Db).wav	22302728
1. Film Score Collection Vol 2 (Non-Tempo)/1. Pads_Drones/12. String Orchestra (Major)/String Orchestra (C).wav	22302728
1. Film Score Collection Vol 2 (Non-Tempo)/1. Pads_Drones/12. String Orchestra (Major)/String Orchestra (D#_Eb).wav	22302728
1. Film Score Collection Vol 2 (Non-Tempo)/1. Pads_Drones/12. String Orchestra (Major)/String Orchestra (D).wav	22302728
1. Film Score Collection Vol 2 (Non-Tempo)/1. Pads_Drones/12. String Orchestra (Major)/String Orchestra (E).wav	22302728
1. Film Score Collection Vol 2 (Non-Tempo)/1. Pads_Drones/12. String Orchestra (Major)/String Orchestra (F#_Gb).wav	22302728
1. Film Score Collection Vol 2 (Non-Tempo)/1. Pads_Drones/12. String Orchestra (Major)/String Orchestra (F).wav	22302728
1. Film Score Collection Vol 2 (Non-Tempo)/1. Pads_Drones/12. String Orchestra (Major)/String Orchestra (G#_Ab).wav	22302728
1. Film Score Collection Vol 2 (Non-Tempo)/1. Pads_Drones/12. String Orchestra (Major)/String Orchestra (G).wav	22302730
1. Film Score Collection Vol 2 (Non-Tempo)/1. Pads_Drones/13. Aura (Major)/Aura - (A#_Bb).wav	23071736
1. Film Score Collection Vol 2 (Non-Tempo)/1. Pads_Drones/13. Aura (Major)/Aura - (A).wav	23071736
1. Film Score Collection Vol 2 (Non-Tempo)/1. Pads_Drones/13. Aura (Major)/Aura - (B).wav	23071736
1. Film Score Collection Vol 2 (Non-Tempo)/1. Pads_Drones/13. Aura (Major)/Aura - (C#_Db).wav	23071738
1. Film Score Collection Vol 2 (Non-Tempo)/1. Pads_Drones/13. Aura (Major)/Aura - (C).wav	23071736
1. Film Score Collection Vol 2 (Non-Tempo)/1. Pads_Drones/13. Aura (Major)/Aura - (D#_Eb).wav	23071736
1. Film Score Collection Vol 2 (Non-Tempo)/1. Pads_Drones/13. Aura (Major)/Aura - (D).wav	23071736
1. Film Score Collection Vol 2 (Non-Tempo)/1. Pads_Drones/13. Aura (Major)/Aura - (E).wav	23071738
1. Film Score Collection Vol 2 (Non-Tempo)/1. Pads_Drones/13. Aura (Major)/Aura - (F#_Gb).wav	23071738
1. Film Score Collection Vol 2 (Non-Tempo)/1. Pads_Drones/13. Aura (Major)/Aura - (F).wav	23071736
1. Film Score Collection Vol 2 (Non-Tempo)/1. Pads_Drones/13. Aura (Major)/Aura - (G#_Ab).wav	23071734
1. Film Score Collection Vol 2 (Non-Tempo)/1. Pads_Drones/13. Aura (Major)/Aura - (G).wav	23071734
1. Film Score Collection Vol 2 (Non-Tempo)/1. Pads_Drones/14. Deep Night (Minor)/Deep Night (A#m_Bbm).wav	20399586
1. Film Score Collection Vol 2 (Non-Tempo)/1. Pads_Drones/14. Deep Night (Minor)/Deep Night (Am).wav	20399586
1. Film Score Collection Vol 2 (Non-Tempo)/1. Pads_Drones/14. Deep Night (Minor)/Deep Night (Bm).wav	20399586
1. Film Score Collection Vol 2 (Non-Tempo)/1. Pads_Drones/14. Deep Night (Minor)/Deep Night (C#m_Dbm).wav	20399586
1. Film Score Collection Vol 2 (Non-Tempo)/1. Pads_Drones/14. Deep Night (Minor)/Deep Night (Cm).wav	20399586
1. Film Score Collection Vol 2 (Non-Tempo)/1. Pads_Drones/14. Deep Night (Minor)/Deep Night (D#m_Ebm).wav	20399586
1. Film Score Collection Vol 2 (Non-Tempo)/1. Pads_Drones/14. Deep Night (Minor)/Deep Night (Dm).wav	20399586
1. Film Score Collection Vol 2 (Non-Tempo)/1. Pads_Drones/14. Deep Night (Minor)/Deep Night (Em).wav	20399586
1. Film Score Collection Vol 2 (Non-Tempo)/1. Pads_Drones/14. Deep Night (Minor)/Deep Night (F#m_Gbm).wav	20399586
1. Film Score Collection Vol 2 (Non-Tempo)/1. Pads_Drones/14. Deep Night (Minor)/Deep Night (Fm).wav	20399586
1. Film Score Collection Vol 2 (Non-Tempo)/1. Pads_Drones/14. Deep Night (Minor)/Deep Night (G#m_Abm).wav	20399586
1. Film Score Collection Vol 2 (Non-Tempo)/1. Pads_Drones/14. Deep Night (Minor)/Deep Night (Gm).wav	20399586
1. Film Score Collection Vol 2 (Non-Tempo)/1. Pads_Drones/15. Unveil (Minor)/Unveil (A#m_Bbm).wav	21532844
1. Film Score Collection Vol 2 (Non-Tempo)/1. Pads_Drones/15. Unveil (Minor)/Unveil (Am).wav	21532844
1. Film Score Collection Vol 2 (Non-Tempo)/1. Pads_Drones/15. Unveil (Minor)/Unveil (Bm).wav	21532844
1. Film Score Collection Vol 2 (Non-Tempo)/1. Pads_Drones/15. Unveil (Minor)/Unveil (C#m_Dbm).wav	21532844
1. Film Score Collection Vol 2 (Non-Tempo)/1. Pads_Drones/15. Unveil (Minor)/Unveil (Cm).wav	21532844
1. Film Score Collection Vol 2 (Non-Tempo)/1. Pads_Drones/15. Unveil (Minor)/Unveil (D#m_Ebm).wav	21532844
1. Film Score Collection Vol 2 (Non-Tempo)/1. Pads_Drones/15. Unveil (Minor)/Unveil (Dm).wav	21532844
1. Film Score Collection Vol 2 (Non-Tempo)/1. Pads_Drones/15. Unveil (Minor)/Unveil (Em).wav	21532844
1. Film Score Collection Vol 2 (Non-Tempo)/1. Pads_Drones/15. Unveil (Minor)/Unveil (F#m_Gbm).wav	21532844
1. Film Score Collection Vol 2 (Non-Tempo)/1. Pads_Drones/15. Unveil (Minor)/Unveil (Fm).wav	21532844
1. Film Score Collection Vol 2 (Non-Tempo)/1. Pads_Drones/15. Unveil (Minor)/Unveil (G#m_Abm).wav	21532844
1. Film Score Collection Vol 2 (Non-Tempo)/1. Pads_Drones/15. Unveil (Minor)/Unveil (Gm).wav	21532844
1. Film Score Collection Vol 2 (Non-Tempo)/1. Pads_Drones/16. Frozen Storm (Minor)/Frozen Storm (A#m_Bbm).wav	21532844
1. Film Score Collection Vol 2 (Non-Tempo)/1. Pads_Drones/16. Frozen Storm (Minor)/Frozen Storm (Am).wav	21532844
1. Film Score Collection Vol 2 (Non-Tempo)/1. Pads_Drones/16. Frozen Storm (Minor)/Frozen Storm (Bm).wav	21532844
1. Film Score Collection Vol 2 (Non-Tempo)/1. Pads_Drones/16. Frozen Storm (Minor)/Frozen Storm (C#m_Dbm).wav	21532844
1. Film Score Collection Vol 2 (Non-Tempo)/1. Pads_Drones/16. Frozen Storm (Minor)/Frozen Storm (Cm).wav	21532844
1. Film Score Collection Vol 2 (Non-Tempo)/1. Pads_Drones/16. Frozen Storm (Minor)/Frozen Storm (D#m_Ebm).wav	21532844
1. Film Score Collection Vol 2 (Non-Tempo)/1. Pads_Drones/16. Frozen Storm (Minor)/Frozen Storm (Dm).wav	21532844
1. Film Score Collection Vol 2 (Non-Tempo)/1. Pads_Drones/16. Frozen Storm (Minor)/Frozen Storm (Em).wav	21532844
1. Film Score Collection Vol 2 (Non-Tempo)/1. Pads_Drones/16. Frozen Storm (Minor)/Frozen Storm (F#m_Gbm).wav	21532844
1. Film Score Collection Vol 2 (Non-Tempo)/1. Pads_Drones/16. Frozen Storm (Minor)/Frozen Storm (Fm).wav	21532844
1. Film Score Collection Vol 2 (Non-Tempo)/1. Pads_Drones/16. Frozen Storm (Minor)/Frozen Storm (G#m_Abm).wav	21532844
1. Film Score Collection Vol 2 (Non-Tempo)/1. Pads_Drones/16. Frozen Storm (Minor)/Frozen Storm (Gm).wav	21532844
1. Film Score Collection Vol 2 (Non-Tempo)/1. Pads_Drones/17. Sub Drone (Minor)/Sub Drone (A#m_Bbm).wav	23071738
1. Film Score Collection Vol 2 (Non-Tempo)/1. Pads_Drones/17. Sub Drone (Minor)/Sub Drone (Am).wav	23071736
1. Film Score Collection Vol 2 (Non-Tempo)/1. Pads_Drones/17. Sub Drone (Minor)/Sub Drone (Bm).wav	23071738
1. Film Score Collection Vol 2 (Non-Tempo)/1. Pads_Drones/17. Sub Drone (Minor)/Sub Drone (C#m_Dbm).wav	23071740
1. Film Score Collection Vol 2 (Non-Tempo)/1. Pads_Drones/17. Sub Drone (Minor)/Sub Drone (Cm).wav	23071738
1. Film Score Collection Vol 2 (Non-Tempo)/1. Pads_Drones/17. Sub Drone (Minor)/Sub Drone (D#m_Ebm).wav	23071740
1. Film Score Collection Vol 2 (Non-Tempo)/1. Pads_Drones/17. Sub Drone (Minor)/Sub Drone (Dm).wav	23071738
1. Film Score Collection Vol 2 (Non-Tempo)/1. Pads_Drones/17. Sub Drone (Minor)/Sub Drone (Em).wav	23071736
1. Film Score Collection Vol 2 (Non-Tempo)/1. Pads_Drones/17. Sub Drone (Minor)/Sub Drone (F#m_Gbm).wav	23071738
1. Film Score Collection Vol 2 (Non-Tempo)/1. Pads_Drones/17. Sub Drone (Minor)/Sub Drone (Fm).wav	23071738
1. Film Score Collection Vol 2 (Non-Tempo)/1. Pads_Drones/17. Sub Drone (Minor)/Sub Drone (G#m_Abm).wav	23071738
1. Film Score Collection Vol 2 (Non-Tempo)/1. Pads_Drones/17. Sub Drone (Minor)/Sub Drone (Gm).wav	23071736
1. Film Score Collection Vol 2 (Non-Tempo)/1. Pads_Drones/18. Night Owl (Minor)/Night Owl (A#m_Bbm).wav	17687844
1. Film Score Collection Vol 2 (Non-Tempo)/1. Pads_Drones/18. Night Owl (Minor)/Night Owl (Am).wav	17687844
1. Film Score Collection Vol 2 (Non-Tempo)/1. Pads_Drones/18. Night Owl (Minor)/Night Owl (Bm).wav	17687844
1. Film Score Collection Vol 2 (Non-Tempo)/1. Pads_Drones/18. Night Owl (Minor)/Night Owl (C#m_Dbm).wav	17687844
1. Film Score Collection Vol 2 (Non-Tempo)/1. Pads_Drones/18. Night Owl (Minor)/Night Owl (Cm).wav	17687844
1. Film Score Collection Vol 2 (Non-Tempo)/1. Pads_Drones/18. Night Owl (Minor)/Night Owl (D#m_Ebm).wav	17687844
1. Film Score Collection Vol 2 (Non-Tempo)/1. Pads_Drones/18. Night Owl (Minor)/Night Owl (Dm).wav	17687844
1. Film Score Collection Vol 2 (Non-Tempo)/1. Pads_Drones/18. Night Owl (Minor)/Night Owl (Em).wav	17687844
1. Film Score Collection Vol 2 (Non-Tempo)/1. Pads_Drones/18. Night Owl (Minor)/Night Owl (F#m_Gbm).wav	17687844
1. Film Score Collection Vol 2 (Non-Tempo)/1. Pads_Drones/18. Night Owl (Minor)/Night Owl (Fm).wav	17687844
1. Film Score Collection Vol 2 (Non-Tempo)/1. Pads_Drones/18. Night Owl (Minor)/Night Owl (G#m_Abm).wav	17687844
1. Film Score Collection Vol 2 (Non-Tempo)/1. Pads_Drones/18. Night Owl (Minor)/Night Owl (Gm).wav	17687844
1. Film Score Collection Vol 2 (Non-Tempo)/1. Pads_Drones/19. Falling Ash (Minor)/Falling Ash (A#m_Bbm).wav	21197302
1. Film Score Collection Vol 2 (Non-Tempo)/1. Pads_Drones/19. Falling Ash (Minor)/Falling Ash (Am).wav	21197302
1. Film Score Collection Vol 2 (Non-Tempo)/1. Pads_Drones/19. Falling Ash (Minor)/Falling Ash (Bm).wav	21197302
1. Film Score Collection Vol 2 (Non-Tempo)/1. Pads_Drones/19. Falling Ash (Minor)/Falling Ash (C#m_Dbm).wav	21197300
1. Film Score Collection Vol 2 (Non-Tempo)/1. Pads_Drones/19. Falling Ash (Minor)/Falling Ash (Cm).wav	21197302
1. Film Score Collection Vol 2 (Non-Tempo)/1. Pads_Drones/19. Falling Ash (Minor)/Falling Ash (D#m_Ebm).wav	21197302
1. Film Score Collection Vol 2 (Non-Tempo)/1. Pads_Drones/19. Falling Ash (Minor)/Falling Ash (Dm).wav	21197302
1. Film Score Collection Vol 2 (Non-Tempo)/1. Pads_Drones/19. Falling Ash (Minor)/Falling Ash (Em).wav	21197298
1. Film Score Collection Vol 2 (Non-Tempo)/1. Pads_Drones/19. Falling Ash (Minor)/Falling Ash (F#m_Gbm).wav	21197302
1. Film Score Collection Vol 2 (Non-Tempo)/1. Pads_Drones/19. Falling Ash (Minor)/Falling Ash (Fm).wav	21197302
1. Film Score Collection Vol 2 (Non-Tempo)/1. Pads_Drones/19. Falling Ash (Minor)/Falling Ash (G#m_Abm).wav	21197300
1. Film Score Collection Vol 2 (Non-Tempo)/1. Pads_Drones/19. Falling Ash (Minor)/Falling Ash (Gm).wav	21197300
1. Film Score Collection Vol 2 (Non-Tempo)/1. Pads_Drones/2. Voice Adrift (Major_Minor)/Voice Adrift - A#_Bb.wav	23315964
1. Film Score Collection Vol 2 (Non-Tempo)/1. Pads_Drones/2. Voice Adrift (Major_Minor)/Voice Adrift - A.wav	23315964
1. Film Score Collection Vol 2 (Non-Tempo)/1. Pads_Drones/2. Voice Adrift (Major_Minor)/Voice Adrift - B.wav	23315964
1. Film Score Collection Vol 2 (Non-Tempo)/1. Pads_Drones/2. Voice Adrift (Major_Minor)/Voice Adrift - C#_Db.wav	23315964
1. Film Score Collection Vol 2 (Non-Tempo)/1. Pads_Drones/2. Voice Adrift (Major_Minor)/Voice Adrift - C.wav	23315964
1. Film Score Collection Vol 2 (Non-Tempo)/1. Pads_Drones/2. Voice Adrift (Major_Minor)/Voice Adrift - D#_Eb.wav	23315964
1. Film Score Collection Vol 2 (Non-Tempo)/1. Pads_Drones/2. Voice Adrift (Major_Minor)/Voice Adrift - D.wav	23315964
1. Film Score Collection Vol 2 (Non-Tempo)/1. Pads_Drones/2. Voice Adrift (Major_Minor)/Voice Adrift - E.wav	23315964
1. Film Score Collection Vol 2 (Non-Tempo)/1. Pads_Drones/2. Voice Adrift (Major_Minor)/Voice Adrift - F#_Gb.wav	23315964
1. Film Score Collection Vol 2 (Non-Tempo)/1. Pads_Drones/2. Voice Adrift (Major_Minor)/Voice Adrift - F.wav	23315964
1. Film Score Collection Vol 2 (Non-Tempo)/1. Pads_Drones/2. Voice Adrift (Major_Minor)/Voice Adrift - G#_Ab.wav	23315964
1. Film Score Collection Vol 2 (Non-Tempo)/1. Pads_Drones/2. Voice Adrift (Major_Minor)/Voice Adrift - G.wav	23315964
1. Film Score Collection Vol 2 (Non-Tempo)/1. Pads_Drones/20. Dune (Minor)/Dune (A#m_Bbm).wav	14837738
1. Film Score Collection Vol 2 (Non-Tempo)/1. Pads_Drones/20. Dune (Minor)/Dune (Am).wav	14837738
1. Film Score Collection Vol 2 (Non-Tempo)/1. Pads_Drones/20. Dune (Minor)/Dune (Bm).wav	14837738
1. Film Score Collection Vol 2 (Non-Tempo)/1. Pads_Drones/20. Dune (Minor)/Dune (C#m_Dbm).wav	14837738
1. Film Score Collection Vol 2 (Non-Tempo)/1. Pads_Drones/20. Dune (Minor)/Dune (Cm).wav	14837738
1. Film Score Collection Vol 2 (Non-Tempo)/1. Pads_Drones/20. Dune (Minor)/Dune (D#m_Ebm).wav	14837738
1. Film Score Collection Vol 2 (Non-Tempo)/1. Pads_Drones/20. Dune (Minor)/Dune (Dm).wav	14837738
1. Film Score Collection Vol 2 (Non-Tempo)/1. Pads_Drones/20. Dune (Minor)/Dune (Em).wav	14837738
1. Film Score Collection Vol 2 (Non-Tempo)/1. Pads_Drones/20. Dune (Minor)/Dune (F#m_Gbm).wav	14837738
1. Film Score Collection Vol 2 (Non-Tempo)/1. Pads_Drones/20. Dune (Minor)/Dune (Fm).wav	14837738
1. Film Score Collection Vol 2 (Non-Tempo)/1. Pads_Drones/20. Dune (Minor)/Dune (G#m_Abm).wav	14837738
1. Film Score Collection Vol 2 (Non-Tempo)/1. Pads_Drones/20. Dune (Minor)/Dune (Gm).wav	14837738
1. Film Score Collection Vol 2 (Non-Tempo)/1. Pads_Drones/3. Snowy Day (Major_Minor)/Snowy Day (A#_Bb).wav	17303344
1. Film Score Collection Vol 2 (Non-Tempo)/1. Pads_Drones/3. Snowy Day (Major_Minor)/Snowy Day (A).wav	17303344
1. Film Score Collection Vol 2 (Non-Tempo)/1. Pads_Drones/3. Snowy Day (Major_Minor)/Snowy Day (B).wav	17303344
1. Film Score Collection Vol 2 (Non-Tempo)/1. Pads_Drones/3. Snowy Day (Major_Minor)/Snowy Day (C#_Db).wav	17303344
1. Film Score Collection Vol 2 (Non-Tempo)/1. Pads_Drones/3. Snowy Day (Major_Minor)/Snowy Day (C).wav	17303344
1. Film Score Collection Vol 2 (Non-Tempo)/1. Pads_Drones/3. Snowy Day (Major_Minor)/Snowy Day (D#_Eb).wav	17303344
1. Film Score Collection Vol 2 (Non-Tempo)/1. Pads_Drones/3. Snowy Day (Major_Minor)/Snowy Day (D).wav	17303344
1. Film Score Collection Vol 2 (Non-Tempo)/1. Pads_Drones/3. Snowy Day (Major_Minor)/Snowy Day (E).wav	17303344
1. Film Score Collection Vol 2 (Non-Tempo)/1. Pads_Drones/3. Snowy Day (Major_Minor)/Snowy Day (F#_Gb).wav	17303344
1. Film Score Collection Vol 2 (Non-Tempo)/1. Pads_Drones/3. Snowy Day (Major_Minor)/Snowy Day (F).wav	17303344
1. Film Score Collection Vol 2 (Non-Tempo)/1. Pads_Drones/3. Snowy Day (Major_Minor)/Snowy Day (G#_Ab).wav	17303344
1. Film Score Collection Vol 2 (Non-Tempo)/1. Pads_Drones/3. Snowy Day (Major_Minor)/Snowy Day (G).wav	17303344
1. Film Score Collection Vol 2 (Non-Tempo)/1. Pads_Drones/4. Delicate Clock (Major_Minor)/Delicate Clock (A#_Bb).wav	19607692
1. Film Score Collection Vol 2 (Non-Tempo)/1. Pads_Drones/4. Delicate Clock (Major_Minor)/Delicate Clock (A).wav	19607692
1. Film Score Collection Vol 2 (Non-Tempo)/1. Pads_Drones/4. Delicate Clock (Major_Minor)/Delicate Clock (B).wav	19607692
1. Film Score Collection Vol 2 (Non-Tempo)/1. Pads_Drones/4. Delicate Clock (Major_Minor)/Delicate Clock (C#_Db).wav	19607696
1. Film Score Collection Vol 2 (Non-Tempo)/1. Pads_Drones/4. Delicate Clock (Major_Minor)/Delicate Clock (C).wav	19607692
1. Film Score Collection Vol 2 (Non-Tempo)/1. Pads_Drones/4. Delicate Clock (Major_Minor)/Delicate Clock (D#_Eb).wav	19607692
1. Film Score Collection Vol 2 (Non-Tempo)/1. Pads_Drones/4. Delicate Clock (Major_Minor)/Delicate Clock (D).wav	19607696
1. Film Score Collection Vol 2 (Non-Tempo)/1. Pads_Drones/4. Delicate Clock (Major_Minor)/Delicate Clock (E).wav	19607692
1. Film Score Collection Vol 2 (Non-Tempo)/1. Pads_Drones/4. Delicate Clock (Major_Minor)/Delicate Clock (F#_Gb).wav	19607690
1. Film Score Collection Vol 2 (Non-Tempo)/1. Pads_Drones/4. Delicate Clock (Major_Minor)/Delicate Clock (F).wav	19607692
1. Film Score Collection Vol 2 (Non-Tempo)/1. Pads_Drones/4. Delicate Clock (Major_Minor)/Delicate Clock (G#_Ab).wav	19607696
1. Film Score Collection Vol 2 (Non-Tempo)/1. Pads_Drones/4. Delicate Clock (Major_Minor)/Delicate Clock (G).wav	19607696
1. Film Score Collection Vol 2 (Non-Tempo)/1. Pads_Drones/5. Goated (Major)/Goated (A#_Bb).wav	17687844
1. Film Score Collection Vol 2 (Non-Tempo)/1. Pads_Drones/5. Goated (Major)/Goated (A).wav	17687844
1. Film Score Collection Vol 2 (Non-Tempo)/1. Pads_Drones/5. Goated (Major)/Goated (B).wav	17687844
1. Film Score Collection Vol 2 (Non-Tempo)/1. Pads_Drones/5. Goated (Major)/Goated (C#_Db).wav	17687844
1. Film Score Collection Vol 2 (Non-Tempo)/1. Pads_Drones/5. Goated (Major)/Goated (C).wav	17687844
1. Film Score Collection Vol 2 (Non-Tempo)/1. Pads_Drones/5. Goated (Major)/Goated (D#_Eb).wav	17687844
1. Film Score Collection Vol 2 (Non-Tempo)/1. Pads_Drones/5. Goated (Major)/Goated (D).wav	17687844
1. Film Score Collection Vol 2 (Non-Tempo)/1. Pads_Drones/5. Goated (Major)/Goated (E).wav	17687844
1. Film Score Collection Vol 2 (Non-Tempo)/1. Pads_Drones/5. Goated (Major)/Goated (F#_Gb).wav	17687844
1. Film Score Collection Vol 2 (Non-Tempo)/1. Pads_Drones/5. Goated (Major)/Goated (F).wav	17687844
1. Film Score Collection Vol 2 (Non-Tempo)/1. Pads_Drones/5. Goated (Major)/Goated (G#_Ab).wav	17687844
1. Film Score Collection Vol 2 (Non-Tempo)/1. Pads_Drones/5. Goated (Major)/Goated (G).wav	17687844
1. Film Score Collection Vol 2 (Non-Tempo)/1. Pads_Drones/6. Summer (Major)/Summer (A#_Bb).wav	20667498
1. Film Score Collection Vol 2 (Non-Tempo)/1. Pads_Drones/6. Summer (Major)/Summer (A).wav	20667504
1. Film Score Collection Vol 2 (Non-Tempo)/1. Pads_Drones/6. Summer (Major)/Summer (B).wav	20667498
1. Film Score Collection Vol 2 (Non-Tempo)/1. Pads_Drones/6. Summer (Major)/Summer (C#_Db).wav	20667498
1. Film Score Collection Vol 2 (Non-Tempo)/1. Pads_Drones/6. Summer (Major)/Summer (C).wav	20667548
1. Film Score Collection Vol 2 (Non-Tempo)/1. Pads_Drones/6. Summer (Major)/Summer (D#_Eb).wav	20667498
1. Film Score Collection Vol 2 (Non-Tempo)/1. Pads_Drones/6. Summer (Major)/Summer (D).wav	20667498
1. Film Score Collection Vol 2 (Non-Tempo)/1. Pads_Drones/6. Summer (Major)/Summer (E).wav	20667502
1. Film Score Collection Vol 2 (Non-Tempo)/1. Pads_Drones/6. Summer (Major)/Summer (F#_Gb).wav	20667498
1. Film Score Collection Vol 2 (Non-Tempo)/1. Pads_Drones/6. Summer (Major)/Summer (F).wav	20667504
1. Film Score Collection Vol 2 (Non-Tempo)/1. Pads_Drones/6. Summer (Major)/Summer (G#_Ab).wav	20667502
1. Film Score Collection Vol 2 (Non-Tempo)/1. Pads_Drones/6. Summer (Major)/Summer (G).wav	20667498
1. Film Score Collection Vol 2 (Non-Tempo)/1. Pads_Drones/7. Wind Essemble (Major)/Wind Essemble (A#_Bb).wav	23315964
1. Film Score Collection Vol 2 (Non-Tempo)/1. Pads_Drones/7. Wind Essemble (Major)/Wind Essemble (A).wav	23315964
1. Film Score Collection Vol 2 (Non-Tempo)/1. Pads_Drones/7. Wind Essemble (Major)/Wind Essemble (B).wav	23315964
1. Film Score Collection Vol 2 (Non-Tempo)/1. Pads_Drones/7. Wind Essemble (Major)/Wind Essemble (C#_Db).wav	23315964
1. Film Score Collection Vol 2 (Non-Tempo)/1. Pads_Drones/7. Wind Essemble (Major)/Wind Essemble (C).wav	23315964
1. Film Score Collection Vol 2 (Non-Tempo)/1. Pads_Drones/7. Wind Essemble (Major)/Wind Essemble (D#_Eb).wav	23315964
1. Film Score Collection Vol 2 (Non-Tempo)/1. Pads_Drones/7. Wind Essemble (Major)/Wind Essemble (D).wav	23315964
1. Film Score Collection Vol 2 (Non-Tempo)/1. Pads_Drones/7. Wind Essemble (Major)/Wind Essemble (E).wav	23315964
1. Film Score Collection Vol 2 (Non-Tempo)/1. Pads_Drones/7. Wind Essemble (Major)/Wind Essemble (F#_Gb).wav	23315964
1. Film Score Collection Vol 2 (Non-Tempo)/1. Pads_Drones/7. Wind Essemble (Major)/Wind Essemble (F).wav	23315964
1. Film Score Collection Vol 2 (Non-Tempo)/1. Pads_Drones/7. Wind Essemble (Major)/Wind Essemble (G#_Ab).wav	23315964
1. Film Score Collection Vol 2 (Non-Tempo)/1. Pads_Drones/7. Wind Essemble (Major)/Wind Essemble (G).wav	23315964
1. Film Score Collection Vol 2 (Non-Tempo)/1. Pads_Drones/8. Peaceful (Major)/Peaceful (A#_Bb).wav	21341546
1. Film Score Collection Vol 2 (Non-Tempo)/1. Pads_Drones/8. Peaceful (Major)/Peaceful (A).wav	21341550
1. Film Score Collection Vol 2 (Non-Tempo)/1. Pads_Drones/8. Peaceful (Major)/Peaceful (B).wav	21341546
1. Film Score Collection Vol 2 (Non-Tempo)/1. Pads_Drones/8. Peaceful (Major)/Peaceful (C#_Db).wav	21341546
1. Film Score Collection Vol 2 (Non-Tempo)/1. Pads_Drones/8. Peaceful (Major)/Peaceful (C).wav	21341550
1. Film Score Collection Vol 2 (Non-Tempo)/1. Pads_Drones/8. Peaceful (Major)/Peaceful (D#_Eb).wav	21341548
1. Film Score Collection Vol 2 (Non-Tempo)/1. Pads_Drones/8. Peaceful (Major)/Peaceful (D).wav	21341546
1. Film Score Collection Vol 2 (Non-Tempo)/1. Pads_Drones/8. Peaceful (Major)/Peaceful (E).wav	21341550
1. Film Score Collection Vol 2 (Non-Tempo)/1. Pads_Drones/8. Peaceful (Major)/Peaceful (F#_Gb).wav	21341546
1. Film Score Collection Vol 2 (Non-Tempo)/1. Pads_Drones/8. Peaceful (Major)/Peaceful (F).wav	21341550
1. Film Score Collection Vol 2 (Non-Tempo)/1. Pads_Drones/8. Peaceful (Major)/Peaceful (G#_Ab).wav	21341550
1. Film Score Collection Vol 2 (Non-Tempo)/1. Pads_Drones/8. Peaceful (Major)/Peaceful (G).wav	21341546
1. Film Score Collection Vol 2 (Non-Tempo)/1. Pads_Drones/9. Radiance (Major)/Radiance (A#_Bb).wav	20399586
1. Film Score Collection Vol 2 (Non-Tempo)/1. Pads_Drones/9. Radiance (Major)/Radiance (A).wav	20399586
1. Film Score Collection Vol 2 (Non-Tempo)/1. Pads_Drones/9. Radiance (Major)/Radiance (B).wav	20399586
1. Film Score Collection Vol 2 (Non-Tempo)/1. Pads_Drones/9. Radiance (Major)/Radiance (C#_Db).wav	20399586
1. Film Score Collection Vol 2 (Non-Tempo)/1. Pads_Drones/9. Radiance (Major)/Radiance (C).wav	20399586
1. Film Score Collection Vol 2 (Non-Tempo)/1. Pads_Drones/9. Radiance (Major)/Radiance (D#_Eb).wav	20399586
1. Film Score Collection Vol 2 (Non-Tempo)/1. Pads_Drones/9. Radiance (Major)/Radiance (D).wav	20399586
1. Film Score Collection Vol 2 (Non-Tempo)/1. Pads_Drones/9. Radiance (Major)/Radiance (E).wav	20399586
1. Film Score Collection Vol 2 (Non-Tempo)/1. Pads_Drones/9. Radiance (Major)/Radiance (F#_Gb).wav	20399586
1. Film Score Collection Vol 2 (Non-Tempo)/1. Pads_Drones/9. Radiance (Major)/Radiance (F).wav	20399586
1. Film Score Collection Vol 2 (Non-Tempo)/1. Pads_Drones/9. Radiance (Major)/Radiance (G#_Ab).wav	20399586
1. Film Score Collection Vol 2 (Non-Tempo)/1. Pads_Drones/9. Radiance (Major)/Radiance (G).wav	20399586
1. Film Score Collection Vol 2 (Non-Tempo)/2. Riffs_Melodies/1. Violin High & Long (Major_Minor)/Violin High & Long (A#_Bb).wav	14420324
1. Film Score Collection Vol 2 (Non-Tempo)/2. Riffs_Melodies/1. Violin High & Long (Major_Minor)/Violin High & Long (A).wav	14420326
1. Film Score Collection Vol 2 (Non-Tempo)/2. Riffs_Melodies/1. Violin High & Long (Major_Minor)/Violin High & Long (B).wav	14420330
1. Film Score Collection Vol 2 (Non-Tempo)/2. Riffs_Melodies/1. Violin High & Long (Major_Minor)/Violin High & Long (C#_Db).wav	14420326
1. Film Score Collection Vol 2 (Non-Tempo)/2. Riffs_Melodies/1. Violin High & Long (Major_Minor)/Violin High & Long (C).wav	14420326
1. Film Score Collection Vol 2 (Non-Tempo)/2. Riffs_Melodies/1. Violin High & Long (Major_Minor)/Violin High & Long (D#_Eb).wav	13266806
1. Film Score Collection Vol 2 (Non-Tempo)/2. Riffs_Melodies/1. Violin High & Long (Major_Minor)/Violin High & Long (D).wav	14420326
1. Film Score Collection Vol 2 (Non-Tempo)/2. Riffs_Melodies/1. Violin High & Long (Major_Minor)/Violin High & Long (E).wav	13266806
1. Film Score Collection Vol 2 (Non-Tempo)/2. Riffs_Melodies/1. Violin High & Long (Major_Minor)/Violin High & Long (F#_Gb).wav	13266802
1. Film Score Collection Vol 2 (Non-Tempo)/2. Riffs_Melodies/1. Violin High & Long (Major_Minor)/Violin High & Long (F).wav	13266802
1. Film Score Collection Vol 2 (Non-Tempo)/2. Riffs_Melodies/1. Violin High & Long (Major_Minor)/Violin High & Long (G#_Ab).wav	13266804
1. Film Score Collection Vol 2 (Non-Tempo)/2. Riffs_Melodies/1. Violin High & Long (Major_Minor)/Violin High & Long (G).wav	13266802
1. Film Score Collection Vol 2 (Non-Tempo)/2. Riffs_Melodies/10. Warm Keys (Major)/Warm Keys (A#_Bb).wav	9892108
1. Film Score Collection Vol 2 (Non-Tempo)/2. Riffs_Melodies/10. Warm Keys (Major)/Warm Keys (A).wav	9892108
1. Film Score Collection Vol 2 (Non-Tempo)/2. Riffs_Melodies/10. Warm Keys (Major)/Warm Keys (B).wav	9892108
1. Film Score Collection Vol 2 (Non-Tempo)/2. Riffs_Melodies/10. Warm Keys (Major)/Warm Keys (C#_Db).wav	9892108
1. Film Score Collection Vol 2 (Non-Tempo)/2. Riffs_Melodies/10. Warm Keys (Major)/Warm Keys (C).wav	9892108
1. Film Score Collection Vol 2 (Non-Tempo)/2. Riffs_Melodies/10. Warm Keys (Major)/Warm Keys (D#_Eb).wav	9892108
1. Film Score Collection Vol 2 (Non-Tempo)/2. Riffs_Melodies/10. Warm Keys (Major)/Warm Keys (D).wav	9892108
1. Film Score Collection Vol 2 (Non-Tempo)/2. Riffs_Melodies/10. Warm Keys (Major)/Warm Keys (E).wav	9892108
1. Film Score Collection Vol 2 (Non-Tempo)/2. Riffs_Melodies/10. Warm Keys (Major)/Warm Keys (F#_Gb).wav	9892108
1. Film Score Collection Vol 2 (Non-Tempo)/2. Riffs_Melodies/10. Warm Keys (Major)/Warm Keys (F).wav	9892108
1. Film Score Collection Vol 2 (Non-Tempo)/2. Riffs_Melodies/10. Warm Keys (Major)/Warm Keys (G#_Ab).wav	9892108
1. Film Score Collection Vol 2 (Non-Tempo)/2. Riffs_Melodies/10. Warm Keys (Major)/Warm Keys (G).wav	9892108
1. Film Score Collection Vol 2 (Non-Tempo)/2. Riffs_Melodies/11. Piano Color (Major)/Piano Color (A#_Bb).wav	11536510
1. Film Score Collection Vol 2 (Non-Tempo)/2. Riffs_Melodies/11. Piano Color (Major)/Piano Color (A).wav	11536510
1. Film Score Collection Vol 2 (Non-Tempo)/2. Riffs_Melodies/11. Piano Color (Major)/Piano Color (B).wav	11536510
1. Film Score Collection Vol 2 (Non-Tempo)/2. Riffs_Melodies/11. Piano Color (Major)/Piano Color (C#_Db).wav	11536510
1. Film Score Collection Vol 2 (Non-Tempo)/2. Riffs_Melodies/11. Piano Color (Major)/Piano Color (C).wav	11536510
1. Film Score Collection Vol 2 (Non-Tempo)/2. Riffs_Melodies/11. Piano Color (Major)/Piano Color (D#_Eb).wav	11536510
1. Film Score Collection Vol 2 (Non-Tempo)/2. Riffs_Melodies/11. Piano Color (Major)/Piano Color (D).wav	11536508
1. Film Score Collection Vol 2 (Non-Tempo)/2. Riffs_Melodies/11. Piano Color (Major)/Piano Color (E).wav	11536510
1. Film Score Collection Vol 2 (Non-Tempo)/2. Riffs_Melodies/11. Piano Color (Major)/Piano Color (F#_Gb).wav	11536510
1. Film Score Collection Vol 2 (Non-Tempo)/2. Riffs_Melodies/11. Piano Color (Major)/Piano Color (F).wav	11536510
1. Film Score Collection Vol 2 (Non-Tempo)/2. Riffs_Melodies/11. Piano Color (Major)/Piano Color (G#_Ab).wav	11536510
1. Film Score Collection Vol 2 (Non-Tempo)/2. Riffs_Melodies/11. Piano Color (Major)/Piano Color (G).wav	11536510
1. Film Score Collection Vol 2 (Non-Tempo)/2. Riffs_Melodies/12. String Wonder (Major)/String Wonder (A#_Bb).wav	9539540
1. Film Score Collection Vol 2 (Non-Tempo)/2. Riffs_Melodies/12. String Wonder (Major)/String Wonder (A).wav	9539542
1. Film Score Collection Vol 2 (Non-Tempo)/2. Riffs_Melodies/12. String Wonder (Major)/String Wonder (B).wav	9539540
1. Film Score Collection Vol 2 (Non-Tempo)/2. Riffs_Melodies/12. String Wonder (Major)/String Wonder (C#_Db).wav	9539540
1. Film Score Collection Vol 2 (Non-Tempo)/2. Riffs_Melodies/12. String Wonder (Major)/String Wonder (C).wav	9539540
1. Film Score Collection Vol 2 (Non-Tempo)/2. Riffs_Melodies/12. String Wonder (Major)/String Wonder (D#_Eb).wav	9539540
1. Film Score Collection Vol 2 (Non-Tempo)/2. Riffs_Melodies/12. String Wonder (Major)/String Wonder (D).wav	9539542
1. Film Score Collection Vol 2 (Non-Tempo)/2. Riffs_Melodies/12. String Wonder (Major)/String Wonder (E).wav	9539540
1. Film Score Collection Vol 2 (Non-Tempo)/2. Riffs_Melodies/12. String Wonder (Major)/String Wonder (F#_Gb).wav	9539540
1. Film Score Collection Vol 2 (Non-Tempo)/2. Riffs_Melodies/12. String Wonder (Major)/String Wonder (F).wav	9539540
1. Film Score Collection Vol 2 (Non-Tempo)/2. Riffs_Melodies/12. String Wonder (Major)/String Wonder (G#_Ab).wav	9539542
1. Film Score Collection Vol 2 (Non-Tempo)/2. Riffs_Melodies/12. String Wonder (Major)/String Wonder (G).wav	9539540
1. Film Score Collection Vol 2 (Non-Tempo)/2. Riffs_Melodies/13. Violin Flow (Major)/Violin Flow (A#_Bb).wav	6345638
1. Film Score Collection Vol 2 (Non-Tempo)/2. Riffs_Melodies/13. Violin Flow (Major)/Violin Flow (A).wav	6345638
1. Film Score Collection Vol 2 (Non-Tempo)/2. Riffs_Melodies/13. Violin Flow (Major)/Violin Flow (B).wav	6345638
1. Film Score Collection Vol 2 (Non-Tempo)/2. Riffs_Melodies/13. Violin Flow (Major)/Violin Flow (C#_Db).wav	6345638
1. Film Score Collection Vol 2 (Non-Tempo)/2. Riffs_Melodies/13. Violin Flow (Major)/Violin Flow (C).wav	6345638
1. Film Score Collection Vol 2 (Non-Tempo)/2. Riffs_Melodies/13. Violin Flow (Major)/Violin Flow (D#_Eb).wav	6345638
1. Film Score Collection Vol 2 (Non-Tempo)/2. Riffs_Melodies/13. Violin Flow (Major)/Violin Flow (D).wav	6345636
1. Film Score Collection Vol 2 (Non-Tempo)/2. Riffs_Melodies/13. Violin Flow (Major)/Violin Flow (E).wav	6345636
1. Film Score Collection Vol 2 (Non-Tempo)/2. Riffs_Melodies/13. Violin Flow (Major)/Violin Flow (F#_Gb).wav	6345638
1. Film Score Collection Vol 2 (Non-Tempo)/2. Riffs_Melodies/13. Violin Flow (Major)/Violin Flow (F).wav	6345638
1. Film Score Collection Vol 2 (Non-Tempo)/2. Riffs_Melodies/13. Violin Flow (Major)/Violin Flow (G#_Ab).wav	6345640
1. Film Score Collection Vol 2 (Non-Tempo)/2. Riffs_Melodies/13. Violin Flow (Major)/Violin Flow (G).wav	6345638
1. Film Score Collection Vol 2 (Non-Tempo)/2. Riffs_Melodies/14. Violin Basic (Minor)/Violin Basic (A#m_Bbm).wav	14997122
1. Film Score Collection Vol 2 (Non-Tempo)/2. Riffs_Melodies/14. Violin Basic (Minor)/Violin Basic (Am).wav	14997114
1. Film Score Collection Vol 2 (Non-Tempo)/2. Riffs_Melodies/14. Violin Basic (Minor)/Violin Basic (Bm).wav	14997122
1. Film Score Collection Vol 2 (Non-Tempo)/2. Riffs_Melodies/14. Violin Basic (Minor)/Violin Basic (C#m_Dbm).wav	14997122
1. Film Score Collection Vol 2 (Non-Tempo)/2. Riffs_Melodies/14. Violin Basic (Minor)/Violin Basic (Cm).wav	14997116
1. Film Score Collection Vol 2 (Non-Tempo)/2. Riffs_Melodies/14. Violin Basic (Minor)/Violin Basic (D#m_Ebm).wav	14997122
1. Film Score Collection Vol 2 (Non-Tempo)/2. Riffs_Melodies/14. Violin Basic (Minor)/Violin Basic (Dm).wav	14997116
1. Film Score Collection Vol 2 (Non-Tempo)/2. Riffs_Melodies/14. Violin Basic (Minor)/Violin Basic (Em).wav	14997116
1. Film Score Collection Vol 2 (Non-Tempo)/2. Riffs_Melodies/14. Violin Basic (Minor)/Violin Basic (F#m_Gbm).wav	14997116
1. Film Score Collection Vol 2 (Non-Tempo)/2. Riffs_Melodies/14. Violin Basic (Minor)/Violin Basic (Fm).wav	14997116
1. Film Score Collection Vol 2 (Non-Tempo)/2. Riffs_Melodies/14. Violin Basic (Minor)/Violin Basic (G#m_Abm).wav	14997116
1. Film Score Collection Vol 2 (Non-Tempo)/2. Riffs_Melodies/14. Violin Basic (Minor)/Violin Basic (Gm).wav	14997122
1. Film Score Collection Vol 2 (Non-Tempo)/2. Riffs_Melodies/15. Violin Medium (Minor)/Violin Medium (A#m_Bbm).wav	14419594
1. Film Score Collection Vol 2 (Non-Tempo)/2. Riffs_Melodies/15. Violin Medium (Minor)/Violin Medium (Am).wav	14419594
1. Film Score Collection Vol 2 (Non-Tempo)/2. Riffs_Melodies/15. Violin Medium (Minor)/Violin Medium (Bm).wav	14419594
1. Film Score Collection Vol 2 (Non-Tempo)/2. Riffs_Melodies/15. Violin Medium (Minor)/Violin Medium (C#m_Dbm).wav	14419594
1. Film Score Collection Vol 2 (Non-Tempo)/2. Riffs_Melodies/15. Violin Medium (Minor)/Violin Medium (Cm).wav	14419594
1. Film Score Collection Vol 2 (Non-Tempo)/2. Riffs_Melodies/15. Violin Medium (Minor)/Violin Medium (D#m_Ebm).wav	14419594
1. Film Score Collection Vol 2 (Non-Tempo)/2. Riffs_Melodies/15. Violin Medium (Minor)/Violin Medium (Dm).wav	14419594
1. Film Score Collection Vol 2 (Non-Tempo)/2. Riffs_Melodies/15. Violin Medium (Minor)/Violin Medium (Em).wav	14419594
1. Film Score Collection Vol 2 (Non-Tempo)/2. Riffs_Melodies/15. Violin Medium (Minor)/Violin Medium (F#m_Gbm).wav	14419594
1. Film Score Collection Vol 2 (Non-Tempo)/2. Riffs_Melodies/15. Violin Medium (Minor)/Violin Medium (Fm).wav	14419594
1. Film Score Collection Vol 2 (Non-Tempo)/2. Riffs_Melodies/15. Violin Medium (Minor)/Violin Medium (G#m_Abm).wav	14419594
1. Film Score Collection Vol 2 (Non-Tempo)/2. Riffs_Melodies/15. Violin Medium (Minor)/Violin Medium (Gm).wav	14419594
1. Film Score Collection Vol 2 (Non-Tempo)/2. Riffs_Melodies/16. Violin Complex (Minor)/Violin Complex (A#m_Bbm).wav	14996344
1. Film Score Collection Vol 2 (Non-Tempo)/2. Riffs_Melodies/16. Violin Complex (Minor)/Violin Complex (Am).wav	14996344
1. Film Score Collection Vol 2 (Non-Tempo)/2. Riffs_Melodies/16. Violin Complex (Minor)/Violin Complex (Bm).wav	14996344
1. Film Score Collection Vol 2 (Non-Tempo)/2. Riffs_Melodies/16. Violin Complex (Minor)/Violin Complex (C#m_Dbm).wav	14996344
1. Film Score Collection Vol 2 (Non-Tempo)/2. Riffs_Melodies/16. Violin Complex (Minor)/Violin Complex (Cm).wav	14996344
1. Film Score Collection Vol 2 (Non-Tempo)/2. Riffs_Melodies/16. Violin Complex (Minor)/Violin Complex (D#m_Ebm).wav	14996344
1. Film Score Collection Vol 2 (Non-Tempo)/2. Riffs_Melodies/16. Violin Complex (Minor)/Violin Complex (Dm).wav	14996344
1. Film Score Collection Vol 2 (Non-Tempo)/2. Riffs_Melodies/16. Violin Complex (Minor)/Violin Complex (Em).wav	14996344
1. Film Score Collection Vol 2 (Non-Tempo)/2. Riffs_Melodies/16. Violin Complex (Minor)/Violin Complex (F#m_Gbm).wav	14996344
1. Film Score Collection Vol 2 (Non-Tempo)/2. Riffs_Melodies/16. Violin Complex (Minor)/Violin Complex (Fm).wav	14996344
1. Film Score Collection Vol 2 (Non-Tempo)/2. Riffs_Melodies/16. Violin Complex (Minor)/Violin Complex (G#m_Abm).wav	14996344
1. Film Score Collection Vol 2 (Non-Tempo)/2. Riffs_Melodies/16. Violin Complex (Minor)/Violin Complex (Gm).wav	14996344
1. Film Score Collection Vol 2 (Non-Tempo)/2. Riffs_Melodies/17. Cello Night 1 (Minor)/Cello Night 1 (A#m_Bbm).wav	12112594
1. Film Score Collection Vol 2 (Non-Tempo)/2. Riffs_Melodies/17. Cello Night 1 (Minor)/Cello Night 1 (Am).wav	12112594
1. Film Score Collection Vol 2 (Non-Tempo)/2. Riffs_Melodies/17. Cello Night 1 (Minor)/Cello Night 1 (Bm).wav	12112594
1. Film Score Collection Vol 2 (Non-Tempo)/2. Riffs_Melodies/17. Cello Night 1 (Minor)/Cello Night 1 (C#m_Dbm).wav	12112594
1. Film Score Collection Vol 2 (Non-Tempo)/2. Riffs_Melodies/17. Cello Night 1 (Minor)/Cello Night 1 (Cm).wav	12112594
1. Film Score Collection Vol 2 (Non-Tempo)/2. Riffs_Melodies/17. Cello Night 1 (Minor)/Cello Night 1 (D#m_Ebm).wav	12112594
1. Film Score Collection Vol 2 (Non-Tempo)/2. Riffs_Melodies/17. Cello Night 1 (Minor)/Cello Night 1 (Dm).wav	12112594
1. Film Score Collection Vol 2 (Non-Tempo)/2. Riffs_Melodies/17. Cello Night 1 (Minor)/Cello Night 1 (Em).wav	12112594
1. Film Score Collection Vol 2 (Non-Tempo)/2. Riffs_Melodies/17. Cello Night 1 (Minor)/Cello Night 1 (F#m_Gbm).wav	12112594
1. Film Score Collection Vol 2 (Non-Tempo)/2. Riffs_Melodies/17. Cello Night 1 (Minor)/Cello Night 1 (Fm).wav	12112594
1. Film Score Collection Vol 2 (Non-Tempo)/2. Riffs_Melodies/17. Cello Night 1 (Minor)/Cello Night 1 (G#m_Abm).wav	12112594
1. Film Score Collection Vol 2 (Non-Tempo)/2. Riffs_Melodies/17. Cello Night 1 (Minor)/Cello Night 1 (Gm).wav	12112594
1. Film Score Collection Vol 2 (Non-Tempo)/2. Riffs_Melodies/18. Cello Night 2 (Minor)/Cello Night 2 (A#m_Bbm).wav	9228844
1. Film Score Collection Vol 2 (Non-Tempo)/2. Riffs_Melodies/18. Cello Night 2 (Minor)/Cello Night 2 (Am).wav	9228844
1. Film Score Collection Vol 2 (Non-Tempo)/2. Riffs_Melodies/18. Cello Night 2 (Minor)/Cello Night 2 (Bm).wav	9228844
1. Film Score Collection Vol 2 (Non-Tempo)/2. Riffs_Melodies/18. Cello Night 2 (Minor)/Cello Night 2 (C#m_Dbm).wav	9805594
1. Film Score Collection Vol 2 (Non-Tempo)/2. Riffs_Melodies/18. Cello Night 2 (Minor)/Cello Night 2 (Cm).wav	9228844
1. Film Score Collection Vol 2 (Non-Tempo)/2. Riffs_Melodies/18. Cello Night 2 (Minor)/Cello Night 2 (D#m_Ebm).wav	9805594
1. Film Score Collection Vol 2 (Non-Tempo)/2. Riffs_Melodies/18. Cello Night 2 (Minor)/Cello Night 2 (Dm).wav	9805594
1. Film Score Collection Vol 2 (Non-Tempo)/2. Riffs_Melodies/18. Cello Night 2 (Minor)/Cello Night 2 (Em).wav	9805594
1. Film Score Collection Vol 2 (Non-Tempo)/2. Riffs_Melodies/18. Cello Night 2 (Minor)/Cello Night 2 (F#m_Gbm).wav	9228844
1. Film Score Collection Vol 2 (Non-Tempo)/2. Riffs_Melodies/18. Cello Night 2 (Minor)/Cello Night 2 (Fm).wav	9805594
1. Film Score Collection Vol 2 (Non-Tempo)/2. Riffs_Melodies/18. Cello Night 2 (Minor)/Cello Night 2 (G#m_Abm).wav	9228844
1. Film Score Collection Vol 2 (Non-Tempo)/2. Riffs_Melodies/18. Cello Night 2 (Minor)/Cello Night 2 (Gm).wav	9228844
1. Film Score Collection Vol 2 (Non-Tempo)/2. Riffs_Melodies/19. Dark Ethereal Vocals (Minor)/Dark Ethereal Vocals (A#m_Bbm).wav	7949828
1. Film Score Collection Vol 2 (Non-Tempo)/2. Riffs_Melodies/19. Dark Ethereal Vocals (Minor)/Dark Ethereal Vocals (Am).wav	7949826
1. Film Score Collection Vol 2 (Non-Tempo)/2. Riffs_Melodies/19. Dark Ethereal Vocals (Minor)/Dark Ethereal Vocals (Bm).wav	7949828
1. Film Score Collection Vol 2 (Non-Tempo)/2. Riffs_Melodies/19. Dark Ethereal Vocals (Minor)/Dark Ethereal Vocals (C#m_Dbm).wav	7949826
1. Film Score Collection Vol 2 (Non-Tempo)/2. Riffs_Melodies/19. Dark Ethereal Vocals (Minor)/Dark Ethereal Vocals (Cm).wav	7949828
1. Film Score Collection Vol 2 (Non-Tempo)/2. Riffs_Melodies/19. Dark Ethereal Vocals (Minor)/Dark Ethereal Vocals (D#m_Ebm).wav	7949828
1. Film Score Collection Vol 2 (Non-Tempo)/2. Riffs_Melodies/19. Dark Ethereal Vocals (Minor)/Dark Ethereal Vocals (Dm).wav	7949826
1. Film Score Collection Vol 2 (Non-Tempo)/2. Riffs_Melodies/19. Dark Ethereal Vocals (Minor)/Dark Ethereal Vocals (Em).wav	7949828
1. Film Score Collection Vol 2 (Non-Tempo)/2. Riffs_Melodies/19. Dark Ethereal Vocals (Minor)/Dark Ethereal Vocals (F#m_Gbm).wav	7949828
1. Film Score Collection Vol 2 (Non-Tempo)/2. Riffs_Melodies/19. Dark Ethereal Vocals (Minor)/Dark Ethereal Vocals (Fm).wav	7949828
1. Film Score Collection Vol 2 (Non-Tempo)/2. Riffs_Melodies/19. Dark Ethereal Vocals (Minor)/Dark Ethereal Vocals (G#m_Abm).wav	7949828
1. Film Score Collection Vol 2 (Non-Tempo)/2. Riffs_Melodies/19. Dark Ethereal Vocals (Minor)/Dark Ethereal Vocals(Gm).wav	7949828
1. Film Score Collection Vol 2 (Non-Tempo)/2. Riffs_Melodies/2. Violin Low & Long (Major_Minor)/Violin Low & Long (A#_Bb).wav	19034490
1. Film Score Collection Vol 2 (Non-Tempo)/2. Riffs_Melodies/2. Violin Low & Long (Major_Minor)/Violin Low & Long (A).wav	19034492
1. Film Score Collection Vol 2 (Non-Tempo)/2. Riffs_Melodies/2. Violin Low & Long (Major_Minor)/Violin Low & Long (B).wav	19034488
1. Film Score Collection Vol 2 (Non-Tempo)/2. Riffs_Melodies/2. Violin Low & Long (Major_Minor)/Violin Low & Long (C#_Db).wav	17880948
1. Film Score Collection Vol 2 (Non-Tempo)/2. Riffs_Melodies/2. Violin Low & Long (Major_Minor)/Violin Low & Long (C).wav	19034492
1. Film Score Collection Vol 2 (Non-Tempo)/2. Riffs_Melodies/2. Violin Low & Long (Major_Minor)/Violin Low & Long (D#_Eb).wav	17880948
1. Film Score Collection Vol 2 (Non-Tempo)/2. Riffs_Melodies/2. Violin Low & Long (Major_Minor)/Violin Low & Long (D).wav	17880948
1. Film Score Collection Vol 2 (Non-Tempo)/2. Riffs_Melodies/2. Violin Low & Long (Major_Minor)/Violin Low & Long (E).wav	17880946
1. Film Score Collection Vol 2 (Non-Tempo)/2. Riffs_Melodies/2. Violin Low & Long (Major_Minor)/Violin Low & Long (F#_Gb).wav	19034490
1. Film Score Collection Vol 2 (Non-Tempo)/2. Riffs_Melodies/2. Violin Low & Long (Major_Minor)/Violin Low & Long (F).wav	17880946
1. Film Score Collection Vol 2 (Non-Tempo)/2. Riffs_Melodies/2. Violin Low & Long (Major_Minor)/Violin Low & Long (G#_Ab).wav	19034494
1. Film Score Collection Vol 2 (Non-Tempo)/2. Riffs_Melodies/2. Violin Low & Long (Major_Minor)/Violin Low & Long (G).wav	19034488
1. Film Score Collection Vol 2 (Non-Tempo)/2. Riffs_Melodies/20. Dreamy Vocals (Minor)/Dreamy Vocals (A#m_Bbm).wav	11305822
1. Film Score Collection Vol 2 (Non-Tempo)/2. Riffs_Melodies/20. Dreamy Vocals (Minor)/Dreamy Vocals (Am).wav	11305824
1. Film Score Collection Vol 2 (Non-Tempo)/2. Riffs_Melodies/20. Dreamy Vocals (Minor)/Dreamy Vocals (Bm).wav	11305822
1. Film Score Collection Vol 2 (Non-Tempo)/2. Riffs_Melodies/20. Dreamy Vocals (Minor)/Dreamy Vocals (C#m_Dbm).wav	10599280
1. Film Score Collection Vol 2 (Non-Tempo)/2. Riffs_Melodies/20. Dreamy Vocals (Minor)/Dreamy Vocals (Cm).wav	11305818
1. Film Score Collection Vol 2 (Non-Tempo)/2. Riffs_Melodies/20. Dreamy Vocals (Minor)/Dreamy Vocals (D#m_Ebm).wav	10599272
1. Film Score Collection Vol 2 (Non-Tempo)/2. Riffs_Melodies/20. Dreamy Vocals (Minor)/Dreamy Vocals (Dm).wav	10599280
1. Film Score Collection Vol 2 (Non-Tempo)/2. Riffs_Melodies/20. Dreamy Vocals (Minor)/Dreamy Vocals (Em).wav	10599280
1. Film Score Collection Vol 2 (Non-Tempo)/2. Riffs_Melodies/20. Dreamy Vocals (Minor)/Dreamy Vocals (F#m_Gbm).wav	11305824
1. Film Score Collection Vol 2 (Non-Tempo)/2. Riffs_Melodies/20. Dreamy Vocals (Minor)/Dreamy Vocals (Fm).wav	11305822
1. Film Score Collection Vol 2 (Non-Tempo)/2. Riffs_Melodies/20. Dreamy Vocals (Minor)/Dreamy Vocals (G#m_Abm).wav	11305822
1. Film Score Collection Vol 2 (Non-Tempo)/2. Riffs_Melodies/20. Dreamy Vocals (Minor)/Dreamy Vocals (Gm).wav	11305824
1. Film Score Collection Vol 2 (Non-Tempo)/2. Riffs_Melodies/21. Harp Synth (Minor)/Harp Synth - A#m_Bbm.wav	7772552
1. Film Score Collection Vol 2 (Non-Tempo)/2. Riffs_Melodies/21. Harp Synth (Minor)/Harp Synth - Am.wav	7772552
1. Film Score Collection Vol 2 (Non-Tempo)/2. Riffs_Melodies/21. Harp Synth (Minor)/Harp Synth - Bm.wav	7772552
1. Film Score Collection Vol 2 (Non-Tempo)/2. Riffs_Melodies/21. Harp Synth (Minor)/Harp Synth - C#m_Dbm.wav	7772552
1. Film Score Collection Vol 2 (Non-Tempo)/2. Riffs_Melodies/21. Harp Synth (Minor)/Harp Synth - Cm.wav	7772552
1. Film Score Collection Vol 2 (Non-Tempo)/2. Riffs_Melodies/21. Harp Synth (Minor)/Harp Synth - D#m_Ebm.wav	7772552
1. Film Score Collection Vol 2 (Non-Tempo)/2. Riffs_Melodies/21. Harp Synth (Minor)/Harp Synth - Dm.wav	7772552
1. Film Score Collection Vol 2 (Non-Tempo)/2. Riffs_Melodies/21. Harp Synth (Minor)/Harp Synth - Em.wav	7772552
1. Film Score Collection Vol 2 (Non-Tempo)/2. Riffs_Melodies/21. Harp Synth (Minor)/Harp Synth - F#m_Gbm.wav	7772552
1. Film Score Collection Vol 2 (Non-Tempo)/2. Riffs_Melodies/21. Harp Synth (Minor)/Harp Synth - Fm.wav	7772552
1. Film Score Collection Vol 2 (Non-Tempo)/2. Riffs_Melodies/21. Harp Synth (Minor)/Harp Synth - G#m_Abm.wav	7772552
1. Film Score Collection Vol 2 (Non-Tempo)/2. Riffs_Melodies/21. Harp Synth (Minor)/Harp Synth - Gm.wav	7772552
1. Film Score Collection Vol 2 (Non-Tempo)/2. Riffs_Melodies/22. In My Dreams (Minor)/In My Dreams - A#m_Bbm.wav	11305144
1. Film Score Collection Vol 2 (Non-Tempo)/2. Riffs_Melodies/22. In My Dreams (Minor)/In My Dreams - Am.wav	11305144
1. Film Score Collection Vol 2 (Non-Tempo)/2. Riffs_Melodies/22. In My Dreams (Minor)/In My Dreams - Bm.wav	11305144
1. Film Score Collection Vol 2 (Non-Tempo)/2. Riffs_Melodies/22. In My Dreams (Minor)/In My Dreams - C#m_Dbm.wav	11305144
1. Film Score Collection Vol 2 (Non-Tempo)/2. Riffs_Melodies/22. In My Dreams (Minor)/In My Dreams - Cm.wav	11305144
1. Film Score Collection Vol 2 (Non-Tempo)/2. Riffs_Melodies/22. In My Dreams (Minor)/In My Dreams - D#m_Ebm.wav	11305144
1. Film Score Collection Vol 2 (Non-Tempo)/2. Riffs_Melodies/22. In My Dreams (Minor)/In My Dreams - Dm.wav	11305144
1. Film Score Collection Vol 2 (Non-Tempo)/2. Riffs_Melodies/22. In My Dreams (Minor)/In My Dreams - Em.wav	11305144
1. Film Score Collection Vol 2 (Non-Tempo)/2. Riffs_Melodies/22. In My Dreams (Minor)/In My Dreams - F#m_Gbm.wav	11305144
1. Film Score Collection Vol 2 (Non-Tempo)/2. Riffs_Melodies/22. In My Dreams (Minor)/In My Dreams - Fm.wav	11305144
1. Film Score Collection Vol 2 (Non-Tempo)/2. Riffs_Melodies/22. In My Dreams (Minor)/In My Dreams - G#m_Abm.wav	11305144
1. Film Score Collection Vol 2 (Non-Tempo)/2. Riffs_Melodies/22. In My Dreams (Minor)/In My Dreams - Gm.wav	11305144
1. Film Score Collection Vol 2 (Non-Tempo)/2. Riffs_Melodies/23. Onward Piano (Minor)/Onward Piano (A#m_Bbm).wav	11536510
1. Film Score Collection Vol 2 (Non-Tempo)/2. Riffs_Melodies/23. Onward Piano (Minor)/Onward Piano (Am).wav	11536512
1. Film Score Collection Vol 2 (Non-Tempo)/2. Riffs_Melodies/23. Onward Piano (Minor)/Onward Piano (Bm).wav	11536510
1. Film Score Collection Vol 2 (Non-Tempo)/2. Riffs_Melodies/23. Onward Piano (Minor)/Onward Piano (C#m_Dbm).wav	11536510
1. Film Score Collection Vol 2 (Non-Tempo)/2. Riffs_Melodies/23. Onward Piano (Minor)/Onward Piano (Cm).wav	11536510
1. Film Score Collection Vol 2 (Non-Tempo)/2. Riffs_Melodies/23. Onward Piano (Minor)/Onward Piano (D#m_Ebm).wav	11536510
1. Film Score Collection Vol 2 (Non-Tempo)/2. Riffs_Melodies/23. Onward Piano (Minor)/Onward Piano (Dm).wav	11536510
1. Film Score Collection Vol 2 (Non-Tempo)/2. Riffs_Melodies/23. Onward Piano (Minor)/Onward Piano (Em).wav	11536510
1. Film Score Collection Vol 2 (Non-Tempo)/2. Riffs_Melodies/23. Onward Piano (Minor)/Onward Piano (F#m_Gbm).wav	11536510
1. Film Score Collection Vol 2 (Non-Tempo)/2. Riffs_Melodies/23. Onward Piano (Minor)/Onward Piano (Fm).wav	11536510
1. Film Score Collection Vol 2 (Non-Tempo)/2. Riffs_Melodies/23. Onward Piano (Minor)/Onward Piano (G#m_Abm).wav	11536510
1. Film Score Collection Vol 2 (Non-Tempo)/2. Riffs_Melodies/23. Onward Piano (Minor)/Onward Piano (Gm).wav	11536510
1. Film Score Collection Vol 2 (Non-Tempo)/2. Riffs_Melodies/24. Piano Night (Minor)/Piano Night (A#m_Bbm).wav	8652690
1. Film Score Collection Vol 2 (Non-Tempo)/2. Riffs_Melodies/24. Piano Night (Minor)/Piano Night (Am).wav	8652690
1. Film Score Collection Vol 2 (Non-Tempo)/2. Riffs_Melodies/24. Piano Night (Minor)/Piano Night (Bm).wav	8652692
1. Film Score Collection Vol 2 (Non-Tempo)/2. Riffs_Melodies/24. Piano Night (Minor)/Piano Night (C#m_Dbm).wav	8075928
1. Film Score Collection Vol 2 (Non-Tempo)/2. Riffs_Melodies/24. Piano Night (Minor)/Piano Night (Cm).wav	8075928
1. Film Score Collection Vol 2 (Non-Tempo)/2. Riffs_Melodies/24. Piano Night (Minor)/Piano Night (D#m_Ebm).wav	8075928
1. Film Score Collection Vol 2 (Non-Tempo)/2. Riffs_Melodies/24. Piano Night (Minor)/Piano Night (Dm).wav	8075928
1. Film Score Collection Vol 2 (Non-Tempo)/2. Riffs_Melodies/24. Piano Night (Minor)/Piano Night (Em).wav	8075928
1. Film Score Collection Vol 2 (Non-Tempo)/2. Riffs_Melodies/24. Piano Night (Minor)/Piano Night (F#m_Gbm).wav	8652690
1. Film Score Collection Vol 2 (Non-Tempo)/2. Riffs_Melodies/24. Piano Night (Minor)/Piano Night (Fm).wav	8075930
1. Film Score Collection Vol 2 (Non-Tempo)/2. Riffs_Melodies/24. Piano Night (Minor)/Piano Night (G#_Abm).txt	240
1. Film Score Collection Vol 2 (Non-Tempo)/2. Riffs_Melodies/24. Piano Night (Minor)/Piano Night (G#_Abm).wav	8652690
1. Film Score Collection Vol 2 (Non-Tempo)/2. Riffs_Melodies/24. Piano Night (Minor)/Piano Night (Gm).wav	8652690
1. Film Score Collection Vol 2 (Non-Tempo)/2. Riffs_Melodies/3. Cello High & Long (Major_Minor)/Cello High & Long (A#_Bb).wav	16149844
1. Film Score Collection Vol 2 (Non-Tempo)/2. Riffs_Melodies/3. Cello High & Long (Major_Minor)/Cello High & Long (A).wav	16149844
1. Film Score Collection Vol 2 (Non-Tempo)/2. Riffs_Melodies/3. Cello High & Long (Major_Minor)/Cello High & Long (B).wav	16149844
1. Film Score Collection Vol 2 (Non-Tempo)/2. Riffs_Melodies/3. Cello High & Long (Major_Minor)/Cello High & Long (C#_Db).wav	15573094
1. Film Score Collection Vol 2 (Non-Tempo)/2. Riffs_Melodies/3. Cello High & Long (Major_Minor)/Cello High & Long (C).wav	16149844
1. Film Score Collection Vol 2 (Non-Tempo)/2. Riffs_Melodies/3. Cello High & Long (Major_Minor)/Cello High & Long (D#_Eb).wav	15573094
1. Film Score Collection Vol 2 (Non-Tempo)/2. Riffs_Melodies/3. Cello High & Long (Major_Minor)/Cello High & Long (D).wav	15573094
1. Film Score Collection Vol 2 (Non-Tempo)/2. Riffs_Melodies/3. Cello High & Long (Major_Minor)/Cello High & Long (E).wav	15573094
1. Film Score Collection Vol 2 (Non-Tempo)/2. Riffs_Melodies/3. Cello High & Long (Major_Minor)/Cello High & Long (F#_Gb).wav	15573094
1. Film Score Collection Vol 2 (Non-Tempo)/2. Riffs_Melodies/3. Cello High & Long (Major_Minor)/Cello High & Long (F).wav	15573094
1. Film Score Collection Vol 2 (Non-Tempo)/2. Riffs_Melodies/3. Cello High & Long (Major_Minor)/Cello High & Long (G#_Ab).wav	15573094
1. Film Score Collection Vol 2 (Non-Tempo)/2. Riffs_Melodies/3. Cello High & Long (Major_Minor)/Cello High & Long (G).wav	15573094
1. Film Score Collection Vol 2 (Non-Tempo)/2. Riffs_Melodies/4. Piano High & Long (Major_Minor)/Piano High & Long (A#_Bb).wav	13843566
1. Film Score Collection Vol 2 (Non-Tempo)/2. Riffs_Melodies/4. Piano High & Long (Major_Minor)/Piano High & Long (A).wav	13843564
1. Film Score Collection Vol 2 (Non-Tempo)/2. Riffs_Melodies/4. Piano High & Long (Major_Minor)/Piano High & Long (B).wav	13843566
1. Film Score Collection Vol 2 (Non-Tempo)/2. Riffs_Melodies/4. Piano High & Long (Major_Minor)/Piano High & Long (C#_Db).wav	13843564
1. Film Score Collection Vol 2 (Non-Tempo)/2. Riffs_Melodies/4. Piano High & Long (Major_Minor)/Piano High & Long (C).wav	13843564
1. Film Score Collection Vol 2 (Non-Tempo)/2. Riffs_Melodies/4. Piano High & Long (Major_Minor)/Piano High & Long (D#_Eb).wav	13843566
1. Film Score Collection Vol 2 (Non-Tempo)/2. Riffs_Melodies/4. Piano High & Long (Major_Minor)/Piano High & Long (D).wav	13843564
1. Film Score Collection Vol 2 (Non-Tempo)/2. Riffs_Melodies/4. Piano High & Long (Major_Minor)/Piano High & Long (E).wav	13843562
1. Film Score Collection Vol 2 (Non-Tempo)/2. Riffs_Melodies/4. Piano High & Long (Major_Minor)/Piano High & Long (F#_Gb).wav	13843562
1. Film Score Collection Vol 2 (Non-Tempo)/2. Riffs_Melodies/4. Piano High & Long (Major_Minor)/Piano High & Long (F).wav	13843566
1. Film Score Collection Vol 2 (Non-Tempo)/2. Riffs_Melodies/4. Piano High & Long (Major_Minor)/Piano High & Long (G#_Ab).wav	13843562
1. Film Score Collection Vol 2 (Non-Tempo)/2. Riffs_Melodies/4. Piano High & Long (Major_Minor)/Piano High & Long (G).wav	13843564
1. Film Score Collection Vol 2 (Non-Tempo)/2. Riffs_Melodies/5. Violin Basic (Major)/Violin Basic (A#_Bb).wav	16150652
1. Film Score Collection Vol 2 (Non-Tempo)/2. Riffs_Melodies/5. Violin Basic (Major)/Violin Basic (A).wav	16150652
1. Film Score Collection Vol 2 (Non-Tempo)/2. Riffs_Melodies/5. Violin Basic (Major)/Violin Basic (B).wav	16150644
1. Film Score Collection Vol 2 (Non-Tempo)/2. Riffs_Melodies/5. Violin Basic (Major)/Violin Basic (C#_Db).wav	14420326
1. Film Score Collection Vol 2 (Non-Tempo)/2. Riffs_Melodies/5. Violin Basic (Major)/Violin Basic (C).wav	16150644
1. Film Score Collection Vol 2 (Non-Tempo)/2. Riffs_Melodies/5. Violin Basic (Major)/Violin Basic (D#_Eb).wav	14420332
1. Film Score Collection Vol 2 (Non-Tempo)/2. Riffs_Melodies/5. Violin Basic (Major)/Violin Basic (D).wav	14420332
1. Film Score Collection Vol 2 (Non-Tempo)/2. Riffs_Melodies/5. Violin Basic (Major)/Violin Basic (E).wav	14420326
1. Film Score Collection Vol 2 (Non-Tempo)/2. Riffs_Melodies/5. Violin Basic (Major)/Violin Basic (F#_Gb).wav	14420326
1. Film Score Collection Vol 2 (Non-Tempo)/2. Riffs_Melodies/5. Violin Basic (Major)/Violin Basic (F).wav	14420326
1. Film Score Collection Vol 2 (Non-Tempo)/2. Riffs_Melodies/5. Violin Basic (Major)/Violin Basic (G#_Ab).wav	16150652
1. Film Score Collection Vol 2 (Non-Tempo)/2. Riffs_Melodies/5. Violin Basic (Major)/Violin Basic (G).wav	16150644
1. Film Score Collection Vol 2 (Non-Tempo)/2. Riffs_Melodies/6. Violin Medium (Major)/Violin Medium (A#_Bb).wav	9805594
1. Film Score Collection Vol 2 (Non-Tempo)/2. Riffs_Melodies/6. Violin Medium (Major)/Violin Medium (A).wav	9805594
1. Film Score Collection Vol 2 (Non-Tempo)/2. Riffs_Melodies/6. Violin Medium (Major)/Violin Medium (B).wav	9805594
1. Film Score Collection Vol 2 (Non-Tempo)/2. Riffs_Melodies/6. Violin Medium (Major)/Violin Medium (C#_Db).wav	9805594
1. Film Score Collection Vol 2 (Non-Tempo)/2. Riffs_Melodies/6. Violin Medium (Major)/Violin Medium (C).wav	9805594
1. Film Score Collection Vol 2 (Non-Tempo)/2. Riffs_Melodies/6. Violin Medium (Major)/Violin Medium (D#_Eb).wav	9805594
1. Film Score Collection Vol 2 (Non-Tempo)/2. Riffs_Melodies/6. Violin Medium (Major)/Violin Medium (D).wav	9805594
1. Film Score Collection Vol 2 (Non-Tempo)/2. Riffs_Melodies/6. Violin Medium (Major)/Violin Medium (E).wav	9805594
1. Film Score Collection Vol 2 (Non-Tempo)/2. Riffs_Melodies/6. Violin Medium (Major)/Violin Medium (F#_Gb).wav	9805594
1. Film Score Collection Vol 2 (Non-Tempo)/2. Riffs_Melodies/6. Violin Medium (Major)/Violin Medium (F).wav	9805594
1. Film Score Collection Vol 2 (Non-Tempo)/2. Riffs_Melodies/6. Violin Medium (Major)/Violin Medium (G#_Ab).wav	9805594
1. Film Score Collection Vol 2 (Non-Tempo)/2. Riffs_Melodies/6. Violin Medium (Major)/Violin Medium (G).wav	9805594
1. Film Score Collection Vol 2 (Non-Tempo)/2. Riffs_Melodies/7. Violin Complex (Major)/Violin Complex (A#_Bb).wav	14997116
1. Film Score Collection Vol 2 (Non-Tempo)/2. Riffs_Melodies/7. Violin Complex (Major)/Violin Complex (A).wav	14997122
1. Film Score Collection Vol 2 (Non-Tempo)/2. Riffs_Melodies/7. Violin Complex (Major)/Violin Complex (B).wav	14997116
1. Film Score Collection Vol 2 (Non-Tempo)/2. Riffs_Melodies/7. Violin Complex (Major)/Violin Complex (C#_Db).wav	14997122
1. Film Score Collection Vol 2 (Non-Tempo)/2. Riffs_Melodies/7. Violin Complex (Major)/Violin Complex (C).wav	14997122
1. Film Score Collection Vol 2 (Non-Tempo)/2. Riffs_Melodies/7. Violin Complex (Major)/Violin Complex (D#_Eb).wav	14997122
1. Film Score Collection Vol 2 (Non-Tempo)/2. Riffs_Melodies/7. Violin Complex (Major)/Violin Complex (D).wav	14997116
1. Film Score Collection Vol 2 (Non-Tempo)/2. Riffs_Melodies/7. Violin Complex (Major)/Violin Complex (E).wav	14997114
1. Film Score Collection Vol 2 (Non-Tempo)/2. Riffs_Melodies/7. Violin Complex (Major)/Violin Complex (F#_Gb).wav	14997116
1. Film Score Collection Vol 2 (Non-Tempo)/2. Riffs_Melodies/7. Violin Complex (Major)/Violin Complex (F).wav	14997116
1. Film Score Collection Vol 2 (Non-Tempo)/2. Riffs_Melodies/7. Violin Complex (Major)/Violin Complex (G#_Ab).wav	14997122
1. Film Score Collection Vol 2 (Non-Tempo)/2. Riffs_Melodies/7. Violin Complex (Major)/Violin Complex (G).wav	14997122
1. Film Score Collection Vol 2 (Non-Tempo)/2. Riffs_Melodies/8. Cello Color 1 (Major)/Cello Color 1 (A#_Bb).wav	7498594
1. Film Score Collection Vol 2 (Non-Tempo)/2. Riffs_Melodies/8. Cello Color 1 (Major)/Cello Color 1 (A).wav	7498594
1. Film Score Collection Vol 2 (Non-Tempo)/2. Riffs_Melodies/8. Cello Color 1 (Major)/Cello Color 1 (B).wav	7498594
1. Film Score Collection Vol 2 (Non-Tempo)/2. Riffs_Melodies/8. Cello Color 1 (Major)/Cello Color 1 (C#_Db).wav	7498594
1. Film Score Collection Vol 2 (Non-Tempo)/2. Riffs_Melodies/8. Cello Color 1 (Major)/Cello Color 1 (C).wav	7498594
1. Film Score Collection Vol 2 (Non-Tempo)/2. Riffs_Melodies/8. Cello Color 1 (Major)/Cello Color 1 (D#_Eb).wav	6345094
1. Film Score Collection Vol 2 (Non-Tempo)/2. Riffs_Melodies/8. Cello Color 1 (Major)/Cello Color 1 (D).wav	7498594
1. Film Score Collection Vol 2 (Non-Tempo)/2. Riffs_Melodies/8. Cello Color 1 (Major)/Cello Color 1 (E).wav	6345094
1. Film Score Collection Vol 2 (Non-Tempo)/2. Riffs_Melodies/8. Cello Color 1 (Major)/Cello Color 1 (F#_Gb).wav	6345094
1. Film Score Collection Vol 2 (Non-Tempo)/2. Riffs_Melodies/8. Cello Color 1 (Major)/Cello Color 1 (F).wav	6345094
1. Film Score Collection Vol 2 (Non-Tempo)/2. Riffs_Melodies/8. Cello Color 1 (Major)/Cello Color 1 (G#_Ab).wav	7498594
1. Film Score Collection Vol 2 (Non-Tempo)/2. Riffs_Melodies/8. Cello Color 1 (Major)/Cello Color 1 (G).wav	6345094
1. Film Score Collection Vol 2 (Non-Tempo)/2. Riffs_Melodies/9. Cello Color 2 (Major)/Cello Color 2 (A#_Bb).wav	28838344
1. Film Score Collection Vol 2 (Non-Tempo)/2. Riffs_Melodies/9. Cello Color 2 (Major)/Cello Color 2 (A).wav	20763844
1. Film Score Collection Vol 2 (Non-Tempo)/2. Riffs_Melodies/9. Cello Color 2 (Major)/Cello Color 2 (B).wav	28838344
1. Film Score Collection Vol 2 (Non-Tempo)/2. Riffs_Melodies/9. Cello Color 2 (Major)/Cello Color 2 (C#_Db).wav	28838344
1. Film Score Collection Vol 2 (Non-Tempo)/2. Riffs_Melodies/9. Cello Color 2 (Major)/Cello Color 2 (C).wav	28838344
1. Film Score Collection Vol 2 (Non-Tempo)/2. Riffs_Melodies/9. Cello Color 2 (Major)/Cello Color 2 (D#_Eb).wav	28838344
1. Film Score Collection Vol 2 (Non-Tempo)/2. Riffs_Melodies/9. Cello Color 2 (Major)/Cello Color 2 (D).wav	28838344
1. Film Score Collection Vol 2 (Non-Tempo)/2. Riffs_Melodies/9. Cello Color 2 (Major)/Cello Color 2 (E).wav	20763844
1. Film Score Collection Vol 2 (Non-Tempo)/2. Riffs_Melodies/9. Cello Color 2 (Major)/Cello Color 2 (F#_Gb).wav	20763844
1. Film Score Collection Vol 2 (Non-Tempo)/2. Riffs_Melodies/9. Cello Color 2 (Major)/Cello Color 2 (F).wav	20763844
1. Film Score Collection Vol 2 (Non-Tempo)/2. Riffs_Melodies/9. Cello Color 2 (Major)/Cello Color 2 (G#_Ab).wav	20763844
1. Film Score Collection Vol 2 (Non-Tempo)/2. Riffs_Melodies/9. Cello Color 2 (Major)/Cello Color 2 (G).wav	20763844
2. Film Score Collection V2 (Tempo)/2. Film Score Collection Vol 2 (Tempo)/3. Rhythms/1. Tik Tok Bell 90bpm (Major_Minor)/Tik Tok Bell 90bpm (A#_Bb).wav	2827398
2. Film Score Collection V2 (Tempo)/2. Film Score Collection Vol 2 (Tempo)/3. Rhythms/1. Tik Tok Bell 90bpm (Major_Minor)/Tik Tok Bell 90bpm (A).wav	2827398
2. Film Score Collection V2 (Tempo)/2. Film Score Collection Vol 2 (Tempo)/3. Rhythms/1. Tik Tok Bell 90bpm (Major_Minor)/Tik Tok Bell 90bpm (B).wav	2827398
2. Film Score Collection V2 (Tempo)/2. Film Score Collection Vol 2 (Tempo)/3. Rhythms/1. Tik Tok Bell 90bpm (Major_Minor)/Tik Tok Bell 90bpm (C#_Db).wav	2827398
2. Film Score Collection V2 (Tempo)/2. Film Score Collection Vol 2 (Tempo)/3. Rhythms/1. Tik Tok Bell 90bpm (Major_Minor)/Tik Tok Bell 90bpm (C).wav	2827398
2. Film Score Collection V2 (Tempo)/2. Film Score Collection Vol 2 (Tempo)/3. Rhythms/1. Tik Tok Bell 90bpm (Major_Minor)/Tik Tok Bell 90bpm (D#_Eb).wav	2827398
2. Film Score Collection V2 (Tempo)/2. Film Score Collection Vol 2 (Tempo)/3. Rhythms/1. Tik Tok Bell 90bpm (Major_Minor)/Tik Tok Bell 90bpm (D).wav	2827398
2. Film Score Collection V2 (Tempo)/2. Film Score Collection Vol 2 (Tempo)/3. Rhythms/1. Tik Tok Bell 90bpm (Major_Minor)/Tik Tok Bell 90bpm (E).wav	2827398
2. Film Score Collection V2 (Tempo)/2. Film Score Collection Vol 2 (Tempo)/3. Rhythms/1. Tik Tok Bell 90bpm (Major_Minor)/Tik Tok Bell 90bpm (F#_Gb).wav	2827398
2. Film Score Collection V2 (Tempo)/2. Film Score Collection Vol 2 (Tempo)/3. Rhythms/1. Tik Tok Bell 90bpm (Major_Minor)/Tik Tok Bell 90bpm (F).wav	2767262
2. Film Score Collection V2 (Tempo)/2. Film Score Collection Vol 2 (Tempo)/3. Rhythms/1. Tik Tok Bell 90bpm (Major_Minor)/Tik Tok Bell 90bpm (G#_Ab).wav	2827398
2. Film Score Collection V2 (Tempo)/2. Film Score Collection Vol 2 (Tempo)/3. Rhythms/1. Tik Tok Bell 90bpm (Major_Minor)/Tik Tok Bell 90bpm (G).wav	2827398
2. Film Score Collection V2 (Tempo)/2. Film Score Collection Vol 2 (Tempo)/3. Rhythms/10. Time 120bpm (Major_Minor)/Time 120bpm (A#_Bb).wav	4240462
2. Film Score Collection V2 (Tempo)/2. Film Score Collection Vol 2 (Tempo)/3. Rhythms/10. Time 120bpm (Major_Minor)/Time 120bpm (A).wav	4240462
2. Film Score Collection V2 (Tempo)/2. Film Score Collection Vol 2 (Tempo)/3. Rhythms/10. Time 120bpm (Major_Minor)/Time 120bpm (B).wav	4240462
2. Film Score Collection V2 (Tempo)/2. Film Score Collection Vol 2 (Tempo)/3. Rhythms/10. Time 120bpm (Major_Minor)/Time 120bpm (C#_Db).wav	4240462
2. Film Score Collection V2 (Tempo)/2. Film Score Collection Vol 2 (Tempo)/3. Rhythms/10. Time 120bpm (Major_Minor)/Time 120bpm (C).wav	4240462
2. Film Score Collection V2 (Tempo)/2. Film Score Collection Vol 2 (Tempo)/3. Rhythms/10. Time 120bpm (Major_Minor)/Time 120bpm (D#_Eb).wav	4240462
2. Film Score Collection V2 (Tempo)/2. Film Score Collection Vol 2 (Tempo)/3. Rhythms/10. Time 120bpm (Major_Minor)/Time 120bpm (D).wav	4240460
2. Film Score Collection V2 (Tempo)/2. Film Score Collection Vol 2 (Tempo)/3. Rhythms/10. Time 120bpm (Major_Minor)/Time 120bpm (E).wav	4240462
2. Film Score Collection V2 (Tempo)/2. Film Score Collection Vol 2 (Tempo)/3. Rhythms/10. Time 120bpm (Major_Minor)/Time 120bpm (F#_Gb).wav	4240462
2. Film Score Collection V2 (Tempo)/2. Film Score Collection Vol 2 (Tempo)/3. Rhythms/10. Time 120bpm (Major_Minor)/Time 120bpm (F).wav	4240462
2. Film Score Collection V2 (Tempo)/2. Film Score Collection Vol 2 (Tempo)/3. Rhythms/10. Time 120bpm (Major_Minor)/Time 120bpm (G#_Ab).wav	4240462
2. Film Score Collection V2 (Tempo)/2. Film Score Collection Vol 2 (Tempo)/3. Rhythms/10. Time 120bpm (Major_Minor)/Time 120bpm (G).wav	4240462
2. Film Score Collection V2 (Tempo)/2. Film Score Collection Vol 2 (Tempo)/3. Rhythms/11. Arp Synth 120bpm (Major)/Arp Synth 120bpm (A#_Bb).wav	4240512
2. Film Score Collection V2 (Tempo)/2. Film Score Collection Vol 2 (Tempo)/3. Rhythms/11. Arp Synth 120bpm (Major)/Arp Synth 120bpm (A).wav	4240512
2. Film Score Collection V2 (Tempo)/2. Film Score Collection Vol 2 (Tempo)/3. Rhythms/11. Arp Synth 120bpm (Major)/Arp Synth 120bpm (B).wav	4240512
2. Film Score Collection V2 (Tempo)/2. Film Score Collection Vol 2 (Tempo)/3. Rhythms/11. Arp Synth 120bpm (Major)/Arp Synth 120bpm (C#_Db).wav	4240510
2. Film Score Collection V2 (Tempo)/2. Film Score Collection Vol 2 (Tempo)/3. Rhythms/11. Arp Synth 120bpm (Major)/Arp Synth 120bpm (C).wav	4240512
2. Film Score Collection V2 (Tempo)/2. Film Score Collection Vol 2 (Tempo)/3. Rhythms/11. Arp Synth 120bpm (Major)/Arp Synth 120bpm (D#_Eb).wav	4240512
2. Film Score Collection V2 (Tempo)/2. Film Score Collection Vol 2 (Tempo)/3. Rhythms/11. Arp Synth 120bpm (Major)/Arp Synth 120bpm (D).wav	4240512
2. Film Score Collection V2 (Tempo)/2. Film Score Collection Vol 2 (Tempo)/3. Rhythms/11. Arp Synth 120bpm (Major)/Arp Synth 120bpm (E).wav	4240512
2. Film Score Collection V2 (Tempo)/2. Film Score Collection Vol 2 (Tempo)/3. Rhythms/11. Arp Synth 120bpm (Major)/Arp Synth 120bpm (F#_Gb).wav	4240512
2. Film Score Collection V2 (Tempo)/2. Film Score Collection Vol 2 (Tempo)/3. Rhythms/11. Arp Synth 120bpm (Major)/Arp Synth 120bpm (F).wav	4240512
2. Film Score Collection V2 (Tempo)/2. Film Score Collection Vol 2 (Tempo)/3. Rhythms/11. Arp Synth 120bpm (Major)/Arp Synth 120bpm (G#_Ab).wav	4240512
2. Film Score Collection V2 (Tempo)/2. Film Score Collection Vol 2 (Tempo)/3. Rhythms/11. Arp Synth 120bpm (Major)/Arp Synth 120bpm (G).wav	4240512
2. Film Score Collection V2 (Tempo)/2. Film Score Collection Vol 2 (Tempo)/3. Rhythms/12. String Echos 120bpm (Major)/String Echos 120bpm (A#_Bb).wav	2120900
2. Film Score Collection V2 (Tempo)/2. Film Score Collection Vol 2 (Tempo)/3. Rhythms/12. String Echos 120bpm (Major)/String Echos 120bpm (A).wav	2120900
2. Film Score Collection V2 (Tempo)/2. Film Score Collection Vol 2 (Tempo)/3. Rhythms/12. String Echos 120bpm (Major)/String Echos 120bpm (B).wav	2120900
2. Film Score Collection V2 (Tempo)/2. Film Score Collection Vol 2 (Tempo)/3. Rhythms/12. String Echos 120bpm (Major)/String Echos 120bpm (C#_Db).wav	2120900
2. Film Score Collection V2 (Tempo)/2. Film Score Collection Vol 2 (Tempo)/3. Rhythms/12. String Echos 120bpm (Major)/String Echos 120bpm (C).wav	2120900
2. Film Score Collection V2 (Tempo)/2. Film Score Collection Vol 2 (Tempo)/3. Rhythms/12. String Echos 120bpm (Major)/String Echos 120bpm (D#_Eb).wav	2120900
2. Film Score Collection V2 (Tempo)/2. Film Score Collection Vol 2 (Tempo)/3. Rhythms/12. String Echos 120bpm (Major)/String Echos 120bpm (D).wav	2120900
2. Film Score Collection V2 (Tempo)/2. Film Score Collection Vol 2 (Tempo)/3. Rhythms/12. String Echos 120bpm (Major)/String Echos 120bpm (E).wav	2120900
2. Film Score Collection V2 (Tempo)/2. Film Score Collection Vol 2 (Tempo)/3. Rhythms/12. String Echos 120bpm (Major)/String Echos 120bpm (F#_Gb).wav	2120900
2. Film Score Collection V2 (Tempo)/2. Film Score Collection Vol 2 (Tempo)/3. Rhythms/12. String Echos 120bpm (Major)/String Echos 120bpm (F).wav	2120898
2. Film Score Collection V2 (Tempo)/2. Film Score Collection Vol 2 (Tempo)/3. Rhythms/12. String Echos 120bpm (Major)/String Echos 120bpm (G#_Ab).wav	2120900
2. Film Score Collection V2 (Tempo)/2. Film Score Collection Vol 2 (Tempo)/3. Rhythms/12. String Echos 120bpm (Major)/String Echos 120bpm (G).wav	2120900
2. Film Score Collection V2 (Tempo)/2. Film Score Collection Vol 2 (Tempo)/3. Rhythms/13. String Lullaby 120bpm (Major)/String Lullaby 120bpm (A#_Bb).wav	4240512
2. Film Score Collection V2 (Tempo)/2. Film Score Collection Vol 2 (Tempo)/3. Rhythms/13. String Lullaby 120bpm (Major)/String Lullaby 120bpm (A).wav	4240512
2. Film Score Collection V2 (Tempo)/2. Film Score Collection Vol 2 (Tempo)/3. Rhythms/13. String Lullaby 120bpm (Major)/String Lullaby 120bpm (B).wav	4240512
2. Film Score Collection V2 (Tempo)/2. Film Score Collection Vol 2 (Tempo)/3. Rhythms/13. String Lullaby 120bpm (Major)/String Lullaby 120bpm (C#_Db).wav	4240512
2. Film Score Collection V2 (Tempo)/2. Film Score Collection Vol 2 (Tempo)/3. Rhythms/13. String Lullaby 120bpm (Major)/String Lullaby 120bpm (C).wav	4240512
2. Film Score Collection V2 (Tempo)/2. Film Score Collection Vol 2 (Tempo)/3. Rhythms/13. String Lullaby 120bpm (Major)/String Lullaby 120bpm (D#_Eb).wav	4240510
2. Film Score Collection V2 (Tempo)/2. Film Score Collection Vol 2 (Tempo)/3. Rhythms/13. String Lullaby 120bpm (Major)/String Lullaby 120bpm (D).wav	4240510
2. Film Score Collection V2 (Tempo)/2. Film Score Collection Vol 2 (Tempo)/3. Rhythms/13. String Lullaby 120bpm (Major)/String Lullaby 120bpm (E).wav	4240512
2. Film Score Collection V2 (Tempo)/2. Film Score Collection Vol 2 (Tempo)/3. Rhythms/13. String Lullaby 120bpm (Major)/String Lullaby 120bpm (F#_Gb).wav	4240512
2. Film Score Collection V2 (Tempo)/2. Film Score Collection Vol 2 (Tempo)/3. Rhythms/13. String Lullaby 120bpm (Major)/String Lullaby 120bpm (F).wav	4240512
2. Film Score Collection V2 (Tempo)/2. Film Score Collection Vol 2 (Tempo)/3. Rhythms/13. String Lullaby 120bpm (Major)/String Lullaby 120bpm (G#_Ab).wav	4240512
2. Film Score Collection V2 (Tempo)/2. Film Score Collection Vol 2 (Tempo)/3. Rhythms/13. String Lullaby 120bpm (Major)/String Lullaby 120bpm (G).wav	4240512
2. Film Score Collection V2 (Tempo)/2. Film Score Collection Vol 2 (Tempo)/3. Rhythms/14. Whispering Winds 120bpm (Major_Minor)/Whispering Winds 120bpm (A#_Bb).wav	2120900
2. Film Score Collection V2 (Tempo)/2. Film Score Collection Vol 2 (Tempo)/3. Rhythms/14. Whispering Winds 120bpm (Major_Minor)/Whispering Winds 120bpm (A).wav	2120900
2. Film Score Collection V2 (Tempo)/2. Film Score Collection Vol 2 (Tempo)/3. Rhythms/14. Whispering Winds 120bpm (Major_Minor)/Whispering Winds 120bpm (B).wav	2120900
2. Film Score Collection V2 (Tempo)/2. Film Score Collection Vol 2 (Tempo)/3. Rhythms/14. Whispering Winds 120bpm (Major_Minor)/Whispering Winds 120bpm (C#_Db).wav	2120900
2. Film Score Collection V2 (Tempo)/2. Film Score Collection Vol 2 (Tempo)/3. Rhythms/14. Whispering Winds 120bpm (Major_Minor)/Whispering Winds 120bpm (C).wav	2120900
2. Film Score Collection V2 (Tempo)/2. Film Score Collection Vol 2 (Tempo)/3. Rhythms/14. Whispering Winds 120bpm (Major_Minor)/Whispering Winds 120bpm (D#_Eb).wav	2120900
2. Film Score Collection V2 (Tempo)/2. Film Score Collection Vol 2 (Tempo)/3. Rhythms/14. Whispering Winds 120bpm (Major_Minor)/Whispering Winds 120bpm (D).wav	2120900
2. Film Score Collection V2 (Tempo)/2. Film Score Collection Vol 2 (Tempo)/3. Rhythms/14. Whispering Winds 120bpm (Major_Minor)/Whispering Winds 120bpm (E).wav	2120900
2. Film Score Collection V2 (Tempo)/2. Film Score Collection Vol 2 (Tempo)/3. Rhythms/14. Whispering Winds 120bpm (Major_Minor)/Whispering Winds 120bpm (F#_Gb).wav	2120900
2. Film Score Collection V2 (Tempo)/2. Film Score Collection Vol 2 (Tempo)/3. Rhythms/14. Whispering Winds 120bpm (Major_Minor)/Whispering Winds 120bpm (F).wav	2120900
2. Film Score Collection V2 (Tempo)/2. Film Score Collection Vol 2 (Tempo)/3. Rhythms/14. Whispering Winds 120bpm (Major_Minor)/Whispering Winds 120bpm (G#_Ab).wav	2120900
2. Film Score Collection V2 (Tempo)/2. Film Score Collection Vol 2 (Tempo)/3. Rhythms/14. Whispering Winds 120bpm (Major_Minor)/Whispering Winds 120bpm (G).wav	2120900
2. Film Score Collection V2 (Tempo)/2. Film Score Collection Vol 2 (Tempo)/3. Rhythms/15. Equalizer Synth 120bpm (Minor)/Equalizer Synth 120bpm (A#m_Bbm).wav	4240512
2. Film Score Collection V2 (Tempo)/2. Film Score Collection Vol 2 (Tempo)/3. Rhythms/15. Equalizer Synth 120bpm (Minor)/Equalizer Synth 120bpm (Am).wav	4240510
2. Film Score Collection V2 (Tempo)/2. Film Score Collection Vol 2 (Tempo)/3. Rhythms/15. Equalizer Synth 120bpm (Minor)/Equalizer Synth 120bpm (Bm).wav	4240512
2. Film Score Collection V2 (Tempo)/2. Film Score Collection Vol 2 (Tempo)/3. Rhythms/15. Equalizer Synth 120bpm (Minor)/Equalizer Synth 120bpm (C#m_Dbm).wav	4240510
2. Film Score Collection V2 (Tempo)/2. Film Score Collection Vol 2 (Tempo)/3. Rhythms/15. Equalizer Synth 120bpm (Minor)/Equalizer Synth 120bpm (Cm).wav	4240512
2. Film Score Collection V2 (Tempo)/2. Film Score Collection Vol 2 (Tempo)/3. Rhythms/15. Equalizer Synth 120bpm (Minor)/Equalizer Synth 120bpm (D#m_Ebm).wav	4240512
2. Film Score Collection V2 (Tempo)/2. Film Score Collection Vol 2 (Tempo)/3. Rhythms/15. Equalizer Synth 120bpm (Minor)/Equalizer Synth 120bpm (Dm).wav	4240512
2. Film Score Collection V2 (Tempo)/2. Film Score Collection Vol 2 (Tempo)/3. Rhythms/15. Equalizer Synth 120bpm (Minor)/Equalizer Synth 120bpm (Em).wav	4240512
2. Film Score Collection V2 (Tempo)/2. Film Score Collection Vol 2 (Tempo)/3. Rhythms/15. Equalizer Synth 120bpm (Minor)/Equalizer Synth 120bpm (F#m_Gbm).wav	4240512
2. Film Score Collection V2 (Tempo)/2. Film Score Collection Vol 2 (Tempo)/3. Rhythms/15. Equalizer Synth 120bpm (Minor)/Equalizer Synth 120bpm (Fm).wav	4240512
2. Film Score Collection V2 (Tempo)/2. Film Score Collection Vol 2 (Tempo)/3. Rhythms/15. Equalizer Synth 120bpm (Minor)/Equalizer Synth 120bpm (G#m_Abm).wav	4240512
2. Film Score Collection V2 (Tempo)/2. Film Score Collection Vol 2 (Tempo)/3. Rhythms/15. Equalizer Synth 120bpm (Minor)/Equalizer Synth 120bpm (Gm).wav	4240512
2. Film Score Collection V2 (Tempo)/2. Film Score Collection Vol 2 (Tempo)/3. Rhythms/16. Dream Wave 120bpm (Minor)/Dream Wave 120bpm (A#m_Bbm).wav	4240462
2. Film Score Collection V2 (Tempo)/2. Film Score Collection Vol 2 (Tempo)/3. Rhythms/16. Dream Wave 120bpm (Minor)/Dream Wave 120bpm (Am).wav	4240462
2. Film Score Collection V2 (Tempo)/2. Film Score Collection Vol 2 (Tempo)/3. Rhythms/16. Dream Wave 120bpm (Minor)/Dream Wave 120bpm (Bm).wav	4240462
2. Film Score Collection V2 (Tempo)/2. Film Score Collection Vol 2 (Tempo)/3. Rhythms/16. Dream Wave 120bpm (Minor)/Dream Wave 120bpm (C#m_Dbm).wav	4240460
2. Film Score Collection V2 (Tempo)/2. Film Score Collection Vol 2 (Tempo)/3. Rhythms/16. Dream Wave 120bpm (Minor)/Dream Wave 120bpm (Cm).wav	4240462
2. Film Score Collection V2 (Tempo)/2. Film Score Collection Vol 2 (Tempo)/3. Rhythms/16. Dream Wave 120bpm (Minor)/Dream Wave 120bpm (D#m_Ebm).wav	4240462
2. Film Score Collection V2 (Tempo)/2. Film Score Collection Vol 2 (Tempo)/3. Rhythms/16. Dream Wave 120bpm (Minor)/Dream Wave 120bpm (Dm).wav	4240460
2. Film Score Collection V2 (Tempo)/2. Film Score Collection Vol 2 (Tempo)/3. Rhythms/16. Dream Wave 120bpm (Minor)/Dream Wave 120bpm (Em).wav	4240462
2. Film Score Collection V2 (Tempo)/2. Film Score Collection Vol 2 (Tempo)/3. Rhythms/16. Dream Wave 120bpm (Minor)/Dream Wave 120bpm (F#m_Gbm).wav	4240462
2. Film Score Collection V2 (Tempo)/2. Film Score Collection Vol 2 (Tempo)/3. Rhythms/16. Dream Wave 120bpm (Minor)/Dream Wave 120bpm (Fm).wav	4240462
2. Film Score Collection V2 (Tempo)/2. Film Score Collection Vol 2 (Tempo)/3. Rhythms/16. Dream Wave 120bpm (Minor)/Dream Wave 120bpm (G#m_Abm).wav	4240462
2. Film Score Collection V2 (Tempo)/2. Film Score Collection Vol 2 (Tempo)/3. Rhythms/16. Dream Wave 120bpm (Minor)/Dream Wave 120bpm (Gm).wav	4240462
2. Film Score Collection V2 (Tempo)/2. Film Score Collection Vol 2 (Tempo)/3. Rhythms/2. Bounce Synth 90bpm (Minor)/Bounce Synth 90bpm (A#m_Bbm).wav	5653578
2. Film Score Collection V2 (Tempo)/2. Film Score Collection Vol 2 (Tempo)/3. Rhythms/2. Bounce Synth 90bpm (Minor)/Bounce Synth 90bpm (Am).wav	5653578
2. Film Score Collection V2 (Tempo)/2. Film Score Collection Vol 2 (Tempo)/3. Rhythms/2. Bounce Synth 90bpm (Minor)/Bounce Synth 90bpm (Bm).wav	5653578
2. Film Score Collection V2 (Tempo)/2. Film Score Collection Vol 2 (Tempo)/3. Rhythms/2. Bounce Synth 90bpm (Minor)/Bounce Synth 90bpm (C#m_Dbm).wav	5653578
2. Film Score Collection V2 (Tempo)/2. Film Score Collection Vol 2 (Tempo)/3. Rhythms/2. Bounce Synth 90bpm (Minor)/Bounce Synth 90bpm (Cm).wav	5653578
2. Film Score Collection V2 (Tempo)/2. Film Score Collection Vol 2 (Tempo)/3. Rhythms/2. Bounce Synth 90bpm (Minor)/Bounce Synth 90bpm (D#m_Ebm).wav	5653578
2. Film Score Collection V2 (Tempo)/2. Film Score Collection Vol 2 (Tempo)/3. Rhythms/2. Bounce Synth 90bpm (Minor)/Bounce Synth 90bpm (Dm).wav	5653578
2. Film Score Collection V2 (Tempo)/2. Film Score Collection Vol 2 (Tempo)/3. Rhythms/2. Bounce Synth 90bpm (Minor)/Bounce Synth 90bpm (Em).wav	5653578
2. Film Score Collection V2 (Tempo)/2. Film Score Collection Vol 2 (Tempo)/3. Rhythms/2. Bounce Synth 90bpm (Minor)/Bounce Synth 90bpm (F#m_Gbm).wav	5653578
2. Film Score Collection V2 (Tempo)/2. Film Score Collection Vol 2 (Tempo)/3. Rhythms/2. Bounce Synth 90bpm (Minor)/Bounce Synth 90bpm (Fm).wav	5653578
2. Film Score Collection V2 (Tempo)/2. Film Score Collection Vol 2 (Tempo)/3. Rhythms/2. Bounce Synth 90bpm (Minor)/Bounce Synth 90bpm (G#m_Abm).wav	5653578
2. Film Score Collection V2 (Tempo)/2. Film Score Collection Vol 2 (Tempo)/3. Rhythms/2. Bounce Synth 90bpm (Minor)/Bounce Synth 90bpm (Gm).wav	5653578
2. Film Score Collection V2 (Tempo)/2. Film Score Collection Vol 2 (Tempo)/3. Rhythms/3. Bell Delay 90bpm (Major_Minor)/Bell Delay 90bpm (A#_Bb).wav	5653576
2. Film Score Collection V2 (Tempo)/2. Film Score Collection Vol 2 (Tempo)/3. Rhythms/3. Bell Delay 90bpm (Major_Minor)/Bell Delay 90bpm (A).wav	5653578
2. Film Score Collection V2 (Tempo)/2. Film Score Collection Vol 2 (Tempo)/3. Rhythms/3. Bell Delay 90bpm (Major_Minor)/Bell Delay 90bpm (B).wav	5653578
2. Film Score Collection V2 (Tempo)/2. Film Score Collection Vol 2 (Tempo)/3. Rhythms/3. Bell Delay 90bpm (Major_Minor)/Bell Delay 90bpm (C#_Db).wav	5653576
2. Film Score Collection V2 (Tempo)/2. Film Score Collection Vol 2 (Tempo)/3. Rhythms/3. Bell Delay 90bpm (Major_Minor)/Bell Delay 90bpm (C).wav	5653578
2. Film Score Collection V2 (Tempo)/2. Film Score Collection Vol 2 (Tempo)/3. Rhythms/3. Bell Delay 90bpm (Major_Minor)/Bell Delay 90bpm (D#_Eb).wav	5653578
2. Film Score Collection V2 (Tempo)/2. Film Score Collection Vol 2 (Tempo)/3. Rhythms/3. Bell Delay 90bpm (Major_Minor)/Bell Delay 90bpm (D).wav	5653578
2. Film Score Collection V2 (Tempo)/2. Film Score Collection Vol 2 (Tempo)/3. Rhythms/3. Bell Delay 90bpm (Major_Minor)/Bell Delay 90bpm (E).wav	5653578
2. Film Score Collection V2 (Tempo)/2. Film Score Collection Vol 2 (Tempo)/3. Rhythms/3. Bell Delay 90bpm (Major_Minor)/Bell Delay 90bpm (F#_Gb).wav	5653578
2. Film Score Collection V2 (Tempo)/2. Film Score Collection Vol 2 (Tempo)/3. Rhythms/3. Bell Delay 90bpm (Major_Minor)/Bell Delay 90bpm (F).wav	5653578
2. Film Score Collection V2 (Tempo)/2. Film Score Collection Vol 2 (Tempo)/3. Rhythms/3. Bell Delay 90bpm (Major_Minor)/Bell Delay 90bpm (G#_Ab).wav	5653576
2. Film Score Collection V2 (Tempo)/2. Film Score Collection Vol 2 (Tempo)/3. Rhythms/3. Bell Delay 90bpm (Major_Minor)/Bell Delay 90bpm (G).wav	5653578
2. Film Score Collection V2 (Tempo)/2. Film Score Collection Vol 2 (Tempo)/3. Rhythms/4. Guitar Delay 90bpm (Minor)/Guitar Delay 90bpm (A#m_Bbm).wav	5653530
2. Film Score Collection V2 (Tempo)/2. Film Score Collection Vol 2 (Tempo)/3. Rhythms/4. Guitar Delay 90bpm (Minor)/Guitar Delay 90bpm (Am).wav	5653528
2. Film Score Collection V2 (Tempo)/2. Film Score Collection Vol 2 (Tempo)/3. Rhythms/4. Guitar Delay 90bpm (Minor)/Guitar Delay 90bpm (Bm).wav	5653530
2. Film Score Collection V2 (Tempo)/2. Film Score Collection Vol 2 (Tempo)/3. Rhythms/4. Guitar Delay 90bpm (Minor)/Guitar Delay 90bpm (C#m_Dbm).wav	5653530
2. Film Score Collection V2 (Tempo)/2. Film Score Collection Vol 2 (Tempo)/3. Rhythms/4. Guitar Delay 90bpm (Minor)/Guitar Delay 90bpm (Cm).wav	5653530
2. Film Score Collection V2 (Tempo)/2. Film Score Collection Vol 2 (Tempo)/3. Rhythms/4. Guitar Delay 90bpm (Minor)/Guitar Delay 90bpm (D#m_Ebm).wav	5653530
2. Film Score Collection V2 (Tempo)/2. Film Score Collection Vol 2 (Tempo)/3. Rhythms/4. Guitar Delay 90bpm (Minor)/Guitar Delay 90bpm (Dm).wav	5653530
2. Film Score Collection V2 (Tempo)/2. Film Score Collection Vol 2 (Tempo)/3. Rhythms/4. Guitar Delay 90bpm (Minor)/Guitar Delay 90bpm (Em).wav	5653530
2. Film Score Collection V2 (Tempo)/2. Film Score Collection Vol 2 (Tempo)/3. Rhythms/4. Guitar Delay 90bpm (Minor)/Guitar Delay 90bpm (F#m_Gbm).wav	5653530
2. Film Score Collection V2 (Tempo)/2. Film Score Collection Vol 2 (Tempo)/3. Rhythms/4. Guitar Delay 90bpm (Minor)/Guitar Delay 90bpm (Fm).wav	5653530
2. Film Score Collection V2 (Tempo)/2. Film Score Collection Vol 2 (Tempo)/3. Rhythms/4. Guitar Delay 90bpm (Minor)/Guitar Delay 90bpm (G#m_Abm).wav	5653528
2. Film Score Collection V2 (Tempo)/2. Film Score Collection Vol 2 (Tempo)/3. Rhythms/4. Guitar Delay 90bpm (Minor)/Guitar Delay 90bpm (Gm).wav	5653530
2. Film Score Collection V2 (Tempo)/2. Film Score Collection Vol 2 (Tempo)/3. Rhythms/5. Bass Eclipse 90bpm (Minor)/Bass Eclipse 90bpm (A#m_Bbm).wav	5653528
2. Film Score Collection V2 (Tempo)/2. Film Score Collection Vol 2 (Tempo)/3. Rhythms/5. Bass Eclipse 90bpm (Minor)/Bass Eclipse 90bpm (Am).wav	5653530
2. Film Score Collection V2 (Tempo)/2. Film Score Collection Vol 2 (Tempo)/3. Rhythms/5. Bass Eclipse 90bpm (Minor)/Bass Eclipse 90bpm (Bm).wav	5653530
2. Film Score Collection V2 (Tempo)/2. Film Score Collection Vol 2 (Tempo)/3. Rhythms/5. Bass Eclipse 90bpm (Minor)/Bass Eclipse 90bpm (C#m_Dbm).wav	5653530
2. Film Score Collection V2 (Tempo)/2. Film Score Collection Vol 2 (Tempo)/3. Rhythms/5. Bass Eclipse 90bpm (Minor)/Bass Eclipse 90bpm (Cm).wav	5653528
2. Film Score Collection V2 (Tempo)/2. Film Score Collection Vol 2 (Tempo)/3. Rhythms/5. Bass Eclipse 90bpm (Minor)/Bass Eclipse 90bpm (D#m_Ebm).wav	5653528
2. Film Score Collection V2 (Tempo)/2. Film Score Collection Vol 2 (Tempo)/3. Rhythms/5. Bass Eclipse 90bpm (Minor)/Bass Eclipse 90bpm (Dm).wav	5653530
2. Film Score Collection V2 (Tempo)/2. Film Score Collection Vol 2 (Tempo)/3. Rhythms/5. Bass Eclipse 90bpm (Minor)/Bass Eclipse 90bpm (Em).wav	5653530
2. Film Score Collection V2 (Tempo)/2. Film Score Collection Vol 2 (Tempo)/3. Rhythms/5. Bass Eclipse 90bpm (Minor)/Bass Eclipse 90bpm (F#m_Gbm).wav	5653530
2. Film Score Collection V2 (Tempo)/2. Film Score Collection Vol 2 (Tempo)/3. Rhythms/5. Bass Eclipse 90bpm (Minor)/Bass Eclipse 90bpm (Fm).wav	5653530
2. Film Score Collection V2 (Tempo)/2. Film Score Collection Vol 2 (Tempo)/3. Rhythms/5. Bass Eclipse 90bpm (Minor)/Bass Eclipse 90bpm (G#m_Abm).wav	5653530
2. Film Score Collection V2 (Tempo)/2. Film Score Collection Vol 2 (Tempo)/3. Rhythms/5. Bass Eclipse 90bpm (Minor)/Bass Eclipse 90bpm (Gm).wav	5653530
2. Film Score Collection V2 (Tempo)/2. Film Score Collection Vol 2 (Tempo)/3. Rhythms/6. Morning Arp 90bpm (Major_Minor)/Morning Arp 90bpm (A#_Bb).wav	5653578
2. Film Score Collection V2 (Tempo)/2. Film Score Collection Vol 2 (Tempo)/3. Rhythms/6. Morning Arp 90bpm (Major_Minor)/Morning Arp 90bpm (A).wav	5653578
2. Film Score Collection V2 (Tempo)/2. Film Score Collection Vol 2 (Tempo)/3. Rhythms/6. Morning Arp 90bpm (Major_Minor)/Morning Arp 90bpm (B).wav	5653578
2. Film Score Collection V2 (Tempo)/2. Film Score Collection Vol 2 (Tempo)/3. Rhythms/6. Morning Arp 90bpm (Major_Minor)/Morning Arp 90bpm (C#_Db).wav	5653578
2. Film Score Collection V2 (Tempo)/2. Film Score Collection Vol 2 (Tempo)/3. Rhythms/6. Morning Arp 90bpm (Major_Minor)/Morning Arp 90bpm (C).wav	5653578
2. Film Score Collection V2 (Tempo)/2. Film Score Collection Vol 2 (Tempo)/3. Rhythms/6. Morning Arp 90bpm (Major_Minor)/Morning Arp 90bpm (D#_Eb).wav	5653578
2. Film Score Collection V2 (Tempo)/2. Film Score Collection Vol 2 (Tempo)/3. Rhythms/6. Morning Arp 90bpm (Major_Minor)/Morning Arp 90bpm (D).wav	5653578
2. Film Score Collection V2 (Tempo)/2. Film Score Collection Vol 2 (Tempo)/3. Rhythms/6. Morning Arp 90bpm (Major_Minor)/Morning Arp 90bpm (E).wav	5653578
2. Film Score Collection V2 (Tempo)/2. Film Score Collection Vol 2 (Tempo)/3. Rhythms/6. Morning Arp 90bpm (Major_Minor)/Morning Arp 90bpm (F#_Gb).wav	5653578
2. Film Score Collection V2 (Tempo)/2. Film Score Collection Vol 2 (Tempo)/3. Rhythms/6. Morning Arp 90bpm (Major_Minor)/Morning Arp 90bpm (F).wav	5653578
2. Film Score Collection V2 (Tempo)/2. Film Score Collection Vol 2 (Tempo)/3. Rhythms/6. Morning Arp 90bpm (Major_Minor)/Morning Arp 90bpm (G#_Ab).wav	5653578
2. Film Score Collection V2 (Tempo)/2. Film Score Collection Vol 2 (Tempo)/3. Rhythms/6. Morning Arp 90bpm (Major_Minor)/Morning Arp 90bpm (G).wav	5653578
2. Film Score Collection V2 (Tempo)/2. Film Score Collection Vol 2 (Tempo)/3. Rhythms/7. Arp Synth 90bpm (Major)/Arp Synth 90bpm (A#_Bb).wav	5653530
2. Film Score Collection V2 (Tempo)/2. Film Score Collection Vol 2 (Tempo)/3. Rhythms/7. Arp Synth 90bpm (Major)/Arp Synth 90bpm (A).wav	5653530
2. Film Score Collection V2 (Tempo)/2. Film Score Collection Vol 2 (Tempo)/3. Rhythms/7. Arp Synth 90bpm (Major)/Arp Synth 90bpm (B).wav	5653528
2. Film Score Collection V2 (Tempo)/2. Film Score Collection Vol 2 (Tempo)/3. Rhythms/7. Arp Synth 90bpm (Major)/Arp Synth 90bpm (C#_Db).wav	5653530
2. Film Score Collection V2 (Tempo)/2. Film Score Collection Vol 2 (Tempo)/3. Rhythms/7. Arp Synth 90bpm (Major)/Arp Synth 90bpm (C).wav	5653530
2. Film Score Collection V2 (Tempo)/2. Film Score Collection Vol 2 (Tempo)/3. Rhythms/7. Arp Synth 90bpm (Major)/Arp Synth 90bpm (D#_Eb).wav	5653530
2. Film Score Collection V2 (Tempo)/2. Film Score Collection Vol 2 (Tempo)/3. Rhythms/7. Arp Synth 90bpm (Major)/Arp Synth 90bpm (D).wav	5653530
2. Film Score Collection V2 (Tempo)/2. Film Score Collection Vol 2 (Tempo)/3. Rhythms/7. Arp Synth 90bpm (Major)/Arp Synth 90bpm (E).wav	5653530
2. Film Score Collection V2 (Tempo)/2. Film Score Collection Vol 2 (Tempo)/3. Rhythms/7. Arp Synth 90bpm (Major)/Arp Synth 90bpm (F#_Gb).wav	5653530
2. Film Score Collection V2 (Tempo)/2. Film Score Collection Vol 2 (Tempo)/3. Rhythms/7. Arp Synth 90bpm (Major)/Arp Synth 90bpm (F).wav	5653530
2. Film Score Collection V2 (Tempo)/2. Film Score Collection Vol 2 (Tempo)/3. Rhythms/7. Arp Synth 90bpm (Major)/Arp Synth 90bpm (G#_Ab).wav	5653530
2. Film Score Collection V2 (Tempo)/2. Film Score Collection Vol 2 (Tempo)/3. Rhythms/7. Arp Synth 90bpm (Major)/Arp Synth 90bpm (G).wav	5653530
2. Film Score Collection V2 (Tempo)/2. Film Score Collection Vol 2 (Tempo)/3. Rhythms/8. Clock Bell 120bpm (Major_Minor)/Clock Bell 120bpm (A#_Bb).wav	4240462
2. Film Score Collection V2 (Tempo)/2. Film Score Collection Vol 2 (Tempo)/3. Rhythms/8. Clock Bell 120bpm (Major_Minor)/Clock Bell 120bpm (A).wav	4240462
2. Film Score Collection V2 (Tempo)/2. Film Score Collection Vol 2 (Tempo)/3. Rhythms/8. Clock Bell 120bpm (Major_Minor)/Clock Bell 120bpm (B).wav	4240462
2. Film Score Collection V2 (Tempo)/2. Film Score Collection Vol 2 (Tempo)/3. Rhythms/8. Clock Bell 120bpm (Major_Minor)/Clock Bell 120bpm (C#_Db).wav	4240460
2. Film Score Collection V2 (Tempo)/2. Film Score Collection Vol 2 (Tempo)/3. Rhythms/8. Clock Bell 120bpm (Major_Minor)/Clock Bell 120bpm (C).wav	4240462
2. Film Score Collection V2 (Tempo)/2. Film Score Collection Vol 2 (Tempo)/3. Rhythms/8. Clock Bell 120bpm (Major_Minor)/Clock Bell 120bpm (D#_Eb).wav	4240462
2. Film Score Collection V2 (Tempo)/2. Film Score Collection Vol 2 (Tempo)/3. Rhythms/8. Clock Bell 120bpm (Major_Minor)/Clock Bell 120bpm (D).wav	4240460
2. Film Score Collection V2 (Tempo)/2. Film Score Collection Vol 2 (Tempo)/3. Rhythms/8. Clock Bell 120bpm (Major_Minor)/Clock Bell 120bpm (E).wav	4240462
2. Film Score Collection V2 (Tempo)/2. Film Score Collection Vol 2 (Tempo)/3. Rhythms/8. Clock Bell 120bpm (Major_Minor)/Clock Bell 120bpm (F#_Gb).wav	4240462
2. Film Score Collection V2 (Tempo)/2. Film Score Collection Vol 2 (Tempo)/3. Rhythms/8. Clock Bell 120bpm (Major_Minor)/Clock Bell 120bpm (F).wav	4240462
2. Film Score Collection V2 (Tempo)/2. Film Score Collection Vol 2 (Tempo)/3. Rhythms/8. Clock Bell 120bpm (Major_Minor)/Clock Bell 120bpm (G#_Ab).wav	4240462
2. Film Score Collection V2 (Tempo)/2. Film Score Collection Vol 2 (Tempo)/3. Rhythms/8. Clock Bell 120bpm (Major_Minor)/Clock Bell 120bpm (G).wav	4240462
2. Film Score Collection V2 (Tempo)/2. Film Score Collection Vol 2 (Tempo)/3. Rhythms/9. Dark Synth 120bpm (Minor)/Dark Synth 120bpm (A#m_Bbm).wav	4240512
2. Film Score Collection V2 (Tempo)/2. Film Score Collection Vol 2 (Tempo)/3. Rhythms/9. Dark Synth 120bpm (Minor)/Dark Synth 120bpm (Am).wav	4240512
2. Film Score Collection V2 (Tempo)/2. Film Score Collection Vol 2 (Tempo)/3. Rhythms/9. Dark Synth 120bpm (Minor)/Dark Synth 120bpm (Bm).wav	4240512
2. Film Score Collection V2 (Tempo)/2. Film Score Collection Vol 2 (Tempo)/3. Rhythms/9. Dark Synth 120bpm (Minor)/Dark Synth 120bpm (C#m_Dbm).wav	4240510
2. Film Score Collection V2 (Tempo)/2. Film Score Collection Vol 2 (Tempo)/3. Rhythms/9. Dark Synth 120bpm (Minor)/Dark Synth 120bpm (Cm).wav	4240512
2. Film Score Collection V2 (Tempo)/2. Film Score Collection Vol 2 (Tempo)/3. Rhythms/9. Dark Synth 120bpm (Minor)/Dark Synth 120bpm (D#m_Ebm).wav	4240510
2. Film Score Collection V2 (Tempo)/2. Film Score Collection Vol 2 (Tempo)/3. Rhythms/9. Dark Synth 120bpm (Minor)/Dark Synth 120bpm (Dm).wav	4240512
2. Film Score Collection V2 (Tempo)/2. Film Score Collection Vol 2 (Tempo)/3. Rhythms/9. Dark Synth 120bpm (Minor)/Dark Synth 120bpm (Em).wav	4240512
2. Film Score Collection V2 (Tempo)/2. Film Score Collection Vol 2 (Tempo)/3. Rhythms/9. Dark Synth 120bpm (Minor)/Dark Synth 120bpm (F#m_Gbm).wav	4240512
2. Film Score Collection V2 (Tempo)/2. Film Score Collection Vol 2 (Tempo)/3. Rhythms/9. Dark Synth 120bpm (Minor)/Dark Synth 120bpm (Fm).wav	4240512
2. Film Score Collection V2 (Tempo)/2. Film Score Collection Vol 2 (Tempo)/3. Rhythms/9. Dark Synth 120bpm (Minor)/Dark Synth 120bpm (G#m_Abm).wav	4240512
2. Film Score Collection V2 (Tempo)/2. Film Score Collection Vol 2 (Tempo)/3. Rhythms/9. Dark Synth 120bpm (Minor)/Dark Synth 120bpm (Gm).wav	4240512
2. Film Score Collection V2 (Tempo)/2. Film Score Collection Vol 2 (Tempo)/4. Drums/120 BPM/1. Battle March (120bpm).wav	4240462
2. Film Score Collection V2 (Tempo)/2. Film Score Collection Vol 2 (Tempo)/4. Drums/120 BPM/10. Night Navigator (120bpm).wav	4240462
2. Film Score Collection V2 (Tempo)/2. Film Score Collection Vol 2 (Tempo)/4. Drums/120 BPM/11. Phasing (120bpm).wav	4240462
2. Film Score Collection V2 (Tempo)/2. Film Score Collection Vol 2 (Tempo)/4. Drums/120 BPM/12. Cymbal Groove (120bpm).wav	4240460
2. Film Score Collection V2 (Tempo)/2. Film Score Collection Vol 2 (Tempo)/4. Drums/120 BPM/13. Gritty Hats (120bpm).wav	4240462
2. Film Score Collection V2 (Tempo)/2. Film Score Collection Vol 2 (Tempo)/4. Drums/120 BPM/14. Metal Undertone (120bpm).wav	4240462
2. Film Score Collection V2 (Tempo)/2. Film Score Collection Vol 2 (Tempo)/4. Drums/120 BPM/15. Sticks Rhythm (120bpm).wav	4240462
2. Film Score Collection V2 (Tempo)/2. Film Score Collection Vol 2 (Tempo)/4. Drums/120 BPM/2. Ironwork Groove (120bpm).wav	4240462
2. Film Score Collection V2 (Tempo)/2. Film Score Collection Vol 2 (Tempo)/4. Drums/120 BPM/3. Low Toms (120bpm).wav	4240462
2. Film Score Collection V2 (Tempo)/2. Film Score Collection Vol 2 (Tempo)/4. Drums/120 BPM/4. Low Tunnel (120bpm).wav	4240462
2. Film Score Collection V2 (Tempo)/2. Film Score Collection Vol 2 (Tempo)/4. Drums/120 BPM/5. Mystic Toms (120bpm).wav	4240462
2. Film Score Collection V2 (Tempo)/2. Film Score Collection Vol 2 (Tempo)/4. Drums/120 BPM/6. Trailer Toms (120bpm).wav	4240462
2. Film Score Collection V2 (Tempo)/2. Film Score Collection Vol 2 (Tempo)/4. Drums/120 BPM/7. Urban Flow (120bpm).wav	4240462
2. Film Score Collection V2 (Tempo)/2. Film Score Collection Vol 2 (Tempo)/4. Drums/120 BPM/8. Focus Kick (120bpm).wav	4240462
2. Film Score Collection V2 (Tempo)/2. Film Score Collection Vol 2 (Tempo)/4. Drums/120 BPM/9. Industrial Clatter (120bpm).wav	4240462
2. Film Score Collection V2 (Tempo)/2. Film Score Collection Vol 2 (Tempo)/4. Drums/90 BPM/1. Railroad Rhythms (90bpm).wav	5653524
2. Film Score Collection V2 (Tempo)/2. Film Score Collection Vol 2 (Tempo)/4. Drums/90 BPM/10. High-Hat Shutter (90bpm).wav	5653524
2. Film Score Collection V2 (Tempo)/2. Film Score Collection Vol 2 (Tempo)/4. Drums/90 BPM/11. Reverse Shells (90bpm).wav	5653524
2. Film Score Collection V2 (Tempo)/2. Film Score Collection Vol 2 (Tempo)/4. Drums/90 BPM/12. Urban Hats (90bpm).wav	5653522
2. Film Score Collection V2 (Tempo)/2. Film Score Collection Vol 2 (Tempo)/4. Drums/90 BPM/13. Slick Hats (90bpm).wav	5653522
2. Film Score Collection V2 (Tempo)/2. Film Score Collection Vol 2 (Tempo)/4. Drums/90 BPM/14. Cool Breeze (90bpm).wav	5653524
2. Film Score Collection V2 (Tempo)/2. Film Score Collection Vol 2 (Tempo)/4. Drums/90 BPM/15. Mellow Tapes (90bpm).wav	5653524
2. Film Score Collection V2 (Tempo)/2. Film Score Collection Vol 2 (Tempo)/4. Drums/90 BPM/2. Tunnel Clicks (90bpm).wav	5653524
2. Film Score Collection V2 (Tempo)/2. Film Score Collection Vol 2 (Tempo)/4. Drums/90 BPM/3. 4 on Floor Toms (90bpm).wav	5653524
2. Film Score Collection V2 (Tempo)/2. Film Score Collection Vol 2 (Tempo)/4. Drums/90 BPM/4. Drive Groove (90bpm).wav	5653524
2. Film Score Collection V2 (Tempo)/2. Film Score Collection Vol 2 (Tempo)/4. Drums/90 BPM/5. Aluminum (90bpm).wav	5653524
2. Film Score Collection V2 (Tempo)/2. Film Score Collection Vol 2 (Tempo)/4. Drums/90 BPM/6. Blip Snare (90bpm).wav	5653522
2. Film Score Collection V2 (Tempo)/2. Film Score Collection Vol 2 (Tempo)/4. Drums/90 BPM/7. Glitch Stutter (90bpm).wav	5653524
2. Film Score Collection V2 (Tempo)/2. Film Score Collection Vol 2 (Tempo)/4. Drums/90 BPM/8. Sticks Rhythm (90bpm).wav	5653524
2. Film Score Collection V2 (Tempo)/2. Film Score Collection Vol 2 (Tempo)/4. Drums/90 BPM/9. Frames (90bpm).wav	5653524
2. Film Score Collection V2 (Tempo)/2. Film Score Collection Vol 2 (Tempo)/4. Drums/One Shots/1. Tom Roll Smash.wav	1590950
2. Film Score Collection V2 (Tempo)/2. Film Score Collection Vol 2 (Tempo)/4. Drums/One Shots/10. Dungeon Drop.wav	2120850
2. Film Score Collection V2 (Tempo)/2. Film Score Collection Vol 2 (Tempo)/4. Drums/One Shots/11. Crash Volt.wav	2120850
2. Film Score Collection V2 (Tempo)/2. Film Score Collection Vol 2 (Tempo)/4. Drums/One Shots/12. Bell Snare.wav	1061048
2. Film Score Collection V2 (Tempo)/2. Film Score Collection Vol 2 (Tempo)/4. Drums/One Shots/13. Delay Snare.wav	1590948
2. Film Score Collection V2 (Tempo)/2. Film Score Collection Vol 2 (Tempo)/4. Drums/One Shots/14. Frostbite Snare.wav	1061046
2. Film Score Collection V2 (Tempo)/2. Film Score Collection Vol 2 (Tempo)/4. Drums/One Shots/15. Ghost Snare.wav	1061048
2. Film Score Collection V2 (Tempo)/2. Film Score Collection Vol 2 (Tempo)/4. Drums/One Shots/16. Stealth Snare.wav	1061048
2. Film Score Collection V2 (Tempo)/2. Film Score Collection Vol 2 (Tempo)/4. Drums/One Shots/17. Clip Snap.wav	1061046
2. Film Score Collection V2 (Tempo)/2. Film Score Collection Vol 2 (Tempo)/4. Drums/One Shots/18. Ethnic Sticks.wav	2650750
2. Film Score Collection V2 (Tempo)/2. Film Score Collection Vol 2 (Tempo)/4. Drums/One Shots/19. Chalk Board Nighmare.wav	3180654
2. Film Score Collection V2 (Tempo)/2. Film Score Collection Vol 2 (Tempo)/4. Drums/One Shots/2. Tom Roll Fast.wav	1590948
2. Film Score Collection V2 (Tempo)/2. Film Score Collection Vol 2 (Tempo)/4. Drums/One Shots/3. Whoosh Pound.wav	2120850
2. Film Score Collection V2 (Tempo)/2. Film Score Collection Vol 2 (Tempo)/4. Drums/One Shots/4. Bite Factory.wav	1414316
2. Film Score Collection V2 (Tempo)/2. Film Score Collection Vol 2 (Tempo)/4. Drums/One Shots/5. Echo Smash.wav	2120848
2. Film Score Collection V2 (Tempo)/2. Film Score Collection Vol 2 (Tempo)/4. Drums/One Shots/6. Iron Boom.wav	2120850
2. Film Score Collection V2 (Tempo)/2. Film Score Collection Vol 2 (Tempo)/4. Drums/One Shots/7. Kick Weaving.wav	2827398
2. Film Score Collection V2 (Tempo)/2. Film Score Collection Vol 2 (Tempo)/4. Drums/One Shots/8. Metallic Boom.wav	2120850
2. Film Score Collection V2 (Tempo)/2. Film Score Collection Vol 2 (Tempo)/4. Drums/One Shots/9. Undertone Hit.wav	1591000
3. Film Score Collection V2 (Glue)/3. Film Score Collection Vol 2 (Glue)/5. Melodic Hits/1. Rain Drop (Major_Minor)/Rain Drop (A#_Bb).wav	2884594
3. Film Score Collection V2 (Glue)/3. Film Score Collection Vol 2 (Glue)/5. Melodic Hits/1. Rain Drop (Major_Minor)/Rain Drop (A).wav	2884594
3. Film Score Collection V2 (Glue)/3. Film Score Collection Vol 2 (Glue)/5. Melodic Hits/1. Rain Drop (Major_Minor)/Rain Drop (B).wav	2884594
3. Film Score Collection V2 (Glue)/3. Film Score Collection Vol 2 (Glue)/5. Melodic Hits/1. Rain Drop (Major_Minor)/Rain Drop (C#_Db).wav	2884594
3. Film Score Collection V2 (Glue)/3. Film Score Collection Vol 2 (Glue)/5. Melodic Hits/1. Rain Drop (Major_Minor)/Rain Drop (C).wav	2884594
3. Film Score Collection V2 (Glue)/3. Film Score Collection Vol 2 (Glue)/5. Melodic Hits/1. Rain Drop (Major_Minor)/Rain Drop (D#_Eb).wav	2884594
3. Film Score Collection V2 (Glue)/3. Film Score Collection Vol 2 (Glue)/5. Melodic Hits/1. Rain Drop (Major_Minor)/Rain Drop (D).wav	2884594
3. Film Score Collection V2 (Glue)/3. Film Score Collection Vol 2 (Glue)/5. Melodic Hits/1. Rain Drop (Major_Minor)/Rain Drop (E).wav	2884594
3. Film Score Collection V2 (Glue)/3. Film Score Collection Vol 2 (Glue)/5. Melodic Hits/1. Rain Drop (Major_Minor)/Rain Drop (F#_Gb).wav	2884594
3. Film Score Collection V2 (Glue)/3. Film Score Collection Vol 2 (Glue)/5. Melodic Hits/1. Rain Drop (Major_Minor)/Rain Drop (F).wav	2884594
3. Film Score Collection V2 (Glue)/3. Film Score Collection Vol 2 (Glue)/5. Melodic Hits/1. Rain Drop (Major_Minor)/Rain Drop (G#_Ab).wav	2884594
3. Film Score Collection V2 (Glue)/3. Film Score Collection Vol 2 (Glue)/5. Melodic Hits/1. Rain Drop (Major_Minor)/Rain Drop (G).wav	2884594
3. Film Score Collection V2 (Glue)/3. Film Score Collection Vol 2 (Glue)/5. Melodic Hits/10. Slight Breath (Major_Minor)/Slight Breath - A#_Bb.wav	2120402
3. Film Score Collection V2 (Glue)/3. Film Score Collection Vol 2 (Glue)/5. Melodic Hits/10. Slight Breath (Major_Minor)/Slight Breath - A.wav	2120402
3. Film Score Collection V2 (Glue)/3. Film Score Collection Vol 2 (Glue)/5. Melodic Hits/10. Slight Breath (Major_Minor)/Slight Breath - B.wav	2120402
3. Film Score Collection V2 (Glue)/3. Film Score Collection Vol 2 (Glue)/5. Melodic Hits/10. Slight Breath (Major_Minor)/Slight Breath - C#_Db.wav	2120402
3. Film Score Collection V2 (Glue)/3. Film Score Collection Vol 2 (Glue)/5. Melodic Hits/10. Slight Breath (Major_Minor)/Slight Breath - C.wav	2120402
3. Film Score Collection V2 (Glue)/3. Film Score Collection Vol 2 (Glue)/5. Melodic Hits/10. Slight Breath (Major_Minor)/Slight Breath - D#_Eb.wav	2120402
3. Film Score Collection V2 (Glue)/3. Film Score Collection Vol 2 (Glue)/5. Melodic Hits/10. Slight Breath (Major_Minor)/Slight Breath - D.wav	2120402
3. Film Score Collection V2 (Glue)/3. Film Score Collection Vol 2 (Glue)/5. Melodic Hits/10. Slight Breath (Major_Minor)/Slight Breath - E.wav	2120402
3. Film Score Collection V2 (Glue)/3. Film Score Collection Vol 2 (Glue)/5. Melodic Hits/10. Slight Breath (Major_Minor)/Slight Breath - F#_Gb.wav	2120402
3. Film Score Collection V2 (Glue)/3. Film Score Collection Vol 2 (Glue)/5. Melodic Hits/10. Slight Breath (Major_Minor)/Slight Breath - F.wav	2120402
3. Film Score Collection V2 (Glue)/3. Film Score Collection Vol 2 (Glue)/5. Melodic Hits/10. Slight Breath (Major_Minor)/Slight Breath - G#_Ab.wav	2120402
3. Film Score Collection V2 (Glue)/3. Film Score Collection Vol 2 (Glue)/5. Melodic Hits/10. Slight Breath (Major_Minor)/Slight Breath - G.wav	2120402
3. Film Score Collection V2 (Glue)/3. Film Score Collection Vol 2 (Glue)/5. Melodic Hits/11. High Piano Ether (Major_Minor)/High Piano Ether (A#_Bb).wav	2885054
3. Film Score Collection V2 (Glue)/3. Film Score Collection Vol 2 (Glue)/5. Melodic Hits/11. High Piano Ether (Major_Minor)/High Piano Ether (A).wav	2885054
3. Film Score Collection V2 (Glue)/3. Film Score Collection Vol 2 (Glue)/5. Melodic Hits/11. High Piano Ether (Major_Minor)/High Piano Ether (B).wav	2885056
3. Film Score Collection V2 (Glue)/3. Film Score Collection Vol 2 (Glue)/5. Melodic Hits/11. High Piano Ether (Major_Minor)/High Piano Ether (C#_Db).wav	2885056
3. Film Score Collection V2 (Glue)/3. Film Score Collection Vol 2 (Glue)/5. Melodic Hits/11. High Piano Ether (Major_Minor)/High Piano Ether (C).wav	2885054
3. Film Score Collection V2 (Glue)/3. Film Score Collection Vol 2 (Glue)/5. Melodic Hits/11. High Piano Ether (Major_Minor)/High Piano Ether (D#_Eb).wav	2885054
3. Film Score Collection V2 (Glue)/3. Film Score Collection Vol 2 (Glue)/5. Melodic Hits/11. High Piano Ether (Major_Minor)/High Piano Ether (D).wav	2885054
3. Film Score Collection V2 (Glue)/3. Film Score Collection Vol 2 (Glue)/5. Melodic Hits/11. High Piano Ether (Major_Minor)/High Piano Ether (E).wav	2885054
3. Film Score Collection V2 (Glue)/3. Film Score Collection Vol 2 (Glue)/5. Melodic Hits/11. High Piano Ether (Major_Minor)/High Piano Ether (F#_Gb).wav	2885054
3. Film Score Collection V2 (Glue)/3. Film Score Collection Vol 2 (Glue)/5. Melodic Hits/11. High Piano Ether (Major_Minor)/High Piano Ether (F).wav	2885054
3. Film Score Collection V2 (Glue)/3. Film Score Collection Vol 2 (Glue)/5. Melodic Hits/11. High Piano Ether (Major_Minor)/High Piano Ether (G#_Ab).wav	2885054
3. Film Score Collection V2 (Glue)/3. Film Score Collection Vol 2 (Glue)/5. Melodic Hits/11. High Piano Ether (Major_Minor)/High Piano Ether (G).wav	2885054
3. Film Score Collection V2 (Glue)/3. Film Score Collection Vol 2 (Glue)/5. Melodic Hits/12. Low Piano Ether (Major_Minor)/Low Piano Ether - (A#_Bb).wav	3461820
3. Film Score Collection V2 (Glue)/3. Film Score Collection Vol 2 (Glue)/5. Melodic Hits/12. Low Piano Ether (Major_Minor)/Low Piano Ether - (A).wav	3461820
3. Film Score Collection V2 (Glue)/3. Film Score Collection Vol 2 (Glue)/5. Melodic Hits/12. Low Piano Ether (Major_Minor)/Low Piano Ether - (B).wav	3461820
3. Film Score Collection V2 (Glue)/3. Film Score Collection Vol 2 (Glue)/5. Melodic Hits/12. Low Piano Ether (Major_Minor)/Low Piano Ether - (C#_Db).wav	3461818
3. Film Score Collection V2 (Glue)/3. Film Score Collection Vol 2 (Glue)/5. Melodic Hits/12. Low Piano Ether (Major_Minor)/Low Piano Ether - (C).wav	3461818
3. Film Score Collection V2 (Glue)/3. Film Score Collection Vol 2 (Glue)/5. Melodic Hits/12. Low Piano Ether (Major_Minor)/Low Piano Ether - (D#_Eb).wav	3461818
3. Film Score Collection V2 (Glue)/3. Film Score Collection Vol 2 (Glue)/5. Melodic Hits/12. Low Piano Ether (Major_Minor)/Low Piano Ether - (D).wav	3461818
3. Film Score Collection V2 (Glue)/3. Film Score Collection Vol 2 (Glue)/5. Melodic Hits/12. Low Piano Ether (Major_Minor)/Low Piano Ether - (E).wav	3461818
3. Film Score Collection V2 (Glue)/3. Film Score Collection Vol 2 (Glue)/5. Melodic Hits/12. Low Piano Ether (Major_Minor)/Low Piano Ether - (F#_Gb).wav	3461818
3. Film Score Collection V2 (Glue)/3. Film Score Collection Vol 2 (Glue)/5. Melodic Hits/12. Low Piano Ether (Major_Minor)/Low Piano Ether - (F).wav	3461818
3. Film Score Collection V2 (Glue)/3. Film Score Collection Vol 2 (Glue)/5. Melodic Hits/12. Low Piano Ether (Major_Minor)/Low Piano Ether - (G#_Ab).wav	3461818
3. Film Score Collection V2 (Glue)/3. Film Score Collection Vol 2 (Glue)/5. Melodic Hits/12. Low Piano Ether (Major_Minor)/Low Piano Ether - (G).wav	3461818
3. Film Score Collection V2 (Glue)/3. Film Score Collection Vol 2 (Glue)/5. Melodic Hits/13. Bass Drop (Major_Minor)/Bass Drop - A#_Bb.wav	2826920
3. Film Score Collection V2 (Glue)/3. Film Score Collection Vol 2 (Glue)/5. Melodic Hits/13. Bass Drop (Major_Minor)/Bass Drop - A.wav	2826920
3. Film Score Collection V2 (Glue)/3. Film Score Collection Vol 2 (Glue)/5. Melodic Hits/13. Bass Drop (Major_Minor)/Bass Drop - B.wav	2826920
3. Film Score Collection V2 (Glue)/3. Film Score Collection Vol 2 (Glue)/5. Melodic Hits/13. Bass Drop (Major_Minor)/Bass Drop - C#_Db.wav	2826920
3. Film Score Collection V2 (Glue)/3. Film Score Collection Vol 2 (Glue)/5. Melodic Hits/13. Bass Drop (Major_Minor)/Bass Drop - C.wav	2826920
3. Film Score Collection V2 (Glue)/3. Film Score Collection Vol 2 (Glue)/5. Melodic Hits/13. Bass Drop (Major_Minor)/Bass Drop - D#_Eb.wav	2826920
3. Film Score Collection V2 (Glue)/3. Film Score Collection Vol 2 (Glue)/5. Melodic Hits/13. Bass Drop (Major_Minor)/Bass Drop - D.wav	2826920
3. Film Score Collection V2 (Glue)/3. Film Score Collection Vol 2 (Glue)/5. Melodic Hits/13. Bass Drop (Major_Minor)/Bass Drop - E.wav	2826920
3. Film Score Collection V2 (Glue)/3. Film Score Collection Vol 2 (Glue)/5. Melodic Hits/13. Bass Drop (Major_Minor)/Bass Drop - F#_Gb.wav	2826920
3. Film Score Collection V2 (Glue)/3. Film Score Collection Vol 2 (Glue)/5. Melodic Hits/13. Bass Drop (Major_Minor)/Bass Drop - F.wav	2826920
3. Film Score Collection V2 (Glue)/3. Film Score Collection Vol 2 (Glue)/5. Melodic Hits/13. Bass Drop (Major_Minor)/Bass Drop - G#_Ab.wav	2826920
3. Film Score Collection V2 (Glue)/3. Film Score Collection Vol 2 (Glue)/5. Melodic Hits/13. Bass Drop (Major_Minor)/Bass Drop - G.wav	2826920
3. Film Score Collection V2 (Glue)/3. Film Score Collection Vol 2 (Glue)/5. Melodic Hits/14. Phantom (Minor)/Phantom (A#m_Bbm).wav	1414316
3. Film Score Collection V2 (Glue)/3. Film Score Collection Vol 2 (Glue)/5. Melodic Hits/14. Phantom (Minor)/Phantom (Am).wav	1414316
3. Film Score Collection V2 (Glue)/3. Film Score Collection Vol 2 (Glue)/5. Melodic Hits/14. Phantom (Minor)/Phantom (Bm).wav	1414316
3. Film Score Collection V2 (Glue)/3. Film Score Collection Vol 2 (Glue)/5. Melodic Hits/14. Phantom (Minor)/Phantom (C#m_Dbm).wav	1414316
3. Film Score Collection V2 (Glue)/3. Film Score Collection Vol 2 (Glue)/5. Melodic Hits/14. Phantom (Minor)/Phantom (Cm).wav	1414316
3. Film Score Collection V2 (Glue)/3. Film Score Collection Vol 2 (Glue)/5. Melodic Hits/14. Phantom (Minor)/Phantom (D#m_Ebm).wav	1414316
3. Film Score Collection V2 (Glue)/3. Film Score Collection Vol 2 (Glue)/5. Melodic Hits/14. Phantom (Minor)/Phantom (Dm).wav	1414316
3. Film Score Collection V2 (Glue)/3. Film Score Collection Vol 2 (Glue)/5. Melodic Hits/14. Phantom (Minor)/Phantom (Em).wav	1414316
3. Film Score Collection V2 (Glue)/3. Film Score Collection Vol 2 (Glue)/5. Melodic Hits/14. Phantom (Minor)/Phantom (F#m_Gbm).wav	1414316
3. Film Score Collection V2 (Glue)/3. Film Score Collection Vol 2 (Glue)/5. Melodic Hits/14. Phantom (Minor)/Phantom (Fm).wav	1414316
3. Film Score Collection V2 (Glue)/3. Film Score Collection Vol 2 (Glue)/5. Melodic Hits/14. Phantom (Minor)/Phantom (G#m_Abm).wav	1414316
3. Film Score Collection V2 (Glue)/3. Film Score Collection Vol 2 (Glue)/5. Melodic Hits/14. Phantom (Minor)/Phantom (Gm).wav	1414314
3. Film Score Collection V2 (Glue)/3. Film Score Collection Vol 2 (Glue)/5. Melodic Hits/15. Thunderstorm (Minor)/Thunderstorm (A#m_Bbm).wav	3533930
3. Film Score Collection V2 (Glue)/3. Film Score Collection Vol 2 (Glue)/5. Melodic Hits/15. Thunderstorm (Minor)/Thunderstorm (Am).wav	3533930
3. Film Score Collection V2 (Glue)/3. Film Score Collection Vol 2 (Glue)/5. Melodic Hits/15. Thunderstorm (Minor)/Thunderstorm (Bm).wav	3533932
3. Film Score Collection V2 (Glue)/3. Film Score Collection Vol 2 (Glue)/5. Melodic Hits/15. Thunderstorm (Minor)/Thunderstorm (C#m_Dbm).wav	3533930
3. Film Score Collection V2 (Glue)/3. Film Score Collection Vol 2 (Glue)/5. Melodic Hits/15. Thunderstorm (Minor)/Thunderstorm (Cm).wav	3533930
3. Film Score Collection V2 (Glue)/3. Film Score Collection Vol 2 (Glue)/5. Melodic Hits/15. Thunderstorm (Minor)/Thunderstorm (D#m_Ebm).wav	3533932
3. Film Score Collection V2 (Glue)/3. Film Score Collection Vol 2 (Glue)/5. Melodic Hits/15. Thunderstorm (Minor)/Thunderstorm (Dm).wav	3533930
3. Film Score Collection V2 (Glue)/3. Film Score Collection Vol 2 (Glue)/5. Melodic Hits/15. Thunderstorm (Minor)/Thunderstorm (Em).wav	3533932
3. Film Score Collection V2 (Glue)/3. Film Score Collection Vol 2 (Glue)/5. Melodic Hits/15. Thunderstorm (Minor)/Thunderstorm (F#m_Gbm).wav	3533930
3. Film Score Collection V2 (Glue)/3. Film Score Collection Vol 2 (Glue)/5. Melodic Hits/15. Thunderstorm (Minor)/Thunderstorm (Fm).wav	3533932
3. Film Score Collection V2 (Glue)/3. Film Score Collection Vol 2 (Glue)/5. Melodic Hits/15. Thunderstorm (Minor)/Thunderstorm (G#m_Abm).wav	3533932
3. Film Score Collection V2 (Glue)/3. Film Score Collection Vol 2 (Glue)/5. Melodic Hits/15. Thunderstorm (Minor)/Thunderstorm (Gm).wav	3533932
3. Film Score Collection V2 (Glue)/3. Film Score Collection Vol 2 (Glue)/5. Melodic Hits/16. Vocal Ghostly (Minor)/Vocal Ghostly (A#m_Bbm).wav	3077322
3. Film Score Collection V2 (Glue)/3. Film Score Collection Vol 2 (Glue)/5. Melodic Hits/16. Vocal Ghostly (Minor)/Vocal Ghostly (Am).wav	3077320
3. Film Score Collection V2 (Glue)/3. Film Score Collection Vol 2 (Glue)/5. Melodic Hits/16. Vocal Ghostly (Minor)/Vocal Ghostly (Bm).wav	3077322
3. Film Score Collection V2 (Glue)/3. Film Score Collection Vol 2 (Glue)/5. Melodic Hits/16. Vocal Ghostly (Minor)/Vocal Ghostly (C#m_Dbm).wav	3077322
3. Film Score Collection V2 (Glue)/3. Film Score Collection Vol 2 (Glue)/5. Melodic Hits/16. Vocal Ghostly (Minor)/Vocal Ghostly (Cm).wav	3077322
3. Film Score Collection V2 (Glue)/3. Film Score Collection Vol 2 (Glue)/5. Melodic Hits/16. Vocal Ghostly (Minor)/Vocal Ghostly (D#m_Ebm).wav	3077322
3. Film Score Collection V2 (Glue)/3. Film Score Collection Vol 2 (Glue)/5. Melodic Hits/16. Vocal Ghostly (Minor)/Vocal Ghostly (Dm).wav	3077322
3. Film Score Collection V2 (Glue)/3. Film Score Collection Vol 2 (Glue)/5. Melodic Hits/16. Vocal Ghostly (Minor)/Vocal Ghostly (Em).wav	3077322
3. Film Score Collection V2 (Glue)/3. Film Score Collection Vol 2 (Glue)/5. Melodic Hits/16. Vocal Ghostly (Minor)/Vocal Ghostly (F#m_Gbm).wav	3077322
3. Film Score Collection V2 (Glue)/3. Film Score Collection Vol 2 (Glue)/5. Melodic Hits/16. Vocal Ghostly (Minor)/Vocal Ghostly (Fm).wav	3077322
3. Film Score Collection V2 (Glue)/3. Film Score Collection Vol 2 (Glue)/5. Melodic Hits/16. Vocal Ghostly (Minor)/Vocal Ghostly (G#m_Abm).wav	3077322
3. Film Score Collection V2 (Glue)/3. Film Score Collection Vol 2 (Glue)/5. Melodic Hits/16. Vocal Ghostly (Minor)/Vocal Ghostly (Gm).wav	3077322
3. Film Score Collection V2 (Glue)/3. Film Score Collection Vol 2 (Glue)/5. Melodic Hits/17. Vocal Dream (Minor)/Vocal Dream (A#m_Bbm).wav	1983424
3. Film Score Collection V2 (Glue)/3. Film Score Collection Vol 2 (Glue)/5. Melodic Hits/17. Vocal Dream (Minor)/Vocal Dream (Am).wav	1983424
3. Film Score Collection V2 (Glue)/3. Film Score Collection Vol 2 (Glue)/5. Melodic Hits/17. Vocal Dream (Minor)/Vocal Dream (Bm).wav	1983424
3. Film Score Collection V2 (Glue)/3. Film Score Collection Vol 2 (Glue)/5. Melodic Hits/17. Vocal Dream (Minor)/Vocal Dream (C#m_Dbm).wav	1983424
3. Film Score Collection V2 (Glue)/3. Film Score Collection Vol 2 (Glue)/5. Melodic Hits/17. Vocal Dream (Minor)/Vocal Dream (Cm).wav	1983424
3. Film Score Collection V2 (Glue)/3. Film Score Collection Vol 2 (Glue)/5. Melodic Hits/17. Vocal Dream (Minor)/Vocal Dream (D#m_Ebm).wav	1983424
3. Film Score Collection V2 (Glue)/3. Film Score Collection Vol 2 (Glue)/5. Melodic Hits/17. Vocal Dream (Minor)/Vocal Dream (Dm).wav	1983424
3. Film Score Collection V2 (Glue)/3. Film Score Collection Vol 2 (Glue)/5. Melodic Hits/17. Vocal Dream (Minor)/Vocal Dream (Em).wav	1983424
3. Film Score Collection V2 (Glue)/3. Film Score Collection Vol 2 (Glue)/5. Melodic Hits/17. Vocal Dream (Minor)/Vocal Dream (F#m_Gbm).wav	1983424
3. Film Score Collection V2 (Glue)/3. Film Score Collection Vol 2 (Glue)/5. Melodic Hits/17. Vocal Dream (Minor)/Vocal Dream (Fm).wav	1983424
3. Film Score Collection V2 (Glue)/3. Film Score Collection Vol 2 (Glue)/5. Melodic Hits/17. Vocal Dream (Minor)/Vocal Dream (G#m_Abm).wav	1983424
3. Film Score Collection V2 (Glue)/3. Film Score Collection Vol 2 (Glue)/5. Melodic Hits/17. Vocal Dream (Minor)/Vocal Dream (Gm).wav	1983424
3. Film Score Collection V2 (Glue)/3. Film Score Collection Vol 2 (Glue)/5. Melodic Hits/18. Void Sub (Minor)/Void Sub (A#m_Bbm).wav	4153444
3. Film Score Collection V2 (Glue)/3. Film Score Collection Vol 2 (Glue)/5. Melodic Hits/18. Void Sub (Minor)/Void Sub (Am).wav	4153444
3. Film Score Collection V2 (Glue)/3. Film Score Collection Vol 2 (Glue)/5. Melodic Hits/18. Void Sub (Minor)/Void Sub (Bm).wav	4153444
3. Film Score Collection V2 (Glue)/3. Film Score Collection Vol 2 (Glue)/5. Melodic Hits/18. Void Sub (Minor)/Void Sub (C#m_Dbm).wav	4153444
3. Film Score Collection V2 (Glue)/3. Film Score Collection Vol 2 (Glue)/5. Melodic Hits/18. Void Sub (Minor)/Void Sub (Cm).wav	4153444
3. Film Score Collection V2 (Glue)/3. Film Score Collection Vol 2 (Glue)/5. Melodic Hits/18. Void Sub (Minor)/Void Sub (D#m_Ebm).wav	4153444
3. Film Score Collection V2 (Glue)/3. Film Score Collection Vol 2 (Glue)/5. Melodic Hits/18. Void Sub (Minor)/Void Sub (Dm).wav	4153444
3. Film Score Collection V2 (Glue)/3. Film Score Collection Vol 2 (Glue)/5. Melodic Hits/18. Void Sub (Minor)/Void Sub (Em).wav	4153444
3. Film Score Collection V2 (Glue)/3. Film Score Collection Vol 2 (Glue)/5. Melodic Hits/18. Void Sub (Minor)/Void Sub (F#m_Gbm).wav	4153444
3. Film Score Collection V2 (Glue)/3. Film Score Collection Vol 2 (Glue)/5. Melodic Hits/18. Void Sub (Minor)/Void Sub (Fm).wav	4153444
3. Film Score Collection V2 (Glue)/3. Film Score Collection Vol 2 (Glue)/5. Melodic Hits/18. Void Sub (Minor)/Void Sub (G#m_Abm).wav	4153444
3. Film Score Collection V2 (Glue)/3. Film Score Collection Vol 2 (Glue)/5. Melodic Hits/18. Void Sub (Minor)/Void Sub (Gm).wav	4153444
3. Film Score Collection V2 (Glue)/3. Film Score Collection Vol 2 (Glue)/5. Melodic Hits/2. Soft Piano (Major_Minor)/Soft Piano (A#_Bb).wav	2650750
3. Film Score Collection V2 (Glue)/3. Film Score Collection Vol 2 (Glue)/5. Melodic Hits/2. Soft Piano (Major_Minor)/Soft Piano (A).wav	2650750
3. Film Score Collection V2 (Glue)/3. Film Score Collection Vol 2 (Glue)/5. Melodic Hits/2. Soft Piano (Major_Minor)/Soft Piano (B).wav	2650750
3. Film Score Collection V2 (Glue)/3. Film Score Collection Vol 2 (Glue)/5. Melodic Hits/2. Soft Piano (Major_Minor)/Soft Piano (C#_Db).wav	2650750
3. Film Score Collection V2 (Glue)/3. Film Score Collection Vol 2 (Glue)/5. Melodic Hits/2. Soft Piano (Major_Minor)/Soft Piano (C).wav	2650750
3. Film Score Collection V2 (Glue)/3. Film Score Collection Vol 2 (Glue)/5. Melodic Hits/2. Soft Piano (Major_Minor)/Soft Piano (D#_Eb).wav	2650750
3. Film Score Collection V2 (Glue)/3. Film Score Collection Vol 2 (Glue)/5. Melodic Hits/2. Soft Piano (Major_Minor)/Soft Piano (D).wav	2650750
3. Film Score Collection V2 (Glue)/3. Film Score Collection Vol 2 (Glue)/5. Melodic Hits/2. Soft Piano (Major_Minor)/Soft Piano (E).wav	2650750
3. Film Score Collection V2 (Glue)/3. Film Score Collection Vol 2 (Glue)/5. Melodic Hits/2. Soft Piano (Major_Minor)/Soft Piano (F#_Gb).wav	2650750
3. Film Score Collection V2 (Glue)/3. Film Score Collection Vol 2 (Glue)/5. Melodic Hits/2. Soft Piano (Major_Minor)/Soft Piano (F).wav	2650750
3. Film Score Collection V2 (Glue)/3. Film Score Collection Vol 2 (Glue)/5. Melodic Hits/2. Soft Piano (Major_Minor)/Soft Piano (G#_Ab).wav	2650752
3. Film Score Collection V2 (Glue)/3. Film Score Collection Vol 2 (Glue)/5. Melodic Hits/2. Soft Piano (Major_Minor)/Soft Piano (G).wav	2650750
3. Film Score Collection V2 (Glue)/3. Film Score Collection Vol 2 (Glue)/5. Melodic Hits/3. Cello Low Hit (Major_Minor)/Cello Low Hit (A#_Bb).wav	4153444
3. Film Score Collection V2 (Glue)/3. Film Score Collection Vol 2 (Glue)/5. Melodic Hits/3. Cello Low Hit (Major_Minor)/Cello Low Hit (A).wav	4153444
3. Film Score Collection V2 (Glue)/3. Film Score Collection Vol 2 (Glue)/5. Melodic Hits/3. Cello Low Hit (Major_Minor)/Cello Low Hit (B).wav	4153444
3. Film Score Collection V2 (Glue)/3. Film Score Collection Vol 2 (Glue)/5. Melodic Hits/3. Cello Low Hit (Major_Minor)/Cello Low Hit (C#_Db).wav	4153444
3. Film Score Collection V2 (Glue)/3. Film Score Collection Vol 2 (Glue)/5. Melodic Hits/3. Cello Low Hit (Major_Minor)/Cello Low Hit (C).wav	4153444
3. Film Score Collection V2 (Glue)/3. Film Score Collection Vol 2 (Glue)/5. Melodic Hits/3. Cello Low Hit (Major_Minor)/Cello Low Hit (D#_Eb).wav	4153444
3. Film Score Collection V2 (Glue)/3. Film Score Collection Vol 2 (Glue)/5. Melodic Hits/3. Cello Low Hit (Major_Minor)/Cello Low Hit (D).wav	4153444
3. Film Score Collection V2 (Glue)/3. Film Score Collection Vol 2 (Glue)/5. Melodic Hits/3. Cello Low Hit (Major_Minor)/Cello Low Hit (E).wav	4153444
3. Film Score Collection V2 (Glue)/3. Film Score Collection Vol 2 (Glue)/5. Melodic Hits/3. Cello Low Hit (Major_Minor)/Cello Low Hit (F#_Gb).wav	4153444
3. Film Score Collection V2 (Glue)/3. Film Score Collection Vol 2 (Glue)/5. Melodic Hits/3. Cello Low Hit (Major_Minor)/Cello Low Hit (F).wav	4153444
3. Film Score Collection V2 (Glue)/3. Film Score Collection Vol 2 (Glue)/5. Melodic Hits/3. Cello Low Hit (Major_Minor)/Cello Low Hit (G#_Ab).wav	4153444
3. Film Score Collection V2 (Glue)/3. Film Score Collection Vol 2 (Glue)/5. Melodic Hits/3. Cello Low Hit (Major_Minor)/Cello Low Hit (G).wav	4153444
3. Film Score Collection V2 (Glue)/3. Film Score Collection Vol 2 (Glue)/5. Melodic Hits/4. Cello High (Major_Minor)/Cello High (A#_Bb).wav	2307844
3. Film Score Collection V2 (Glue)/3. Film Score Collection Vol 2 (Glue)/5. Melodic Hits/4. Cello High (Major_Minor)/Cello High (A).wav	2307844
3. Film Score Collection V2 (Glue)/3. Film Score Collection Vol 2 (Glue)/5. Melodic Hits/4. Cello High (Major_Minor)/Cello High (B).wav	2307844
3. Film Score Collection V2 (Glue)/3. Film Score Collection Vol 2 (Glue)/5. Melodic Hits/4. Cello High (Major_Minor)/Cello High (C#_Db).wav	2307844
3. Film Score Collection V2 (Glue)/3. Film Score Collection Vol 2 (Glue)/5. Melodic Hits/4. Cello High (Major_Minor)/Cello High (C).wav	2307844
3. Film Score Collection V2 (Glue)/3. Film Score Collection Vol 2 (Glue)/5. Melodic Hits/4. Cello High (Major_Minor)/Cello High (D#_Eb).wav	2307844
3. Film Score Collection V2 (Glue)/3. Film Score Collection Vol 2 (Glue)/5. Melodic Hits/4. Cello High (Major_Minor)/Cello High (D).wav	2307844
3. Film Score Collection V2 (Glue)/3. Film Score Collection Vol 2 (Glue)/5. Melodic Hits/4. Cello High (Major_Minor)/Cello High (E).wav	2307844
3. Film Score Collection V2 (Glue)/3. Film Score Collection Vol 2 (Glue)/5. Melodic Hits/4. Cello High (Major_Minor)/Cello High (F#_Gb).wav	2307844
3. Film Score Collection V2 (Glue)/3. Film Score Collection Vol 2 (Glue)/5. Melodic Hits/4. Cello High (Major_Minor)/Cello High (F).wav	2307844
3. Film Score Collection V2 (Glue)/3. Film Score Collection Vol 2 (Glue)/5. Melodic Hits/4. Cello High (Major_Minor)/Cello High (G#_Ab).wav	2307844
3. Film Score Collection V2 (Glue)/3. Film Score Collection Vol 2 (Glue)/5. Melodic Hits/4. Cello High (Major_Minor)/Cello High (G).wav	2307844
3. Film Score Collection V2 (Glue)/3. Film Score Collection Vol 2 (Glue)/5. Melodic Hits/5. Cello Hit & Rise (Major_Minor)/Cello Hit & Rise (A#_Bb).wav	3461344
3. Film Score Collection V2 (Glue)/3. Film Score Collection Vol 2 (Glue)/5. Melodic Hits/5. Cello Hit & Rise (Major_Minor)/Cello Hit & Rise (A).wav	3461344
3. Film Score Collection V2 (Glue)/3. Film Score Collection Vol 2 (Glue)/5. Melodic Hits/5. Cello Hit & Rise (Major_Minor)/Cello Hit & Rise (B).wav	3461344
3. Film Score Collection V2 (Glue)/3. Film Score Collection Vol 2 (Glue)/5. Melodic Hits/5. Cello Hit & Rise (Major_Minor)/Cello Hit & Rise (C#).wav	4038094
3. Film Score Collection V2 (Glue)/3. Film Score Collection Vol 2 (Glue)/5. Melodic Hits/5. Cello Hit & Rise (Major_Minor)/Cello Hit & Rise (C).wav	3461344
3. Film Score Collection V2 (Glue)/3. Film Score Collection Vol 2 (Glue)/5. Melodic Hits/5. Cello Hit & Rise (Major_Minor)/Cello Hit & Rise (D#_Eb).wav	4038094
3. Film Score Collection V2 (Glue)/3. Film Score Collection Vol 2 (Glue)/5. Melodic Hits/5. Cello Hit & Rise (Major_Minor)/Cello Hit & Rise (D).wav	4038094
3. Film Score Collection V2 (Glue)/3. Film Score Collection Vol 2 (Glue)/5. Melodic Hits/5. Cello Hit & Rise (Major_Minor)/Cello Hit & Rise (E).wav	4038094
3. Film Score Collection V2 (Glue)/3. Film Score Collection Vol 2 (Glue)/5. Melodic Hits/5. Cello Hit & Rise (Major_Minor)/Cello Hit & Rise (F#_Gb).wav	4038094
3. Film Score Collection V2 (Glue)/3. Film Score Collection Vol 2 (Glue)/5. Melodic Hits/5. Cello Hit & Rise (Major_Minor)/Cello Hit & Rise (F).wav	4038094
3. Film Score Collection V2 (Glue)/3. Film Score Collection Vol 2 (Glue)/5. Melodic Hits/5. Cello Hit & Rise (Major_Minor)/Cello Hit & Rise (G#_Ab).wav	3461344
3. Film Score Collection V2 (Glue)/3. Film Score Collection Vol 2 (Glue)/5. Melodic Hits/5. Cello Hit & Rise (Major_Minor)/Cello Hit & Rise (G).wav	4038094
3. Film Score Collection V2 (Glue)/3. Film Score Collection Vol 2 (Glue)/5. Melodic Hits/6. Violin Abrupt High (Major_Minor)/Violin Abrupt High (A#_Bb).wav	1731094
3. Film Score Collection V2 (Glue)/3. Film Score Collection Vol 2 (Glue)/5. Melodic Hits/6. Violin Abrupt High (Major_Minor)/Violin Abrupt High (A).wav	1731094
3. Film Score Collection V2 (Glue)/3. Film Score Collection Vol 2 (Glue)/5. Melodic Hits/6. Violin Abrupt High (Major_Minor)/Violin Abrupt High (B).wav	1731094
3. Film Score Collection V2 (Glue)/3. Film Score Collection Vol 2 (Glue)/5. Melodic Hits/6. Violin Abrupt High (Major_Minor)/Violin Abrupt High (C#_Db).wav	1731094
3. Film Score Collection V2 (Glue)/3. Film Score Collection Vol 2 (Glue)/5. Melodic Hits/6. Violin Abrupt High (Major_Minor)/Violin Abrupt High (C).wav	1731094
3. Film Score Collection V2 (Glue)/3. Film Score Collection Vol 2 (Glue)/5. Melodic Hits/6. Violin Abrupt High (Major_Minor)/Violin Abrupt High (D#_Eb).wav	1731094
3. Film Score Collection V2 (Glue)/3. Film Score Collection Vol 2 (Glue)/5. Melodic Hits/6. Violin Abrupt High (Major_Minor)/Violin Abrupt High (D).wav	1731094
3. Film Score Collection V2 (Glue)/3. Film Score Collection Vol 2 (Glue)/5. Melodic Hits/6. Violin Abrupt High (Major_Minor)/Violin Abrupt High (E).wav	1731094
3. Film Score Collection V2 (Glue)/3. Film Score Collection Vol 2 (Glue)/5. Melodic Hits/6. Violin Abrupt High (Major_Minor)/Violin Abrupt High (F#_Gb).wav	1731094
3. Film Score Collection V2 (Glue)/3. Film Score Collection Vol 2 (Glue)/5. Melodic Hits/6. Violin Abrupt High (Major_Minor)/Violin Abrupt High (F).wav	1731094
3. Film Score Collection V2 (Glue)/3. Film Score Collection Vol 2 (Glue)/5. Melodic Hits/6. Violin Abrupt High (Major_Minor)/Violin Abrupt High (G#_Ab).wav	1731094
3. Film Score Collection V2 (Glue)/3. Film Score Collection Vol 2 (Glue)/5. Melodic Hits/6. Violin Abrupt High (Major_Minor)/Violin Abrupt High (G).wav	1731094
3. Film Score Collection V2 (Glue)/3. Film Score Collection Vol 2 (Glue)/5. Melodic Hits/7. Violin Abrupt Low (Major_Minor)/Violin Abrupt Low (A#_Bb).wav	1731094
3. Film Score Collection V2 (Glue)/3. Film Score Collection Vol 2 (Glue)/5. Melodic Hits/7. Violin Abrupt Low (Major_Minor)/Violin Abrupt Low (A).wav	1731094
3. Film Score Collection V2 (Glue)/3. Film Score Collection Vol 2 (Glue)/5. Melodic Hits/7. Violin Abrupt Low (Major_Minor)/Violin Abrupt Low (B).wav	1731094
3. Film Score Collection V2 (Glue)/3. Film Score Collection Vol 2 (Glue)/5. Melodic Hits/7. Violin Abrupt Low (Major_Minor)/Violin Abrupt Low (C#_Db).wav	1731094
3. Film Score Collection V2 (Glue)/3. Film Score Collection Vol 2 (Glue)/5. Melodic Hits/7. Violin Abrupt Low (Major_Minor)/Violin Abrupt Low (C).wav	1731094
3. Film Score Collection V2 (Glue)/3. Film Score Collection Vol 2 (Glue)/5. Melodic Hits/7. Violin Abrupt Low (Major_Minor)/Violin Abrupt Low (D#_Eb).wav	1731094
3. Film Score Collection V2 (Glue)/3. Film Score Collection Vol 2 (Glue)/5. Melodic Hits/7. Violin Abrupt Low (Major_Minor)/Violin Abrupt Low (D).wav	1731094
3. Film Score Collection V2 (Glue)/3. Film Score Collection Vol 2 (Glue)/5. Melodic Hits/7. Violin Abrupt Low (Major_Minor)/Violin Abrupt Low (E).wav	1731094
3. Film Score Collection V2 (Glue)/3. Film Score Collection Vol 2 (Glue)/5. Melodic Hits/7. Violin Abrupt Low (Major_Minor)/Violin Abrupt Low (F#_Gb).wav	1731094
3. Film Score Collection V2 (Glue)/3. Film Score Collection Vol 2 (Glue)/5. Melodic Hits/7. Violin Abrupt Low (Major_Minor)/Violin Abrupt Low (F).wav	1731094
3. Film Score Collection V2 (Glue)/3. Film Score Collection Vol 2 (Glue)/5. Melodic Hits/7. Violin Abrupt Low (Major_Minor)/Violin Abrupt Low (G#_Ab).wav	1731094
3. Film Score Collection V2 (Glue)/3. Film Score Collection Vol 2 (Glue)/5. Melodic Hits/7. Violin Abrupt Low (Major_Minor)/Violin Abrupt Low (G).wav	1731094
3. Film Score Collection V2 (Glue)/3. Film Score Collection Vol 2 (Glue)/5. Melodic Hits/8. Violin Smooth High (Major_Minor)/Violin Smooth High (A#_Bb).wav	1731094
3. Film Score Collection V2 (Glue)/3. Film Score Collection Vol 2 (Glue)/5. Melodic Hits/8. Violin Smooth High (Major_Minor)/Violin Smooth High (A).wav	1731094
3. Film Score Collection V2 (Glue)/3. Film Score Collection Vol 2 (Glue)/5. Melodic Hits/8. Violin Smooth High (Major_Minor)/Violin Smooth High (B).wav	1731094
3. Film Score Collection V2 (Glue)/3. Film Score Collection Vol 2 (Glue)/5. Melodic Hits/8. Violin Smooth High (Major_Minor)/Violin Smooth High (C#_Db).wav	1731094
3. Film Score Collection V2 (Glue)/3. Film Score Collection Vol 2 (Glue)/5. Melodic Hits/8. Violin Smooth High (Major_Minor)/Violin Smooth High (C).wav	1731094
3. Film Score Collection V2 (Glue)/3. Film Score Collection Vol 2 (Glue)/5. Melodic Hits/8. Violin Smooth High (Major_Minor)/Violin Smooth High (D#_Eb).wav	1731094
3. Film Score Collection V2 (Glue)/3. Film Score Collection Vol 2 (Glue)/5. Melodic Hits/8. Violin Smooth High (Major_Minor)/Violin Smooth High (D).wav	1731094
3. Film Score Collection V2 (Glue)/3. Film Score Collection Vol 2 (Glue)/5. Melodic Hits/8. Violin Smooth High (Major_Minor)/Violin Smooth High (E).wav	1731094
3. Film Score Collection V2 (Glue)/3. Film Score Collection Vol 2 (Glue)/5. Melodic Hits/8. Violin Smooth High (Major_Minor)/Violin Smooth High (F#_Gb).wav	1731094
3. Film Score Collection V2 (Glue)/3. Film Score Collection Vol 2 (Glue)/5. Melodic Hits/8. Violin Smooth High (Major_Minor)/Violin Smooth High (F).wav	1731094
3. Film Score Collection V2 (Glue)/3. Film Score Collection Vol 2 (Glue)/5. Melodic Hits/8. Violin Smooth High (Major_Minor)/Violin Smooth High (G#_Ab).wav	1731094
3. Film Score Collection V2 (Glue)/3. Film Score Collection Vol 2 (Glue)/5. Melodic Hits/8. Violin Smooth High (Major_Minor)/Violin Smooth High (G).wav	1731094
3. Film Score Collection V2 (Glue)/3. Film Score Collection Vol 2 (Glue)/5. Melodic Hits/9. Violin Smooth Low (Major_Minor)/Violin Smooth Low (A#_Bb).wav	1731094
3. Film Score Collection V2 (Glue)/3. Film Score Collection Vol 2 (Glue)/5. Melodic Hits/9. Violin Smooth Low (Major_Minor)/Violin Smooth Low (A).wav	1731094
3. Film Score Collection V2 (Glue)/3. Film Score Collection Vol 2 (Glue)/5. Melodic Hits/9. Violin Smooth Low (Major_Minor)/Violin Smooth Low (B).wav	1731094
3. Film Score Collection V2 (Glue)/3. Film Score Collection Vol 2 (Glue)/5. Melodic Hits/9. Violin Smooth Low (Major_Minor)/Violin Smooth Low (C#_Db).wav	1731094
3. Film Score Collection V2 (Glue)/3. Film Score Collection Vol 2 (Glue)/5. Melodic Hits/9. Violin Smooth Low (Major_Minor)/Violin Smooth Low (C).wav	1731094
3. Film Score Collection V2 (Glue)/3. Film Score Collection Vol 2 (Glue)/5. Melodic Hits/9. Violin Smooth Low (Major_Minor)/Violin Smooth Low (D#_Eb).wav	1731094
3. Film Score Collection V2 (Glue)/3. Film Score Collection Vol 2 (Glue)/5. Melodic Hits/9. Violin Smooth Low (Major_Minor)/Violin Smooth Low (D).wav	1731094
3. Film Score Collection V2 (Glue)/3. Film Score Collection Vol 2 (Glue)/5. Melodic Hits/9. Violin Smooth Low (Major_Minor)/Violin Smooth Low (E).wav	1731094
3. Film Score Collection V2 (Glue)/3. Film Score Collection Vol 2 (Glue)/5. Melodic Hits/9. Violin Smooth Low (Major_Minor)/Violin Smooth Low (F#_Gb).wav	1731094
3. Film Score Collection V2 (Glue)/3. Film Score Collection Vol 2 (Glue)/5. Melodic Hits/9. Violin Smooth Low (Major_Minor)/Violin Smooth Low (F).wav	1731094
3. Film Score Collection V2 (Glue)/3. Film Score Collection Vol 2 (Glue)/5. Melodic Hits/9. Violin Smooth Low (Major_Minor)/Violin Smooth Low (G#_Ab).wav	1731094
3. Film Score Collection V2 (Glue)/3. Film Score Collection Vol 2 (Glue)/5. Melodic Hits/9. Violin Smooth Low (Major_Minor)/Violin Smooth Low (G).wav	1731094
3. Film Score Collection V2 (Glue)/3. Film Score Collection Vol 2 (Glue)/6. Melodic Risers/1. Carlity (Major_Minor)/Clarity (A#_Bb).wav	4240460
3. Film Score Collection V2 (Glue)/3. Film Score Collection Vol 2 (Glue)/6. Melodic Risers/1. Carlity (Major_Minor)/Clarity (A).wav	4240462
3. Film Score Collection V2 (Glue)/3. Film Score Collection Vol 2 (Glue)/6. Melodic Risers/1. Carlity (Major_Minor)/Clarity (B).wav	4240462
3. Film Score Collection V2 (Glue)/3. Film Score Collection Vol 2 (Glue)/6. Melodic Risers/1. Carlity (Major_Minor)/Clarity (C#_Db).wav	4240462
3. Film Score Collection V2 (Glue)/3. Film Score Collection Vol 2 (Glue)/6. Melodic Risers/1. Carlity (Major_Minor)/Clarity (C).wav	4240462
3. Film Score Collection V2 (Glue)/3. Film Score Collection Vol 2 (Glue)/6. Melodic Risers/1. Carlity (Major_Minor)/Clarity (D#_Eb).wav	4240462
3. Film Score Collection V2 (Glue)/3. Film Score Collection Vol 2 (Glue)/6. Melodic Risers/1. Carlity (Major_Minor)/Clarity (D).wav	4240462
3. Film Score Collection V2 (Glue)/3. Film Score Collection Vol 2 (Glue)/6. Melodic Risers/1. Carlity (Major_Minor)/Clarity (E).wav	4240462
3. Film Score Collection V2 (Glue)/3. Film Score Collection Vol 2 (Glue)/6. Melodic Risers/1. Carlity (Major_Minor)/Clarity (F#_Gb).wav	4240462
3. Film Score Collection V2 (Glue)/3. Film Score Collection Vol 2 (Glue)/6. Melodic Risers/1. Carlity (Major_Minor)/Clarity (F).wav	4240462
3. Film Score Collection V2 (Glue)/3. Film Score Collection Vol 2 (Glue)/6. Melodic Risers/1. Carlity (Major_Minor)/Clarity (G#_Ab).wav	4240462
3. Film Score Collection V2 (Glue)/3. Film Score Collection Vol 2 (Glue)/6. Melodic Risers/1. Carlity (Major_Minor)/Clarity (G).wav	4240460
3. Film Score Collection V2 (Glue)/3. Film Score Collection Vol 2 (Glue)/6. Melodic Risers/10. Long Journey (Major)/Long Journey (A#_Bb).wav	11305822
3. Film Score Collection V2 (Glue)/3. Film Score Collection Vol 2 (Glue)/6. Melodic Risers/10. Long Journey (Major)/Long Journey (A).wav	11305822
3. Film Score Collection V2 (Glue)/3. Film Score Collection Vol 2 (Glue)/6. Melodic Risers/10. Long Journey (Major)/Long Journey (B).wav	11305822
3. Film Score Collection V2 (Glue)/3. Film Score Collection Vol 2 (Glue)/6. Melodic Risers/10. Long Journey (Major)/Long Journey (C#_Db).wav	11305822
3. Film Score Collection V2 (Glue)/3. Film Score Collection Vol 2 (Glue)/6. Melodic Risers/10. Long Journey (Major)/Long Journey (C).wav	11305824
3. Film Score Collection V2 (Glue)/3. Film Score Collection Vol 2 (Glue)/6. Melodic Risers/10. Long Journey (Major)/Long Journey (D#_Eb).wav	11305822
3. Film Score Collection V2 (Glue)/3. Film Score Collection Vol 2 (Glue)/6. Melodic Risers/10. Long Journey (Major)/Long Journey (D).wav	11305822
3. Film Score Collection V2 (Glue)/3. Film Score Collection Vol 2 (Glue)/6. Melodic Risers/10. Long Journey (Major)/Long Journey (E).wav	11305822
3. Film Score Collection V2 (Glue)/3. Film Score Collection Vol 2 (Glue)/6. Melodic Risers/10. Long Journey (Major)/Long Journey (F#_Gb).wav	11305822
3. Film Score Collection V2 (Glue)/3. Film Score Collection Vol 2 (Glue)/6. Melodic Risers/10. Long Journey (Major)/Long Journey (F).wav	11305822
3. Film Score Collection V2 (Glue)/3. Film Score Collection Vol 2 (Glue)/6. Melodic Risers/10. Long Journey (Major)/Long Journey (G#_Ab).wav	11305822
3. Film Score Collection V2 (Glue)/3. Film Score Collection Vol 2 (Glue)/6. Melodic Risers/10. Long Journey (Major)/Long Journey (G).wav	11305822
3. Film Score Collection V2 (Glue)/3. Film Score Collection Vol 2 (Glue)/6. Melodic Risers/11. Skyfall (Minor)/Skyfall (A#m_Bbm).wav	2650750
3. Film Score Collection V2 (Glue)/3. Film Score Collection Vol 2 (Glue)/6. Melodic Risers/11. Skyfall (Minor)/Skyfall (Am).wav	2650750
3. Film Score Collection V2 (Glue)/3. Film Score Collection Vol 2 (Glue)/6. Melodic Risers/11. Skyfall (Minor)/Skyfall (Bm).wav	2650752
3. Film Score Collection V2 (Glue)/3. Film Score Collection Vol 2 (Glue)/6. Melodic Risers/11. Skyfall (Minor)/Skyfall (C#_Dbm).wav	2650750
3. Film Score Collection V2 (Glue)/3. Film Score Collection Vol 2 (Glue)/6. Melodic Risers/11. Skyfall (Minor)/Skyfall (Cm).wav	2650750
3. Film Score Collection V2 (Glue)/3. Film Score Collection Vol 2 (Glue)/6. Melodic Risers/11. Skyfall (Minor)/Skyfall (D#m_Ebm).wav	2650752
3. Film Score Collection V2 (Glue)/3. Film Score Collection Vol 2 (Glue)/6. Melodic Risers/11. Skyfall (Minor)/Skyfall (Dm).wav	2650750
3. Film Score Collection V2 (Glue)/3. Film Score Collection Vol 2 (Glue)/6. Melodic Risers/11. Skyfall (Minor)/Skyfall (Em).wav	2650750
3. Film Score Collection V2 (Glue)/3. Film Score Collection Vol 2 (Glue)/6. Melodic Risers/11. Skyfall (Minor)/Skyfall (F#m_Gbm).wav	2650750
3. Film Score Collection V2 (Glue)/3. Film Score Collection Vol 2 (Glue)/6. Melodic Risers/11. Skyfall (Minor)/Skyfall (Fm).wav	2650750
3. Film Score Collection V2 (Glue)/3. Film Score Collection Vol 2 (Glue)/6. Melodic Risers/11. Skyfall (Minor)/Skyfall (G#m_Abm).wav	2650750
3. Film Score Collection V2 (Glue)/3. Film Score Collection Vol 2 (Glue)/6. Melodic Risers/11. Skyfall (Minor)/Skyfall (Gm).wav	2650750
3. Film Score Collection V2 (Glue)/3. Film Score Collection Vol 2 (Glue)/6. Melodic Risers/12. Severance (Minor)/Severance (A#m_Bbm).wav	5384370
3. Film Score Collection V2 (Glue)/3. Film Score Collection Vol 2 (Glue)/6. Melodic Risers/12. Severance (Minor)/Severance (Am).wav	5384372
3. Film Score Collection V2 (Glue)/3. Film Score Collection Vol 2 (Glue)/6. Melodic Risers/12. Severance (Minor)/Severance (Bm).wav	5384370
3. Film Score Collection V2 (Glue)/3. Film Score Collection Vol 2 (Glue)/6. Melodic Risers/12. Severance (Minor)/Severance (C#m_Dbm).wav	5384370
3. Film Score Collection V2 (Glue)/3. Film Score Collection Vol 2 (Glue)/6. Melodic Risers/12. Severance (Minor)/Severance (Cm).wav	5384372
3. Film Score Collection V2 (Glue)/3. Film Score Collection Vol 2 (Glue)/6. Melodic Risers/12. Severance (Minor)/Severance (D#m_Ebm).wav	5384370
3. Film Score Collection V2 (Glue)/3. Film Score Collection Vol 2 (Glue)/6. Melodic Risers/12. Severance (Minor)/Severance (Dm).wav	5384370
3. Film Score Collection V2 (Glue)/3. Film Score Collection Vol 2 (Glue)/6. Melodic Risers/12. Severance (Minor)/Severance (Em).wav	5384370
3. Film Score Collection V2 (Glue)/3. Film Score Collection Vol 2 (Glue)/6. Melodic Risers/12. Severance (Minor)/Severance (F#m_Gbm).wav	5384370
3. Film Score Collection V2 (Glue)/3. Film Score Collection Vol 2 (Glue)/6. Melodic Risers/12. Severance (Minor)/Severance (Fm).wav	5384372
3. Film Score Collection V2 (Glue)/3. Film Score Collection Vol 2 (Glue)/6. Melodic Risers/12. Severance (Minor)/Severance (G#m_Abm).wav	5384370
3. Film Score Collection V2 (Glue)/3. Film Score Collection Vol 2 (Glue)/6. Melodic Risers/12. Severance (Minor)/Severance (Gm).wav	5384372
3. Film Score Collection V2 (Glue)/3. Film Score Collection Vol 2 (Glue)/6. Melodic Risers/13. Chaos (Minor)/Chaos (A#m_Bbm).wav	4947002
3. Film Score Collection V2 (Glue)/3. Film Score Collection Vol 2 (Glue)/6. Melodic Risers/13. Chaos (Minor)/Chaos (Am).wav	4947004
3. Film Score Collection V2 (Glue)/3. Film Score Collection Vol 2 (Glue)/6. Melodic Risers/13. Chaos (Minor)/Chaos (Bm).wav	4947004
3. Film Score Collection V2 (Glue)/3. Film Score Collection Vol 2 (Glue)/6. Melodic Risers/13. Chaos (Minor)/Chaos (C#m_Dbm).wav	4947004
3. Film Score Collection V2 (Glue)/3. Film Score Collection Vol 2 (Glue)/6. Melodic Risers/13. Chaos (Minor)/Chaos (Cm).wav	4947002
3. Film Score Collection V2 (Glue)/3. Film Score Collection Vol 2 (Glue)/6. Melodic Risers/13. Chaos (Minor)/Chaos (D#m_Ebm).wav	4947004
3. Film Score Collection V2 (Glue)/3. Film Score Collection Vol 2 (Glue)/6. Melodic Risers/13. Chaos (Minor)/Chaos (Dm).wav	4947002
3. Film Score Collection V2 (Glue)/3. Film Score Collection Vol 2 (Glue)/6. Melodic Risers/13. Chaos (Minor)/Chaos (Em).wav	4947004
3. Film Score Collection V2 (Glue)/3. Film Score Collection Vol 2 (Glue)/6. Melodic Risers/13. Chaos (Minor)/Chaos (F#m_Gbm).wav	4947004
3. Film Score Collection V2 (Glue)/3. Film Score Collection Vol 2 (Glue)/6. Melodic Risers/13. Chaos (Minor)/Chaos (Fm).wav	4947002
3. Film Score Collection V2 (Glue)/3. Film Score Collection Vol 2 (Glue)/6. Melodic Risers/13. Chaos (Minor)/Chaos (G#m_Abm).wav	4947002
3. Film Score Collection V2 (Glue)/3. Film Score Collection Vol 2 (Glue)/6. Melodic Risers/13. Chaos (Minor)/Chaos (Gm).wav	4947004
3. Film Score Collection V2 (Glue)/3. Film Score Collection Vol 2 (Glue)/6. Melodic Risers/14. Violin Trill (Minor)/Violin Trill (A#_m_Bbm).wav	2885056
3. Film Score Collection V2 (Glue)/3. Film Score Collection Vol 2 (Glue)/6. Melodic Risers/14. Violin Trill (Minor)/Violin Trill (Am).wav	2885056
3. Film Score Collection V2 (Glue)/3. Film Score Collection Vol 2 (Glue)/6. Melodic Risers/14. Violin Trill (Minor)/Violin Trill (Bm).wav	2885056
3. Film Score Collection V2 (Glue)/3. Film Score Collection Vol 2 (Glue)/6. Melodic Risers/14. Violin Trill (Minor)/Violin Trill (C#m_Dbm).wav	2885054
3. Film Score Collection V2 (Glue)/3. Film Score Collection Vol 2 (Glue)/6. Melodic Risers/14. Violin Trill (Minor)/Violin Trill (Cm).wav	2885054
3. Film Score Collection V2 (Glue)/3. Film Score Collection Vol 2 (Glue)/6. Melodic Risers/14. Violin Trill (Minor)/Violin Trill (D#m_Ebm).wav	2885056
3. Film Score Collection V2 (Glue)/3. Film Score Collection Vol 2 (Glue)/6. Melodic Risers/14. Violin Trill (Minor)/Violin Trill (Dm).wav	2885054
3. Film Score Collection V2 (Glue)/3. Film Score Collection Vol 2 (Glue)/6. Melodic Risers/14. Violin Trill (Minor)/Violin Trill (Em).wav	2885056
3. Film Score Collection V2 (Glue)/3. Film Score Collection Vol 2 (Glue)/6. Melodic Risers/14. Violin Trill (Minor)/Violin Trill (F#m_Gbm).wav	2885054
3. Film Score Collection V2 (Glue)/3. Film Score Collection Vol 2 (Glue)/6. Melodic Risers/14. Violin Trill (Minor)/Violin Trill (Fm).wav	2885054
3. Film Score Collection V2 (Glue)/3. Film Score Collection Vol 2 (Glue)/6. Melodic Risers/14. Violin Trill (Minor)/Violin Trill (G#m_Abm).wav	2885054
3. Film Score Collection V2 (Glue)/3. Film Score Collection Vol 2 (Glue)/6. Melodic Risers/14. Violin Trill (Minor)/Violin Trill (Gm).wav	2885054
3. Film Score Collection V2 (Glue)/3. Film Score Collection Vol 2 (Glue)/6. Melodic Risers/15. Long Voyage (Minor)/Long Voyage - A#m_Bbm.wav	12011664
3. Film Score Collection V2 (Glue)/3. Film Score Collection Vol 2 (Glue)/6. Melodic Risers/15. Long Voyage (Minor)/Long Voyage - Am.wav	12011664
3. Film Score Collection V2 (Glue)/3. Film Score Collection Vol 2 (Glue)/6. Melodic Risers/15. Long Voyage (Minor)/Long Voyage - Bm.wav	12011664
3. Film Score Collection V2 (Glue)/3. Film Score Collection Vol 2 (Glue)/6. Melodic Risers/15. Long Voyage (Minor)/Long Voyage - C#m_Dbm.wav	12011664
3. Film Score Collection V2 (Glue)/3. Film Score Collection Vol 2 (Glue)/6. Melodic Risers/15. Long Voyage (Minor)/Long Voyage - Cm.wav	12011664
3. Film Score Collection V2 (Glue)/3. Film Score Collection Vol 2 (Glue)/6. Melodic Risers/15. Long Voyage (Minor)/Long Voyage - D#m_Ebm.wav	12011664
3. Film Score Collection V2 (Glue)/3. Film Score Collection Vol 2 (Glue)/6. Melodic Risers/15. Long Voyage (Minor)/Long Voyage - Dm.wav	12011664
3. Film Score Collection V2 (Glue)/3. Film Score Collection Vol 2 (Glue)/6. Melodic Risers/15. Long Voyage (Minor)/Long Voyage - Em.wav	12011664
3. Film Score Collection V2 (Glue)/3. Film Score Collection Vol 2 (Glue)/6. Melodic Risers/15. Long Voyage (Minor)/Long Voyage - F#m_Gbm.wav	12011664
3. Film Score Collection V2 (Glue)/3. Film Score Collection Vol 2 (Glue)/6. Melodic Risers/15. Long Voyage (Minor)/Long Voyage - Fm.wav	12011664
3. Film Score Collection V2 (Glue)/3. Film Score Collection Vol 2 (Glue)/6. Melodic Risers/15. Long Voyage (Minor)/Long Voyage - G#m_Abm.wav	12011664
3. Film Score Collection V2 (Glue)/3. Film Score Collection Vol 2 (Glue)/6. Melodic Risers/15. Long Voyage (Minor)/Long Voyage - Gm.wav	12011664
3. Film Score Collection V2 (Glue)/3. Film Score Collection Vol 2 (Glue)/6. Melodic Risers/2. Deep Swell (Major_Minor)/Deep Swell (A#_Bb).wav	4240462
3. Film Score Collection V2 (Glue)/3. Film Score Collection Vol 2 (Glue)/6. Melodic Risers/2. Deep Swell (Major_Minor)/Deep Swell (A).wav	4240462
3. Film Score Collection V2 (Glue)/3. Film Score Collection Vol 2 (Glue)/6. Melodic Risers/2. Deep Swell (Major_Minor)/Deep Swell (B).wav	4240460
3. Film Score Collection V2 (Glue)/3. Film Score Collection Vol 2 (Glue)/6. Melodic Risers/2. Deep Swell (Major_Minor)/Deep Swell (C#_Db).wav	4240462
3. Film Score Collection V2 (Glue)/3. Film Score Collection Vol 2 (Glue)/6. Melodic Risers/2. Deep Swell (Major_Minor)/Deep Swell (C).wav	4240462
3. Film Score Collection V2 (Glue)/3. Film Score Collection Vol 2 (Glue)/6. Melodic Risers/2. Deep Swell (Major_Minor)/Deep Swell (D#_Eb).wav	4240462
3. Film Score Collection V2 (Glue)/3. Film Score Collection Vol 2 (Glue)/6. Melodic Risers/2. Deep Swell (Major_Minor)/Deep Swell (D).wav	4240462
3. Film Score Collection V2 (Glue)/3. Film Score Collection Vol 2 (Glue)/6. Melodic Risers/2. Deep Swell (Major_Minor)/Deep Swell (E).wav	4240460
3. Film Score Collection V2 (Glue)/3. Film Score Collection Vol 2 (Glue)/6. Melodic Risers/2. Deep Swell (Major_Minor)/Deep Swell (F#_Gb).wav	4240462
3. Film Score Collection V2 (Glue)/3. Film Score Collection Vol 2 (Glue)/6. Melodic Risers/2. Deep Swell (Major_Minor)/Deep Swell (F).wav	4240460
3. Film Score Collection V2 (Glue)/3. Film Score Collection Vol 2 (Glue)/6. Melodic Risers/2. Deep Swell (Major_Minor)/Deep Swell (G#_Ab).wav	4240462
3. Film Score Collection V2 (Glue)/3. Film Score Collection Vol 2 (Glue)/6. Melodic Risers/2. Deep Swell (Major_Minor)/Deep Swell (G).wav	4240462
3. Film Score Collection V2 (Glue)/3. Film Score Collection Vol 2 (Glue)/6. Melodic Risers/3. Low Piano Build (Major_Minor)/Low Piano Build (A#_Bb).wav	3461818
3. Film Score Collection V2 (Glue)/3. Film Score Collection Vol 2 (Glue)/6. Melodic Risers/3. Low Piano Build (Major_Minor)/Low Piano Build (A).wav	3461818
3. Film Score Collection V2 (Glue)/3. Film Score Collection Vol 2 (Glue)/6. Melodic Risers/3. Low Piano Build (Major_Minor)/Low Piano Build (B).wav	3461818
3. Film Score Collection V2 (Glue)/3. Film Score Collection Vol 2 (Glue)/6. Melodic Risers/3. Low Piano Build (Major_Minor)/Low Piano Build (C#_Db).wav	3461818
3. Film Score Collection V2 (Glue)/3. Film Score Collection Vol 2 (Glue)/6. Melodic Risers/3. Low Piano Build (Major_Minor)/Low Piano Build (C).wav	3461818
3. Film Score Collection V2 (Glue)/3. Film Score Collection Vol 2 (Glue)/6. Melodic Risers/3. Low Piano Build (Major_Minor)/Low Piano Build (D#_Eb).wav	3461820
3. Film Score Collection V2 (Glue)/3. Film Score Collection Vol 2 (Glue)/6. Melodic Risers/3. Low Piano Build (Major_Minor)/Low Piano Build (D).wav	3461818
3. Film Score Collection V2 (Glue)/3. Film Score Collection Vol 2 (Glue)/6. Melodic Risers/3. Low Piano Build (Major_Minor)/Low Piano Build (E).wav	3461818
3. Film Score Collection V2 (Glue)/3. Film Score Collection Vol 2 (Glue)/6. Melodic Risers/3. Low Piano Build (Major_Minor)/Low Piano Build (F#_Gb).wav	3461818
3. Film Score Collection V2 (Glue)/3. Film Score Collection Vol 2 (Glue)/6. Melodic Risers/3. Low Piano Build (Major_Minor)/Low Piano Build (F).wav	3461818
3. Film Score Collection V2 (Glue)/3. Film Score Collection Vol 2 (Glue)/6. Melodic Risers/3. Low Piano Build (Major_Minor)/Low Piano Build (G#_Ab).wav	3461820
3. Film Score Collection V2 (Glue)/3. Film Score Collection Vol 2 (Glue)/6. Melodic Risers/3. Low Piano Build (Major_Minor)/Low Piano Build (G).wav	3461820
3. Film Score Collection V2 (Glue)/3. Film Score Collection Vol 2 (Glue)/6. Melodic Risers/4. High Piano Build (Major_Minor)/High Piano Build (A#_Bb).wav	2885054
3. Film Score Collection V2 (Glue)/3. Film Score Collection Vol 2 (Glue)/6. Melodic Risers/4. High Piano Build (Major_Minor)/High Piano Build (A).wav	2885054
3. Film Score Collection V2 (Glue)/3. Film Score Collection Vol 2 (Glue)/6. Melodic Risers/4. High Piano Build (Major_Minor)/High Piano Build (B).wav	2885054
3. Film Score Collection V2 (Glue)/3. Film Score Collection Vol 2 (Glue)/6. Melodic Risers/4. High Piano Build (Major_Minor)/High Piano Build (C#_Db).wav	2885054
3. Film Score Collection V2 (Glue)/3. Film Score Collection Vol 2 (Glue)/6. Melodic Risers/4. High Piano Build (Major_Minor)/High Piano Build (C).wav	2885054
3. Film Score Collection V2 (Glue)/3. Film Score Collection Vol 2 (Glue)/6. Melodic Risers/4. High Piano Build (Major_Minor)/High Piano Build (D#_Eb).wav	2885054
3. Film Score Collection V2 (Glue)/3. Film Score Collection Vol 2 (Glue)/6. Melodic Risers/4. High Piano Build (Major_Minor)/High Piano Build (D).wav	2885054
3. Film Score Collection V2 (Glue)/3. Film Score Collection Vol 2 (Glue)/6. Melodic Risers/4. High Piano Build (Major_Minor)/High Piano Build (E).wav	2885054
3. Film Score Collection V2 (Glue)/3. Film Score Collection Vol 2 (Glue)/6. Melodic Risers/4. High Piano Build (Major_Minor)/High Piano Build (F#_Gb).wav	2885054
3. Film Score Collection V2 (Glue)/3. Film Score Collection Vol 2 (Glue)/6. Melodic Risers/4. High Piano Build (Major_Minor)/High Piano Build (F).wav	2967376
3. Film Score Collection V2 (Glue)/3. Film Score Collection Vol 2 (Glue)/6. Melodic Risers/4. High Piano Build (Major_Minor)/High Piano Build (G#_Ab).wav	2885054
3. Film Score Collection V2 (Glue)/3. Film Score Collection Vol 2 (Glue)/6. Melodic Risers/4. High Piano Build (Major_Minor)/High Piano Build (G).wav	2885054
3. Film Score Collection V2 (Glue)/3. Film Score Collection Vol 2 (Glue)/6. Melodic Risers/5. Cello High Build (Major_Minor)/Cello Low Build (A#_Bb).wav	2307844
3. Film Score Collection V2 (Glue)/3. Film Score Collection Vol 2 (Glue)/6. Melodic Risers/5. Cello High Build (Major_Minor)/Cello Low Build (A).wav	2307844
3. Film Score Collection V2 (Glue)/3. Film Score Collection Vol 2 (Glue)/6. Melodic Risers/5. Cello High Build (Major_Minor)/Cello Low Build (B).wav	2307844
3. Film Score Collection V2 (Glue)/3. Film Score Collection Vol 2 (Glue)/6. Melodic Risers/5. Cello High Build (Major_Minor)/Cello Low Build (C#_Db).wav	2307844
3. Film Score Collection V2 (Glue)/3. Film Score Collection Vol 2 (Glue)/6. Melodic Risers/5. Cello High Build (Major_Minor)/Cello Low Build (C).wav	2307844
3. Film Score Collection V2 (Glue)/3. Film Score Collection Vol 2 (Glue)/6. Melodic Risers/5. Cello High Build (Major_Minor)/Cello Low Build (D#_Eb).wav	2307844
3. Film Score Collection V2 (Glue)/3. Film Score Collection Vol 2 (Glue)/6. Melodic Risers/5. Cello High Build (Major_Minor)/Cello Low Build (D).wav	2307844
3. Film Score Collection V2 (Glue)/3. Film Score Collection Vol 2 (Glue)/6. Melodic Risers/5. Cello High Build (Major_Minor)/Cello Low Build (E).wav	2307844
3. Film Score Collection V2 (Glue)/3. Film Score Collection Vol 2 (Glue)/6. Melodic Risers/5. Cello High Build (Major_Minor)/Cello Low Build (F#_Gb).wav	2307844
3. Film Score Collection V2 (Glue)/3. Film Score Collection Vol 2 (Glue)/6. Melodic Risers/5. Cello High Build (Major_Minor)/Cello Low Build (F).wav	2307844
3. Film Score Collection V2 (Glue)/3. Film Score Collection Vol 2 (Glue)/6. Melodic Risers/5. Cello High Build (Major_Minor)/Cello Low Build (G#_Ab).wav	2307844
3. Film Score Collection V2 (Glue)/3. Film Score Collection Vol 2 (Glue)/6. Melodic Risers/5. Cello High Build (Major_Minor)/Cello Low Build (G).wav	2307844
3. Film Score Collection V2 (Glue)/3. Film Score Collection Vol 2 (Glue)/6. Melodic Risers/6. Cello Low Build (Major_Minor)/Cello Low Build (A#_Bb).wav	2307844
3. Film Score Collection V2 (Glue)/3. Film Score Collection Vol 2 (Glue)/6. Melodic Risers/6. Cello Low Build (Major_Minor)/Cello Low Build (A).wav	2307844
3. Film Score Collection V2 (Glue)/3. Film Score Collection Vol 2 (Glue)/6. Melodic Risers/6. Cello Low Build (Major_Minor)/Cello Low Build (B).wav	2307844
3. Film Score Collection V2 (Glue)/3. Film Score Collection Vol 2 (Glue)/6. Melodic Risers/6. Cello Low Build (Major_Minor)/Cello Low Build (C#_Db).wav	2307844
3. Film Score Collection V2 (Glue)/3. Film Score Collection Vol 2 (Glue)/6. Melodic Risers/6. Cello Low Build (Major_Minor)/Cello Low Build (C).wav	2307844
3. Film Score Collection V2 (Glue)/3. Film Score Collection Vol 2 (Glue)/6. Melodic Risers/6. Cello Low Build (Major_Minor)/Cello Low Build (D#_Eb).wav	2307844
3. Film Score Collection V2 (Glue)/3. Film Score Collection Vol 2 (Glue)/6. Melodic Risers/6. Cello Low Build (Major_Minor)/Cello Low Build (D).wav	2307844
3. Film Score Collection V2 (Glue)/3. Film Score Collection Vol 2 (Glue)/6. Melodic Risers/6. Cello Low Build (Major_Minor)/Cello Low Build (E).wav	2307844
3. Film Score Collection V2 (Glue)/3. Film Score Collection Vol 2 (Glue)/6. Melodic Risers/6. Cello Low Build (Major_Minor)/Cello Low Build (F#_Gb).wav	2307844
3. Film Score Collection V2 (Glue)/3. Film Score Collection Vol 2 (Glue)/6. Melodic Risers/6. Cello Low Build (Major_Minor)/Cello Low Build (F).wav	2307844
3. Film Score Collection V2 (Glue)/3. Film Score Collection Vol 2 (Glue)/6. Melodic Risers/6. Cello Low Build (Major_Minor)/Cello Low Build (G#_Ab).wav	2307844
3. Film Score Collection V2 (Glue)/3. Film Score Collection Vol 2 (Glue)/6. Melodic Risers/6. Cello Low Build (Major_Minor)/Cello Low Build (G).wav	2307844
3. Film Score Collection V2 (Glue)/3. Film Score Collection Vol 2 (Glue)/6. Melodic Risers/7. Harmonic (Major)/Harmonic (A#_Bb).wav	3180180
3. Film Score Collection V2 (Glue)/3. Film Score Collection Vol 2 (Glue)/6. Melodic Risers/7. Harmonic (Major)/Harmonic (A).wav	3180180
3. Film Score Collection V2 (Glue)/3. Film Score Collection Vol 2 (Glue)/6. Melodic Risers/7. Harmonic (Major)/Harmonic (B).wav	3180180
3. Film Score Collection V2 (Glue)/3. Film Score Collection Vol 2 (Glue)/6. Melodic Risers/7. Harmonic (Major)/Harmonic (C#_Db).wav	3180180
3. Film Score Collection V2 (Glue)/3. Film Score Collection Vol 2 (Glue)/6. Melodic Risers/7. Harmonic (Major)/Harmonic (C).wav	3180180
3. Film Score Collection V2 (Glue)/3. Film Score Collection Vol 2 (Glue)/6. Melodic Risers/7. Harmonic (Major)/Harmonic (D#_Eb).wav	3180180
3. Film Score Collection V2 (Glue)/3. Film Score Collection Vol 2 (Glue)/6. Melodic Risers/7. Harmonic (Major)/Harmonic (D).wav	3180180
3. Film Score Collection V2 (Glue)/3. Film Score Collection Vol 2 (Glue)/6. Melodic Risers/7. Harmonic (Major)/Harmonic (E).wav	3180180
3. Film Score Collection V2 (Glue)/3. Film Score Collection Vol 2 (Glue)/6. Melodic Risers/7. Harmonic (Major)/Harmonic (F#_Gb).wav	3180180
3. Film Score Collection V2 (Glue)/3. Film Score Collection Vol 2 (Glue)/6. Melodic Risers/7. Harmonic (Major)/Harmonic (F).wav	3180180
3. Film Score Collection V2 (Glue)/3. Film Score Collection Vol 2 (Glue)/6. Melodic Risers/7. Harmonic (Major)/Harmonic (G#_Ab).wav	3180180
3. Film Score Collection V2 (Glue)/3. Film Score Collection Vol 2 (Glue)/6. Melodic Risers/7. Harmonic (Major)/Harmonic (G).wav	3180180
3. Film Score Collection V2 (Glue)/3. Film Score Collection Vol 2 (Glue)/6. Melodic Risers/8. Kingdom Come (Major)/Kingdom Come (A#_Bb).wav	2827398
3. Film Score Collection V2 (Glue)/3. Film Score Collection Vol 2 (Glue)/6. Melodic Risers/8. Kingdom Come (Major)/Kingdom Come (A).wav	2827398
3. Film Score Collection V2 (Glue)/3. Film Score Collection Vol 2 (Glue)/6. Melodic Risers/8. Kingdom Come (Major)/Kingdom Come (B).wav	2827398
3. Film Score Collection V2 (Glue)/3. Film Score Collection Vol 2 (Glue)/6. Melodic Risers/8. Kingdom Come (Major)/Kingdom Come (C#_Db).wav	2827398
3. Film Score Collection V2 (Glue)/3. Film Score Collection Vol 2 (Glue)/6. Melodic Risers/8. Kingdom Come (Major)/Kingdom Come (C).wav	2827398
3. Film Score Collection V2 (Glue)/3. Film Score Collection Vol 2 (Glue)/6. Melodic Risers/8. Kingdom Come (Major)/Kingdom Come (D#_Eb).wav	2827398
3. Film Score Collection V2 (Glue)/3. Film Score Collection Vol 2 (Glue)/6. Melodic Risers/8. Kingdom Come (Major)/Kingdom Come (D).wav	2827398
3. Film Score Collection V2 (Glue)/3. Film Score Collection Vol 2 (Glue)/6. Melodic Risers/8. Kingdom Come (Major)/Kingdom Come (E).wav	2827398
3. Film Score Collection V2 (Glue)/3. Film Score Collection Vol 2 (Glue)/6. Melodic Risers/8. Kingdom Come (Major)/Kingdom Come (F#_Gb).wav	2827398
3. Film Score Collection V2 (Glue)/3. Film Score Collection Vol 2 (Glue)/6. Melodic Risers/8. Kingdom Come (Major)/Kingdom Come (F).wav	2827398
3. Film Score Collection V2 (Glue)/3. Film Score Collection Vol 2 (Glue)/6. Melodic Risers/8. Kingdom Come (Major)/Kingdom Come (G#_Ab).wav	2827398
3. Film Score Collection V2 (Glue)/3. Film Score Collection Vol 2 (Glue)/6. Melodic Risers/8. Kingdom Come (Major)/Kingdom Come (G).wav	2827398
3. Film Score Collection V2 (Glue)/3. Film Score Collection Vol 2 (Glue)/6. Melodic Risers/9. Wonder (Major)/Wonder (A#_Bb).wav	2650750
3. Film Score Collection V2 (Glue)/3. Film Score Collection Vol 2 (Glue)/6. Melodic Risers/9. Wonder (Major)/Wonder (A).wav	2650750
3. Film Score Collection V2 (Glue)/3. Film Score Collection Vol 2 (Glue)/6. Melodic Risers/9. Wonder (Major)/Wonder (B).wav	2650750
3. Film Score Collection V2 (Glue)/3. Film Score Collection Vol 2 (Glue)/6. Melodic Risers/9. Wonder (Major)/Wonder (C#_Db).wav	2650750
3. Film Score Collection V2 (Glue)/3. Film Score Collection Vol 2 (Glue)/6. Melodic Risers/9. Wonder (Major)/Wonder (C).wav	2650750
3. Film Score Collection V2 (Glue)/3. Film Score Collection Vol 2 (Glue)/6. Melodic Risers/9. Wonder (Major)/Wonder (D#_Eb).wav	2650750
3. Film Score Collection V2 (Glue)/3. Film Score Collection Vol 2 (Glue)/6. Melodic Risers/9. Wonder (Major)/Wonder (D).wav	2650750
3. Film Score Collection V2 (Glue)/3. Film Score Collection Vol 2 (Glue)/6. Melodic Risers/9. Wonder (Major)/Wonder (E).wav	2650750
3. Film Score Collection V2 (Glue)/3. Film Score Collection Vol 2 (Glue)/6. Melodic Risers/9. Wonder (Major)/Wonder (F#_Gb).wav	2650750
3. Film Score Collection V2 (Glue)/3. Film Score Collection Vol 2 (Glue)/6. Melodic Risers/9. Wonder (Major)/Wonder (F).wav	2650750
3. Film Score Collection V2 (Glue)/3. Film Score Collection Vol 2 (Glue)/6. Melodic Risers/9. Wonder (Major)/Wonder (G#_Ab).wav	2650750
3. Film Score Collection V2 (Glue)/3. Film Score Collection Vol 2 (Glue)/6. Melodic Risers/9. Wonder (Major)/Wonder (G).wav	2650752
3. Film Score Collection V2 (Glue)/3. Film Score Collection Vol 2 (Glue)/7. Melodic Transitions/1. Sonder (Major_Minor)/Sonder (A#).wav	2650750
3. Film Score Collection V2 (Glue)/3. Film Score Collection Vol 2 (Glue)/7. Melodic Transitions/1. Sonder (Major_Minor)/Sonder (A).wav	2650750
3. Film Score Collection V2 (Glue)/3. Film Score Collection Vol 2 (Glue)/7. Melodic Transitions/1. Sonder (Major_Minor)/Sonder (B).wav	2650750
3. Film Score Collection V2 (Glue)/3. Film Score Collection Vol 2 (Glue)/7. Melodic Transitions/1. Sonder (Major_Minor)/Sonder (C#_Db).wav	2650750
3. Film Score Collection V2 (Glue)/3. Film Score Collection Vol 2 (Glue)/7. Melodic Transitions/1. Sonder (Major_Minor)/Sonder (C).wav	2650750
3. Film Score Collection V2 (Glue)/3. Film Score Collection Vol 2 (Glue)/7. Melodic Transitions/1. Sonder (Major_Minor)/Sonder (D#_Eb).wav	2650750
3. Film Score Collection V2 (Glue)/3. Film Score Collection Vol 2 (Glue)/7. Melodic Transitions/1. Sonder (Major_Minor)/Sonder (D).wav	2650750
3. Film Score Collection V2 (Glue)/3. Film Score Collection Vol 2 (Glue)/7. Melodic Transitions/1. Sonder (Major_Minor)/Sonder (E).wav	2650750
3. Film Score Collection V2 (Glue)/3. Film Score Collection Vol 2 (Glue)/7. Melodic Transitions/1. Sonder (Major_Minor)/Sonder (F#_Gb).wav	2650750
3. Film Score Collection V2 (Glue)/3. Film Score Collection Vol 2 (Glue)/7. Melodic Transitions/1. Sonder (Major_Minor)/Sonder (F).wav	2650750
3. Film Score Collection V2 (Glue)/3. Film Score Collection Vol 2 (Glue)/7. Melodic Transitions/1. Sonder (Major_Minor)/Sonder (G#_Ab).wav	2650750
3. Film Score Collection V2 (Glue)/3. Film Score Collection Vol 2 (Glue)/7. Melodic Transitions/1. Sonder (Major_Minor)/Sonder (G).wav	2650750
3. Film Score Collection V2 (Glue)/3. Film Score Collection Vol 2 (Glue)/7. Melodic Transitions/10. Ivory Chimes (Major_Minor)/Ivory Chimes (A#_Bb).wav	2120402
3. Film Score Collection V2 (Glue)/3. Film Score Collection Vol 2 (Glue)/7. Melodic Transitions/10. Ivory Chimes (Major_Minor)/Ivory Chimes (A).wav	2120402
3. Film Score Collection V2 (Glue)/3. Film Score Collection Vol 2 (Glue)/7. Melodic Transitions/10. Ivory Chimes (Major_Minor)/Ivory Chimes (B).wav	2120402
3. Film Score Collection V2 (Glue)/3. Film Score Collection Vol 2 (Glue)/7. Melodic Transitions/10. Ivory Chimes (Major_Minor)/Ivory Chimes (C#_Db).wav	2120402
3. Film Score Collection V2 (Glue)/3. Film Score Collection Vol 2 (Glue)/7. Melodic Transitions/10. Ivory Chimes (Major_Minor)/Ivory Chimes (C).wav	2120402
3. Film Score Collection V2 (Glue)/3. Film Score Collection Vol 2 (Glue)/7. Melodic Transitions/10. Ivory Chimes (Major_Minor)/Ivory Chimes (D#_Eb).wav	2120402
3. Film Score Collection V2 (Glue)/3. Film Score Collection Vol 2 (Glue)/7. Melodic Transitions/10. Ivory Chimes (Major_Minor)/Ivory Chimes (D).wav	2120402
3. Film Score Collection V2 (Glue)/3. Film Score Collection Vol 2 (Glue)/7. Melodic Transitions/10. Ivory Chimes (Major_Minor)/Ivory Chimes (E).wav	2120402
3. Film Score Collection V2 (Glue)/3. Film Score Collection Vol 2 (Glue)/7. Melodic Transitions/10. Ivory Chimes (Major_Minor)/Ivory Chimes (F#_Gb).wav	2120402
3. Film Score Collection V2 (Glue)/3. Film Score Collection Vol 2 (Glue)/7. Melodic Transitions/10. Ivory Chimes (Major_Minor)/Ivory Chimes (F).wav	2120402
3. Film Score Collection V2 (Glue)/3. Film Score Collection Vol 2 (Glue)/7. Melodic Transitions/10. Ivory Chimes (Major_Minor)/Ivory Chimes (G#_Ab).wav	2120402
3. Film Score Collection V2 (Glue)/3. Film Score Collection Vol 2 (Glue)/7. Melodic Transitions/10. Ivory Chimes (Major_Minor)/Ivory Chimes (G).wav	2120402
3. Film Score Collection V2 (Glue)/3. Film Score Collection Vol 2 (Glue)/7. Melodic Transitions/11. Evergreen (Major)/Evergreen (A#_Bb).wav	4240462
3. Film Score Collection V2 (Glue)/3. Film Score Collection Vol 2 (Glue)/7. Melodic Transitions/11. Evergreen (Major)/Evergreen (A).wav	4240462
3. Film Score Collection V2 (Glue)/3. Film Score Collection Vol 2 (Glue)/7. Melodic Transitions/11. Evergreen (Major)/Evergreen (B).wav	4240462
3. Film Score Collection V2 (Glue)/3. Film Score Collection Vol 2 (Glue)/7. Melodic Transitions/11. Evergreen (Major)/Evergreen (C#_Db).wav	4240462
3. Film Score Collection V2 (Glue)/3. Film Score Collection Vol 2 (Glue)/7. Melodic Transitions/11. Evergreen (Major)/Evergreen (C).wav	4240462
3. Film Score Collection V2 (Glue)/3. Film Score Collection Vol 2 (Glue)/7. Melodic Transitions/11. Evergreen (Major)/Evergreen (D#_Eb).wav	4240462
3. Film Score Collection V2 (Glue)/3. Film Score Collection Vol 2 (Glue)/7. Melodic Transitions/11. Evergreen (Major)/Evergreen (D).wav	4240462
3. Film Score Collection V2 (Glue)/3. Film Score Collection Vol 2 (Glue)/7. Melodic Transitions/11. Evergreen (Major)/Evergreen (E).wav	4240462
3. Film Score Collection V2 (Glue)/3. Film Score Collection Vol 2 (Glue)/7. Melodic Transitions/11. Evergreen (Major)/Evergreen (F#_Gb).wav	4240462
3. Film Score Collection V2 (Glue)/3. Film Score Collection Vol 2 (Glue)/7. Melodic Transitions/11. Evergreen (Major)/Evergreen (F).wav	4240462
3. Film Score Collection V2 (Glue)/3. Film Score Collection Vol 2 (Glue)/7. Melodic Transitions/11. Evergreen (Major)/Evergreen (G#_Ab).wav	4240462
3. Film Score Collection V2 (Glue)/3. Film Score Collection Vol 2 (Glue)/7. Melodic Transitions/11. Evergreen (Major)/Evergreen (G).wav	4240460
3. Film Score Collection V2 (Glue)/3. Film Score Collection Vol 2 (Glue)/7. Melodic Transitions/12. Hope (Major)/Hope (A#_Bb).wav	2650750
3. Film Score Collection V2 (Glue)/3. Film Score Collection Vol 2 (Glue)/7. Melodic Transitions/12. Hope (Major)/Hope (A).wav	2650750
3. Film Score Collection V2 (Glue)/3. Film Score Collection Vol 2 (Glue)/7. Melodic Transitions/12. Hope (Major)/Hope (B).wav	2650750
3. Film Score Collection V2 (Glue)/3. Film Score Collection Vol 2 (Glue)/7. Melodic Transitions/12. Hope (Major)/Hope (C#_Db).wav	2650750
3. Film Score Collection V2 (Glue)/3. Film Score Collection Vol 2 (Glue)/7. Melodic Transitions/12. Hope (Major)/Hope (C).wav	2650752
3. Film Score Collection V2 (Glue)/3. Film Score Collection Vol 2 (Glue)/7. Melodic Transitions/12. Hope (Major)/Hope (D#_Eb).wav	2650750
3. Film Score Collection V2 (Glue)/3. Film Score Collection Vol 2 (Glue)/7. Melodic Transitions/12. Hope (Major)/Hope (D).wav	2650752
3. Film Score Collection V2 (Glue)/3. Film Score Collection Vol 2 (Glue)/7. Melodic Transitions/12. Hope (Major)/Hope (E).wav	2650750
3. Film Score Collection V2 (Glue)/3. Film Score Collection Vol 2 (Glue)/7. Melodic Transitions/12. Hope (Major)/Hope (F#_Gb).wav	2650750
3. Film Score Collection V2 (Glue)/3. Film Score Collection Vol 2 (Glue)/7. Melodic Transitions/12. Hope (Major)/Hope (F).wav	2650750
3. Film Score Collection V2 (Glue)/3. Film Score Collection Vol 2 (Glue)/7. Melodic Transitions/12. Hope (Major)/Hope (G#_Ab).wav	2650750
3. Film Score Collection V2 (Glue)/3. Film Score Collection Vol 2 (Glue)/7. Melodic Transitions/12. Hope (Major)/Hope (G).wav	2650750
3. Film Score Collection V2 (Glue)/3. Film Score Collection Vol 2 (Glue)/7. Melodic Transitions/13. Electrical (Minor)/Electrical (A#m_Bbm).wav	4240462
3. Film Score Collection V2 (Glue)/3. Film Score Collection Vol 2 (Glue)/7. Melodic Transitions/13. Electrical (Minor)/Electrical (Am).wav	4240460
3. Film Score Collection V2 (Glue)/3. Film Score Collection Vol 2 (Glue)/7. Melodic Transitions/13. Electrical (Minor)/Electrical (Bm).wav	4240462
3. Film Score Collection V2 (Glue)/3. Film Score Collection Vol 2 (Glue)/7. Melodic Transitions/13. Electrical (Minor)/Electrical (C#m_Dbm).wav	4240462
3. Film Score Collection V2 (Glue)/3. Film Score Collection Vol 2 (Glue)/7. Melodic Transitions/13. Electrical (Minor)/Electrical (Cm).wav	4240462
3. Film Score Collection V2 (Glue)/3. Film Score Collection Vol 2 (Glue)/7. Melodic Transitions/13. Electrical (Minor)/Electrical (D#m_Ebm).wav	4240462
3. Film Score Collection V2 (Glue)/3. Film Score Collection Vol 2 (Glue)/7. Melodic Transitions/13. Electrical (Minor)/Electrical (Dm).wav	4240460
3. Film Score Collection V2 (Glue)/3. Film Score Collection Vol 2 (Glue)/7. Melodic Transitions/13. Electrical (Minor)/Electrical (Em).wav	4240460
3. Film Score Collection V2 (Glue)/3. Film Score Collection Vol 2 (Glue)/7. Melodic Transitions/13. Electrical (Minor)/Electrical (F#m_Gbm).wav	4240460
3. Film Score Collection V2 (Glue)/3. Film Score Collection Vol 2 (Glue)/7. Melodic Transitions/13. Electrical (Minor)/Electrical (Fm).wav	4240462
3. Film Score Collection V2 (Glue)/3. Film Score Collection Vol 2 (Glue)/7. Melodic Transitions/13. Electrical (Minor)/Electrical (G#m_Abm).wav	4240462
3. Film Score Collection V2 (Glue)/3. Film Score Collection Vol 2 (Glue)/7. Melodic Transitions/13. Electrical (Minor)/Electrical (Gm).wav	4240460
3. Film Score Collection V2 (Glue)/3. Film Score Collection Vol 2 (Glue)/7. Melodic Transitions/14. Cello Agressive Trill (Minor)/Cello Agressive Trill (A#m_Bbm).wav	2884594
3. Film Score Collection V2 (Glue)/3. Film Score Collection Vol 2 (Glue)/7. Melodic Transitions/14. Cello Agressive Trill (Minor)/Cello Agressive Trill (Am).wav	2884594
3. Film Score Collection V2 (Glue)/3. Film Score Collection Vol 2 (Glue)/7. Melodic Transitions/14. Cello Agressive Trill (Minor)/Cello Agressive Trill (Bm).wav	2884594
3. Film Score Collection V2 (Glue)/3. Film Score Collection Vol 2 (Glue)/7. Melodic Transitions/14. Cello Agressive Trill (Minor)/Cello Agressive Trill (C#m_Dbm).wav	2884594
3. Film Score Collection V2 (Glue)/3. Film Score Collection Vol 2 (Glue)/7. Melodic Transitions/14. Cello Agressive Trill (Minor)/Cello Agressive Trill (Cm).wav	2884594
3. Film Score Collection V2 (Glue)/3. Film Score Collection Vol 2 (Glue)/7. Melodic Transitions/14. Cello Agressive Trill (Minor)/Cello Agressive Trill (D#m_Ebm).wav	2884594
3. Film Score Collection V2 (Glue)/3. Film Score Collection Vol 2 (Glue)/7. Melodic Transitions/14. Cello Agressive Trill (Minor)/Cello Agressive Trill (Dm).wav	2884594
3. Film Score Collection V2 (Glue)/3. Film Score Collection Vol 2 (Glue)/7. Melodic Transitions/14. Cello Agressive Trill (Minor)/Cello Agressive Trill (Em).wav	2884594
3. Film Score Collection V2 (Glue)/3. Film Score Collection Vol 2 (Glue)/7. Melodic Transitions/14. Cello Agressive Trill (Minor)/Cello Agressive Trill (F#_m_Gbm).wav	2884594
3. Film Score Collection V2 (Glue)/3. Film Score Collection Vol 2 (Glue)/7. Melodic Transitions/14. Cello Agressive Trill (Minor)/Cello Agressive Trill (Fm).wav	2884594
3. Film Score Collection V2 (Glue)/3. Film Score Collection Vol 2 (Glue)/7. Melodic Transitions/14. Cello Agressive Trill (Minor)/Cello Agressive Trill (G#m_Abm).wav	2884594
3. Film Score Collection V2 (Glue)/3. Film Score Collection Vol 2 (Glue)/7. Melodic Transitions/14. Cello Agressive Trill (Minor)/Cello Agressive Trill (Gm).wav	2884594
3. Film Score Collection V2 (Glue)/3. Film Score Collection Vol 2 (Glue)/7. Melodic Transitions/15. Pizz Violin (Minor)/Pizz Violin (A#m_Bbm).wav	2650290
3. Film Score Collection V2 (Glue)/3. Film Score Collection Vol 2 (Glue)/7. Melodic Transitions/15. Pizz Violin (Minor)/Pizz Violin (Am).wav	2650290
3. Film Score Collection V2 (Glue)/3. Film Score Collection Vol 2 (Glue)/7. Melodic Transitions/15. Pizz Violin (Minor)/Pizz Violin (Bm).wav	2650290
3. Film Score Collection V2 (Glue)/3. Film Score Collection Vol 2 (Glue)/7. Melodic Transitions/15. Pizz Violin (Minor)/Pizz Violin (C#m_Dbm).wav	2650290
3. Film Score Collection V2 (Glue)/3. Film Score Collection Vol 2 (Glue)/7. Melodic Transitions/15. Pizz Violin (Minor)/Pizz Violin (Cm).wav	2650290
3. Film Score Collection V2 (Glue)/3. Film Score Collection Vol 2 (Glue)/7. Melodic Transitions/15. Pizz Violin (Minor)/Pizz Violin (D#m_Ebm).wav	2650290
3. Film Score Collection V2 (Glue)/3. Film Score Collection Vol 2 (Glue)/7. Melodic Transitions/15. Pizz Violin (Minor)/Pizz Violin (Dm).wav	2650290
3. Film Score Collection V2 (Glue)/3. Film Score Collection Vol 2 (Glue)/7. Melodic Transitions/15. Pizz Violin (Minor)/Pizz Violin (Em).wav	2650290
3. Film Score Collection V2 (Glue)/3. Film Score Collection Vol 2 (Glue)/7. Melodic Transitions/15. Pizz Violin (Minor)/Pizz Violin (F#m_Gbm).wav	2650290
3. Film Score Collection V2 (Glue)/3. Film Score Collection Vol 2 (Glue)/7. Melodic Transitions/15. Pizz Violin (Minor)/Pizz Violin (Fm).wav	2885054
3. Film Score Collection V2 (Glue)/3. Film Score Collection Vol 2 (Glue)/7. Melodic Transitions/15. Pizz Violin (Minor)/Pizz Violin (G#m_Abm).wav	2650290
3. Film Score Collection V2 (Glue)/3. Film Score Collection Vol 2 (Glue)/7. Melodic Transitions/15. Pizz Violin (Minor)/Pizz Violin (Gm).wav	2650290
3. Film Score Collection V2 (Glue)/3. Film Score Collection Vol 2 (Glue)/7. Melodic Transitions/2. Vocal Drift (Major_Minor)/Vocal Drift (A#_Bb).wav	2308292
3. Film Score Collection V2 (Glue)/3. Film Score Collection Vol 2 (Glue)/7. Melodic Transitions/2. Vocal Drift (Major_Minor)/Vocal Drift (A).wav	2308292
3. Film Score Collection V2 (Glue)/3. Film Score Collection Vol 2 (Glue)/7. Melodic Transitions/2. Vocal Drift (Major_Minor)/Vocal Drift (B).wav	2308292
3. Film Score Collection V2 (Glue)/3. Film Score Collection Vol 2 (Glue)/7. Melodic Transitions/2. Vocal Drift (Major_Minor)/Vocal Drift (C#_Db).wav	2308292
3. Film Score Collection V2 (Glue)/3. Film Score Collection Vol 2 (Glue)/7. Melodic Transitions/2. Vocal Drift (Major_Minor)/Vocal Drift (C).wav	2308292
3. Film Score Collection V2 (Glue)/3. Film Score Collection Vol 2 (Glue)/7. Melodic Transitions/2. Vocal Drift (Major_Minor)/Vocal Drift (D#_Eb).wav	2308292
3. Film Score Collection V2 (Glue)/3. Film Score Collection Vol 2 (Glue)/7. Melodic Transitions/2. Vocal Drift (Major_Minor)/Vocal Drift (D).wav	2308292
3. Film Score Collection V2 (Glue)/3. Film Score Collection Vol 2 (Glue)/7. Melodic Transitions/2. Vocal Drift (Major_Minor)/Vocal Drift (E).wav	2308292
3. Film Score Collection V2 (Glue)/3. Film Score Collection Vol 2 (Glue)/7. Melodic Transitions/2. Vocal Drift (Major_Minor)/Vocal Drift (F#_Gb).wav	2308292
3. Film Score Collection V2 (Glue)/3. Film Score Collection Vol 2 (Glue)/7. Melodic Transitions/2. Vocal Drift (Major_Minor)/Vocal Drift (F).wav	2308292
3. Film Score Collection V2 (Glue)/3. Film Score Collection Vol 2 (Glue)/7. Melodic Transitions/2. Vocal Drift (Major_Minor)/Vocal Drift (G#_Ab).wav	2308292
3. Film Score Collection V2 (Glue)/3. Film Score Collection Vol 2 (Glue)/7. Melodic Transitions/2. Vocal Drift (Major_Minor)/Vocal Drift (G).wav	2308292
3. Film Score Collection V2 (Glue)/3. Film Score Collection Vol 2 (Glue)/7. Melodic Transitions/3. Vocal Cadence (Major_Minor)/Vocal Cadence (A#_Bb).wav	3533438
3. Film Score Collection V2 (Glue)/3. Film Score Collection Vol 2 (Glue)/7. Melodic Transitions/3. Vocal Cadence (Major_Minor)/Vocal Cadence (A).wav	3533438
3. Film Score Collection V2 (Glue)/3. Film Score Collection Vol 2 (Glue)/7. Melodic Transitions/3. Vocal Cadence (Major_Minor)/Vocal Cadence (B).wav	3533438
3. Film Score Collection V2 (Glue)/3. Film Score Collection Vol 2 (Glue)/7. Melodic Transitions/3. Vocal Cadence (Major_Minor)/Vocal Cadence (C#_Db).wav	3533438
3. Film Score Collection V2 (Glue)/3. Film Score Collection Vol 2 (Glue)/7. Melodic Transitions/3. Vocal Cadence (Major_Minor)/Vocal Cadence (C).wav	3533438
3. Film Score Collection V2 (Glue)/3. Film Score Collection Vol 2 (Glue)/7. Melodic Transitions/3. Vocal Cadence (Major_Minor)/Vocal Cadence (D#_Eb).wav	3533438
3. Film Score Collection V2 (Glue)/3. Film Score Collection Vol 2 (Glue)/7. Melodic Transitions/3. Vocal Cadence (Major_Minor)/Vocal Cadence (D).wav	3533438
3. Film Score Collection V2 (Glue)/3. Film Score Collection Vol 2 (Glue)/7. Melodic Transitions/3. Vocal Cadence (Major_Minor)/Vocal Cadence (E).wav	3533438
3. Film Score Collection V2 (Glue)/3. Film Score Collection Vol 2 (Glue)/7. Melodic Transitions/3. Vocal Cadence (Major_Minor)/Vocal Cadence (F#_Gb).wav	3533438
3. Film Score Collection V2 (Glue)/3. Film Score Collection Vol 2 (Glue)/7. Melodic Transitions/3. Vocal Cadence (Major_Minor)/Vocal Cadence (F).wav	3533438
3. Film Score Collection V2 (Glue)/3. Film Score Collection Vol 2 (Glue)/7. Melodic Transitions/3. Vocal Cadence (Major_Minor)/Vocal Cadence (G#_Ab).wav	3533438
3. Film Score Collection V2 (Glue)/3. Film Score Collection Vol 2 (Glue)/7. Melodic Transitions/3. Vocal Cadence (Major_Minor)/Vocal Cadence (G).wav	3533438
3. Film Score Collection V2 (Glue)/3. Film Score Collection Vol 2 (Glue)/7. Melodic Transitions/4. Violin Sway (Major_Minor)/Violin Journey (A#_Bb).wav	2885054
3. Film Score Collection V2 (Glue)/3. Film Score Collection Vol 2 (Glue)/7. Melodic Transitions/4. Violin Sway (Major_Minor)/Violin Journey (A).wav	2885056
3. Film Score Collection V2 (Glue)/3. Film Score Collection Vol 2 (Glue)/7. Melodic Transitions/4. Violin Sway (Major_Minor)/Violin Journey (B).wav	2885054
3. Film Score Collection V2 (Glue)/3. Film Score Collection Vol 2 (Glue)/7. Melodic Transitions/4. Violin Sway (Major_Minor)/Violin Journey (C#_Db).wav	2308290
3. Film Score Collection V2 (Glue)/3. Film Score Collection Vol 2 (Glue)/7. Melodic Transitions/4. Violin Sway (Major_Minor)/Violin Journey (C).wav	2885054
3. Film Score Collection V2 (Glue)/3. Film Score Collection Vol 2 (Glue)/7. Melodic Transitions/4. Violin Sway (Major_Minor)/Violin Journey (D#_Eb).wav	2308290
3. Film Score Collection V2 (Glue)/3. Film Score Collection Vol 2 (Glue)/7. Melodic Transitions/4. Violin Sway (Major_Minor)/Violin Journey (D).wav	2308292
3. Film Score Collection V2 (Glue)/3. Film Score Collection Vol 2 (Glue)/7. Melodic Transitions/4. Violin Sway (Major_Minor)/Violin Journey (E).wav	2308292
3. Film Score Collection V2 (Glue)/3. Film Score Collection Vol 2 (Glue)/7. Melodic Transitions/4. Violin Sway (Major_Minor)/Violin Journey (F#_Gb).wav	2308290
3. Film Score Collection V2 (Glue)/3. Film Score Collection Vol 2 (Glue)/7. Melodic Transitions/4. Violin Sway (Major_Minor)/Violin Journey (F).wav	2308290
3. Film Score Collection V2 (Glue)/3. Film Score Collection Vol 2 (Glue)/7. Melodic Transitions/4. Violin Sway (Major_Minor)/Violin Journey (G#_Ab).wav	2885054
3. Film Score Collection V2 (Glue)/3. Film Score Collection Vol 2 (Glue)/7. Melodic Transitions/4. Violin Sway (Major_Minor)/Violin Journey (G).wav	2308292
3. Film Score Collection V2 (Glue)/3. Film Score Collection Vol 2 (Glue)/7. Melodic Transitions/5. Violin 5ths (Major_Minor)/Violin 5ths (A#_Bb).wav	4038584
3. Film Score Collection V2 (Glue)/3. Film Score Collection Vol 2 (Glue)/7. Melodic Transitions/5. Violin 5ths (Major_Minor)/Violin 5ths (A).wav	4038584
3. Film Score Collection V2 (Glue)/3. Film Score Collection Vol 2 (Glue)/7. Melodic Transitions/5. Violin 5ths (Major_Minor)/Violin 5ths (B).wav	4038584
3. Film Score Collection V2 (Glue)/3. Film Score Collection Vol 2 (Glue)/7. Melodic Transitions/5. Violin 5ths (Major_Minor)/Violin 5ths (C#_Db).wav	4038584
3. Film Score Collection V2 (Glue)/3. Film Score Collection Vol 2 (Glue)/7. Melodic Transitions/5. Violin 5ths (Major_Minor)/Violin 5ths (C).wav	4038584
3. Film Score Collection V2 (Glue)/3. Film Score Collection Vol 2 (Glue)/7. Melodic Transitions/5. Violin 5ths (Major_Minor)/Violin 5ths (D#_Eb).wav	4038584
3. Film Score Collection V2 (Glue)/3. Film Score Collection Vol 2 (Glue)/7. Melodic Transitions/5. Violin 5ths (Major_Minor)/Violin 5ths (D).wav	4038584
3. Film Score Collection V2 (Glue)/3. Film Score Collection Vol 2 (Glue)/7. Melodic Transitions/5. Violin 5ths (Major_Minor)/Violin 5ths (E).wav	4038584
3. Film Score Collection V2 (Glue)/3. Film Score Collection Vol 2 (Glue)/7. Melodic Transitions/5. Violin 5ths (Major_Minor)/Violin 5ths (F#_Gb).wav	4038584
3. Film Score Collection V2 (Glue)/3. Film Score Collection Vol 2 (Glue)/7. Melodic Transitions/5. Violin 5ths (Major_Minor)/Violin 5ths (F).wav	4038584
3. Film Score Collection V2 (Glue)/3. Film Score Collection Vol 2 (Glue)/7. Melodic Transitions/5. Violin 5ths (Major_Minor)/Violin 5ths (G#_Ab).wav	4038584
3. Film Score Collection V2 (Glue)/3. Film Score Collection Vol 2 (Glue)/7. Melodic Transitions/5. Violin 5ths (Major_Minor)/Violin 5ths (G).wav	4038584
3. Film Score Collection V2 (Glue)/3. Film Score Collection Vol 2 (Glue)/7. Melodic Transitions/6. Harmony Passage (Major_Minor)/Harmony Passage (A#_Bb).wav	5191594
3. Film Score Collection V2 (Glue)/3. Film Score Collection Vol 2 (Glue)/7. Melodic Transitions/6. Harmony Passage (Major_Minor)/Harmony Passage (A).wav	5191594
3. Film Score Collection V2 (Glue)/3. Film Score Collection Vol 2 (Glue)/7. Melodic Transitions/6. Harmony Passage (Major_Minor)/Harmony Passage (B).wav	5191594
3. Film Score Collection V2 (Glue)/3. Film Score Collection Vol 2 (Glue)/7. Melodic Transitions/6. Harmony Passage (Major_Minor)/Harmony Passage (C#_Db).wav	5191594
3. Film Score Collection V2 (Glue)/3. Film Score Collection Vol 2 (Glue)/7. Melodic Transitions/6. Harmony Passage (Major_Minor)/Harmony Passage (C).wav	5191594
3. Film Score Collection V2 (Glue)/3. Film Score Collection Vol 2 (Glue)/7. Melodic Transitions/6. Harmony Passage (Major_Minor)/Harmony Passage (D#_Eb).wav	5191594
3. Film Score Collection V2 (Glue)/3. Film Score Collection Vol 2 (Glue)/7. Melodic Transitions/6. Harmony Passage (Major_Minor)/Harmony Passage (D).wav	5191594
3. Film Score Collection V2 (Glue)/3. Film Score Collection Vol 2 (Glue)/7. Melodic Transitions/6. Harmony Passage (Major_Minor)/Harmony Passage (E).wav	5191594
3. Film Score Collection V2 (Glue)/3. Film Score Collection Vol 2 (Glue)/7. Melodic Transitions/6. Harmony Passage (Major_Minor)/Harmony Passage (F#_Gb).wav	5191594
3. Film Score Collection V2 (Glue)/3. Film Score Collection Vol 2 (Glue)/7. Melodic Transitions/6. Harmony Passage (Major_Minor)/Harmony Passage (F).wav	5191594
3. Film Score Collection V2 (Glue)/3. Film Score Collection Vol 2 (Glue)/7. Melodic Transitions/6. Harmony Passage (Major_Minor)/Harmony Passage (G#_Ab).wav	5191594
3. Film Score Collection V2 (Glue)/3. Film Score Collection Vol 2 (Glue)/7. Melodic Transitions/6. Harmony Passage (Major_Minor)/Harmony Passage (G).wav	5191594
3. Film Score Collection V2 (Glue)/3. Film Score Collection Vol 2 (Glue)/7. Melodic Transitions/7. Cello Low Escalate (Major_Minor)/Cello Low Escalate (A#_Bb).wav	3461344
3. Film Score Collection V2 (Glue)/3. Film Score Collection Vol 2 (Glue)/7. Melodic Transitions/7. Cello Low Escalate (Major_Minor)/Cello Low Escalate (A).wav	3461344
3. Film Score Collection V2 (Glue)/3. Film Score Collection Vol 2 (Glue)/7. Melodic Transitions/7. Cello Low Escalate (Major_Minor)/Cello Low Escalate (B).wav	3461344
3. Film Score Collection V2 (Glue)/3. Film Score Collection Vol 2 (Glue)/7. Melodic Transitions/7. Cello Low Escalate (Major_Minor)/Cello Low Escalate (C#_Db).wav	3461344
3. Film Score Collection V2 (Glue)/3. Film Score Collection Vol 2 (Glue)/7. Melodic Transitions/7. Cello Low Escalate (Major_Minor)/Cello Low Escalate (C).wav	3461344
3. Film Score Collection V2 (Glue)/3. Film Score Collection Vol 2 (Glue)/7. Melodic Transitions/7. Cello Low Escalate (Major_Minor)/Cello Low Escalate (D#_Eb).wav	3461344
3. Film Score Collection V2 (Glue)/3. Film Score Collection Vol 2 (Glue)/7. Melodic Transitions/7. Cello Low Escalate (Major_Minor)/Cello Low Escalate (D).wav	3461344
3. Film Score Collection V2 (Glue)/3. Film Score Collection Vol 2 (Glue)/7. Melodic Transitions/7. Cello Low Escalate (Major_Minor)/Cello Low Escalate (E).wav	3461344
3. Film Score Collection V2 (Glue)/3. Film Score Collection Vol 2 (Glue)/7. Melodic Transitions/7. Cello Low Escalate (Major_Minor)/Cello Low Escalate (F#_Gb).wav	3461344
3. Film Score Collection V2 (Glue)/3. Film Score Collection Vol 2 (Glue)/7. Melodic Transitions/7. Cello Low Escalate (Major_Minor)/Cello Low Escalate (F).wav	3461344
3. Film Score Collection V2 (Glue)/3. Film Score Collection Vol 2 (Glue)/7. Melodic Transitions/7. Cello Low Escalate (Major_Minor)/Cello Low Escalate (G#_Ab).wav	3461344
3. Film Score Collection V2 (Glue)/3. Film Score Collection Vol 2 (Glue)/7. Melodic Transitions/7. Cello Low Escalate (Major_Minor)/Cello Low Escalate (G).wav	3461344
3. Film Score Collection V2 (Glue)/3. Film Score Collection Vol 2 (Glue)/7. Melodic Transitions/8. Cello High Escalate (Major_Minor)/Cello High Escalate (A#_Bb).wav	3461344
3. Film Score Collection V2 (Glue)/3. Film Score Collection Vol 2 (Glue)/7. Melodic Transitions/8. Cello High Escalate (Major_Minor)/Cello High Escalate (A).wav	3461344
3. Film Score Collection V2 (Glue)/3. Film Score Collection Vol 2 (Glue)/7. Melodic Transitions/8. Cello High Escalate (Major_Minor)/Cello High Escalate (B).wav	3461344
3. Film Score Collection V2 (Glue)/3. Film Score Collection Vol 2 (Glue)/7. Melodic Transitions/8. Cello High Escalate (Major_Minor)/Cello High Escalate (C#_Db).wav	3461344
3. Film Score Collection V2 (Glue)/3. Film Score Collection Vol 2 (Glue)/7. Melodic Transitions/8. Cello High Escalate (Major_Minor)/Cello High Escalate (C).wav	3461344
3. Film Score Collection V2 (Glue)/3. Film Score Collection Vol 2 (Glue)/7. Melodic Transitions/8. Cello High Escalate (Major_Minor)/Cello High Escalate (D#Eb).wav	3461344
3. Film Score Collection V2 (Glue)/3. Film Score Collection Vol 2 (Glue)/7. Melodic Transitions/8. Cello High Escalate (Major_Minor)/Cello High Escalate (D).wav	3461344
3. Film Score Collection V2 (Glue)/3. Film Score Collection Vol 2 (Glue)/7. Melodic Transitions/8. Cello High Escalate (Major_Minor)/Cello High Escalate (E).wav	3461344
3. Film Score Collection V2 (Glue)/3. Film Score Collection Vol 2 (Glue)/7. Melodic Transitions/8. Cello High Escalate (Major_Minor)/Cello High Escalate (F#Gb).wav	3461344
3. Film Score Collection V2 (Glue)/3. Film Score Collection Vol 2 (Glue)/7. Melodic Transitions/8. Cello High Escalate (Major_Minor)/Cello High Escalate (F).wav	3461344
3. Film Score Collection V2 (Glue)/3. Film Score Collection Vol 2 (Glue)/7. Melodic Transitions/8. Cello High Escalate (Major_Minor)/Cello High Escalate (G#_Ab).wav	3461344
3. Film Score Collection V2 (Glue)/3. Film Score Collection Vol 2 (Glue)/7. Melodic Transitions/8. Cello High Escalate (Major_Minor)/Cello High Escalate (G).wav	3461344
3. Film Score Collection V2 (Glue)/3. Film Score Collection Vol 2 (Glue)/7. Melodic Transitions/9. Serenity Passage (Major_Minor)/Serenity Passage (A#_Bb).wav	5191594
3. Film Score Collection V2 (Glue)/3. Film Score Collection Vol 2 (Glue)/7. Melodic Transitions/9. Serenity Passage (Major_Minor)/Serenity Passage (A).wav	5191594
3. Film Score Collection V2 (Glue)/3. Film Score Collection Vol 2 (Glue)/7. Melodic Transitions/9. Serenity Passage (Major_Minor)/Serenity Passage (B).wav	5191594
3. Film Score Collection V2 (Glue)/3. Film Score Collection Vol 2 (Glue)/7. Melodic Transitions/9. Serenity Passage (Major_Minor)/Serenity Passage (C#_Db).wav	5191594
3. Film Score Collection V2 (Glue)/3. Film Score Collection Vol 2 (Glue)/7. Melodic Transitions/9. Serenity Passage (Major_Minor)/Serenity Passage (C).wav	5191594
3. Film Score Collection V2 (Glue)/3. Film Score Collection Vol 2 (Glue)/7. Melodic Transitions/9. Serenity Passage (Major_Minor)/Serenity Passage (D#_Eb).wav	5191594
3. Film Score Collection V2 (Glue)/3. Film Score Collection Vol 2 (Glue)/7. Melodic Transitions/9. Serenity Passage (Major_Minor)/Serenity Passage (D).wav	5191594
3. Film Score Collection V2 (Glue)/3. Film Score Collection Vol 2 (Glue)/7. Melodic Transitions/9. Serenity Passage (Major_Minor)/Serenity Passage (E).wav	5191594
3. Film Score Collection V2 (Glue)/3. Film Score Collection Vol 2 (Glue)/7. Melodic Transitions/9. Serenity Passage (Major_Minor)/Serenity Passage (F#_Gb).wav	5191594
3. Film Score Collection V2 (Glue)/3. Film Score Collection Vol 2 (Glue)/7. Melodic Transitions/9. Serenity Passage (Major_Minor)/Serenity Passage (F).wav	5191594
3. Film Score Collection V2 (Glue)/3. Film Score Collection Vol 2 (Glue)/7. Melodic Transitions/9. Serenity Passage (Major_Minor)/Serenity Passage (G#_Ab).wav	5191594
3. Film Score Collection V2 (Glue)/3. Film Score Collection Vol 2 (Glue)/7. Melodic Transitions/9. Serenity Passage (Major_Minor)/Serenity Passage (G).wav	5191594
FILM SCORE SOUND PACK V1/1. Pads_Drones/1. Cloud Light (Major)/Cloud Light (A#_Bb).wav	13248780
FILM SCORE SOUND PACK V1/1. Pads_Drones/1. Cloud Light (Major)/Cloud Light (A).wav	13248780
FILM SCORE SOUND PACK V1/1. Pads_Drones/1. Cloud Light (Major)/Cloud Light (B).wav	13248780
FILM SCORE SOUND PACK V1/1. Pads_Drones/1. Cloud Light (Major)/Cloud Light (C#_Db).wav	13248780
FILM SCORE SOUND PACK V1/1. Pads_Drones/1. Cloud Light (Major)/Cloud Light (C).wav	13248782
FILM SCORE SOUND PACK V1/1. Pads_Drones/1. Cloud Light (Major)/Cloud Light (D#_Eb).wav	13248780
FILM SCORE SOUND PACK V1/1. Pads_Drones/1. Cloud Light (Major)/Cloud Light (D).wav	13248782
FILM SCORE SOUND PACK V1/1. Pads_Drones/1. Cloud Light (Major)/Cloud Light (E).wav	13248782
FILM SCORE SOUND PACK V1/1. Pads_Drones/1. Cloud Light (Major)/Cloud Light (F#_Gb).wav	13248780
FILM SCORE SOUND PACK V1/1. Pads_Drones/1. Cloud Light (Major)/Cloud Light (F).wav	13248782
FILM SCORE SOUND PACK V1/1. Pads_Drones/1. Cloud Light (Major)/Cloud Light (G#_Ab).wav	13248782
FILM SCORE SOUND PACK V1/1. Pads_Drones/1. Cloud Light (Major)/Cloud Light (G).wav	13248782
FILM SCORE SOUND PACK V1/1. Pads_Drones/10. Low Aerial (Minor)/Low Aerial (A#m_Bbm).wav	26231466
FILM SCORE SOUND PACK V1/1. Pads_Drones/10. Low Aerial (Minor)/Low Aerial (Am).wav	26231466
FILM SCORE SOUND PACK V1/1. Pads_Drones/10. Low Aerial (Minor)/Low Aerial (Bm).wav	26231466
FILM SCORE SOUND PACK V1/1. Pads_Drones/10. Low Aerial (Minor)/Low Aerial (C#m_Dbm).wav	26496412
FILM SCORE SOUND PACK V1/1. Pads_Drones/10. Low Aerial (Minor)/Low Aerial (Cm).wav	26496410
FILM SCORE SOUND PACK V1/1. Pads_Drones/10. Low Aerial (Minor)/Low Aerial (D#m_Ebm).wav	26496412
FILM SCORE SOUND PACK V1/1. Pads_Drones/10. Low Aerial (Minor)/Low Aerial (Dm).wav	26496412
FILM SCORE SOUND PACK V1/1. Pads_Drones/10. Low Aerial (Minor)/Low Aerial (Em).wav	26496412
FILM SCORE SOUND PACK V1/1. Pads_Drones/10. Low Aerial (Minor)/Low Aerial (F#m_Gbm).wav	25966512
FILM SCORE SOUND PACK V1/1. Pads_Drones/10. Low Aerial (Minor)/Low Aerial (Fm).wav	25966514
FILM SCORE SOUND PACK V1/1. Pads_Drones/10. Low Aerial (Minor)/Low Aerial (G#m_Abm).wav	26231460
FILM SCORE SOUND PACK V1/1. Pads_Drones/10. Low Aerial (Minor)/Low Aerial (Gm).wav	25966514
FILM SCORE SOUND PACK V1/1. Pads_Drones/11. Ghostly (Minor)/Ghostly (A#m_Bbm).wav	15368400
FILM SCORE SOUND PACK V1/1. Pads_Drones/11. Ghostly (Minor)/Ghostly (Am).wav	15368400
FILM SCORE SOUND PACK V1/1. Pads_Drones/11. Ghostly (Minor)/Ghostly (Bm).wav	15368404
FILM SCORE SOUND PACK V1/1. Pads_Drones/11. Ghostly (Minor)/Ghostly (C#m_Dbm).wav	15368400
FILM SCORE SOUND PACK V1/1. Pads_Drones/11. Ghostly (Minor)/Ghostly (Cm).wav	15368400
FILM SCORE SOUND PACK V1/1. Pads_Drones/11. Ghostly (Minor)/Ghostly (D#m_Ebm).wav	15417620
FILM SCORE SOUND PACK V1/1. Pads_Drones/11. Ghostly (Minor)/Ghostly (Dm).wav	15368402
FILM SCORE SOUND PACK V1/1. Pads_Drones/11. Ghostly (Minor)/Ghostly (Em).wav	15368404
FILM SCORE SOUND PACK V1/1. Pads_Drones/11. Ghostly (Minor)/Ghostly (F#m_Gbm).wav	15368400
FILM SCORE SOUND PACK V1/1. Pads_Drones/11. Ghostly (Minor)/Ghostly (Fm).wav	15368404
FILM SCORE SOUND PACK V1/1. Pads_Drones/11. Ghostly (Minor)/Ghostly (G#m_Abm).wav	15368400
FILM SCORE SOUND PACK V1/1. Pads_Drones/11. Ghostly (Minor)/Ghostly (Gm).wav	15368400
FILM SCORE SOUND PACK V1/1. Pads_Drones/12. Airy Atoms (Minor)/Airy Atoms (A#m_Bbm).wav	13824950
FILM SCORE SOUND PACK V1/1. Pads_Drones/12. Airy Atoms (Minor)/Airy Atoms (Am).wav	13824950
FILM SCORE SOUND PACK V1/1. Pads_Drones/12. Airy Atoms (Minor)/Airy Atoms (Bm).wav	13824950
FILM SCORE SOUND PACK V1/1. Pads_Drones/12. Airy Atoms (Minor)/Airy Atoms (C#m_Dbm).wav	13824950
FILM SCORE SOUND PACK V1/1. Pads_Drones/12. Airy Atoms (Minor)/Airy Atoms (Cm).wav	13824950
FILM SCORE SOUND PACK V1/1. Pads_Drones/12. Airy Atoms (Minor)/Airy Atoms (D#m_Ebm).wav	13824950
FILM SCORE SOUND PACK V1/1. Pads_Drones/12. Airy Atoms (Minor)/Airy Atoms (Dm).wav	13824950
FILM SCORE SOUND PACK V1/1. Pads_Drones/12. Airy Atoms (Minor)/Airy Atoms (Em).wav	13824950
FILM SCORE SOUND PACK V1/1. Pads_Drones/12. Airy Atoms (Minor)/Airy Atoms (F#m_Gbm).wav	13824950
FILM SCORE SOUND PACK V1/1. Pads_Drones/12. Airy Atoms (Minor)/Airy Atoms (Fm).wav	13824950
FILM SCORE SOUND PACK V1/1. Pads_Drones/12. Airy Atoms (Minor)/Airy Atoms (G#m_Abm).wav	13824950
FILM SCORE SOUND PACK V1/1. Pads_Drones/12. Airy Atoms (Minor)/Airy Atoms (Gm).wav	13824950
FILM SCORE SOUND PACK V1/1. Pads_Drones/13. Low Light (Minor)/Low Light (A#m_Bbm).wav	13875126
FILM SCORE SOUND PACK V1/1. Pads_Drones/13. Low Light (Minor)/Low Light (Am).wav	13875126
FILM SCORE SOUND PACK V1/1. Pads_Drones/13. Low Light (Minor)/Low Light (Bm).wav	13875126
FILM SCORE SOUND PACK V1/1. Pads_Drones/13. Low Light (Minor)/Low Light (C#m_Db).wav	13875128
FILM SCORE SOUND PACK V1/1. Pads_Drones/13. Low Light (Minor)/Low Light (Cm).wav	13875126
FILM SCORE SOUND PACK V1/1. Pads_Drones/13. Low Light (Minor)/Low Light (D#m_Ebm).wav	13875126
FILM SCORE SOUND PACK V1/1. Pads_Drones/13. Low Light (Minor)/Low Light (Dm).wav	13875128
FILM SCORE SOUND PACK V1/1. Pads_Drones/13. Low Light (Minor)/Low Light (Em).wav	13875126
FILM SCORE SOUND PACK V1/1. Pads_Drones/13. Low Light (Minor)/Low Light (F#m_Gb).wav	13875126
FILM SCORE SOUND PACK V1/1. Pads_Drones/13. Low Light (Minor)/Low Light (Fm).wav	13875126
FILM SCORE SOUND PACK V1/1. Pads_Drones/13. Low Light (Minor)/Low Light (G#m_Abm).wav	13875126
FILM SCORE SOUND PACK V1/1. Pads_Drones/13. Low Light (Minor)/Low Light (Gm).wav	13875126
FILM SCORE SOUND PACK V1/1. Pads_Drones/2. Dawn Glow (Major)/Dawn Glow (A#_Bb).wav	15368404
FILM SCORE SOUND PACK V1/1. Pads_Drones/2. Dawn Glow (Major)/Dawn Glow (A).wav	15368404
FILM SCORE SOUND PACK V1/1. Pads_Drones/2. Dawn Glow (Major)/Dawn Glow (B).wav	15368402
FILM SCORE SOUND PACK V1/1. Pads_Drones/2. Dawn Glow (Major)/Dawn Glow (C#_Db).wav	15368400
FILM SCORE SOUND PACK V1/1. Pads_Drones/2. Dawn Glow (Major)/Dawn Glow (C).wav	15368400
FILM SCORE SOUND PACK V1/1. Pads_Drones/2. Dawn Glow (Major)/Dawn Glow (D#_Eb).wav	15368404
FILM SCORE SOUND PACK V1/1. Pads_Drones/2. Dawn Glow (Major)/Dawn Glow (D).wav	15368400
FILM SCORE SOUND PACK V1/1. Pads_Drones/2. Dawn Glow (Major)/Dawn Glow (E).wav	15368400
FILM SCORE SOUND PACK V1/1. Pads_Drones/2. Dawn Glow (Major)/Dawn Glow (F#_Gb).wav	15368400
FILM SCORE SOUND PACK V1/1. Pads_Drones/2. Dawn Glow (Major)/Dawn Glow (F).wav	15368400
FILM SCORE SOUND PACK V1/1. Pads_Drones/2. Dawn Glow (Major)/Dawn Glow (G#_Ab).wav	16958148
FILM SCORE SOUND PACK V1/1. Pads_Drones/2. Dawn Glow (Major)/Dawn Glow (G).wav	15368404
FILM SCORE SOUND PACK V1/1. Pads_Drones/3. Early Spring (Major)/Early Spring (A#_Bb).wav	17343588
FILM SCORE SOUND PACK V1/1. Pads_Drones/3. Early Spring (Major)/Early Spring (A).wav	17343588
FILM SCORE SOUND PACK V1/1. Pads_Drones/3. Early Spring (Major)/Early Spring (B).wav	17343586
FILM SCORE SOUND PACK V1/1. Pads_Drones/3. Early Spring (Major)/Early Spring (C#_Db).wav	17343588
FILM SCORE SOUND PACK V1/1. Pads_Drones/3. Early Spring (Major)/Early Spring (C).wav	17343588
FILM SCORE SOUND PACK V1/1. Pads_Drones/3. Early Spring (Major)/Early Spring (D#_Eb).wav	17343588
FILM SCORE SOUND PACK V1/1. Pads_Drones/3. Early Spring (Major)/Early Spring (D).wav	17343588
FILM SCORE SOUND PACK V1/1. Pads_Drones/3. Early Spring (Major)/Early Spring (E).wav	17343588
FILM SCORE SOUND PACK V1/1. Pads_Drones/3. Early Spring (Major)/Early Spring (F#_Gb).wav	17343588
FILM SCORE SOUND PACK V1/1. Pads_Drones/3. Early Spring (Major)/Early Spring (F).wav	17343588
FILM SCORE SOUND PACK V1/1. Pads_Drones/3. Early Spring (Major)/Early Spring (G#_Ab).wav	17343588
FILM SCORE SOUND PACK V1/1. Pads_Drones/3. Early Spring (Major)/Early Spring (G).wav	17343588
FILM SCORE SOUND PACK V1/1. Pads_Drones/4. Electric Guitar Swell (Major)/Electric Guitar Swell (A#_Bb).wav	17304132
FILM SCORE SOUND PACK V1/1. Pads_Drones/4. Electric Guitar Swell (Major)/Electric Guitar Swell (A).wav	17304136
FILM SCORE SOUND PACK V1/1. Pads_Drones/4. Electric Guitar Swell (Major)/Electric Guitar Swell (B).wav	17304132
FILM SCORE SOUND PACK V1/1. Pads_Drones/4. Electric Guitar Swell (Major)/Electric Guitar Swell (C#_Db).wav	17304130
FILM SCORE SOUND PACK V1/1. Pads_Drones/4. Electric Guitar Swell (Major)/Electric Guitar Swell (C).wav	17304136
FILM SCORE SOUND PACK V1/1. Pads_Drones/4. Electric Guitar Swell (Major)/Electric Guitar Swell (D#_Eb).wav	17304136
FILM SCORE SOUND PACK V1/1. Pads_Drones/4. Electric Guitar Swell (Major)/Electric Guitar Swell (D).wav	17304130
FILM SCORE SOUND PACK V1/1. Pads_Drones/4. Electric Guitar Swell (Major)/Electric Guitar Swell (E).wav	17304132
FILM SCORE SOUND PACK V1/1. Pads_Drones/4. Electric Guitar Swell (Major)/Electric Guitar Swell (F#_Gb).wav	17304132
FILM SCORE SOUND PACK V1/1. Pads_Drones/4. Electric Guitar Swell (Major)/Electric Guitar Swell (F).wav	17331618
FILM SCORE SOUND PACK V1/1. Pads_Drones/4. Electric Guitar Swell (Major)/Electric Guitar Swell (G#_Ab).wav	17304136
FILM SCORE SOUND PACK V1/1. Pads_Drones/4. Electric Guitar Swell (Major)/Electric Guitar Swell (G).wav	17304132
FILM SCORE SOUND PACK V1/1. Pads_Drones/5. String Movement (Major)/Sunlight Strings Movement (A#_Bb).wav	27170928
FILM SCORE SOUND PACK V1/1. Pads_Drones/5. String Movement (Major)/Sunlight Strings Movement (A).wav	27170928
FILM SCORE SOUND PACK V1/1. Pads_Drones/5. String Movement (Major)/Sunlight Strings Movement (B).wav	27170928
FILM SCORE SOUND PACK V1/1. Pads_Drones/5. String Movement (Major)/Sunlight Strings Movement (C#_Db).wav	27170928
FILM SCORE SOUND PACK V1/1. Pads_Drones/5. String Movement (Major)/Sunlight Strings Movement (C).wav	27170930
FILM SCORE SOUND PACK V1/1. Pads_Drones/5. String Movement (Major)/Sunlight Strings Movement (D#_Eb).wav	27170928
FILM SCORE SOUND PACK V1/1. Pads_Drones/5. String Movement (Major)/Sunlight Strings Movement (D).wav	27170928
FILM SCORE SOUND PACK V1/1. Pads_Drones/5. String Movement (Major)/Sunlight Strings Movement (E).wav	27170928
FILM SCORE SOUND PACK V1/1. Pads_Drones/5. String Movement (Major)/Sunlight Strings Movement (F#_Gb).wav	27170928
FILM SCORE SOUND PACK V1/1. Pads_Drones/5. String Movement (Major)/Sunlight Strings Movement (F).wav	27170930
FILM SCORE SOUND PACK V1/1. Pads_Drones/5. String Movement (Major)/Sunlight Strings Movement (G#_Ab).wav	27170928
FILM SCORE SOUND PACK V1/1. Pads_Drones/5. String Movement (Major)/Sunlight Strings Movement (G).wav	27170928
FILM SCORE SOUND PACK V1/1. Pads_Drones/6. Low Wave (Major)/Low Wave (A#_Bb).wav	13875128
FILM SCORE SOUND PACK V1/1. Pads_Drones/6. Low Wave (Major)/Low Wave (A).wav	13875126
FILM SCORE SOUND PACK V1/1. Pads_Drones/6. Low Wave (Major)/Low Wave (B).wav	13875126
FILM SCORE SOUND PACK V1/1. Pads_Drones/6. Low Wave (Major)/Low Wave (C#_Db).wav	13875126
FILM SCORE SOUND PACK V1/1. Pads_Drones/6. Low Wave (Major)/Low Wave (C).wav	13875128
FILM SCORE SOUND PACK V1/1. Pads_Drones/6. Low Wave (Major)/Low Wave (D#_Eb).wav	13875128
FILM SCORE SOUND PACK V1/1. Pads_Drones/6. Low Wave (Major)/Low Wave (D).wav	13875126
FILM SCORE SOUND PACK V1/1. Pads_Drones/6. Low Wave (Major)/Low Wave (E).wav	13875128
FILM SCORE SOUND PACK V1/1. Pads_Drones/6. Low Wave (Major)/Low Wave (F#_Gb).wav	13875126
FILM SCORE SOUND PACK V1/1. Pads_Drones/6. Low Wave (Major)/Low Wave (F).wav	13875126
FILM SCORE SOUND PACK V1/1. Pads_Drones/6. Low Wave (Major)/Low Wave (G#_Ab).wav	13875126
FILM SCORE SOUND PACK V1/1. Pads_Drones/6. Low Wave (Major)/Low Wave (G).wav	13875126
FILM SCORE SOUND PACK V1/1. Pads_Drones/7. Organ Church (Major)/Organ Church (A#_Bb).wav	20187986
FILM SCORE SOUND PACK V1/1. Pads_Drones/7. Organ Church (Major)/Organ Church (A).wav	20187986
FILM SCORE SOUND PACK V1/1. Pads_Drones/7. Organ Church (Major)/Organ Church (B).wav	20187992
FILM SCORE SOUND PACK V1/1. Pads_Drones/7. Organ Church (Major)/Organ Church (C#_Db).wav	20187986
FILM SCORE SOUND PACK V1/1. Pads_Drones/7. Organ Church (Major)/Organ Church (C).wav	20187992
FILM SCORE SOUND PACK V1/1. Pads_Drones/7. Organ Church (Major)/Organ Church (D#_Eb).wav	20187992
FILM SCORE SOUND PACK V1/1. Pads_Drones/7. Organ Church (Major)/Organ Church (D).wav	20187986
FILM SCORE SOUND PACK V1/1. Pads_Drones/7. Organ Church (Major)/Organ Church (E).wav	20187992
FILM SCORE SOUND PACK V1/1. Pads_Drones/7. Organ Church (Major)/Organ Church (F#_Gb).wav	20187986
FILM SCORE SOUND PACK V1/1. Pads_Drones/7. Organ Church (Major)/Organ Church (F).wav	20187992
FILM SCORE SOUND PACK V1/1. Pads_Drones/7. Organ Church (Major)/Organ Church (G#_Ab).wav	20187984
FILM SCORE SOUND PACK V1/1. Pads_Drones/7. Organ Church (Major)/Organ Church (G).wav	20187992
FILM SCORE SOUND PACK V1/1. Pads_Drones/8. Sunrise (Major)/Sunrise (A#_Bb).wav	13778688
FILM SCORE SOUND PACK V1/1. Pads_Drones/8. Sunrise (Major)/Sunrise (A).wav	13778690
FILM SCORE SOUND PACK V1/1. Pads_Drones/8. Sunrise (Major)/Sunrise (B).wav	13778690
FILM SCORE SOUND PACK V1/1. Pads_Drones/8. Sunrise (Major)/Sunrise (C#_Db).wav	13778694
FILM SCORE SOUND PACK V1/1. Pads_Drones/8. Sunrise (Major)/Sunrise (C).wav	13778694
FILM SCORE SOUND PACK V1/1. Pads_Drones/8. Sunrise (Major)/Sunrise (D#_Eb).wav	13778690
FILM SCORE SOUND PACK V1/1. Pads_Drones/8. Sunrise (Major)/Sunrise (D).wav	13778688
FILM SCORE SOUND PACK V1/1. Pads_Drones/8. Sunrise (Major)/Sunrise (E).wav	12718876
FILM SCORE SOUND PACK V1/1. Pads_Drones/8. Sunrise (Major)/Sunrise (F#_Gb).wav	13778694
FILM SCORE SOUND PACK V1/1. Pads_Drones/8. Sunrise (Major)/Sunrise (F).wav	13778690
FILM SCORE SOUND PACK V1/1. Pads_Drones/8. Sunrise (Major)/Sunrise (G#_Ab).wav	13778690
FILM SCORE SOUND PACK V1/1. Pads_Drones/8. Sunrise (Major)/Sunrise (G).wav	13778692
FILM SCORE SOUND PACK V1/1. Pads_Drones/9. Streching Strain (Minor)/Stretching Strain (A#m_Bbm).wav	8479662
FILM SCORE SOUND PACK V1/1. Pads_Drones/9. Streching Strain (Minor)/Stretching Strain (Am).wav	8479664
FILM SCORE SOUND PACK V1/1. Pads_Drones/9. Streching Strain (Minor)/Stretching Strain (Bm).wav	8479664
FILM SCORE SOUND PACK V1/1. Pads_Drones/9. Streching Strain (Minor)/Stretching Strain (C#m_Dbm).wav	8479664
FILM SCORE SOUND PACK V1/1. Pads_Drones/9. Streching Strain (Minor)/Stretching Strain (Cm).wav	8479664
FILM SCORE SOUND PACK V1/1. Pads_Drones/9. Streching Strain (Minor)/Stretching Strain (D#m_Ebm).wav	8479664
FILM SCORE SOUND PACK V1/1. Pads_Drones/9. Streching Strain (Minor)/Stretching Strain (Dm).wav	8479662
FILM SCORE SOUND PACK V1/1. Pads_Drones/9. Streching Strain (Minor)/Stretching Strain (Em).wav	8479664
FILM SCORE SOUND PACK V1/1. Pads_Drones/9. Streching Strain (Minor)/Stretching Strain (F#m_Gbm).wav	8479664
FILM SCORE SOUND PACK V1/1. Pads_Drones/9. Streching Strain (Minor)/Stretching Strain (Fm).wav	8479664
FILM SCORE SOUND PACK V1/1. Pads_Drones/9. Streching Strain (Minor)/Stretching Strain (G#m_Abm.wav	8479664
FILM SCORE SOUND PACK V1/1. Pads_Drones/9. Streching Strain (Minor)/Stretching Strain (Gm).wav	8479664
FILM SCORE SOUND PACK V1/2. Riffs_Melodies/1. Cello 1 (Major)/Cello 1 (A).wav	4625898
FILM SCORE SOUND PACK V1/2. Riffs_Melodies/1. Cello 1 (Major)/Cello 1 (B).wav	4625898
FILM SCORE SOUND PACK V1/2. Riffs_Melodies/1. Cello 1 (Major)/Cello 1 (Bb_A#).wav	4625898
FILM SCORE SOUND PACK V1/2. Riffs_Melodies/1. Cello 1 (Major)/Cello 1 (C#_Db).wav	4625898
FILM SCORE SOUND PACK V1/2. Riffs_Melodies/1. Cello 1 (Major)/Cello 1 (C).wav	4625898
FILM SCORE SOUND PACK V1/2. Riffs_Melodies/1. Cello 1 (Major)/Cello 1 (D#_Eb).wav	4625896
FILM SCORE SOUND PACK V1/2. Riffs_Melodies/1. Cello 1 (Major)/Cello 1 (D).wav	4625896
FILM SCORE SOUND PACK V1/2. Riffs_Melodies/1. Cello 1 (Major)/Cello 1 (E).wav	4625898
FILM SCORE SOUND PACK V1/2. Riffs_Melodies/1. Cello 1 (Major)/Cello 1 (F#_Gb).wav	4625898
FILM SCORE SOUND PACK V1/2. Riffs_Melodies/1. Cello 1 (Major)/Cello 1 (F).wav	4625896
FILM SCORE SOUND PACK V1/2. Riffs_Melodies/1. Cello 1 (Major)/Cello 1 (G#_Ab).wav	4625896
FILM SCORE SOUND PACK V1/2. Riffs_Melodies/1. Cello 1 (Major)/Cello 1 (G).wav	4625898
FILM SCORE SOUND PACK V1/2. Riffs_Melodies/10. Cello 1 (Minor)/Cello 1 (A#m_Bbm).wav	5768848
FILM SCORE SOUND PACK V1/2. Riffs_Melodies/10. Cello 1 (Minor)/Cello 1 (Am).wav	5768848
FILM SCORE SOUND PACK V1/2. Riffs_Melodies/10. Cello 1 (Minor)/Cello 1 (Bm).wav	5768850
FILM SCORE SOUND PACK V1/2. Riffs_Melodies/10. Cello 1 (Minor)/Cello 1 (C#m_Dbm).wav	5768850
FILM SCORE SOUND PACK V1/2. Riffs_Melodies/10. Cello 1 (Minor)/Cello 1 (Cm).wav	5768850
FILM SCORE SOUND PACK V1/2. Riffs_Melodies/10. Cello 1 (Minor)/Cello 1 (D#m_Ebm).wav	5768850
FILM SCORE SOUND PACK V1/2. Riffs_Melodies/10. Cello 1 (Minor)/Cello 1 (Dm).wav	5768850
FILM SCORE SOUND PACK V1/2. Riffs_Melodies/10. Cello 1 (Minor)/Cello 1 (Em).wav	5768850
FILM SCORE SOUND PACK V1/2. Riffs_Melodies/10. Cello 1 (Minor)/Cello 1 (F#m_Gbm).wav	5768850
FILM SCORE SOUND PACK V1/2. Riffs_Melodies/10. Cello 1 (Minor)/Cello 1 (Fm).wav	5768850
FILM SCORE SOUND PACK V1/2. Riffs_Melodies/10. Cello 1 (Minor)/Cello 1 (G#m_Abm).wav	5768850
FILM SCORE SOUND PACK V1/2. Riffs_Melodies/10. Cello 1 (Minor)/Cello 1 (Gm).wav	5768850
FILM SCORE SOUND PACK V1/2. Riffs_Melodies/11. Double Cello 1 (Minor)/Double Cello 1 (A#m_Bbm)).wav	3956296
FILM SCORE SOUND PACK V1/2. Riffs_Melodies/11. Double Cello 1 (Minor)/Double Cello 1 (Am).wav	3956294
FILM SCORE SOUND PACK V1/2. Riffs_Melodies/11. Double Cello 1 (Minor)/Double Cello 1 (Bm)).wav	3956294
FILM SCORE SOUND PACK V1/2. Riffs_Melodies/11. Double Cello 1 (Minor)/Double Cello 1 (C#m_Dbm).wav	3956296
FILM SCORE SOUND PACK V1/2. Riffs_Melodies/11. Double Cello 1 (Minor)/Double Cello 1 (Cm).wav	3956294
FILM SCORE SOUND PACK V1/2. Riffs_Melodies/11. Double Cello 1 (Minor)/Double Cello 1 (D#m_Ebm).wav	3956294
FILM SCORE SOUND PACK V1/2. Riffs_Melodies/11. Double Cello 1 (Minor)/Double Cello 1 (Dm).wav	3956292
FILM SCORE SOUND PACK V1/2. Riffs_Melodies/11. Double Cello 1 (Minor)/Double Cello 1 (Em).wav	3956294
FILM SCORE SOUND PACK V1/2. Riffs_Melodies/11. Double Cello 1 (Minor)/Double Cello 1 (F#m_Gbm).wav	3956294
FILM SCORE SOUND PACK V1/2. Riffs_Melodies/11. Double Cello 1 (Minor)/Double Cello 1 (Fm).wav	3956294
FILM SCORE SOUND PACK V1/2. Riffs_Melodies/11. Double Cello 1 (Minor)/Double Cello 1 (G#m_Abm).wav	3956292
FILM SCORE SOUND PACK V1/2. Riffs_Melodies/11. Double Cello 1 (Minor)/Double Cello 1 (Gm).wav	3956294
FILM SCORE SOUND PACK V1/2. Riffs_Melodies/12. Double Cello 2 (Minor)/Double Cello 2 (A#m_Bbm).wav	4697840
FILM SCORE SOUND PACK V1/2. Riffs_Melodies/12. Double Cello 2 (Minor)/Double Cello 2 (Am).wav	4697840
FILM SCORE SOUND PACK V1/2. Riffs_Melodies/12. Double Cello 2 (Minor)/Double Cello 2 (Bm).wav	4697840
FILM SCORE SOUND PACK V1/2. Riffs_Melodies/12. Double Cello 2 (Minor)/Double Cello 2 (C#m_Dbm).wav	4697840
FILM SCORE SOUND PACK V1/2. Riffs_Melodies/12. Double Cello 2 (Minor)/Double Cello 2 (Cm).wav	4697840
FILM SCORE SOUND PACK V1/2. Riffs_Melodies/12. Double Cello 2 (Minor)/Double Cello 2 (D#m_Ebm).wav	4697840
FILM SCORE SOUND PACK V1/2. Riffs_Melodies/12. Double Cello 2 (Minor)/Double Cello 2 (Dm).wav	4697842
FILM SCORE SOUND PACK V1/2. Riffs_Melodies/12. Double Cello 2 (Minor)/Double Cello 2 (Em).wav	4697840
FILM SCORE SOUND PACK V1/2. Riffs_Melodies/12. Double Cello 2 (Minor)/Double Cello 2 (F#m_Gbm).wav	4697840
FILM SCORE SOUND PACK V1/2. Riffs_Melodies/12. Double Cello 2 (Minor)/Double Cello 2 (Fm).wav	4697842
FILM SCORE SOUND PACK V1/2. Riffs_Melodies/12. Double Cello 2 (Minor)/Double Cello 2 (G#m_Abm).wav	4697844
FILM SCORE SOUND PACK V1/2. Riffs_Melodies/12. Double Cello 2 (Minor)/Double Cello 2 (Gm).wav	4697840
FILM SCORE SOUND PACK V1/2. Riffs_Melodies/13. String Flutter (Minor)/String Flutter (A#m_Bbm).wav	5653508
FILM SCORE SOUND PACK V1/2. Riffs_Melodies/13. String Flutter (Minor)/String Flutter (Am).wav	5653508
FILM SCORE SOUND PACK V1/2. Riffs_Melodies/13. String Flutter (Minor)/String Flutter (Bm).wav	5653508
FILM SCORE SOUND PACK V1/2. Riffs_Melodies/13. String Flutter (Minor)/String Flutter (C#m_Dbm).wav	5653506
FILM SCORE SOUND PACK V1/2. Riffs_Melodies/13. String Flutter (Minor)/String Flutter (Cm).wav	5653508
FILM SCORE SOUND PACK V1/2. Riffs_Melodies/13. String Flutter (Minor)/String Flutter (D#m_Ebm).wav	5653506
FILM SCORE SOUND PACK V1/2. Riffs_Melodies/13. String Flutter (Minor)/String Flutter (Dm).wav	5653506
FILM SCORE SOUND PACK V1/2. Riffs_Melodies/13. String Flutter (Minor)/String Flutter (Em).wav	5653508
FILM SCORE SOUND PACK V1/2. Riffs_Melodies/13. String Flutter (Minor)/String Flutter (F#m_Gbm).wav	5653506
FILM SCORE SOUND PACK V1/2. Riffs_Melodies/13. String Flutter (Minor)/String Flutter (Fm).wav	5653508
FILM SCORE SOUND PACK V1/2. Riffs_Melodies/13. String Flutter (Minor)/String Flutter (G#m_Abm).wav	5653506
FILM SCORE SOUND PACK V1/2. Riffs_Melodies/13. String Flutter (Minor)/String Flutter (Gm).wav	5653508
FILM SCORE SOUND PACK V1/2. Riffs_Melodies/14. String Pluck (Minor)/String Pluck (A#m_Bbm).wav	5653508
FILM SCORE SOUND PACK V1/2. Riffs_Melodies/14. String Pluck (Minor)/String Pluck (Am).wav	5653508
FILM SCORE SOUND PACK V1/2. Riffs_Melodies/14. String Pluck (Minor)/String Pluck (Bm).wav	5653508
FILM SCORE SOUND PACK V1/2. Riffs_Melodies/14. String Pluck (Minor)/String Pluck (C#m_Dbm).wav	5653508
FILM SCORE SOUND PACK V1/2. Riffs_Melodies/14. String Pluck (Minor)/String Pluck (Cm).wav	5653506
FILM SCORE SOUND PACK V1/2. Riffs_Melodies/14. String Pluck (Minor)/String Pluck (D#m_Ebm).wav	5653506
FILM SCORE SOUND PACK V1/2. Riffs_Melodies/14. String Pluck (Minor)/String Pluck (Dm).wav	5653508
FILM SCORE SOUND PACK V1/2. Riffs_Melodies/14. String Pluck (Minor)/String Pluck (Em).wav	5653508
FILM SCORE SOUND PACK V1/2. Riffs_Melodies/14. String Pluck (Minor)/String Pluck (F#m_Gbm).wav	5653508
FILM SCORE SOUND PACK V1/2. Riffs_Melodies/14. String Pluck (Minor)/String Pluck (Fm).wav	5653506
FILM SCORE SOUND PACK V1/2. Riffs_Melodies/14. String Pluck (Minor)/String Pluck (G#m_Abm).wav	5653508
FILM SCORE SOUND PACK V1/2. Riffs_Melodies/14. String Pluck (Minor)/String Pluck (Gm).wav	5653508
FILM SCORE SOUND PACK V1/2. Riffs_Melodies/2. Cello 2 (Major)/Cello 2 (A#_Bb).wav	4615324
FILM SCORE SOUND PACK V1/2. Riffs_Melodies/2. Cello 2 (Major)/Cello 2 (A).wav	4615324
FILM SCORE SOUND PACK V1/2. Riffs_Melodies/2. Cello 2 (Major)/Cello 2 (B).wav	4615324
FILM SCORE SOUND PACK V1/2. Riffs_Melodies/2. Cello 2 (Major)/Cello 2 (C#_Db).wav	4615324
FILM SCORE SOUND PACK V1/2. Riffs_Melodies/2. Cello 2 (Major)/Cello 2 (C).wav	4615324
FILM SCORE SOUND PACK V1/2. Riffs_Melodies/2. Cello 2 (Major)/Cello 2 (D#_Eb).wav	4615324
FILM SCORE SOUND PACK V1/2. Riffs_Melodies/2. Cello 2 (Major)/Cello 2 (D).wav	4615324
FILM SCORE SOUND PACK V1/2. Riffs_Melodies/2. Cello 2 (Major)/Cello 2 (E).wav	4615324
FILM SCORE SOUND PACK V1/2. Riffs_Melodies/2. Cello 2 (Major)/Cello 2 (F#_Gb).wav	4615324
FILM SCORE SOUND PACK V1/2. Riffs_Melodies/2. Cello 2 (Major)/Cello 2 (F).wav	4615324
FILM SCORE SOUND PACK V1/2. Riffs_Melodies/2. Cello 2 (Major)/Cello 2 (G#_Ab).wav	4615324
FILM SCORE SOUND PACK V1/2. Riffs_Melodies/2. Cello 2 (Major)/Cello 2 (G).wav	4615324
FILM SCORE SOUND PACK V1/2. Riffs_Melodies/3. Cello 3 (Major)/Cello 3 (A#_Bb.wav	6431662
FILM SCORE SOUND PACK V1/2. Riffs_Melodies/3. Cello 3 (Major)/Cello 3 (A).wav	6431662
FILM SCORE SOUND PACK V1/2. Riffs_Melodies/3. Cello 3 (Major)/Cello 3 (B).wav	6431662
FILM SCORE SOUND PACK V1/2. Riffs_Melodies/3. Cello 3 (Major)/Cello 3 (C#_Db).wav	6431662
FILM SCORE SOUND PACK V1/2. Riffs_Melodies/3. Cello 3 (Major)/Cello 3 (C).wav	6431662
FILM SCORE SOUND PACK V1/2. Riffs_Melodies/3. Cello 3 (Major)/Cello 3 (D#_Eb).wav	6431662
FILM SCORE SOUND PACK V1/2. Riffs_Melodies/3. Cello 3 (Major)/Cello 3 (D).wav	6431664
FILM SCORE SOUND PACK V1/2. Riffs_Melodies/3. Cello 3 (Major)/Cello 3 (E).wav	6431664
FILM SCORE SOUND PACK V1/2. Riffs_Melodies/3. Cello 3 (Major)/Cello 3 (F#_Gb).wav	6431662
FILM SCORE SOUND PACK V1/2. Riffs_Melodies/3. Cello 3 (Major)/Cello 3 (F).wav	6431662
FILM SCORE SOUND PACK V1/2. Riffs_Melodies/3. Cello 3 (Major)/Cello 3 (G#_Ab).wav	6431664
FILM SCORE SOUND PACK V1/2. Riffs_Melodies/3. Cello 3 (Major)/Cello 3 (G).wav	6431662
FILM SCORE SOUND PACK V1/2. Riffs_Melodies/4. Felt Piano/Felt Piano (A#_Bb).wav	7949774
FILM SCORE SOUND PACK V1/2. Riffs_Melodies/4. Felt Piano/Felt Piano (A).wav	7949774
FILM SCORE SOUND PACK V1/2. Riffs_Melodies/4. Felt Piano/Felt Piano (B).wav	7949774
FILM SCORE SOUND PACK V1/2. Riffs_Melodies/4. Felt Piano/Felt Piano (C#_Db).wav	7949774
FILM SCORE SOUND PACK V1/2. Riffs_Melodies/4. Felt Piano/Felt Piano (C).wav	7949774
FILM SCORE SOUND PACK V1/2. Riffs_Melodies/4. Felt Piano/Felt Piano (D#_Eb).wav	7949772
FILM SCORE SOUND PACK V1/2. Riffs_Melodies/4. Felt Piano/Felt Piano (D).wav	7949774
FILM SCORE SOUND PACK V1/2. Riffs_Melodies/4. Felt Piano/Felt Piano (E).wav	7949774
FILM SCORE SOUND PACK V1/2. Riffs_Melodies/4. Felt Piano/Felt Piano (F#_Gb).wav	7949774
FILM SCORE SOUND PACK V1/2. Riffs_Melodies/4. Felt Piano/Felt Piano (F).wav	7949774
FILM SCORE SOUND PACK V1/2. Riffs_Melodies/4. Felt Piano/Felt Piano (G#_Ab).wav	7949774
FILM SCORE SOUND PACK V1/2. Riffs_Melodies/4. Felt Piano/Felt Piano (G).wav	7949774
FILM SCORE SOUND PACK V1/2. Riffs_Melodies/5. Guitar Bright Cloud (Major)/Guitar Bright Cloud (A#_Bb).wav	5565204
FILM SCORE SOUND PACK V1/2. Riffs_Melodies/5. Guitar Bright Cloud (Major)/Guitar Bright Cloud (A).wav	5565204
FILM SCORE SOUND PACK V1/2. Riffs_Melodies/5. Guitar Bright Cloud (Major)/Guitar Bright Cloud (B).wav	5565204
FILM SCORE SOUND PACK V1/2. Riffs_Melodies/5. Guitar Bright Cloud (Major)/Guitar Bright Cloud (C#_Db).wav	5565202
FILM SCORE SOUND PACK V1/2. Riffs_Melodies/5. Guitar Bright Cloud (Major)/Guitar Bright Cloud (C).wav	5565204
FILM SCORE SOUND PACK V1/2. Riffs_Melodies/5. Guitar Bright Cloud (Major)/Guitar Bright Cloud (D#_Eb).wav	5565204
FILM SCORE SOUND PACK V1/2. Riffs_Melodies/5. Guitar Bright Cloud (Major)/Guitar Bright Cloud (D).wav	5565204
FILM SCORE SOUND PACK V1/2. Riffs_Melodies/5. Guitar Bright Cloud (Major)/Guitar Bright Cloud (E).wav	5565204
FILM SCORE SOUND PACK V1/2. Riffs_Melodies/5. Guitar Bright Cloud (Major)/Guitar Bright Cloud (F#_Gb).wav	5565204
FILM SCORE SOUND PACK V1/2. Riffs_Melodies/5. Guitar Bright Cloud (Major)/Guitar Bright Cloud (F).wav	5565204
FILM SCORE SOUND PACK V1/2. Riffs_Melodies/5. Guitar Bright Cloud (Major)/Guitar Bright Cloud (G#_Ab).wav	5565204
FILM SCORE SOUND PACK V1/2. Riffs_Melodies/5. Guitar Bright Cloud (Major)/Guitar Bright Cloud (G).wav	5565204
FILM SCORE SOUND PACK V1/2. Riffs_Melodies/6. High String Harmonics (Major)/High String Harmonics (A#_Bb).wav	12257442
FILM SCORE SOUND PACK V1/2. Riffs_Melodies/6. High String Harmonics (Major)/High String Harmonics (A).wav	12257440
FILM SCORE SOUND PACK V1/2. Riffs_Melodies/6. High String Harmonics (Major)/High String Harmonics (B).wav	12257444
FILM SCORE SOUND PACK V1/2. Riffs_Melodies/6. High String Harmonics (Major)/High String Harmonics (C#_Db).wav	12257444
FILM SCORE SOUND PACK V1/2. Riffs_Melodies/6. High String Harmonics (Major)/High String Harmonics (C).wav	12257444
FILM SCORE SOUND PACK V1/2. Riffs_Melodies/6. High String Harmonics (Major)/High String Harmonics (D#_Eb).wav	12257442
FILM SCORE SOUND PACK V1/2. Riffs_Melodies/6. High String Harmonics (Major)/High String Harmonics (D).wav	12257442
FILM SCORE SOUND PACK V1/2. Riffs_Melodies/6. High String Harmonics (Major)/High String Harmonics (E).wav	12257444
FILM SCORE SOUND PACK V1/2. Riffs_Melodies/6. High String Harmonics (Major)/High String Harmonics (F#_Gb).wav	12257444
FILM SCORE SOUND PACK V1/2. Riffs_Melodies/6. High String Harmonics (Major)/High String Harmonics (F).wav	12257444
FILM SCORE SOUND PACK V1/2. Riffs_Melodies/6. High String Harmonics (Major)/High String Harmonics (G#_Ab).wav	12257444
FILM SCORE SOUND PACK V1/2. Riffs_Melodies/6. High String Harmonics (Major)/High String Harmonics (G).wav	12257444
FILM SCORE SOUND PACK V1/2. Riffs_Melodies/7. Somber Piano (Major)/Somber Piano (A#_Bb).wav	10220772
FILM SCORE SOUND PACK V1/2. Riffs_Melodies/7. Somber Piano (Major)/Somber Piano (A).wav	10220772
FILM SCORE SOUND PACK V1/2. Riffs_Melodies/7. Somber Piano (Major)/Somber Piano (B).wav	10220772
FILM SCORE SOUND PACK V1/2. Riffs_Melodies/7. Somber Piano (Major)/Somber Piano (C#_Db).wav	10220772
FILM SCORE SOUND PACK V1/2. Riffs_Melodies/7. Somber Piano (Major)/Somber Piano (C).wav	10220772
FILM SCORE SOUND PACK V1/2. Riffs_Melodies/7. Somber Piano (Major)/Somber Piano (D#_Eb).wav	10220772
FILM SCORE SOUND PACK V1/2. Riffs_Melodies/7. Somber Piano (Major)/Somber Piano (D).wav	10220772
FILM SCORE SOUND PACK V1/2. Riffs_Melodies/7. Somber Piano (Major)/Somber Piano (E).wav	10220772
FILM SCORE SOUND PACK V1/2. Riffs_Melodies/7. Somber Piano (Major)/Somber Piano (F#_Gb).wav	10220772
FILM SCORE SOUND PACK V1/2. Riffs_Melodies/7. Somber Piano (Major)/Somber Piano (F).wav	10220772
FILM SCORE SOUND PACK V1/2. Riffs_Melodies/7. Somber Piano (Major)/Somber Piano (G#_Ab).wav	10220772
FILM SCORE SOUND PACK V1/2. Riffs_Melodies/7. Somber Piano (Major)/Somber Piano (G).wav	10220772
FILM SCORE SOUND PACK V1/2. Riffs_Melodies/8. Upright High Piano (Major)/Upright High Piano (A#_Bb).wav	9085318
FILM SCORE SOUND PACK V1/2. Riffs_Melodies/8. Upright High Piano (Major)/Upright High Piano (A).wav	9085318
FILM SCORE SOUND PACK V1/2. Riffs_Melodies/8. Upright High Piano (Major)/Upright High Piano (B).wav	9085316
FILM SCORE SOUND PACK V1/2. Riffs_Melodies/8. Upright High Piano (Major)/Upright High Piano (C#_Db).wav	9085318
FILM SCORE SOUND PACK V1/2. Riffs_Melodies/8. Upright High Piano (Major)/Upright High Piano (C).wav	9085318
FILM SCORE SOUND PACK V1/2. Riffs_Melodies/8. Upright High Piano (Major)/Upright High Piano (D#_Eb).wav	9085316
FILM SCORE SOUND PACK V1/2. Riffs_Melodies/8. Upright High Piano (Major)/Upright High Piano (D).wav	9085318
FILM SCORE SOUND PACK V1/2. Riffs_Melodies/8. Upright High Piano (Major)/Upright High Piano (E).wav	9085318
FILM SCORE SOUND PACK V1/2. Riffs_Melodies/8. Upright High Piano (Major)/Upright High Piano (F#_Gb).wav	9085316
FILM SCORE SOUND PACK V1/2. Riffs_Melodies/8. Upright High Piano (Major)/Upright High Piano (F).wav	9085318
FILM SCORE SOUND PACK V1/2. Riffs_Melodies/8. Upright High Piano (Major)/Upright Piano. High Ambient (G#_Ab).wav	9085316
FILM SCORE SOUND PACK V1/2. Riffs_Melodies/8. Upright High Piano (Major)/Upright Piano. High Ambient (G).wav	9085316
FILM SCORE SOUND PACK V1/2. Riffs_Melodies/9. Upright Warm Piano (Major)/Upright Warm Piano (A).wav	6814314
FILM SCORE SOUND PACK V1/2. Riffs_Melodies/9. Upright Warm Piano (Major)/Upright Warm Piano (B).wav	6814314
FILM SCORE SOUND PACK V1/2. Riffs_Melodies/9. Upright Warm Piano (Major)/Upright Warm Piano (Bb).wav	6814316
FILM SCORE SOUND PACK V1/2. Riffs_Melodies/9. Upright Warm Piano (Major)/Upright Warm Piano (C#_Db).wav	6814316
FILM SCORE SOUND PACK V1/2. Riffs_Melodies/9. Upright Warm Piano (Major)/Upright Warm Piano (C).wav	6814316
FILM SCORE SOUND PACK V1/2. Riffs_Melodies/9. Upright Warm Piano (Major)/Upright Warm Piano (D#_Eb).wav	6814316
FILM SCORE SOUND PACK V1/2. Riffs_Melodies/9. Upright Warm Piano (Major)/Upright Warm Piano (D).wav	6814314
FILM SCORE SOUND PACK V1/2. Riffs_Melodies/9. Upright Warm Piano (Major)/Upright Warm Piano (E).wav	6814316
FILM SCORE SOUND PACK V1/2. Riffs_Melodies/9. Upright Warm Piano (Major)/Upright Warm Piano (F#_Gb).wav	6814314
FILM SCORE SOUND PACK V1/2. Riffs_Melodies/9. Upright Warm Piano (Major)/Upright Warm Piano (F).wav	6814316
FILM SCORE SOUND PACK V1/2. Riffs_Melodies/9. Upright Warm Piano (Major)/Upright Warm Piano (G#_Ab).wav	6814316
FILM SCORE SOUND PACK V1/2. Riffs_Melodies/9. Upright Warm Piano (Major)/Upright Warm Piano (G).wav	6814316
FILM SCORE SOUND PACK V1/3. Rhythms/1. Piano Pattern (Major) 90bpm/Piano Pattern (A#_Bb).wav	2827372
FILM SCORE SOUND PACK V1/3. Rhythms/1. Piano Pattern (Major) 90bpm/Piano Pattern (A).wav	2827372
FILM SCORE SOUND PACK V1/3. Rhythms/1. Piano Pattern (Major) 90bpm/Piano Pattern (B).wav	2827372
FILM SCORE SOUND PACK V1/3. Rhythms/1. Piano Pattern (Major) 90bpm/Piano Pattern (C#_Db).wav	2827372
FILM SCORE SOUND PACK V1/3. Rhythms/1. Piano Pattern (Major) 90bpm/Piano Pattern (C).wav	2827372
FILM SCORE SOUND PACK V1/3. Rhythms/1. Piano Pattern (Major) 90bpm/Piano Pattern (D#_Eb).wav	2827372
FILM SCORE SOUND PACK V1/3. Rhythms/1. Piano Pattern (Major) 90bpm/Piano Pattern (D).wav	2827372
FILM SCORE SOUND PACK V1/3. Rhythms/1. Piano Pattern (Major) 90bpm/Piano Pattern (E).wav	2827372
FILM SCORE SOUND PACK V1/3. Rhythms/1. Piano Pattern (Major) 90bpm/Piano Pattern (F#_Gb).wav	2827372
FILM SCORE SOUND PACK V1/3. Rhythms/1. Piano Pattern (Major) 90bpm/Piano Pattern (F).wav	2827372
FILM SCORE SOUND PACK V1/3. Rhythms/1. Piano Pattern (Major) 90bpm/Piano Pattern (G#_Ab).wav	2827372
FILM SCORE SOUND PACK V1/3. Rhythms/1. Piano Pattern (Major) 90bpm/Piano Pattern (G).wav	2827372
FILM SCORE SOUND PACK V1/3. Rhythms/10. Bass Drive Flutter (Minor) 90bpm/Bass Drive Flutter (A#m_Bbm).wav	2827372
FILM SCORE SOUND PACK V1/3. Rhythms/10. Bass Drive Flutter (Minor) 90bpm/Bass Drive Flutter (Am).wav	2827372
FILM SCORE SOUND PACK V1/3. Rhythms/10. Bass Drive Flutter (Minor) 90bpm/Bass Drive Flutter (Bm).wav	2827372
FILM SCORE SOUND PACK V1/3. Rhythms/10. Bass Drive Flutter (Minor) 90bpm/Bass Drive Flutter (C#m_Dbm).wav	2827372
FILM SCORE SOUND PACK V1/3. Rhythms/10. Bass Drive Flutter (Minor) 90bpm/Bass Drive Flutter (Cm).wav	2827372
FILM SCORE SOUND PACK V1/3. Rhythms/10. Bass Drive Flutter (Minor) 90bpm/Bass Drive Flutter (D#m_Ebm).wav	2827372
FILM SCORE SOUND PACK V1/3. Rhythms/10. Bass Drive Flutter (Minor) 90bpm/Bass Drive Flutter (Dm).wav	2827372
FILM SCORE SOUND PACK V1/3. Rhythms/10. Bass Drive Flutter (Minor) 90bpm/Bass Drive Flutter (Em).wav	2827372
FILM SCORE SOUND PACK V1/3. Rhythms/10. Bass Drive Flutter (Minor) 90bpm/Bass Drive Flutter (F#m_Gbm).wav	2827372
FILM SCORE SOUND PACK V1/3. Rhythms/10. Bass Drive Flutter (Minor) 90bpm/Bass Drive Flutter (Fm).wav	2827372
FILM SCORE SOUND PACK V1/3. Rhythms/10. Bass Drive Flutter (Minor) 90bpm/Bass Drive Flutter (G#m_Abm).wav	2827372
FILM SCORE SOUND PACK V1/3. Rhythms/10. Bass Drive Flutter (Minor) 90bpm/Bass Drive Flutter (Gm).wav	2827372
FILM SCORE SOUND PACK V1/3. Rhythms/11. Thumping Pulse (Minor) 120bpm/Thumping Pulse (A#m_Bbm).wav	4240438
FILM SCORE SOUND PACK V1/3. Rhythms/11. Thumping Pulse (Minor) 120bpm/Thumping Pulse (Am).wav	4240438
FILM SCORE SOUND PACK V1/3. Rhythms/11. Thumping Pulse (Minor) 120bpm/Thumping Pulse (Bm).wav	4240438
FILM SCORE SOUND PACK V1/3. Rhythms/11. Thumping Pulse (Minor) 120bpm/Thumping Pulse (C#m_Dbm).wav	4240438
FILM SCORE SOUND PACK V1/3. Rhythms/11. Thumping Pulse (Minor) 120bpm/Thumping Pulse (Cm).wav	4240438
FILM SCORE SOUND PACK V1/3. Rhythms/11. Thumping Pulse (Minor) 120bpm/Thumping Pulse (D#m_Ebm).wav	4240438
FILM SCORE SOUND PACK V1/3. Rhythms/11. Thumping Pulse (Minor) 120bpm/Thumping Pulse (Dm).wav	4240438
FILM SCORE SOUND PACK V1/3. Rhythms/11. Thumping Pulse (Minor) 120bpm/Thumping Pulse (Em).wav	4240438
FILM SCORE SOUND PACK V1/3. Rhythms/11. Thumping Pulse (Minor) 120bpm/Thumping Pulse (F#m_Gbm).wav	4240438
FILM SCORE SOUND PACK V1/3. Rhythms/11. Thumping Pulse (Minor) 120bpm/Thumping Pulse (Fm).wav	4240438
FILM SCORE SOUND PACK V1/3. Rhythms/11. Thumping Pulse (Minor) 120bpm/Thumping Pulse (G#m_Abm).wav	4240438
FILM SCORE SOUND PACK V1/3. Rhythms/11. Thumping Pulse (Minor) 120bpm/Thumping Pulse (Gm).wav	4240438
FILM SCORE SOUND PACK V1/3. Rhythms/12. Fast Texture (Any Key) 120bpm.mp3	165504
FILM SCORE SOUND PACK V1/3. Rhythms/13. High Grain Shaker (ANY KEY).wav	11536342
FILM SCORE SOUND PACK V1/3. Rhythms/14. Pumping Kick.wav	4770338
FILM SCORE SOUND PACK V1/3. Rhythms/2. Sub Groove (Major_Minor) 120bpm/Sub Groove (A).wav	8479664
FILM SCORE SOUND PACK V1/3. Rhythms/2. Sub Groove (Major_Minor) 120bpm/Sub Groove (B).wav	8479664
FILM SCORE SOUND PACK V1/3. Rhythms/2. Sub Groove (Major_Minor) 120bpm/Sub Groove (C#_Db).wav	8479664
FILM SCORE SOUND PACK V1/3. Rhythms/2. Sub Groove (Major_Minor) 120bpm/Sub Groove (C).wav	8479664
FILM SCORE SOUND PACK V1/3. Rhythms/2. Sub Groove (Major_Minor) 120bpm/Sub Groove (D#_Eb).wav	8479662
FILM SCORE SOUND PACK V1/3. Rhythms/2. Sub Groove (Major_Minor) 120bpm/Sub Groove (D).wav	8479662
FILM SCORE SOUND PACK V1/3. Rhythms/2. Sub Groove (Major_Minor) 120bpm/Sub Groove (E).wav	8479662
FILM SCORE SOUND PACK V1/3. Rhythms/2. Sub Groove (Major_Minor) 120bpm/Sub Groove (F#_Gb).wav	8479664
FILM SCORE SOUND PACK V1/3. Rhythms/2. Sub Groove (Major_Minor) 120bpm/Sub Groove (F).wav	8479664
FILM SCORE SOUND PACK V1/3. Rhythms/2. Sub Groove (Major_Minor) 120bpm/Sub Groove (G#_Ab).wav	8479664
FILM SCORE SOUND PACK V1/3. Rhythms/2. Sub Groove (Major_Minor) 120bpm/Sub Groove (G).wav	8479664
FILM SCORE SOUND PACK V1/3. Rhythms/2. Sub Groove (Major_Minor) 120bpm/Sub Groove A#_Bb.wav	8479664
FILM SCORE SOUND PACK V1/3. Rhythms/3. Descending Chords (Major) 120bpm/Descending Chords (A#_Bb).wav	16958148
FILM SCORE SOUND PACK V1/3. Rhythms/3. Descending Chords (Major) 120bpm/Descending Chords (A).wav	16958148
FILM SCORE SOUND PACK V1/3. Rhythms/3. Descending Chords (Major) 120bpm/Descending Chords (B).wav	16958148
FILM SCORE SOUND PACK V1/3. Rhythms/3. Descending Chords (Major) 120bpm/Descending Chords (C#_Db).wav	16958148
FILM SCORE SOUND PACK V1/3. Rhythms/3. Descending Chords (Major) 120bpm/Descending Chords (C).wav	16958148
FILM SCORE SOUND PACK V1/3. Rhythms/3. Descending Chords (Major) 120bpm/Descending Chords (D#_Eb).wav	16958148
FILM SCORE SOUND PACK V1/3. Rhythms/3. Descending Chords (Major) 120bpm/Descending Chords (D).wav	16958148
FILM SCORE SOUND PACK V1/3. Rhythms/3. Descending Chords (Major) 120bpm/Descending Chords (E).wav	16958148
FILM SCORE SOUND PACK V1/3. Rhythms/3. Descending Chords (Major) 120bpm/Descending Chords (F#_Gb).wav	16958148
FILM SCORE SOUND PACK V1/3. Rhythms/3. Descending Chords (Major) 120bpm/Descending Chords (F).wav	16958148
FILM SCORE SOUND PACK V1/3. Rhythms/3. Descending Chords (Major) 120bpm/Descending Chords (G#_Ab).wav	16958148
FILM SCORE SOUND PACK V1/3. Rhythms/3. Descending Chords (Major) 120bpm/Descending Chords (G).wav	16958148
FILM SCORE SOUND PACK V1/3. Rhythms/4. Synth Pluck (Major) 90bpm/Synth Pluck (A#_Bb).wav	1414298
FILM SCORE SOUND PACK V1/3. Rhythms/4. Synth Pluck (Major) 90bpm/Synth Pluck (A).wav	1414298
FILM SCORE SOUND PACK V1/3. Rhythms/4. Synth Pluck (Major) 90bpm/Synth Pluck (B).wav	1414296
FILM SCORE SOUND PACK V1/3. Rhythms/4. Synth Pluck (Major) 90bpm/Synth Pluck (C#_Db).wav	1414296
FILM SCORE SOUND PACK V1/3. Rhythms/4. Synth Pluck (Major) 90bpm/Synth Pluck (C).wav	1414298
FILM SCORE SOUND PACK V1/3. Rhythms/4. Synth Pluck (Major) 90bpm/Synth Pluck (D#_Eb).wav	1414298
FILM SCORE SOUND PACK V1/3. Rhythms/4. Synth Pluck (Major) 90bpm/Synth Pluck (D).wav	1414298
FILM SCORE SOUND PACK V1/3. Rhythms/4. Synth Pluck (Major) 90bpm/Synth Pluck (E).wav	1414296
FILM SCORE SOUND PACK V1/3. Rhythms/4. Synth Pluck (Major) 90bpm/Synth Pluck (F#_Gbm).wav	1414298
FILM SCORE SOUND PACK V1/3. Rhythms/4. Synth Pluck (Major) 90bpm/Synth Pluck (F).wav	1414298
FILM SCORE SOUND PACK V1/3. Rhythms/4. Synth Pluck (Major) 90bpm/Synth Pluck (G#_Ab).wav	1414298
FILM SCORE SOUND PACK V1/3. Rhythms/4. Synth Pluck (Major) 90bpm/Synth Pluck (G).wav	1414298
FILM SCORE SOUND PACK V1/3. Rhythms/5. Clock Bell (Major_Minor) 120bpm/Clock Bell (A#_Bb).wav	2120830
FILM SCORE SOUND PACK V1/3. Rhythms/5. Clock Bell (Major_Minor) 120bpm/Clock Bell (A).wav	2120830
FILM SCORE SOUND PACK V1/3. Rhythms/5. Clock Bell (Major_Minor) 120bpm/Clock Bell (B).wav	2120830
FILM SCORE SOUND PACK V1/3. Rhythms/5. Clock Bell (Major_Minor) 120bpm/Clock Bell (C#_Db).wav	2120830
FILM SCORE SOUND PACK V1/3. Rhythms/5. Clock Bell (Major_Minor) 120bpm/Clock Bell (C).wav	2120828
FILM SCORE SOUND PACK V1/3. Rhythms/5. Clock Bell (Major_Minor) 120bpm/Clock Bell (D#_Eb).wav	2120830
FILM SCORE SOUND PACK V1/3. Rhythms/5. Clock Bell (Major_Minor) 120bpm/Clock Bell (D).wav	2120830
FILM SCORE SOUND PACK V1/3. Rhythms/5. Clock Bell (Major_Minor) 120bpm/Clock Bell (E).wav	2120828
FILM SCORE SOUND PACK V1/3. Rhythms/5. Clock Bell (Major_Minor) 120bpm/Clock Bell (F#_Gb).wav	2120830
FILM SCORE SOUND PACK V1/3. Rhythms/5. Clock Bell (Major_Minor) 120bpm/Clock Bell (F).wav	2120830
FILM SCORE SOUND PACK V1/3. Rhythms/5. Clock Bell (Major_Minor) 120bpm/Clock Bell (G#_Ab).wav	2120830
FILM SCORE SOUND PACK V1/3. Rhythms/5. Clock Bell (Major_Minor) 120bpm/Clock Bell (G).wav	2120830
FILM SCORE SOUND PACK V1/3. Rhythms/6. Guitar Groove (Major_Minor) 120bpm/Guitar Groove (A#_Bb).wav	2120830
FILM SCORE SOUND PACK V1/3. Rhythms/6. Guitar Groove (Major_Minor) 120bpm/Guitar Groove (A).wav	2120830
FILM SCORE SOUND PACK V1/3. Rhythms/6. Guitar Groove (Major_Minor) 120bpm/Guitar Groove (B).wav	2120830
FILM SCORE SOUND PACK V1/3. Rhythms/6. Guitar Groove (Major_Minor) 120bpm/Guitar Groove (C#_Db).wav	2120830
FILM SCORE SOUND PACK V1/3. Rhythms/6. Guitar Groove (Major_Minor) 120bpm/Guitar Groove (C).wav	2120830
FILM SCORE SOUND PACK V1/3. Rhythms/6. Guitar Groove (Major_Minor) 120bpm/Guitar Groove (D#_Eb).wav	2120830
FILM SCORE SOUND PACK V1/3. Rhythms/6. Guitar Groove (Major_Minor) 120bpm/Guitar Groove (D).wav	2120830
FILM SCORE SOUND PACK V1/3. Rhythms/6. Guitar Groove (Major_Minor) 120bpm/Guitar Groove (E).wav	2120830
FILM SCORE SOUND PACK V1/3. Rhythms/6. Guitar Groove (Major_Minor) 120bpm/Guitar Groove (F#_Gb).wav	2120830
FILM SCORE SOUND PACK V1/3. Rhythms/6. Guitar Groove (Major_Minor) 120bpm/Guitar Groove (F).wav	2120830
FILM SCORE SOUND PACK V1/3. Rhythms/6. Guitar Groove (Major_Minor) 120bpm/Guitar Groove (G#_Ab).wav	2120830
FILM SCORE SOUND PACK V1/3. Rhythms/6. Guitar Groove (Major_Minor) 120bpm/Guitar Groove (G).wav	2120830
FILM SCORE SOUND PACK V1/3. Rhythms/7.  Synth Stab (Major_Minor) 120bpm/Synth Stab (A#m-Bbm).wav	11659074
FILM SCORE SOUND PACK V1/3. Rhythms/7.  Synth Stab (Major_Minor) 120bpm/Synth Stab (Am).wav	11659074
FILM SCORE SOUND PACK V1/3. Rhythms/7.  Synth Stab (Major_Minor) 120bpm/Synth Stab (Bm).wav	11659074
FILM SCORE SOUND PACK V1/3. Rhythms/7.  Synth Stab (Major_Minor) 120bpm/Synth Stab (C#m_Dbm).wav	11659074
FILM SCORE SOUND PACK V1/3. Rhythms/7.  Synth Stab (Major_Minor) 120bpm/Synth Stab (Cm).wav	11659074
FILM SCORE SOUND PACK V1/3. Rhythms/7.  Synth Stab (Major_Minor) 120bpm/Synth Stab (D#m_Ebm).wav	11659074
FILM SCORE SOUND PACK V1/3. Rhythms/7.  Synth Stab (Major_Minor) 120bpm/Synth Stab (Dm).wav	11659074
FILM SCORE SOUND PACK V1/3. Rhythms/7.  Synth Stab (Major_Minor) 120bpm/Synth Stab (Em).wav	11659074
FILM SCORE SOUND PACK V1/3. Rhythms/7.  Synth Stab (Major_Minor) 120bpm/Synth Stab (F#m_Gbm).wav	11659074
FILM SCORE SOUND PACK V1/3. Rhythms/7.  Synth Stab (Major_Minor) 120bpm/Synth Stab (Fm).wav	11659074
FILM SCORE SOUND PACK V1/3. Rhythms/7.  Synth Stab (Major_Minor) 120bpm/Synth Stab (G#m_Abm).wav	11659074
FILM SCORE SOUND PACK V1/3. Rhythms/7.  Synth Stab (Major_Minor) 120bpm/Synth Stab (Gm).wav	11659074
FILM SCORE SOUND PACK V1/3. Rhythms/8. Driving Electric Bass (Minor) 120bpm/Driving Electric Bass (A#m_Bbm).wav	4240438
FILM SCORE SOUND PACK V1/3. Rhythms/8. Driving Electric Bass (Minor) 120bpm/Driving Electric Bass (Am).wav	4240438
FILM SCORE SOUND PACK V1/3. Rhythms/8. Driving Electric Bass (Minor) 120bpm/Driving Electric Bass (Bm).wav	4240436
FILM SCORE SOUND PACK V1/3. Rhythms/8. Driving Electric Bass (Minor) 120bpm/Driving Electric Bass (C#m_Dbm).wav	4240438
FILM SCORE SOUND PACK V1/3. Rhythms/8. Driving Electric Bass (Minor) 120bpm/Driving Electric Bass (Cm).wav	4240438
FILM SCORE SOUND PACK V1/3. Rhythms/8. Driving Electric Bass (Minor) 120bpm/Driving Electric Bass (D#m_Ebm).wav	4240438
FILM SCORE SOUND PACK V1/3. Rhythms/8. Driving Electric Bass (Minor) 120bpm/Driving Electric Bass (Dm).wav	4240438
FILM SCORE SOUND PACK V1/3. Rhythms/8. Driving Electric Bass (Minor) 120bpm/Driving Electric Bass (Em).wav	4240438
FILM SCORE SOUND PACK V1/3. Rhythms/8. Driving Electric Bass (Minor) 120bpm/Driving Electric Bass (F#m_Gbm).wav	4240438
FILM SCORE SOUND PACK V1/3. Rhythms/8. Driving Electric Bass (Minor) 120bpm/Driving Electric Bass (Fm).wav	4240438
FILM SCORE SOUND PACK V1/3. Rhythms/8. Driving Electric Bass (Minor) 120bpm/Driving Electric Bass (G#m_Abm).wav	4240438
FILM SCORE SOUND PACK V1/3. Rhythms/8. Driving Electric Bass (Minor) 120bpm/Driving Electric Bass (Gm).wav	4240438
FILM SCORE SOUND PACK V1/3. Rhythms/9. Pulsing Bass (Minor) 120bpm/Pulsing Bass (A#_Bb).wav	2308372
FILM SCORE SOUND PACK V1/3. Rhythms/9. Pulsing Bass (Minor) 120bpm/Pulsing Bass (A).wav	2308372
FILM SCORE SOUND PACK V1/3. Rhythms/9. Pulsing Bass (Minor) 120bpm/Pulsing Bass (B).wav	2308372
FILM SCORE SOUND PACK V1/3. Rhythms/9. Pulsing Bass (Minor) 120bpm/Pulsing Bass (C#_Db).wav	2308370
FILM SCORE SOUND PACK V1/3. Rhythms/9. Pulsing Bass (Minor) 120bpm/Pulsing Bass (C).wav	2308372
FILM SCORE SOUND PACK V1/3. Rhythms/9. Pulsing Bass (Minor) 120bpm/Pulsing Bass (D#_Eb).wav	2308372
FILM SCORE SOUND PACK V1/3. Rhythms/9. Pulsing Bass (Minor) 120bpm/Pulsing Bass (D).wav	2308372
FILM SCORE SOUND PACK V1/3. Rhythms/9. Pulsing Bass (Minor) 120bpm/Pulsing Bass (E).wav	2308372
FILM SCORE SOUND PACK V1/3. Rhythms/9. Pulsing Bass (Minor) 120bpm/Pulsing Bass (F#_Gb).wav	2308372
FILM SCORE SOUND PACK V1/3. Rhythms/9. Pulsing Bass (Minor) 120bpm/Pulsing Bass (F).wav	2308372
FILM SCORE SOUND PACK V1/3. Rhythms/9. Pulsing Bass (Minor) 120bpm/Pulsing Bass (G#_Ab).wav	2308372
FILM SCORE SOUND PACK V1/3. Rhythms/9. Pulsing Bass (Minor) 120bpm/Pulsing Bass (G).wav	2308372
FILM SCORE SOUND PACK V1/4. Drums/120 BPM/1. 4 on Floor Kick (120bpm).wav	2120830
FILM SCORE SOUND PACK V1/4. Drums/120 BPM/10. High Clicks (120bpm).wav	2120830
FILM SCORE SOUND PACK V1/4. Drums/120 BPM/11. High Tick (120bpm).wav	2120830
FILM SCORE SOUND PACK V1/4. Drums/120 BPM/12. Low End (120bpm).wav	2120830
FILM SCORE SOUND PACK V1/4. Drums/120 BPM/13. Metal Effect (120bpm).wav	4240438
FILM SCORE SOUND PACK V1/4. Drums/120 BPM/14. Platinum Reverse (120bpm).wav	4240438
FILM SCORE SOUND PACK V1/4. Drums/120 BPM/15. Shaker Metal (120bpm).wav	2120830
FILM SCORE SOUND PACK V1/4. Drums/120 BPM/16. Shredding Top (120bpm).wav	2120830
FILM SCORE SOUND PACK V1/4. Drums/120 BPM/17. Sticks Stero (120bpm).wav	2120830
FILM SCORE SOUND PACK V1/4. Drums/120 BPM/18. Suspenseful Orchestral Drums (120bpm).wav	4615424
FILM SCORE SOUND PACK V1/4. Drums/120 BPM/19. Time Shift Clock Loop (120bpm).wav	2308322
FILM SCORE SOUND PACK V1/4. Drums/120 BPM/2. Aluminum Scratch (120bpm).wav	4240438
FILM SCORE SOUND PACK V1/4. Drums/120 BPM/20. Timerkeeper (120bpm).wav	2120830
FILM SCORE SOUND PACK V1/4. Drums/120 BPM/21. Titanium Groove (120bpm).wav	4240438
FILM SCORE SOUND PACK V1/4. Drums/120 BPM/22. Titanium Pattern (120bpm).wav	4240438
FILM SCORE SOUND PACK V1/4. Drums/120 BPM/23. War Drums (120bpm).wav	4240438
FILM SCORE SOUND PACK V1/4. Drums/120 BPM/24. War Drums 2 (120bpm).wav	4240438
FILM SCORE SOUND PACK V1/4. Drums/120 BPM/25. Woah Shaker (120bpm).wav	2120830
FILM SCORE SOUND PACK V1/4. Drums/120 BPM/3. Ambient Reverse Groove (120bpm).wav	2120830
FILM SCORE SOUND PACK V1/4. Drums/120 BPM/4. Battle Drums (120bpm).wav	3461894
FILM SCORE SOUND PACK V1/4. Drums/120 BPM/5. BIG Toms (120bpm).wav	4615424
FILM SCORE SOUND PACK V1/4. Drums/120 BPM/6. Bottom Groove (120bpm).wav	2120830
FILM SCORE SOUND PACK V1/4. Drums/120 BPM/7. Bright Scratch (120bpm).wav	4240438
FILM SCORE SOUND PACK V1/4. Drums/120 BPM/8. Charge Beat (120bpm).wav	2120830
FILM SCORE SOUND PACK V1/4. Drums/120 BPM/9. Glitches (120bpm).wav	2120830
FILM SCORE SOUND PACK V1/4. Drums/90 BPM/1. Battle Toms (90bpm).wav	2827372
FILM SCORE SOUND PACK V1/4. Drums/90 BPM/10. Kick Pattern 2 (90bpm).wav	2827372
FILM SCORE SOUND PACK V1/4. Drums/90 BPM/11. LoFi Sub Beat (90bpm).wav	2827372
FILM SCORE SOUND PACK V1/4. Drums/90 BPM/12. Panning Shells (90bpm).wav	2827372
FILM SCORE SOUND PACK V1/4. Drums/90 BPM/13. Pulse Kick 1 (90bpm).wav	2827372
FILM SCORE SOUND PACK V1/4. Drums/90 BPM/14. Pulse Kick 2 (90bpm).wav	2827372
FILM SCORE SOUND PACK V1/4. Drums/90 BPM/15. Sinister (90bpm).wav	2827372
FILM SCORE SOUND PACK V1/4. Drums/90 BPM/16. Snare Crush Pattern 1 (90bpm).wav	2827372
FILM SCORE SOUND PACK V1/4. Drums/90 BPM/17. Snare Crush Pattern 2 (90bpm).wav	2827372
FILM SCORE SOUND PACK V1/4. Drums/90 BPM/18. Sticks & Rim Shots (90bpm).wav	2827372
FILM SCORE SOUND PACK V1/4. Drums/90 BPM/19. War Toms (90bpm).wav	6153358
FILM SCORE SOUND PACK V1/4. Drums/90 BPM/2. Delayed High Hat (90bpm).wav	2827372
FILM SCORE SOUND PACK V1/4. Drums/90 BPM/3. Distorted Snare (90bpm).wav	2827372
FILM SCORE SOUND PACK V1/4. Drums/90 BPM/4. Glitches (90bpm).wav	2827372
FILM SCORE SOUND PACK V1/4. Drums/90 BPM/5. Heartbeat Drums (90bpm).wav	6153358
FILM SCORE SOUND PACK V1/4. Drums/90 BPM/6. High Hat Bell (90bpm).wav	2827372
FILM SCORE SOUND PACK V1/4. Drums/90 BPM/7. High Hat Pattern 1 (90bpm).wav	2827372
FILM SCORE SOUND PACK V1/4. Drums/90 BPM/8. High Hat Pattern 2 (90bpm).wav	2827374
FILM SCORE SOUND PACK V1/4. Drums/90 BPM/9. Kick Pattern 1 (90bpm).wav	2827372
FILM SCORE SOUND PACK V1/4. Drums/One Shot/1. Alien Beep (One Shot).wav	1061026
FILM SCORE SOUND PACK V1/4. Drums/One Shot/10. High Metal Hit (One Shot).wav	2120830
FILM SCORE SOUND PACK V1/4. Drums/One Shot/11. Industrial Hit (One Shot).wav	2120830
FILM SCORE SOUND PACK V1/4. Drums/One Shot/12. Percussive Hit (One Shot).wav	1590926
FILM SCORE SOUND PACK V1/4. Drums/One Shot/13. Punch Kick (One Shot).wav	1590928
FILM SCORE SOUND PACK V1/4. Drums/One Shot/14. Timpani Roll (One Shot).wav	1590928
FILM SCORE SOUND PACK V1/4. Drums/One Shot/15. Tom Roll 1 (One Shot).wav	2120830
FILM SCORE SOUND PACK V1/4. Drums/One Shot/16. Tom Roll 2 (One Shot).wav	2120830
FILM SCORE SOUND PACK V1/4. Drums/One Shot/17. Tom Roll 3 (One Shot).wav	2120830
FILM SCORE SOUND PACK V1/4. Drums/One Shot/2. Battle Drum.wav	578036
FILM SCORE SOUND PACK V1/4. Drums/One Shot/3. Bit Crusher Bounce (One Shot).wav	1061026
FILM SCORE SOUND PACK V1/4. Drums/One Shot/4. Blip Crush (One Shot).wav	1590926
FILM SCORE SOUND PACK V1/4. Drums/One Shot/5. Crunch Hit Stutter (One Shot).wav	1590928
FILM SCORE SOUND PACK V1/4. Drums/One Shot/6. Crunch Snare (One Shot).wav	1590928
FILM SCORE SOUND PACK V1/4. Drums/One Shot/7. Distortion Hit (One Shot).wav	1061026
FILM SCORE SOUND PACK V1/4. Drums/One Shot/8. Dumpster Hit (One Shot).wav	2120830
FILM SCORE SOUND PACK V1/4. Drums/One Shot/9. Electro Delay Hit (One Shot).wav	1590928
FILM SCORE SOUND PACK V1/5. Melodic Hits/1. Piano Octaves (Major_Minor)/Piano Octaves (A#_Bb).wav	2120830
FILM SCORE SOUND PACK V1/5. Melodic Hits/1. Piano Octaves (Major_Minor)/Piano Octaves (A).wav	2121898
FILM SCORE SOUND PACK V1/5. Melodic Hits/1. Piano Octaves (Major_Minor)/Piano Octaves (B).wav	2120830
FILM SCORE SOUND PACK V1/5. Melodic Hits/1. Piano Octaves (Major_Minor)/Piano Octaves (C#_Db).wav	2120830
FILM SCORE SOUND PACK V1/5. Melodic Hits/1. Piano Octaves (Major_Minor)/Piano Octaves (C).wav	2120830
FILM SCORE SOUND PACK V1/5. Melodic Hits/1. Piano Octaves (Major_Minor)/Piano Octaves (D#_Eb).wav	2120830
FILM SCORE SOUND PACK V1/5. Melodic Hits/1. Piano Octaves (Major_Minor)/Piano Octaves (D).wav	2120830
FILM SCORE SOUND PACK V1/5. Melodic Hits/1. Piano Octaves (Major_Minor)/Piano Octaves (E).wav	2120830
FILM SCORE SOUND PACK V1/5. Melodic Hits/1. Piano Octaves (Major_Minor)/Piano Octaves (F#_Gb).wav	2120830
FILM SCORE SOUND PACK V1/5. Melodic Hits/1. Piano Octaves (Major_Minor)/Piano Octaves (F).wav	2120830
FILM SCORE SOUND PACK V1/5. Melodic Hits/1. Piano Octaves (Major_Minor)/Piano Octaves (G#_Ab).wav	2120830
FILM SCORE SOUND PACK V1/5. Melodic Hits/1. Piano Octaves (Major_Minor)/Piano Octaves (G).wav	2120830
FILM SCORE SOUND PACK V1/5. Melodic Hits/10. Boomer Knock (Any Key).mp3	165504
FILM SCORE SOUND PACK V1/5. Melodic Hits/11. Descending Drop (ANY KEY).wav	2213108
FILM SCORE SOUND PACK V1/5. Melodic Hits/12. Fat Impact (Any Key).mp3	165504
FILM SCORE SOUND PACK V1/5. Melodic Hits/2. Piano Low Note (Major_Minor)/Piano Low Note (A#_Bb).wav	7773106
FILM SCORE SOUND PACK V1/5. Melodic Hits/2. Piano Low Note (Major_Minor)/Piano Low Note (A).wav	7773106
FILM SCORE SOUND PACK V1/5. Melodic Hits/2. Piano Low Note (Major_Minor)/Piano Low Note (B).wav	5101578
FILM SCORE SOUND PACK V1/5. Melodic Hits/2. Piano Low Note (Major_Minor)/Piano Low Note (C#_Db).wav	7773106
FILM SCORE SOUND PACK V1/5. Melodic Hits/2. Piano Low Note (Major_Minor)/Piano Low Note (C).wav	7773106
FILM SCORE SOUND PACK V1/5. Melodic Hits/2. Piano Low Note (Major_Minor)/Piano Low Note (D#_Eb).wav	7773108
FILM SCORE SOUND PACK V1/5. Melodic Hits/2. Piano Low Note (Major_Minor)/Piano Low Note (D).wav	7773106
FILM SCORE SOUND PACK V1/5. Melodic Hits/2. Piano Low Note (Major_Minor)/Piano Low Note (E).wav	7773108
FILM SCORE SOUND PACK V1/5. Melodic Hits/2. Piano Low Note (Major_Minor)/Piano Low Note (F#_Gb).wav	7773108
FILM SCORE SOUND PACK V1/5. Melodic Hits/2. Piano Low Note (Major_Minor)/Piano Low Note (F).wav	7773106
FILM SCORE SOUND PACK V1/5. Melodic Hits/2. Piano Low Note (Major_Minor)/Piano Low Note (G#_Ab).wav	7773106
FILM SCORE SOUND PACK V1/5. Melodic Hits/2. Piano Low Note (Major_Minor)/Piano Low Note (G).wav	7773106
FILM SCORE SOUND PACK V1/5. Melodic Hits/3. Impact Delay (Major_Minor)/Impact Delay (A#_Bb).wav	1660102
FILM SCORE SOUND PACK V1/5. Melodic Hits/3. Impact Delay (Major_Minor)/Impact Delay (A).wav	1660100
FILM SCORE SOUND PACK V1/5. Melodic Hits/3. Impact Delay (Major_Minor)/Impact Delay (B).wav	1660100
FILM SCORE SOUND PACK V1/5. Melodic Hits/3. Impact Delay (Major_Minor)/Impact Delay (C#_Db).wav	1660100
FILM SCORE SOUND PACK V1/5. Melodic Hits/3. Impact Delay (Major_Minor)/Impact Delay (C).wav	1660100
FILM SCORE SOUND PACK V1/5. Melodic Hits/3. Impact Delay (Major_Minor)/Impact Delay (D#).wav	1660100
FILM SCORE SOUND PACK V1/5. Melodic Hits/3. Impact Delay (Major_Minor)/Impact Delay (D).wav	1660100
FILM SCORE SOUND PACK V1/5. Melodic Hits/3. Impact Delay (Major_Minor)/Impact Delay (E).wav	1660100
FILM SCORE SOUND PACK V1/5. Melodic Hits/3. Impact Delay (Major_Minor)/Impact Delay (F#_Gb).wav	1660100
FILM SCORE SOUND PACK V1/5. Melodic Hits/3. Impact Delay (Major_Minor)/Impact Delay (F).wav	1660100
FILM SCORE SOUND PACK V1/5. Melodic Hits/3. Impact Delay (Major_Minor)/Impact Delay (G#_Ab).wav	1660100
FILM SCORE SOUND PACK V1/5. Melodic Hits/3. Impact Delay (Major_Minor)/Impact Delay (G).wav	1660100
FILM SCORE SOUND PACK V1/5. Melodic Hits/4. Church Bell (Major_Minor)/Church Bell (A#_Bb).wav	1735490
FILM SCORE SOUND PACK V1/5. Melodic Hits/4. Church Bell (Major_Minor)/Church Bell (A).wav	1735490
FILM SCORE SOUND PACK V1/5. Melodic Hits/4. Church Bell (Major_Minor)/Church Bell (B).wav	1735490
FILM SCORE SOUND PACK V1/5. Melodic Hits/4. Church Bell (Major_Minor)/Church Bell (C#_Db).wav	1735490
FILM SCORE SOUND PACK V1/5. Melodic Hits/4. Church Bell (Major_Minor)/Church Bell (C).wav	1735490
FILM SCORE SOUND PACK V1/5. Melodic Hits/4. Church Bell (Major_Minor)/Church Bell (D#_Eb).wav	1735490
FILM SCORE SOUND PACK V1/5. Melodic Hits/4. Church Bell (Major_Minor)/Church Bell (D).wav	1735492
FILM SCORE SOUND PACK V1/5. Melodic Hits/4. Church Bell (Major_Minor)/Church Bell (E).wav	1735490
FILM SCORE SOUND PACK V1/5. Melodic Hits/4. Church Bell (Major_Minor)/Church Bell (F#_Gb).wav	1735490
FILM SCORE SOUND PACK V1/5. Melodic Hits/4. Church Bell (Major_Minor)/Church Bell (F).wav	1735492
FILM SCORE SOUND PACK V1/5. Melodic Hits/4. Church Bell (Major_Minor)/Church Bell (G#_Ab).wav	1735490
FILM SCORE SOUND PACK V1/5. Melodic Hits/4. Church Bell (Major_Minor)/Church Bell (G).wav	1735490
FILM SCORE SOUND PACK V1/5. Melodic Hits/5. Boom & Brass (Major_Minor)/Boom & Brass (A#_Bb).wav	4240438
FILM SCORE SOUND PACK V1/5. Melodic Hits/5. Boom & Brass (Major_Minor)/Boom & Brass (A).wav	4240438
FILM SCORE SOUND PACK V1/5. Melodic Hits/5. Boom & Brass (Major_Minor)/Boom & Brass (B).wav	3710536
FILM SCORE SOUND PACK V1/5. Melodic Hits/5. Boom & Brass (Major_Minor)/Boom & Brass (C#_Db).wav	4240438
FILM SCORE SOUND PACK V1/5. Melodic Hits/5. Boom & Brass (Major_Minor)/Boom & Brass (C).wav	4240438
FILM SCORE SOUND PACK V1/5. Melodic Hits/5. Boom & Brass (Major_Minor)/Boom & Brass (D#_Eb).wav	4240438
FILM SCORE SOUND PACK V1/5. Melodic Hits/5. Boom & Brass (Major_Minor)/Boom & Brass (D).wav	4240438
FILM SCORE SOUND PACK V1/5. Melodic Hits/5. Boom & Brass (Major_Minor)/Boom & Brass (E).wav	4240438
FILM SCORE SOUND PACK V1/5. Melodic Hits/5. Boom & Brass (Major_Minor)/Boom & Brass (F#_Gb).wav	4240438
FILM SCORE SOUND PACK V1/5. Melodic Hits/5. Boom & Brass (Major_Minor)/Boom & Brass (F).wav	4240438
FILM SCORE SOUND PACK V1/5. Melodic Hits/5. Boom & Brass (Major_Minor)/Boom & Brass (G#_Ab).wav	4240436
FILM SCORE SOUND PACK V1/5. Melodic Hits/5. Boom & Brass (Major_Minor)/Boom & Brass (G).wav	4240436
FILM SCORE SOUND PACK V1/5. Melodic Hits/6. Brass Inception (Minor)/Brass Inception (A#m_Bbm).wav	1590928
FILM SCORE SOUND PACK V1/5. Melodic Hits/6. Brass Inception (Minor)/Brass Inception (Am).wav	1590928
FILM SCORE SOUND PACK V1/5. Melodic Hits/6. Brass Inception (Minor)/Brass Inception (Bm).wav	1590928
FILM SCORE SOUND PACK V1/5. Melodic Hits/6. Brass Inception (Minor)/Brass Inception (C#m_Dbm).wav	1590928
FILM SCORE SOUND PACK V1/5. Melodic Hits/6. Brass Inception (Minor)/Brass Inception (Cm).wav	1590928
FILM SCORE SOUND PACK V1/5. Melodic Hits/6. Brass Inception (Minor)/Brass Inception (D#m_Ebm).wav	1590928
FILM SCORE SOUND PACK V1/5. Melodic Hits/6. Brass Inception (Minor)/Brass Inception (Dm).wav	1590928
FILM SCORE SOUND PACK V1/5. Melodic Hits/6. Brass Inception (Minor)/Brass Inception (Em).wav	1590928
FILM SCORE SOUND PACK V1/5. Melodic Hits/6. Brass Inception (Minor)/Brass Inception (F#m_Gbm).wav	1590924
FILM SCORE SOUND PACK V1/5. Melodic Hits/6. Brass Inception (Minor)/Brass Inception (Fm).wav	1590928
FILM SCORE SOUND PACK V1/5. Melodic Hits/6. Brass Inception (Minor)/Brass Inception (G#m_Abm).wav	1590928
FILM SCORE SOUND PACK V1/5. Melodic Hits/6. Brass Inception (Minor)/Brass Inception (Gm).wav	1590928
FILM SCORE SOUND PACK V1/5. Melodic Hits/7. Hollow (Minor)/Hollow Minor (A#m_Bbm).wav	2650726
FILM SCORE SOUND PACK V1/5. Melodic Hits/7. Hollow (Minor)/Hollow Minor (Am).wav	2650726
FILM SCORE SOUND PACK V1/5. Melodic Hits/7. Hollow (Minor)/Hollow Minor (Bm).wav	2650726
FILM SCORE SOUND PACK V1/5. Melodic Hits/7. Hollow (Minor)/Hollow Minor (C#m_Dbm).wav	2650726
FILM SCORE SOUND PACK V1/5. Melodic Hits/7. Hollow (Minor)/Hollow Minor (Cm).wav	2650726
FILM SCORE SOUND PACK V1/5. Melodic Hits/7. Hollow (Minor)/Hollow Minor (D#m_Ebm).wav	2650726
FILM SCORE SOUND PACK V1/5. Melodic Hits/7. Hollow (Minor)/Hollow Minor (Dm).wav	2650726
FILM SCORE SOUND PACK V1/5. Melodic Hits/7. Hollow (Minor)/Hollow Minor (Em).wav	2650728
FILM SCORE SOUND PACK V1/5. Melodic Hits/7. Hollow (Minor)/Hollow Minor (F#m_Gbm).wav	2650726
FILM SCORE SOUND PACK V1/5. Melodic Hits/7. Hollow (Minor)/Hollow Minor (Fm).wav	2650728
FILM SCORE SOUND PACK V1/5. Melodic Hits/7. Hollow (Minor)/Hollow Minor (G#m_Abm).wav	2650726
FILM SCORE SOUND PACK V1/5. Melodic Hits/7. Hollow (Minor)/Hollow Minor (Gm).wav	2650726
FILM SCORE SOUND PACK V1/5. Melodic Hits/8. Wavering Tone (Minor)/Wavering Tone (A#m_Bbm).wav	2120830
FILM SCORE SOUND PACK V1/5. Melodic Hits/8. Wavering Tone (Minor)/Wavering Tone (Am).wav	2120830
FILM SCORE SOUND PACK V1/5. Melodic Hits/8. Wavering Tone (Minor)/Wavering Tone (Bm).wav	2120830
FILM SCORE SOUND PACK V1/5. Melodic Hits/8. Wavering Tone (Minor)/Wavering Tone (C#m_Dbm).wav	2120830
FILM SCORE SOUND PACK V1/5. Melodic Hits/8. Wavering Tone (Minor)/Wavering Tone (Cm).wav	2120830
FILM SCORE SOUND PACK V1/5. Melodic Hits/8. Wavering Tone (Minor)/Wavering Tone (D#m_Ebm).wav	2120828
FILM SCORE SOUND PACK V1/5. Melodic Hits/8. Wavering Tone (Minor)/Wavering Tone (Dm).wav	2120830
FILM SCORE SOUND PACK V1/5. Melodic Hits/8. Wavering Tone (Minor)/Wavering Tone (Em).wav	2120830
FILM SCORE SOUND PACK V1/5. Melodic Hits/8. Wavering Tone (Minor)/Wavering Tone (F#m_Gbm).wav	2120830
FILM SCORE SOUND PACK V1/5. Melodic Hits/8. Wavering Tone (Minor)/Wavering Tone (Fm).wav	2120830
FILM SCORE SOUND PACK V1/5. Melodic Hits/8. Wavering Tone (Minor)/Wavering Tone (G#m_Abm).wav	2120830
FILM SCORE SOUND PACK V1/5. Melodic Hits/8. Wavering Tone (Minor)/Wavering Tone (Gm).wav	2120830
FILM SCORE SOUND PACK V1/5. Melodic Hits/9. Sub Hit Delay (All Keys) 120bpm.wav	1590926
FILM SCORE SOUND PACK V1/6. Melodic Risers/1. Short Reverse Piano (Major)/Short Reverse Piano (A#_Bb).wav	1855878
FILM SCORE SOUND PACK V1/6. Melodic Risers/1. Short Reverse Piano (Major)/Short Reverse Piano (A).wav	1855876
FILM SCORE SOUND PACK V1/6. Melodic Risers/1. Short Reverse Piano (Major)/Short Reverse Piano (B).wav	1855878
FILM SCORE SOUND PACK V1/6. Melodic Risers/1. Short Reverse Piano (Major)/Short Reverse Piano (C#_Db).wav	1855876
FILM SCORE SOUND PACK V1/6. Melodic Risers/1. Short Reverse Piano (Major)/Short Reverse Piano (C).wav	1855878
FILM SCORE SOUND PACK V1/6. Melodic Risers/1. Short Reverse Piano (Major)/Short Reverse Piano (D#_Eb).wav	1855876
FILM SCORE SOUND PACK V1/6. Melodic Risers/1. Short Reverse Piano (Major)/Short Reverse Piano (D).wav	1855876
FILM SCORE SOUND PACK V1/6. Melodic Risers/1. Short Reverse Piano (Major)/Short Reverse Piano (E).wav	1855876
FILM SCORE SOUND PACK V1/6. Melodic Risers/1. Short Reverse Piano (Major)/Short Reverse Piano (F#_Gb).wav	1855876
FILM SCORE SOUND PACK V1/6. Melodic Risers/1. Short Reverse Piano (Major)/Short Reverse Piano (F).wav	1855878
FILM SCORE SOUND PACK V1/6. Melodic Risers/1. Short Reverse Piano (Major)/Short Reverse Piano (G#_Ab).wav	1855876
FILM SCORE SOUND PACK V1/6. Melodic Risers/1. Short Reverse Piano (Major)/Short Reverse Piano (G).wav	1855878
FILM SCORE SOUND PACK V1/6. Melodic Risers/10. Ice Wave Swell (Minor)/Ice Wave Swell (A#m_Bbm).wav	3469726
FILM SCORE SOUND PACK V1/6. Melodic Risers/10. Ice Wave Swell (Minor)/Ice Wave Swell (Am).wav	3469726
FILM SCORE SOUND PACK V1/6. Melodic Risers/10. Ice Wave Swell (Minor)/Ice Wave Swell (Bm).wav	3469726
FILM SCORE SOUND PACK V1/6. Melodic Risers/10. Ice Wave Swell (Minor)/Ice Wave Swell (C#m_Dbm).wav	3469726
FILM SCORE SOUND PACK V1/6. Melodic Risers/10. Ice Wave Swell (Minor)/Ice Wave Swell (Cm).wav	3469726
FILM SCORE SOUND PACK V1/6. Melodic Risers/10. Ice Wave Swell (Minor)/Ice Wave Swell (D#m_Ebm).wav	3469726
FILM SCORE SOUND PACK V1/6. Melodic Risers/10. Ice Wave Swell (Minor)/Ice Wave Swell (Dm).wav	3469726
FILM SCORE SOUND PACK V1/6. Melodic Risers/10. Ice Wave Swell (Minor)/Ice Wave Swell (Em).wav	3469726
FILM SCORE SOUND PACK V1/6. Melodic Risers/10. Ice Wave Swell (Minor)/Ice Wave Swell (F#m_Gbm).wav	3108432
FILM SCORE SOUND PACK V1/6. Melodic Risers/10. Ice Wave Swell (Minor)/Ice Wave Swell (Fm).wav	3469726
FILM SCORE SOUND PACK V1/6. Melodic Risers/10. Ice Wave Swell (Minor)/Ice Wave Swell (G#m_Abm).wav	3469726
FILM SCORE SOUND PACK V1/6. Melodic Risers/10. Ice Wave Swell (Minor)/Ice Wave Swell (Gm).wav	3108432
FILM SCORE SOUND PACK V1/6. Melodic Risers/11. Expansive Pulising Swell (ANY KEY).wav	3469726
FILM SCORE SOUND PACK V1/6. Melodic Risers/12. Clock Riser (ANY KEY) 120bpm).wav	3975486
FILM SCORE SOUND PACK V1/6. Melodic Risers/2. Low Reverse Piano (Major_Minor)/Low Reverse Piano (A#_Bb).wav	1855878
FILM SCORE SOUND PACK V1/6. Melodic Risers/2. Low Reverse Piano (Major_Minor)/Low Reverse Piano (A).wav	1855876
FILM SCORE SOUND PACK V1/6. Melodic Risers/2. Low Reverse Piano (Major_Minor)/Low Reverse Piano (B).wav	1855876
FILM SCORE SOUND PACK V1/6. Melodic Risers/2. Low Reverse Piano (Major_Minor)/Low Reverse Piano (C#_Db).wav	1855878
FILM SCORE SOUND PACK V1/6. Melodic Risers/2. Low Reverse Piano (Major_Minor)/Low Reverse Piano (C).wav	1855878
FILM SCORE SOUND PACK V1/6. Melodic Risers/2. Low Reverse Piano (Major_Minor)/Low Reverse Piano (D#_Eb).wav	1855876
FILM SCORE SOUND PACK V1/6. Melodic Risers/2. Low Reverse Piano (Major_Minor)/Low Reverse Piano (D).wav	1855876
FILM SCORE SOUND PACK V1/6. Melodic Risers/2. Low Reverse Piano (Major_Minor)/Low Reverse Piano (E).wav	1855878
FILM SCORE SOUND PACK V1/6. Melodic Risers/2. Low Reverse Piano (Major_Minor)/Low Reverse Piano (F#_Gb).wav	1855878
FILM SCORE SOUND PACK V1/6. Melodic Risers/2. Low Reverse Piano (Major_Minor)/Low Reverse Piano (F).wav	1855878
FILM SCORE SOUND PACK V1/6. Melodic Risers/2. Low Reverse Piano (Major_Minor)/Low Reverse Piano (G#_Ab).wav	1855876
FILM SCORE SOUND PACK V1/6. Melodic Risers/2. Low Reverse Piano (Major_Minor)/Low Reverse Piano (G).wav	1855876
FILM SCORE SOUND PACK V1/6. Melodic Risers/3. Vocal Chop Reverse (Major)/Vocal Chop Reverse (A#_Bb).wav	1590926
FILM SCORE SOUND PACK V1/6. Melodic Risers/3. Vocal Chop Reverse (Major)/Vocal Chop Reverse (A).wav	1590928
FILM SCORE SOUND PACK V1/6. Melodic Risers/3. Vocal Chop Reverse (Major)/Vocal Chop Reverse (B).wav	1590928
FILM SCORE SOUND PACK V1/6. Melodic Risers/3. Vocal Chop Reverse (Major)/Vocal Chop Reverse (C#_Db).wav	1590928
FILM SCORE SOUND PACK V1/6. Melodic Risers/3. Vocal Chop Reverse (Major)/Vocal Chop Reverse (C).wav	1590926
FILM SCORE SOUND PACK V1/6. Melodic Risers/3. Vocal Chop Reverse (Major)/Vocal Chop Reverse (D#_Eb).wav	1590928
FILM SCORE SOUND PACK V1/6. Melodic Risers/3. Vocal Chop Reverse (Major)/Vocal Chop Reverse (D).wav	1590928
FILM SCORE SOUND PACK V1/6. Melodic Risers/3. Vocal Chop Reverse (Major)/Vocal Chop Reverse (E).wav	1590926
FILM SCORE SOUND PACK V1/6. Melodic Risers/3. Vocal Chop Reverse (Major)/Vocal Chop Reverse (F#_Gb).wav	1590928
FILM SCORE SOUND PACK V1/6. Melodic Risers/3. Vocal Chop Reverse (Major)/Vocal Chop Reverse (F).wav	1590928
FILM SCORE SOUND PACK V1/6. Melodic Risers/3. Vocal Chop Reverse (Major)/Vocal Chop Reverse (G#_Ab).wav	1590928
FILM SCORE SOUND PACK V1/6. Melodic Risers/3. Vocal Chop Reverse (Major)/Vocal Chop Reverse (G).wav	1590928
FILM SCORE SOUND PACK V1/6. Melodic Risers/4. Vocal Reverb (Major)/Vocal Reverb (A#_Bb).wav	1767566
FILM SCORE SOUND PACK V1/6. Melodic Risers/4. Vocal Reverb (Major)/Vocal Reverb (A).wav	1767566
FILM SCORE SOUND PACK V1/6. Melodic Risers/4. Vocal Reverb (Major)/Vocal Reverb (B).wav	1767566
FILM SCORE SOUND PACK V1/6. Melodic Risers/4. Vocal Reverb (Major)/Vocal Reverb (C#_Db).wav	1767566
FILM SCORE SOUND PACK V1/6. Melodic Risers/4. Vocal Reverb (Major)/Vocal Reverb (C).wav	1767566
FILM SCORE SOUND PACK V1/6. Melodic Risers/4. Vocal Reverb (Major)/Vocal Reverb (D#_Eb).wav	1767566
FILM SCORE SOUND PACK V1/6. Melodic Risers/4. Vocal Reverb (Major)/Vocal Reverb (D).wav	1767566
FILM SCORE SOUND PACK V1/6. Melodic Risers/4. Vocal Reverb (Major)/Vocal Reverb (E).wav	1767566
FILM SCORE SOUND PACK V1/6. Melodic Risers/4. Vocal Reverb (Major)/Vocal Reverb (F#_Gb).wav	1767566
FILM SCORE SOUND PACK V1/6. Melodic Risers/4. Vocal Reverb (Major)/Vocal Reverb (F).wav	1767566
FILM SCORE SOUND PACK V1/6. Melodic Risers/4. Vocal Reverb (Major)/Vocal Reverb (G#_Ab).wav	1767566
FILM SCORE SOUND PACK V1/6. Melodic Risers/4. Vocal Reverb (Major)/Vocal Reverb (G).wav	1767566
FILM SCORE SOUND PACK V1/6. Melodic Risers/5. Sharp Ascent (Major)/Sharp Ascent (A#_Bb).wav	1767566
FILM SCORE SOUND PACK V1/6. Melodic Risers/5. Sharp Ascent (Major)/Sharp Ascent (A).wav	1767566
FILM SCORE SOUND PACK V1/6. Melodic Risers/5. Sharp Ascent (Major)/Sharp Ascent (B).wav	1767566
FILM SCORE SOUND PACK V1/6. Melodic Risers/5. Sharp Ascent (Major)/Sharp Ascent (C#_Db).wav	1767566
FILM SCORE SOUND PACK V1/6. Melodic Risers/5. Sharp Ascent (Major)/Sharp Ascent (C).wav	1767566
FILM SCORE SOUND PACK V1/6. Melodic Risers/5. Sharp Ascent (Major)/Sharp Ascent (D#_Eb).wav	1767566
FILM SCORE SOUND PACK V1/6. Melodic Risers/5. Sharp Ascent (Major)/Sharp Ascent (D).wav	1767566
FILM SCORE SOUND PACK V1/6. Melodic Risers/5. Sharp Ascent (Major)/Sharp Ascent (E).wav	1767566
FILM SCORE SOUND PACK V1/6. Melodic Risers/5. Sharp Ascent (Major)/Sharp Ascent (F#_Gb).wav	1767566
FILM SCORE SOUND PACK V1/6. Melodic Risers/5. Sharp Ascent (Major)/Sharp Ascent (F).wav	1767566
FILM SCORE SOUND PACK V1/6. Melodic Risers/5. Sharp Ascent (Major)/Sharp Ascent (G#_Ab).wav	1767566
FILM SCORE SOUND PACK V1/6. Melodic Risers/5. Sharp Ascent (Major)/Sharp Ascent (G).wav	1767566
FILM SCORE SOUND PACK V1/6. Melodic Risers/6. Wobble Swell (Major_Minor)/Wobble Swell (A#_Bb).wav	2766008
FILM SCORE SOUND PACK V1/6. Melodic Risers/6. Wobble Swell (Major_Minor)/Wobble Swell (A).wav	2766006
FILM SCORE SOUND PACK V1/6. Melodic Risers/6. Wobble Swell (Major_Minor)/Wobble Swell (B).wav	2766006
FILM SCORE SOUND PACK V1/6. Melodic Risers/6. Wobble Swell (Major_Minor)/Wobble Swell (C#_Db).wav	2766006
FILM SCORE SOUND PACK V1/6. Melodic Risers/6. Wobble Swell (Major_Minor)/Wobble Swell (C).wav	2766006
FILM SCORE SOUND PACK V1/6. Melodic Risers/6. Wobble Swell (Major_Minor)/Wobble Swell (D#_Eb).wav	2766006
FILM SCORE SOUND PACK V1/6. Melodic Risers/6. Wobble Swell (Major_Minor)/Wobble Swell (D).wav	2766006
FILM SCORE SOUND PACK V1/6. Melodic Risers/6. Wobble Swell (Major_Minor)/Wobble Swell (E).wav	2766006
FILM SCORE SOUND PACK V1/6. Melodic Risers/6. Wobble Swell (Major_Minor)/Wobble Swell (F#_Gb).wav	2766006
FILM SCORE SOUND PACK V1/6. Melodic Risers/6. Wobble Swell (Major_Minor)/Wobble Swell (F).wav	2766006
FILM SCORE SOUND PACK V1/6. Melodic Risers/6. Wobble Swell (Major_Minor)/Wobble Swell (G#_Ab).wav	2766006
FILM SCORE SOUND PACK V1/6. Melodic Risers/6. Wobble Swell (Major_Minor)/Wobble Swell (G).wav	2766006
FILM SCORE SOUND PACK V1/6. Melodic Risers/7. Tension (Minor)/Tension (A#_Bb).wav	6889944
FILM SCORE SOUND PACK V1/6. Melodic Risers/7. Tension (Minor)/Tension (Am).wav	6889944
FILM SCORE SOUND PACK V1/6. Melodic Risers/7. Tension (Minor)/Tension (B).wav	6889944
FILM SCORE SOUND PACK V1/6. Melodic Risers/7. Tension (Minor)/Tension (C#m_Dbm).wav	6889944
FILM SCORE SOUND PACK V1/6. Melodic Risers/7. Tension (Minor)/Tension (C).wav	6889944
FILM SCORE SOUND PACK V1/6. Melodic Risers/7. Tension (Minor)/Tension (D#m_Ebm).wav	6889944
FILM SCORE SOUND PACK V1/6. Melodic Risers/7. Tension (Minor)/Tension (Dm).wav	6889942
FILM SCORE SOUND PACK V1/6. Melodic Risers/7. Tension (Minor)/Tension (Em).wav	6889944
FILM SCORE SOUND PACK V1/6. Melodic Risers/7. Tension (Minor)/Tension (F#m_Gbm).wav	6889944
FILM SCORE SOUND PACK V1/6. Melodic Risers/7. Tension (Minor)/Tension (Fm).wav	6889944
FILM SCORE SOUND PACK V1/6. Melodic Risers/7. Tension (Minor)/Tension (G#m_Abm).wav	6889944
FILM SCORE SOUND PACK V1/6. Melodic Risers/7. Tension (Minor)/Tension (Gm).wav	6889942
FILM SCORE SOUND PACK V1/6. Melodic Risers/8. Wave Riser (Minor)/Wave Riser (A#m_Bbm).wav	5530816
FILM SCORE SOUND PACK V1/6. Melodic Risers/8. Wave Riser (Minor)/Wave Riser (Am).wav	5530816
FILM SCORE SOUND PACK V1/6. Melodic Risers/8. Wave Riser (Minor)/Wave Riser (Bm).wav	5530814
FILM SCORE SOUND PACK V1/6. Melodic Risers/8. Wave Riser (Minor)/Wave Riser (C#m_Dbm).wav	5530816
FILM SCORE SOUND PACK V1/6. Melodic Risers/8. Wave Riser (Minor)/Wave Riser (Cm).wav	5530816
FILM SCORE SOUND PACK V1/6. Melodic Risers/8. Wave Riser (Minor)/Wave Riser (D#m_Ebm).wav	5530816
FILM SCORE SOUND PACK V1/6. Melodic Risers/8. Wave Riser (Minor)/Wave Riser (Dm).wav	5530816
FILM SCORE SOUND PACK V1/6. Melodic Risers/8. Wave Riser (Minor)/Wave Riser (Em).wav	5530816
FILM SCORE SOUND PACK V1/6. Melodic Risers/8. Wave Riser (Minor)/Wave Riser (F#m_Gbm).wav	5530816
FILM SCORE SOUND PACK V1/6. Melodic Risers/8. Wave Riser (Minor)/Wave Riser (Fm).wav	5530816
FILM SCORE SOUND PACK V1/6. Melodic Risers/8. Wave Riser (Minor)/Wave Riser (G#m_Abm).wav	5530816
FILM SCORE SOUND PACK V1/6. Melodic Risers/8. Wave Riser (Minor)/Wave Riser (Gm).wav	5530816
FILM SCORE SOUND PACK V1/6. Melodic Risers/9. Muted Ticking Build (Minor)/Muted Ticking Build (A#m_Bbm).wav	2766006
FILM SCORE SOUND PACK V1/6. Melodic Risers/9. Muted Ticking Build (Minor)/Muted Ticking Build (Am).wav	2766006
FILM SCORE SOUND PACK V1/6. Melodic Risers/9. Muted Ticking Build (Minor)/Muted Ticking Build (Bm).wav	2766006
FILM SCORE SOUND PACK V1/6. Melodic Risers/9. Muted Ticking Build (Minor)/Muted Ticking Build (C#m_Dbm).wav	2766006
FILM SCORE SOUND PACK V1/6. Melodic Risers/9. Muted Ticking Build (Minor)/Muted Ticking Build (Cm).wav	2766006
FILM SCORE SOUND PACK V1/6. Melodic Risers/9. Muted Ticking Build (Minor)/Muted Ticking Build (D#m_Ebm).wav	2766006
FILM SCORE SOUND PACK V1/6. Melodic Risers/9. Muted Ticking Build (Minor)/Muted Ticking Build (Dm).wav	2766006
FILM SCORE SOUND PACK V1/6. Melodic Risers/9. Muted Ticking Build (Minor)/Muted Ticking Build (Em).wav	2766006
FILM SCORE SOUND PACK V1/6. Melodic Risers/9. Muted Ticking Build (Minor)/Muted Ticking Build (F#m_Gbm).wav	2766008
FILM SCORE SOUND PACK V1/6. Melodic Risers/9. Muted Ticking Build (Minor)/Muted Ticking Build (Fm).wav	2766006
FILM SCORE SOUND PACK V1/6. Melodic Risers/9. Muted Ticking Build (Minor)/Muted Ticking Build (G#m_Abm).wav	2766006
FILM SCORE SOUND PACK V1/6. Melodic Risers/9. Muted Ticking Build (Minor)/Muted Ticking Build (Gm).wav	2766006
FILM SCORE SOUND PACK V1/7. Melodic Transitions/1. Gentle (Major)/Gentle (A#_Bb).wav	3180632
FILM SCORE SOUND PACK V1/7. Melodic Transitions/1. Gentle (Major)/Gentle (A).wav	3180632
FILM SCORE SOUND PACK V1/7. Melodic Transitions/1. Gentle (Major)/Gentle (B).wav	3180632
FILM SCORE SOUND PACK V1/7. Melodic Transitions/1. Gentle (Major)/Gentle (C#_Db).wav	3180630
FILM SCORE SOUND PACK V1/7. Melodic Transitions/1. Gentle (Major)/Gentle (C).wav	3180632
FILM SCORE SOUND PACK V1/7. Melodic Transitions/1. Gentle (Major)/Gentle (D#_Eb).wav	3180632
FILM SCORE SOUND PACK V1/7. Melodic Transitions/1. Gentle (Major)/Gentle (D).wav	3180632
FILM SCORE SOUND PACK V1/7. Melodic Transitions/1. Gentle (Major)/Gentle (E).wav	3180632
FILM SCORE SOUND PACK V1/7. Melodic Transitions/1. Gentle (Major)/Gentle (F#_Gb).wav	3180632
FILM SCORE SOUND PACK V1/7. Melodic Transitions/1. Gentle (Major)/Gentle (F).wav	3180630
FILM SCORE SOUND PACK V1/7. Melodic Transitions/1. Gentle (Major)/Gentle (G#_Ab).wav	3180632
FILM SCORE SOUND PACK V1/7. Melodic Transitions/1. Gentle (Major)/Gentle (G).wav	3180632
FILM SCORE SOUND PACK V1/7. Melodic Transitions/10. Dusk (Minor)/Dusk (A#m_Bbm).wav	2120830
FILM SCORE SOUND PACK V1/7. Melodic Transitions/10. Dusk (Minor)/Dusk (Am).wav	2120830
FILM SCORE SOUND PACK V1/7. Melodic Transitions/10. Dusk (Minor)/Dusk (Bm).wav	2120830
FILM SCORE SOUND PACK V1/7. Melodic Transitions/10. Dusk (Minor)/Dusk (C#m_Dbm).wav	2120830
FILM SCORE SOUND PACK V1/7. Melodic Transitions/10. Dusk (Minor)/Dusk (Cm).wav	2120830
FILM SCORE SOUND PACK V1/7. Melodic Transitions/10. Dusk (Minor)/Dusk (D#m_Ebm).wav	2120830
FILM SCORE SOUND PACK V1/7. Melodic Transitions/10. Dusk (Minor)/Dusk (Dm).wav	2120830
FILM SCORE SOUND PACK V1/7. Melodic Transitions/10. Dusk (Minor)/Dusk (Em).wav	2120830
FILM SCORE SOUND PACK V1/7. Melodic Transitions/10. Dusk (Minor)/Dusk (F#m_Gbm).wav	2120830
FILM SCORE SOUND PACK V1/7. Melodic Transitions/10. Dusk (Minor)/Dusk (Fm).wav	2120830
FILM SCORE SOUND PACK V1/7. Melodic Transitions/10. Dusk (Minor)/Dusk (G#m_Abm).wav	2120830
FILM SCORE SOUND PACK V1/7. Melodic Transitions/10. Dusk (Minor)/Dusk (Gm).wav	2120830
FILM SCORE SOUND PACK V1/7. Melodic Transitions/2. High Piano (Major_Minor)/High Piano (A#_Bb).wav	2120830
FILM SCORE SOUND PACK V1/7. Melodic Transitions/2. High Piano (Major_Minor)/High Piano (A).wav	2120830
FILM SCORE SOUND PACK V1/7. Melodic Transitions/2. High Piano (Major_Minor)/High Piano (B).wav	2120830
FILM SCORE SOUND PACK V1/7. Melodic Transitions/2. High Piano (Major_Minor)/High Piano (C#_Db).wav	2120830
FILM SCORE SOUND PACK V1/7. Melodic Transitions/2. High Piano (Major_Minor)/High Piano (C).wav	2120830
FILM SCORE SOUND PACK V1/7. Melodic Transitions/2. High Piano (Major_Minor)/High Piano (D#_Eb).wav	2120830
FILM SCORE SOUND PACK V1/7. Melodic Transitions/2. High Piano (Major_Minor)/High Piano (D).wav	2120830
FILM SCORE SOUND PACK V1/7. Melodic Transitions/2. High Piano (Major_Minor)/High Piano (E).wav	2120830
FILM SCORE SOUND PACK V1/7. Melodic Transitions/2. High Piano (Major_Minor)/High Piano (F#_Gb).wav	2120830
FILM SCORE SOUND PACK V1/7. Melodic Transitions/2. High Piano (Major_Minor)/High Piano (F).wav	2120830
FILM SCORE SOUND PACK V1/7. Melodic Transitions/2. High Piano (Major_Minor)/High Piano (G#_Ab).wav	2120830
FILM SCORE SOUND PACK V1/7. Melodic Transitions/2. High Piano (Major_Minor)/High Piano (G).wav	2120830
FILM SCORE SOUND PACK V1/7. Melodic Transitions/3. Reverse Piano (Major_Minor)/Reverse Piano (A#_Bb).wav	1855876
FILM SCORE SOUND PACK V1/7. Melodic Transitions/3. Reverse Piano (Major_Minor)/Reverse Piano (A).wav	1855878
FILM SCORE SOUND PACK V1/7. Melodic Transitions/3. Reverse Piano (Major_Minor)/Reverse Piano (B).wav	1855876
FILM SCORE SOUND PACK V1/7. Melodic Transitions/3. Reverse Piano (Major_Minor)/Reverse Piano (C#_Db).wav	1855876
FILM SCORE SOUND PACK V1/7. Melodic Transitions/3. Reverse Piano (Major_Minor)/Reverse Piano (C).wav	1855876
FILM SCORE SOUND PACK V1/7. Melodic Transitions/3. Reverse Piano (Major_Minor)/Reverse Piano (D#_Eb).wav	1855876
FILM SCORE SOUND PACK V1/7. Melodic Transitions/3. Reverse Piano (Major_Minor)/Reverse Piano (D).wav	1855876
FILM SCORE SOUND PACK V1/7. Melodic Transitions/3. Reverse Piano (Major_Minor)/Reverse Piano (E).wav	1855878
FILM SCORE SOUND PACK V1/7. Melodic Transitions/3. Reverse Piano (Major_Minor)/Reverse Piano (F#_Gb).wav	1855878
FILM SCORE SOUND PACK V1/7. Melodic Transitions/3. Reverse Piano (Major_Minor)/Reverse Piano (F).wav	1855878
FILM SCORE SOUND PACK V1/7. Melodic Transitions/3. Reverse Piano (Major_Minor)/Reverse Piano (G#_Ab).wav	1855878
FILM SCORE SOUND PACK V1/7. Melodic Transitions/3. Reverse Piano (Major_Minor)/Reverse Piano (G).wav	1855876
FILM SCORE SOUND PACK V1/7. Melodic Transitions/4. Vocal Chop (Major_Minor)/Vocal Chop (A#_Bb).wav	1880018
FILM SCORE SOUND PACK V1/7. Melodic Transitions/4. Vocal Chop (Major_Minor)/Vocal Chop (A).wav	1880018
FILM SCORE SOUND PACK V1/7. Melodic Transitions/4. Vocal Chop (Major_Minor)/Vocal Chop (B).wav	1880018
FILM SCORE SOUND PACK V1/7. Melodic Transitions/4. Vocal Chop (Major_Minor)/Vocal Chop (C#_Db).wav	1880018
FILM SCORE SOUND PACK V1/7. Melodic Transitions/4. Vocal Chop (Major_Minor)/Vocal Chop (C).wav	1880018
FILM SCORE SOUND PACK V1/7. Melodic Transitions/4. Vocal Chop (Major_Minor)/Vocal Chop (D#_Eb).wav	1880018
FILM SCORE SOUND PACK V1/7. Melodic Transitions/4. Vocal Chop (Major_Minor)/Vocal Chop (D).wav	1880018
FILM SCORE SOUND PACK V1/7. Melodic Transitions/4. Vocal Chop (Major_Minor)/Vocal Chop (E).wav	1880018
FILM SCORE SOUND PACK V1/7. Melodic Transitions/4. Vocal Chop (Major_Minor)/Vocal Chop (F#_Gb).wav	1880018
FILM SCORE SOUND PACK V1/7. Melodic Transitions/4. Vocal Chop (Major_Minor)/Vocal Chop (F).wav	1880018
FILM SCORE SOUND PACK V1/7. Melodic Transitions/4. Vocal Chop (Major_Minor)/Vocal Chop (G#_Ab).wav	1880018
FILM SCORE SOUND PACK V1/7. Melodic Transitions/4. Vocal Chop (Major_Minor)/Vocal Chop (G).wav	1880018
FILM SCORE SOUND PACK V1/7. Melodic Transitions/5. Vocal Chop 2 (Major)/Vocal Chop 2 (A#_Bb).wav	2120828
FILM SCORE SOUND PACK V1/7. Melodic Transitions/5. Vocal Chop 2 (Major)/Vocal Chop 2 (A).wav	2120830
FILM SCORE SOUND PACK V1/7. Melodic Transitions/5. Vocal Chop 2 (Major)/Vocal Chop 2 (B).wav	2120828
FILM SCORE SOUND PACK V1/7. Melodic Transitions/5. Vocal Chop 2 (Major)/Vocal Chop 2 (C#_Db).wav	2120830
FILM SCORE SOUND PACK V1/7. Melodic Transitions/5. Vocal Chop 2 (Major)/Vocal Chop 2 (C).wav	2120830
FILM SCORE SOUND PACK V1/7. Melodic Transitions/5. Vocal Chop 2 (Major)/Vocal Chop 2 (D#_Eb).wav	2120828
FILM SCORE SOUND PACK V1/7. Melodic Transitions/5. Vocal Chop 2 (Major)/Vocal Chop 2 (D).wav	2120828
FILM SCORE SOUND PACK V1/7. Melodic Transitions/5. Vocal Chop 2 (Major)/Vocal Chop 2 (E).wav	2120830
FILM SCORE SOUND PACK V1/7. Melodic Transitions/5. Vocal Chop 2 (Major)/Vocal Chop 2 (F#_Gb).wav	2120828
FILM SCORE SOUND PACK V1/7. Melodic Transitions/5. Vocal Chop 2 (Major)/Vocal Chop 2 (F).wav	2120830
FILM SCORE SOUND PACK V1/7. Melodic Transitions/5. Vocal Chop 2 (Major)/Vocal Chop 2 (G#_Ab).wav	2120830
FILM SCORE SOUND PACK V1/7. Melodic Transitions/5. Vocal Chop 2 (Major)/Vocal Chop 2 (G).wav	2120830
FILM SCORE SOUND PACK V1/7. Melodic Transitions/6. Guitar Chord (Major)/Guitar Chord (A#_Bb).wav	6360038
FILM SCORE SOUND PACK V1/7. Melodic Transitions/6. Guitar Chord (Major)/Guitar Chord (A).wav	6360038
FILM SCORE SOUND PACK V1/7. Melodic Transitions/6. Guitar Chord (Major)/Guitar Chord (B).wav	6360038
FILM SCORE SOUND PACK V1/7. Melodic Transitions/6. Guitar Chord (Major)/Guitar Chord (C#_Db).wav	6360038
FILM SCORE SOUND PACK V1/7. Melodic Transitions/6. Guitar Chord (Major)/Guitar Chord (C).wav	6360038
FILM SCORE SOUND PACK V1/7. Melodic Transitions/6. Guitar Chord (Major)/Guitar Chord (D#_Eb).wav	6360038
FILM SCORE SOUND PACK V1/7. Melodic Transitions/6. Guitar Chord (Major)/Guitar Chord (D).wav	6360038
FILM SCORE SOUND PACK V1/7. Melodic Transitions/6. Guitar Chord (Major)/Guitar Chord (E).wav	6360038
FILM SCORE SOUND PACK V1/7. Melodic Transitions/6. Guitar Chord (Major)/Guitar Chord (F#_Gb).wav	6360038
FILM SCORE SOUND PACK V1/7. Melodic Transitions/6. Guitar Chord (Major)/Guitar Chord (F).wav	6360038
FILM SCORE SOUND PACK V1/7. Melodic Transitions/6. Guitar Chord (Major)/Guitar Chord (G#_Ab).wav	6360038
FILM SCORE SOUND PACK V1/7. Melodic Transitions/6. Guitar Chord (Major)/Guitar Chord (G).wav	6360038
FILM SCORE SOUND PACK V1/7. Melodic Transitions/7. Strain (Minor)/Strain (A#m_Bbm).wav	2313576
FILM SCORE SOUND PACK V1/7. Melodic Transitions/7. Strain (Minor)/Strain (Am).wav	2313576
FILM SCORE SOUND PACK V1/7. Melodic Transitions/7. Strain (Minor)/Strain (Bm).wav	2313576
FILM SCORE SOUND PACK V1/7. Melodic Transitions/7. Strain (Minor)/Strain (C#m_Dbm).wav	2313576
FILM SCORE SOUND PACK V1/7. Melodic Transitions/7. Strain (Minor)/Strain (Cm).wav	2313576
FILM SCORE SOUND PACK V1/7. Melodic Transitions/7. Strain (Minor)/Strain (D#m_Ebm).wav	2313574
FILM SCORE SOUND PACK V1/7. Melodic Transitions/7. Strain (Minor)/Strain (Dm).wav	2313576
FILM SCORE SOUND PACK V1/7. Melodic Transitions/7. Strain (Minor)/Strain (Em).wav	2313576
FILM SCORE SOUND PACK V1/7. Melodic Transitions/7. Strain (Minor)/Strain (F#m_Gbm).wav	2313574
FILM SCORE SOUND PACK V1/7. Melodic Transitions/7. Strain (Minor)/Strain (Fm).wav	2313574
FILM SCORE SOUND PACK V1/7. Melodic Transitions/7. Strain (Minor)/Strain (G#m_Abm).wav	2313574
FILM SCORE SOUND PACK V1/7. Melodic Transitions/7. Strain (Minor)/Strain (Gm).wav	2313576
FILM SCORE SOUND PACK V1/7. Melodic Transitions/8. Strings Chord (Minor)/String Chord (A#m_Bbm).wav	1978796
FILM SCORE SOUND PACK V1/7. Melodic Transitions/8. Strings Chord (Minor)/String Chord (Am).wav	1978796
FILM SCORE SOUND PACK V1/7. Melodic Transitions/8. Strings Chord (Minor)/String Chord (Bm).wav	1978796
FILM SCORE SOUND PACK V1/7. Melodic Transitions/8. Strings Chord (Minor)/String Chord (C#m_Dbm).wav	1978796
FILM SCORE SOUND PACK V1/7. Melodic Transitions/8. Strings Chord (Minor)/String Chord (Cm).wav	1978796
FILM SCORE SOUND PACK V1/7. Melodic Transitions/8. Strings Chord (Minor)/String Chord (D#m_Ebm).wav	1978796
FILM SCORE SOUND PACK V1/7. Melodic Transitions/8. Strings Chord (Minor)/String Chord (Dm).wav	1978796
FILM SCORE SOUND PACK V1/7. Melodic Transitions/8. Strings Chord (Minor)/String Chord (Em).wav	1978796
FILM SCORE SOUND PACK V1/7. Melodic Transitions/8. Strings Chord (Minor)/String Chord (F#m_Gbm).wav	1978796
FILM SCORE SOUND PACK V1/7. Melodic Transitions/8. Strings Chord (Minor)/String Chord (Fm).wav	1978796
FILM SCORE SOUND PACK V1/7. Melodic Transitions/8. Strings Chord (Minor)/String Chord (G#m_Abm).wav	1978796
FILM SCORE SOUND PACK V1/7. Melodic Transitions/8. Strings Chord (Minor)/String Chord (Gm).wav	1978796
FILM SCORE SOUND PACK V1/7. Melodic Transitions/9. Low Haunting (Minor)/Low Haunting (A#m_Bbm).wav	4240438
FILM SCORE SOUND PACK V1/7. Melodic Transitions/9. Low Haunting (Minor)/Low Haunting (Am).wav	4240438
FILM SCORE SOUND PACK V1/7. Melodic Transitions/9. Low Haunting (Minor)/Low Haunting (Bm).wav	4240438
FILM SCORE SOUND PACK V1/7. Melodic Transitions/9. Low Haunting (Minor)/Low Haunting (C#m_Dbm).wav	4240438
FILM SCORE SOUND PACK V1/7. Melodic Transitions/9. Low Haunting (Minor)/Low Haunting (Cm).wav	4240438
FILM SCORE SOUND PACK V1/7. Melodic Transitions/9. Low Haunting (Minor)/Low Haunting (D#m_Ebm).wav	4240438
FILM SCORE SOUND PACK V1/7. Melodic Transitions/9. Low Haunting (Minor)/Low Haunting (Dm).wav	4240438
FILM SCORE SOUND PACK V1/7. Melodic Transitions/9. Low Haunting (Minor)/Low Haunting (Em).wav	4240438
FILM SCORE SOUND PACK V1/7. Melodic Transitions/9. Low Haunting (Minor)/Low Haunting (F#m_Gbm).wav	4240438
FILM SCORE SOUND PACK V1/7. Melodic Transitions/9. Low Haunting (Minor)/Low Haunting (Fm).wav	4240438
FILM SCORE SOUND PACK V1/7. Melodic Transitions/9. Low Haunting (Minor)/Low Haunting (G#m_Abm).wav	4240438
FILM SCORE SOUND PACK V1/7. Melodic Transitions/9. Low Haunting (Minor)/Low Haunting (Gm).wav	4240438
FILM SCORE SOUND PACK V1/8. Clicks/1. Whoosh Click Loop.wav	315136
FILM SCORE SOUND PACK V1/8. Clicks/10. Vintage Clock Wind.wav	1061026
FILM SCORE SOUND PACK V1/8. Clicks/11. Vinyl Pulse.wav	2650726
FILM SCORE SOUND PACK V1/8. Clicks/2. Antique Timer.wav	2385776
FILM SCORE SOUND PACK V1/8. Clicks/3. Bow Cymbal Scratch.wav	3180632
FILM SCORE SOUND PACK V1/8. Clicks/4. Clock Ticking Fast.wav	17343588
FILM SCORE SOUND PACK V1/8. Clicks/5. Grandfathers Clock.wav	4047802
FILM SCORE SOUND PACK V1/8. Clicks/6. Heart Beat 1.wav	5167768
FILM SCORE SOUND PACK V1/8. Clicks/7. Heart Beat 2.wav	5167768
FILM SCORE SOUND PACK V1/8. Clicks/8. Mechanical Clock Ticking Fast.wav	5782048
FILM SCORE SOUND PACK V1/8. Clicks/9. Old Slow Clock.wav	17343588
