rel	size
Multiply Sound@影采/1.Film Score Collection V1/1. Film Score Collection V1/2. Riffs_Melodies - 连复段_旋律音色/3. Cello 3 (Major) - 大提琴音色3（大调）/Cello 3 (B).wav	6431662
Multiply Sound@影采/1.Film Score Collection V1/1. Film Score Collection V1/2. Riffs_Melodies - 连复段_旋律音色/3. Cello 3 (Major) - 大提琴音色3（大调）/Cello 3 (A#_Bb.wav	6431662
Multiply Sound@影采/1.Film Score Collection V1/1. Film Score Collection V1/2. Riffs_Melodies - 连复段_旋律音色/3. Cello 3 (Major) - 大提琴音色3（大调）/Cello 3 (C#_Db).wav	6431662
Multiply Sound@影采/1.Film Score Collection V1/1. Film Score Collection V1/2. Riffs_Melodies - 连复段_旋律音色/3. Cello 3 (Major) - 大提琴音色3（大调）/Cello 3 (F).wav	6431662
Multiply Sound@影采/1.Film Score Collection V1/1. Film Score Collection V1/2. Riffs_Melodies - 连复段_旋律音色/3. Cello 3 (Major) - 大提琴音色3（大调）/Cello 3 (A).wav	6431662
Multiply Sound@影采/1.Film Score Collection V1/1. Film Score Collection V1/2. Riffs_Melodies - 连复段_旋律音色/3. Cello 3 (Major) - 大提琴音色3（大调）/Cello 3 (G).wav	6431662
Multiply Sound@影采/1.Film Score Collection V1/1. Film Score Collection V1/2. Riffs_Melodies - 连复段_旋律音色/3. Cello 3 (Major) - 大提琴音色3（大调）/Cello 3 (F#_Gb).wav	6431662
Multiply Sound@影采/1.Film Score Collection V1/1. Film Score Collection V1/2. Riffs_Melodies - 连复段_旋律音色/3. Cello 3 (Major) - 大提琴音色3（大调）/Cello 3 (D).wav	6431664
Multiply Sound@影采/1.Film Score Collection V1/1. Film Score Collection V1/2. Riffs_Melodies - 连复段_旋律音色/3. Cello 3 (Major) - 大提琴音色3（大调）/Cello 3 (E).wav	6431664
Multiply Sound@影采/1.Film Score Collection V1/1. Film Score Collection V1/2. Riffs_Melodies - 连复段_旋律音色/3. Cello 3 (Major) - 大提琴音色3（大调）/Cello 3 (D#_Eb).wav	6431662
Multiply Sound@影采/1.Film Score Collection V1/1. Film Score Collection V1/2. Riffs_Melodies - 连复段_旋律音色/3. Cello 3 (Major) - 大提琴音色3（大调）/Cello 3 (G#_Ab).wav	6431664
Multiply Sound@影采/1.Film Score Collection V1/1. Film Score Collection V1/2. Riffs_Melodies - 连复段_旋律音色/3. Cello 3 (Major) - 大提琴音色3（大调）/Cello 3 (C).wav	6431662
Multiply Sound@影采/1.Film Score Collection V1/1. Film Score Collection V1/2. Riffs_Melodies - 连复段_旋律音色/5. Guitar Bright Cloud (Major) - 云感明亮吉他（大调）/Guitar Bright Cloud (F).wav	5565204
Multiply Sound@影采/1.Film Score Collection V1/1. Film Score Collection V1/2. Riffs_Melodies - 连复段_旋律音色/5. Guitar Bright Cloud (Major) - 云感明亮吉他（大调）/Guitar Bright Cloud (D#_Eb).wav	5565204
Multiply Sound@影采/1.Film Score Collection V1/1. Film Score Collection V1/2. Riffs_Melodies - 连复段_旋律音色/5. Guitar Bright Cloud (Major) - 云感明亮吉他（大调）/Guitar Bright Cloud (C#_Db).wav	5565202
Multiply Sound@影采/1.Film Score Collection V1/1. Film Score Collection V1/2. Riffs_Melodies - 连复段_旋律音色/5. Guitar Bright Cloud (Major) - 云感明亮吉他（大调）/Guitar Bright Cloud (G#_Ab).wav	5565204
Multiply Sound@影采/1.Film Score Collection V1/1. Film Score Collection V1/2. Riffs_Melodies - 连复段_旋律音色/5. Guitar Bright Cloud (Major) - 云感明亮吉他（大调）/Guitar Bright Cloud (A).wav	5565204
Multiply Sound@影采/1.Film Score Collection V1/1. Film Score Collection V1/2. Riffs_Melodies - 连复段_旋律音色/5. Guitar Bright Cloud (Major) - 云感明亮吉他（大调）/Guitar Bright Cloud (A#_Bb).wav	5565204
Multiply Sound@影采/1.Film Score Collection V1/1. Film Score Collection V1/2. Riffs_Melodies - 连复段_旋律音色/5. Guitar Bright Cloud (Major) - 云感明亮吉他（大调）/Guitar Bright Cloud (E).wav	5565204
Multiply Sound@影采/1.Film Score Collection V1/1. Film Score Collection V1/2. Riffs_Melodies - 连复段_旋律音色/5. Guitar Bright Cloud (Major) - 云感明亮吉他（大调）/Guitar Bright Cloud (D).wav	5565204
Multiply Sound@影采/1.Film Score Collection V1/1. Film Score Collection V1/2. Riffs_Melodies - 连复段_旋律音色/5. Guitar Bright Cloud (Major) - 云感明亮吉他（大调）/Guitar Bright Cloud (F#_Gb).wav	5565204
Multiply Sound@影采/1.Film Score Collection V1/1. Film Score Collection V1/2. Riffs_Melodies - 连复段_旋律音色/5. Guitar Bright Cloud (Major) - 云感明亮吉他（大调）/Guitar Bright Cloud (G).wav	5565204
Multiply Sound@影采/1.Film Score Collection V1/1. Film Score Collection V1/2. Riffs_Melodies - 连复段_旋律音色/5. Guitar Bright Cloud (Major) - 云感明亮吉他（大调）/Guitar Bright Cloud (C).wav	5565204
Multiply Sound@影采/1.Film Score Collection V1/1. Film Score Collection V1/2. Riffs_Melodies - 连复段_旋律音色/5. Guitar Bright Cloud (Major) - 云感明亮吉他（大调）/Guitar Bright Cloud (B).wav	5565204
Multiply Sound@影采/1.Film Score Collection V1/1. Film Score Collection V1/2. Riffs_Melodies - 连复段_旋律音色/9. Upright Warm Piano (Major) - 立式暖调钢琴（大调）/Upright Warm Piano (F#_Gb).wav	6814314
Multiply Sound@影采/1.Film Score Collection V1/1. Film Score Collection V1/2. Riffs_Melodies - 连复段_旋律音色/9. Upright Warm Piano (Major) - 立式暖调钢琴（大调）/Upright Warm Piano (G#_Ab).wav	6814316
Multiply Sound@影采/1.Film Score Collection V1/1. Film Score Collection V1/2. Riffs_Melodies - 连复段_旋律音色/9. Upright Warm Piano (Major) - 立式暖调钢琴（大调）/Upright Warm Piano (E).wav	6814316
Multiply Sound@影采/1.Film Score Collection V1/1. Film Score Collection V1/2. Riffs_Melodies - 连复段_旋律音色/9. Upright Warm Piano (Major) - 立式暖调钢琴（大调）/Upright Warm Piano (A).wav	6814314
Multiply Sound@影采/1.Film Score Collection V1/1. Film Score Collection V1/2. Riffs_Melodies - 连复段_旋律音色/9. Upright Warm Piano (Major) - 立式暖调钢琴（大调）/Upright Warm Piano (C).wav	6814316
Multiply Sound@影采/1.Film Score Collection V1/1. Film Score Collection V1/2. Riffs_Melodies - 连复段_旋律音色/9. Upright Warm Piano (Major) - 立式暖调钢琴（大调）/Upright Warm Piano (D#_Eb).wav	6814316
Multiply Sound@影采/1.Film Score Collection V1/1. Film Score Collection V1/2. Riffs_Melodies - 连复段_旋律音色/9. Upright Warm Piano (Major) - 立式暖调钢琴（大调）/Upright Warm Piano (G).wav	6814316
Multiply Sound@影采/1.Film Score Collection V1/1. Film Score Collection V1/2. Riffs_Melodies - 连复段_旋律音色/9. Upright Warm Piano (Major) - 立式暖调钢琴（大调）/Upright Warm Piano (D).wav	6814314
Multiply Sound@影采/1.Film Score Collection V1/1. Film Score Collection V1/2. Riffs_Melodies - 连复段_旋律音色/9. Upright Warm Piano (Major) - 立式暖调钢琴（大调）/Upright Warm Piano (Bb).wav	6814316
Multiply Sound@影采/1.Film Score Collection V1/1. Film Score Collection V1/2. Riffs_Melodies - 连复段_旋律音色/9. Upright Warm Piano (Major) - 立式暖调钢琴（大调）/Upright Warm Piano (F).wav	6814316
Multiply Sound@影采/1.Film Score Collection V1/1. Film Score Collection V1/2. Riffs_Melodies - 连复段_旋律音色/9. Upright Warm Piano (Major) - 立式暖调钢琴（大调）/Upright Warm Piano (C#_Db).wav	6814316
Multiply Sound@影采/1.Film Score Collection V1/1. Film Score Collection V1/2. Riffs_Melodies - 连复段_旋律音色/9. Upright Warm Piano (Major) - 立式暖调钢琴（大调）/Upright Warm Piano (B).wav	6814314
Multiply Sound@影采/1.Film Score Collection V1/1. Film Score Collection V1/2. Riffs_Melodies - 连复段_旋律音色/4. Felt Piano - 毡音钢琴/Felt Piano (A).wav	7949774
Multiply Sound@影采/1.Film Score Collection V1/1. Film Score Collection V1/2. Riffs_Melodies - 连复段_旋律音色/4. Felt Piano - 毡音钢琴/Felt Piano (C#_Db).wav	7949774
Multiply Sound@影采/1.Film Score Collection V1/1. Film Score Collection V1/2. Riffs_Melodies - 连复段_旋律音色/4. Felt Piano - 毡音钢琴/Felt Piano (F#_Gb).wav	7949774
Multiply Sound@影采/1.Film Score Collection V1/1. Film Score Collection V1/2. Riffs_Melodies - 连复段_旋律音色/4. Felt Piano - 毡音钢琴/Felt Piano (E).wav	7949774
Multiply Sound@影采/1.Film Score Collection V1/1. Film Score Collection V1/2. Riffs_Melodies - 连复段_旋律音色/4. Felt Piano - 毡音钢琴/Felt Piano (D).wav	7949774
Multiply Sound@影采/1.Film Score Collection V1/1. Film Score Collection V1/2. Riffs_Melodies - 连复段_旋律音色/4. Felt Piano - 毡音钢琴/Felt Piano (D#_Eb).wav	7949772
Multiply Sound@影采/1.Film Score Collection V1/1. Film Score Collection V1/2. Riffs_Melodies - 连复段_旋律音色/4. Felt Piano - 毡音钢琴/Felt Piano (G).wav	7949774
Multiply Sound@影采/1.Film Score Collection V1/1. Film Score Collection V1/2. Riffs_Melodies - 连复段_旋律音色/4. Felt Piano - 毡音钢琴/Felt Piano (B).wav	7949774
Multiply Sound@影采/1.Film Score Collection V1/1. Film Score Collection V1/2. Riffs_Melodies - 连复段_旋律音色/4. Felt Piano - 毡音钢琴/Felt Piano (C).wav	7949774
Multiply Sound@影采/1.Film Score Collection V1/1. Film Score Collection V1/2. Riffs_Melodies - 连复段_旋律音色/4. Felt Piano - 毡音钢琴/Felt Piano (G#_Ab).wav	7949774
Multiply Sound@影采/1.Film Score Collection V1/1. Film Score Collection V1/2. Riffs_Melodies - 连复段_旋律音色/4. Felt Piano - 毡音钢琴/Felt Piano (F).wav	7949774
Multiply Sound@影采/1.Film Score Collection V1/1. Film Score Collection V1/2. Riffs_Melodies - 连复段_旋律音色/4. Felt Piano - 毡音钢琴/Felt Piano (A#_Bb).wav	7949774
Multiply Sound@影采/1.Film Score Collection V1/1. Film Score Collection V1/2. Riffs_Melodies - 连复段_旋律音色/10. Cello 1 (Minor) - 大提琴音色1（小调）/Cello 1 (D#m_Ebm).wav	5768850
Multiply Sound@影采/1.Film Score Collection V1/1. Film Score Collection V1/2. Riffs_Melodies - 连复段_旋律音色/10. Cello 1 (Minor) - 大提琴音色1（小调）/Cello 1 (G#m_Abm).wav	5768850
Multiply Sound@影采/1.Film Score Collection V1/1. Film Score Collection V1/2. Riffs_Melodies - 连复段_旋律音色/10. Cello 1 (Minor) - 大提琴音色1（小调）/Cello 1 (A#m_Bbm).wav	5768848
Multiply Sound@影采/1.Film Score Collection V1/1. Film Score Collection V1/2. Riffs_Melodies - 连复段_旋律音色/10. Cello 1 (Minor) - 大提琴音色1（小调）/Cello 1 (Dm).wav	5768850
Multiply Sound@影采/1.Film Score Collection V1/1. Film Score Collection V1/2. Riffs_Melodies - 连复段_旋律音色/10. Cello 1 (Minor) - 大提琴音色1（小调）/Cello 1 (Fm).wav	5768850
Multiply Sound@影采/1.Film Score Collection V1/1. Film Score Collection V1/2. Riffs_Melodies - 连复段_旋律音色/10. Cello 1 (Minor) - 大提琴音色1（小调）/Cello 1 (Em).wav	5768850
Multiply Sound@影采/1.Film Score Collection V1/1. Film Score Collection V1/2. Riffs_Melodies - 连复段_旋律音色/10. Cello 1 (Minor) - 大提琴音色1（小调）/Cello 1 (F#m_Gbm).wav	5768850
Multiply Sound@影采/1.Film Score Collection V1/1. Film Score Collection V1/2. Riffs_Melodies - 连复段_旋律音色/10. Cello 1 (Minor) - 大提琴音色1（小调）/Cello 1 (Cm).wav	5768850
Multiply Sound@影采/1.Film Score Collection V1/1. Film Score Collection V1/2. Riffs_Melodies - 连复段_旋律音色/10. Cello 1 (Minor) - 大提琴音色1（小调）/Cello 1 (Gm).wav	5768850
Multiply Sound@影采/1.Film Score Collection V1/1. Film Score Collection V1/2. Riffs_Melodies - 连复段_旋律音色/10. Cello 1 (Minor) - 大提琴音色1（小调）/Cello 1 (C#m_Dbm).wav	5768850
Multiply Sound@影采/1.Film Score Collection V1/1. Film Score Collection V1/2. Riffs_Melodies - 连复段_旋律音色/10. Cello 1 (Minor) - 大提琴音色1（小调）/Cello 1 (Bm).wav	5768850
Multiply Sound@影采/1.Film Score Collection V1/1. Film Score Collection V1/2. Riffs_Melodies - 连复段_旋律音色/10. Cello 1 (Minor) - 大提琴音色1（小调）/Cello 1 (Am).wav	5768848
Multiply Sound@影采/1.Film Score Collection V1/1. Film Score Collection V1/2. Riffs_Melodies - 连复段_旋律音色/1. Cello 1 (Major) - 大提琴音色1（大调）/Cello 1 (G).wav	4625898
Multiply Sound@影采/1.Film Score Collection V1/1. Film Score Collection V1/2. Riffs_Melodies - 连复段_旋律音色/1. Cello 1 (Major) - 大提琴音色1（大调）/Cello 1 (F#_Gb).wav	4625898
Multiply Sound@影采/1.Film Score Collection V1/1. Film Score Collection V1/2. Riffs_Melodies - 连复段_旋律音色/1. Cello 1 (Major) - 大提琴音色1（大调）/Cello 1 (D).wav	4625896
Multiply Sound@影采/1.Film Score Collection V1/1. Film Score Collection V1/2. Riffs_Melodies - 连复段_旋律音色/1. Cello 1 (Major) - 大提琴音色1（大调）/Cello 1 (Bb_A#).wav	4625898
Multiply Sound@影采/1.Film Score Collection V1/1. Film Score Collection V1/2. Riffs_Melodies - 连复段_旋律音色/1. Cello 1 (Major) - 大提琴音色1（大调）/Cello 1 (E).wav	4625898
Multiply Sound@影采/1.Film Score Collection V1/1. Film Score Collection V1/2. Riffs_Melodies - 连复段_旋律音色/1. Cello 1 (Major) - 大提琴音色1（大调）/Cello 1 (G#_Ab).wav	4625896
Multiply Sound@影采/1.Film Score Collection V1/1. Film Score Collection V1/2. Riffs_Melodies - 连复段_旋律音色/1. Cello 1 (Major) - 大提琴音色1（大调）/Cello 1 (A).wav	4625898
Multiply Sound@影采/1.Film Score Collection V1/1. Film Score Collection V1/2. Riffs_Melodies - 连复段_旋律音色/1. Cello 1 (Major) - 大提琴音色1（大调）/Cello 1 (F).wav	4625896
Multiply Sound@影采/1.Film Score Collection V1/1. Film Score Collection V1/2. Riffs_Melodies - 连复段_旋律音色/1. Cello 1 (Major) - 大提琴音色1（大调）/Cello 1 (C).wav	4625898
Multiply Sound@影采/1.Film Score Collection V1/1. Film Score Collection V1/2. Riffs_Melodies - 连复段_旋律音色/1. Cello 1 (Major) - 大提琴音色1（大调）/Cello 1 (C#_Db).wav	4625898
Multiply Sound@影采/1.Film Score Collection V1/1. Film Score Collection V1/2. Riffs_Melodies - 连复段_旋律音色/1. Cello 1 (Major) - 大提琴音色1（大调）/Cello 1 (D#_Eb).wav	4625896
Multiply Sound@影采/1.Film Score Collection V1/1. Film Score Collection V1/2. Riffs_Melodies - 连复段_旋律音色/1. Cello 1 (Major) - 大提琴音色1（大调）/Cello 1 (B).wav	4625898
Multiply Sound@影采/1.Film Score Collection V1/1. Film Score Collection V1/2. Riffs_Melodies - 连复段_旋律音色/6. High String Harmonics (Major) - 高音弦乐泛音（大调）/High String Harmonics (D#_Eb).wav	12257442
Multiply Sound@影采/1.Film Score Collection V1/1. Film Score Collection V1/2. Riffs_Melodies - 连复段_旋律音色/6. High String Harmonics (Major) - 高音弦乐泛音（大调）/High String Harmonics (G).wav	12257444
Multiply Sound@影采/1.Film Score Collection V1/1. Film Score Collection V1/2. Riffs_Melodies - 连复段_旋律音色/6. High String Harmonics (Major) - 高音弦乐泛音（大调）/High String Harmonics (F#_Gb).wav	12257444
Multiply Sound@影采/1.Film Score Collection V1/1. Film Score Collection V1/2. Riffs_Melodies - 连复段_旋律音色/6. High String Harmonics (Major) - 高音弦乐泛音（大调）/High String Harmonics (C#_Db).wav	12257444
Multiply Sound@影采/1.Film Score Collection V1/1. Film Score Collection V1/2. Riffs_Melodies - 连复段_旋律音色/6. High String Harmonics (Major) - 高音弦乐泛音（大调）/High String Harmonics (D).wav	12257442
Multiply Sound@影采/1.Film Score Collection V1/1. Film Score Collection V1/2. Riffs_Melodies - 连复段_旋律音色/6. High String Harmonics (Major) - 高音弦乐泛音（大调）/High String Harmonics (E).wav	12257444
Multiply Sound@影采/1.Film Score Collection V1/1. Film Score Collection V1/2. Riffs_Melodies - 连复段_旋律音色/6. High String Harmonics (Major) - 高音弦乐泛音（大调）/High String Harmonics (F).wav	12257444
Multiply Sound@影采/1.Film Score Collection V1/1. Film Score Collection V1/2. Riffs_Melodies - 连复段_旋律音色/6. High String Harmonics (Major) - 高音弦乐泛音（大调）/High String Harmonics (C).wav	12257444
Multiply Sound@影采/1.Film Score Collection V1/1. Film Score Collection V1/2. Riffs_Melodies - 连复段_旋律音色/6. High String Harmonics (Major) - 高音弦乐泛音（大调）/High String Harmonics (A#_Bb).wav	12257442
Multiply Sound@影采/1.Film Score Collection V1/1. Film Score Collection V1/2. Riffs_Melodies - 连复段_旋律音色/6. High String Harmonics (Major) - 高音弦乐泛音（大调）/High String Harmonics (B).wav	12257444
Multiply Sound@影采/1.Film Score Collection V1/1. Film Score Collection V1/2. Riffs_Melodies - 连复段_旋律音色/6. High String Harmonics (Major) - 高音弦乐泛音（大调）/High String Harmonics (G#_Ab).wav	12257444
Multiply Sound@影采/1.Film Score Collection V1/1. Film Score Collection V1/2. Riffs_Melodies - 连复段_旋律音色/6. High String Harmonics (Major) - 高音弦乐泛音（大调）/High String Harmonics (A).wav	12257440
Multiply Sound@影采/1.Film Score Collection V1/1. Film Score Collection V1/2. Riffs_Melodies - 连复段_旋律音色/8. Upright High Piano (Major) - 立式高音钢琴（大调）/Upright High Piano (C#_Db).wav	9085318
Multiply Sound@影采/1.Film Score Collection V1/1. Film Score Collection V1/2. Riffs_Melodies - 连复段_旋律音色/8. Upright High Piano (Major) - 立式高音钢琴（大调）/Upright High Piano (D#_Eb).wav	9085316
Multiply Sound@影采/1.Film Score Collection V1/1. Film Score Collection V1/2. Riffs_Melodies - 连复段_旋律音色/8. Upright High Piano (Major) - 立式高音钢琴（大调）/Upright High Piano (F#_Gb).wav	9085316
Multiply Sound@影采/1.Film Score Collection V1/1. Film Score Collection V1/2. Riffs_Melodies - 连复段_旋律音色/8. Upright High Piano (Major) - 立式高音钢琴（大调）/Upright High Piano (D).wav	9085318
Multiply Sound@影采/1.Film Score Collection V1/1. Film Score Collection V1/2. Riffs_Melodies - 连复段_旋律音色/8. Upright High Piano (Major) - 立式高音钢琴（大调）/Upright High Piano (E).wav	9085318
Multiply Sound@影采/1.Film Score Collection V1/1. Film Score Collection V1/2. Riffs_Melodies - 连复段_旋律音色/8. Upright High Piano (Major) - 立式高音钢琴（大调）/Upright High Piano (B).wav	9085316
Multiply Sound@影采/1.Film Score Collection V1/1. Film Score Collection V1/2. Riffs_Melodies - 连复段_旋律音色/8. Upright High Piano (Major) - 立式高音钢琴（大调）/Upright High Piano (F).wav	9085318
Multiply Sound@影采/1.Film Score Collection V1/1. Film Score Collection V1/2. Riffs_Melodies - 连复段_旋律音色/8. Upright High Piano (Major) - 立式高音钢琴（大调）/Upright High Piano (A).wav	9085318
Multiply Sound@影采/1.Film Score Collection V1/1. Film Score Collection V1/2. Riffs_Melodies - 连复段_旋律音色/8. Upright High Piano (Major) - 立式高音钢琴（大调）/Upright High Piano (A#_Bb).wav	9085318
Multiply Sound@影采/1.Film Score Collection V1/1. Film Score Collection V1/2. Riffs_Melodies - 连复段_旋律音色/8. Upright High Piano (Major) - 立式高音钢琴（大调）/Upright Piano. High Ambient (G#_Ab).wav	9085316
Multiply Sound@影采/1.Film Score Collection V1/1. Film Score Collection V1/2. Riffs_Melodies - 连复段_旋律音色/8. Upright High Piano (Major) - 立式高音钢琴（大调）/Upright Piano. High Ambient (G).wav	9085316
Multiply Sound@影采/1.Film Score Collection V1/1. Film Score Collection V1/2. Riffs_Melodies - 连复段_旋律音色/8. Upright High Piano (Major) - 立式高音钢琴（大调）/Upright High Piano (C).wav	9085318
Multiply Sound@影采/1.Film Score Collection V1/1. Film Score Collection V1/2. Riffs_Melodies - 连复段_旋律音色/2. Cello 2 (Major) - 大提琴音色2（大调）/Cello 2 (A).wav	4615324
Multiply Sound@影采/1.Film Score Collection V1/1. Film Score Collection V1/2. Riffs_Melodies - 连复段_旋律音色/2. Cello 2 (Major) - 大提琴音色2（大调）/Cello 2 (C).wav	4615324
Multiply Sound@影采/1.Film Score Collection V1/1. Film Score Collection V1/2. Riffs_Melodies - 连复段_旋律音色/2. Cello 2 (Major) - 大提琴音色2（大调）/Cello 2 (E).wav	4615324
Multiply Sound@影采/1.Film Score Collection V1/1. Film Score Collection V1/2. Riffs_Melodies - 连复段_旋律音色/2. Cello 2 (Major) - 大提琴音色2（大调）/Cello 2 (A#_Bb).wav	4615324
Multiply Sound@影采/1.Film Score Collection V1/1. Film Score Collection V1/2. Riffs_Melodies - 连复段_旋律音色/2. Cello 2 (Major) - 大提琴音色2（大调）/Cello 2 (G).wav	4615324
Multiply Sound@影采/1.Film Score Collection V1/1. Film Score Collection V1/2. Riffs_Melodies - 连复段_旋律音色/2. Cello 2 (Major) - 大提琴音色2（大调）/Cello 2 (F).wav	4615324
Multiply Sound@影采/1.Film Score Collection V1/1. Film Score Collection V1/2. Riffs_Melodies - 连复段_旋律音色/2. Cello 2 (Major) - 大提琴音色2（大调）/Cello 2 (G#_Ab).wav	4615324
Multiply Sound@影采/1.Film Score Collection V1/1. Film Score Collection V1/2. Riffs_Melodies - 连复段_旋律音色/2. Cello 2 (Major) - 大提琴音色2（大调）/Cello 2 (C#_Db).wav	4615324
Multiply Sound@影采/1.Film Score Collection V1/1. Film Score Collection V1/2. Riffs_Melodies - 连复段_旋律音色/2. Cello 2 (Major) - 大提琴音色2（大调）/Cello 2 (D#_Eb).wav	4615324
Multiply Sound@影采/1.Film Score Collection V1/1. Film Score Collection V1/2. Riffs_Melodies - 连复段_旋律音色/2. Cello 2 (Major) - 大提琴音色2（大调）/Cello 2 (D).wav	4615324
Multiply Sound@影采/1.Film Score Collection V1/1. Film Score Collection V1/2. Riffs_Melodies - 连复段_旋律音色/2. Cello 2 (Major) - 大提琴音色2（大调）/Cello 2 (B).wav	4615324
Multiply Sound@影采/1.Film Score Collection V1/1. Film Score Collection V1/2. Riffs_Melodies - 连复段_旋律音色/2. Cello 2 (Major) - 大提琴音色2（大调）/Cello 2 (F#_Gb).wav	4615324
Multiply Sound@影采/1.Film Score Collection V1/1. Film Score Collection V1/2. Riffs_Melodies - 连复段_旋律音色/11. Double Cello 1 (Minor) - 叠加大提琴音色1（小调）/Double Cello 1 (D#m_Ebm).wav	3956294
Multiply Sound@影采/1.Film Score Collection V1/1. Film Score Collection V1/2. Riffs_Melodies - 连复段_旋律音色/11. Double Cello 1 (Minor) - 叠加大提琴音色1（小调）/Double Cello 1 (Bm)).wav	3956294
Multiply Sound@影采/1.Film Score Collection V1/1. Film Score Collection V1/2. Riffs_Melodies - 连复段_旋律音色/11. Double Cello 1 (Minor) - 叠加大提琴音色1（小调）/Double Cello 1 (C#m_Dbm).wav	3956296
Multiply Sound@影采/1.Film Score Collection V1/1. Film Score Collection V1/2. Riffs_Melodies - 连复段_旋律音色/11. Double Cello 1 (Minor) - 叠加大提琴音色1（小调）/Double Cello 1 (F#m_Gbm).wav	3956294
Multiply Sound@影采/1.Film Score Collection V1/1. Film Score Collection V1/2. Riffs_Melodies - 连复段_旋律音色/11. Double Cello 1 (Minor) - 叠加大提琴音色1（小调）/Double Cello 1 (Em).wav	3956294
Multiply Sound@影采/1.Film Score Collection V1/1. Film Score Collection V1/2. Riffs_Melodies - 连复段_旋律音色/11. Double Cello 1 (Minor) - 叠加大提琴音色1（小调）/Double Cello 1 (G#m_Abm).wav	3956292
Multiply Sound@影采/1.Film Score Collection V1/1. Film Score Collection V1/2. Riffs_Melodies - 连复段_旋律音色/11. Double Cello 1 (Minor) - 叠加大提琴音色1（小调）/Double Cello 1 (Am).wav	3956294
Multiply Sound@影采/1.Film Score Collection V1/1. Film Score Collection V1/2. Riffs_Melodies - 连复段_旋律音色/11. Double Cello 1 (Minor) - 叠加大提琴音色1（小调）/Double Cello 1 (Cm).wav	3956294
Multiply Sound@影采/1.Film Score Collection V1/1. Film Score Collection V1/2. Riffs_Melodies - 连复段_旋律音色/11. Double Cello 1 (Minor) - 叠加大提琴音色1（小调）/Double Cello 1 (Gm).wav	3956294
Multiply Sound@影采/1.Film Score Collection V1/1. Film Score Collection V1/2. Riffs_Melodies - 连复段_旋律音色/11. Double Cello 1 (Minor) - 叠加大提琴音色1（小调）/Double Cello 1 (Dm).wav	3956292
Multiply Sound@影采/1.Film Score Collection V1/1. Film Score Collection V1/2. Riffs_Melodies - 连复段_旋律音色/11. Double Cello 1 (Minor) - 叠加大提琴音色1（小调）/Double Cello 1 (A#m_Bbm)).wav	3956296
Multiply Sound@影采/1.Film Score Collection V1/1. Film Score Collection V1/2. Riffs_Melodies - 连复段_旋律音色/11. Double Cello 1 (Minor) - 叠加大提琴音色1（小调）/Double Cello 1 (Fm).wav	3956294
Multiply Sound@影采/1.Film Score Collection V1/1. Film Score Collection V1/2. Riffs_Melodies - 连复段_旋律音色/13. String Flutter (Minor) - 轻颤流动弦乐（小调）/String Flutter (Cm).wav	5653508
Multiply Sound@影采/1.Film Score Collection V1/1. Film Score Collection V1/2. Riffs_Melodies - 连复段_旋律音色/13. String Flutter (Minor) - 轻颤流动弦乐（小调）/String Flutter (A#m_Bbm).wav	5653508
Multiply Sound@影采/1.Film Score Collection V1/1. Film Score Collection V1/2. Riffs_Melodies - 连复段_旋律音色/13. String Flutter (Minor) - 轻颤流动弦乐（小调）/String Flutter (Bm).wav	5653508
Multiply Sound@影采/1.Film Score Collection V1/1. Film Score Collection V1/2. Riffs_Melodies - 连复段_旋律音色/13. String Flutter (Minor) - 轻颤流动弦乐（小调）/String Flutter (C#m_Dbm).wav	5653506
Multiply Sound@影采/1.Film Score Collection V1/1. Film Score Collection V1/2. Riffs_Melodies - 连复段_旋律音色/13. String Flutter (Minor) - 轻颤流动弦乐（小调）/String Flutter (Am).wav	5653508
Multiply Sound@影采/1.Film Score Collection V1/1. Film Score Collection V1/2. Riffs_Melodies - 连复段_旋律音色/13. String Flutter (Minor) - 轻颤流动弦乐（小调）/String Flutter (Em).wav	5653508
Multiply Sound@影采/1.Film Score Collection V1/1. Film Score Collection V1/2. Riffs_Melodies - 连复段_旋律音色/13. String Flutter (Minor) - 轻颤流动弦乐（小调）/String Flutter (F#m_Gbm).wav	5653506
Multiply Sound@影采/1.Film Score Collection V1/1. Film Score Collection V1/2. Riffs_Melodies - 连复段_旋律音色/13. String Flutter (Minor) - 轻颤流动弦乐（小调）/String Flutter (Fm).wav	5653508
Multiply Sound@影采/1.Film Score Collection V1/1. Film Score Collection V1/2. Riffs_Melodies - 连复段_旋律音色/13. String Flutter (Minor) - 轻颤流动弦乐（小调）/String Flutter (Gm).wav	5653508
Multiply Sound@影采/1.Film Score Collection V1/1. Film Score Collection V1/2. Riffs_Melodies - 连复段_旋律音色/13. String Flutter (Minor) - 轻颤流动弦乐（小调）/String Flutter (Dm).wav	5653506
Multiply Sound@影采/1.Film Score Collection V1/1. Film Score Collection V1/2. Riffs_Melodies - 连复段_旋律音色/13. String Flutter (Minor) - 轻颤流动弦乐（小调）/String Flutter (G#m_Abm).wav	5653506
Multiply Sound@影采/1.Film Score Collection V1/1. Film Score Collection V1/2. Riffs_Melodies - 连复段_旋律音色/13. String Flutter (Minor) - 轻颤流动弦乐（小调）/String Flutter (D#m_Ebm).wav	5653506
Multiply Sound@影采/1.Film Score Collection V1/1. Film Score Collection V1/2. Riffs_Melodies - 连复段_旋律音色/7. Somber Piano (Major) - 沉缓静谧钢琴（大调）/Somber Piano (C#_Db).wav	10220772
Multiply Sound@影采/1.Film Score Collection V1/1. Film Score Collection V1/2. Riffs_Melodies - 连复段_旋律音色/7. Somber Piano (Major) - 沉缓静谧钢琴（大调）/Somber Piano (G).wav	10220772
Multiply Sound@影采/1.Film Score Collection V1/1. Film Score Collection V1/2. Riffs_Melodies - 连复段_旋律音色/7. Somber Piano (Major) - 沉缓静谧钢琴（大调）/Somber Piano (D).wav	10220772
Multiply Sound@影采/1.Film Score Collection V1/1. Film Score Collection V1/2. Riffs_Melodies - 连复段_旋律音色/7. Somber Piano (Major) - 沉缓静谧钢琴（大调）/Somber Piano (E).wav	10220772
Multiply Sound@影采/1.Film Score Collection V1/1. Film Score Collection V1/2. Riffs_Melodies - 连复段_旋律音色/7. Somber Piano (Major) - 沉缓静谧钢琴（大调）/Somber Piano (A#_Bb).wav	10220772
Multiply Sound@影采/1.Film Score Collection V1/1. Film Score Collection V1/2. Riffs_Melodies - 连复段_旋律音色/7. Somber Piano (Major) - 沉缓静谧钢琴（大调）/Somber Piano (D#_Eb).wav	10220772
Multiply Sound@影采/1.Film Score Collection V1/1. Film Score Collection V1/2. Riffs_Melodies - 连复段_旋律音色/7. Somber Piano (Major) - 沉缓静谧钢琴（大调）/Somber Piano (C).wav	10220772
Multiply Sound@影采/1.Film Score Collection V1/1. Film Score Collection V1/2. Riffs_Melodies - 连复段_旋律音色/7. Somber Piano (Major) - 沉缓静谧钢琴（大调）/Somber Piano (F#_Gb).wav	10220772
Multiply Sound@影采/1.Film Score Collection V1/1. Film Score Collection V1/2. Riffs_Melodies - 连复段_旋律音色/7. Somber Piano (Major) - 沉缓静谧钢琴（大调）/Somber Piano (G#_Ab).wav	10220772
Multiply Sound@影采/1.Film Score Collection V1/1. Film Score Collection V1/2. Riffs_Melodies - 连复段_旋律音色/7. Somber Piano (Major) - 沉缓静谧钢琴（大调）/Somber Piano (F).wav	10220772
Multiply Sound@影采/1.Film Score Collection V1/1. Film Score Collection V1/2. Riffs_Melodies - 连复段_旋律音色/7. Somber Piano (Major) - 沉缓静谧钢琴（大调）/Somber Piano (B).wav	10220772
Multiply Sound@影采/1.Film Score Collection V1/1. Film Score Collection V1/2. Riffs_Melodies - 连复段_旋律音色/7. Somber Piano (Major) - 沉缓静谧钢琴（大调）/Somber Piano (A).wav	10220772
Multiply Sound@影采/1.Film Score Collection V1/1. Film Score Collection V1/2. Riffs_Melodies - 连复段_旋律音色/12. Double Cello 2 (Minor) - 叠加大提琴音色2（小调）/Double Cello 2 (D#m_Ebm).wav	4697840
Multiply Sound@影采/1.Film Score Collection V1/1. Film Score Collection V1/2. Riffs_Melodies - 连复段_旋律音色/12. Double Cello 2 (Minor) - 叠加大提琴音色2（小调）/Double Cello 2 (Cm).wav	4697840
Multiply Sound@影采/1.Film Score Collection V1/1. Film Score Collection V1/2. Riffs_Melodies - 连复段_旋律音色/12. Double Cello 2 (Minor) - 叠加大提琴音色2（小调）/Double Cello 2 (Em).wav	4697840
Multiply Sound@影采/1.Film Score Collection V1/1. Film Score Collection V1/2. Riffs_Melodies - 连复段_旋律音色/12. Double Cello 2 (Minor) - 叠加大提琴音色2（小调）/Double Cello 2 (C#m_Dbm).wav	4697840
Multiply Sound@影采/1.Film Score Collection V1/1. Film Score Collection V1/2. Riffs_Melodies - 连复段_旋律音色/12. Double Cello 2 (Minor) - 叠加大提琴音色2（小调）/Double Cello 2 (A#m_Bbm).wav	4697840
Multiply Sound@影采/1.Film Score Collection V1/1. Film Score Collection V1/2. Riffs_Melodies - 连复段_旋律音色/12. Double Cello 2 (Minor) - 叠加大提琴音色2（小调）/Double Cello 2 (G#m_Abm).wav	4697844
Multiply Sound@影采/1.Film Score Collection V1/1. Film Score Collection V1/2. Riffs_Melodies - 连复段_旋律音色/12. Double Cello 2 (Minor) - 叠加大提琴音色2（小调）/Double Cello 2 (F#m_Gbm).wav	4697840
Multiply Sound@影采/1.Film Score Collection V1/1. Film Score Collection V1/2. Riffs_Melodies - 连复段_旋律音色/12. Double Cello 2 (Minor) - 叠加大提琴音色2（小调）/Double Cello 2 (Am).wav	4697840
Multiply Sound@影采/1.Film Score Collection V1/1. Film Score Collection V1/2. Riffs_Melodies - 连复段_旋律音色/12. Double Cello 2 (Minor) - 叠加大提琴音色2（小调）/Double Cello 2 (Fm).wav	4697842
Multiply Sound@影采/1.Film Score Collection V1/1. Film Score Collection V1/2. Riffs_Melodies - 连复段_旋律音色/12. Double Cello 2 (Minor) - 叠加大提琴音色2（小调）/Double Cello 2 (Dm).wav	4697842
Multiply Sound@影采/1.Film Score Collection V1/1. Film Score Collection V1/2. Riffs_Melodies - 连复段_旋律音色/12. Double Cello 2 (Minor) - 叠加大提琴音色2（小调）/Double Cello 2 (Gm).wav	4697840
Multiply Sound@影采/1.Film Score Collection V1/1. Film Score Collection V1/2. Riffs_Melodies - 连复段_旋律音色/12. Double Cello 2 (Minor) - 叠加大提琴音色2（小调）/Double Cello 2 (Bm).wav	4697840
Multiply Sound@影采/1.Film Score Collection V1/1. Film Score Collection V1/2. Riffs_Melodies - 连复段_旋律音色/14. String Pluck (Minor) - 拨奏弦乐（小调）/String Pluck (A#m_Bbm).wav	5653508
Multiply Sound@影采/1.Film Score Collection V1/1. Film Score Collection V1/2. Riffs_Melodies - 连复段_旋律音色/14. String Pluck (Minor) - 拨奏弦乐（小调）/String Pluck (Fm).wav	5653506
Multiply Sound@影采/1.Film Score Collection V1/1. Film Score Collection V1/2. Riffs_Melodies - 连复段_旋律音色/14. String Pluck (Minor) - 拨奏弦乐（小调）/String Pluck (D#m_Ebm).wav	5653506
Multiply Sound@影采/1.Film Score Collection V1/1. Film Score Collection V1/2. Riffs_Melodies - 连复段_旋律音色/14. String Pluck (Minor) - 拨奏弦乐（小调）/String Pluck (F#m_Gbm).wav	5653508
Multiply Sound@影采/1.Film Score Collection V1/1. Film Score Collection V1/2. Riffs_Melodies - 连复段_旋律音色/14. String Pluck (Minor) - 拨奏弦乐（小调）/String Pluck (G#m_Abm).wav	5653508
Multiply Sound@影采/1.Film Score Collection V1/1. Film Score Collection V1/2. Riffs_Melodies - 连复段_旋律音色/14. String Pluck (Minor) - 拨奏弦乐（小调）/String Pluck (Cm).wav	5653506
Multiply Sound@影采/1.Film Score Collection V1/1. Film Score Collection V1/2. Riffs_Melodies - 连复段_旋律音色/14. String Pluck (Minor) - 拨奏弦乐（小调）/String Pluck (Dm).wav	5653508
Multiply Sound@影采/1.Film Score Collection V1/1. Film Score Collection V1/2. Riffs_Melodies - 连复段_旋律音色/14. String Pluck (Minor) - 拨奏弦乐（小调）/String Pluck (Gm).wav	5653508
Multiply Sound@影采/1.Film Score Collection V1/1. Film Score Collection V1/2. Riffs_Melodies - 连复段_旋律音色/14. String Pluck (Minor) - 拨奏弦乐（小调）/String Pluck (Bm).wav	5653508
Multiply Sound@影采/1.Film Score Collection V1/1. Film Score Collection V1/2. Riffs_Melodies - 连复段_旋律音色/14. String Pluck (Minor) - 拨奏弦乐（小调）/String Pluck (Am).wav	5653508
Multiply Sound@影采/1.Film Score Collection V1/1. Film Score Collection V1/2. Riffs_Melodies - 连复段_旋律音色/14. String Pluck (Minor) - 拨奏弦乐（小调）/String Pluck (C#m_Dbm).wav	5653508
Multiply Sound@影采/1.Film Score Collection V1/1. Film Score Collection V1/2. Riffs_Melodies - 连复段_旋律音色/14. String Pluck (Minor) - 拨奏弦乐（小调）/String Pluck (Em).wav	5653508
Multiply Sound@影采/1.Film Score Collection V1/1. Film Score Collection V1/7. Melodic Transitions - 旋律过渡音色/8. Strings Chord (Minor) - 弦乐和弦（小调）/String Chord (G#m_Abm).wav	1978796
Multiply Sound@影采/1.Film Score Collection V1/1. Film Score Collection V1/7. Melodic Transitions - 旋律过渡音色/8. Strings Chord (Minor) - 弦乐和弦（小调）/String Chord (Dm).wav	1978796
Multiply Sound@影采/1.Film Score Collection V1/1. Film Score Collection V1/7. Melodic Transitions - 旋律过渡音色/8. Strings Chord (Minor) - 弦乐和弦（小调）/String Chord (A#m_Bbm).wav	1978796
Multiply Sound@影采/1.Film Score Collection V1/1. Film Score Collection V1/7. Melodic Transitions - 旋律过渡音色/8. Strings Chord (Minor) - 弦乐和弦（小调）/String Chord (Cm).wav	1978796
Multiply Sound@影采/1.Film Score Collection V1/1. Film Score Collection V1/7. Melodic Transitions - 旋律过渡音色/8. Strings Chord (Minor) - 弦乐和弦（小调）/String Chord (Bm).wav	1978796
Multiply Sound@影采/1.Film Score Collection V1/1. Film Score Collection V1/7. Melodic Transitions - 旋律过渡音色/8. Strings Chord (Minor) - 弦乐和弦（小调）/String Chord (Gm).wav	1978796
Multiply Sound@影采/1.Film Score Collection V1/1. Film Score Collection V1/7. Melodic Transitions - 旋律过渡音色/8. Strings Chord (Minor) - 弦乐和弦（小调）/String Chord (Em).wav	1978796
Multiply Sound@影采/1.Film Score Collection V1/1. Film Score Collection V1/7. Melodic Transitions - 旋律过渡音色/8. Strings Chord (Minor) - 弦乐和弦（小调）/String Chord (Am).wav	1978796
Multiply Sound@影采/1.Film Score Collection V1/1. Film Score Collection V1/7. Melodic Transitions - 旋律过渡音色/8. Strings Chord (Minor) - 弦乐和弦（小调）/String Chord (Fm).wav	1978796
Multiply Sound@影采/1.Film Score Collection V1/1. Film Score Collection V1/7. Melodic Transitions - 旋律过渡音色/8. Strings Chord (Minor) - 弦乐和弦（小调）/String Chord (F#m_Gbm).wav	1978796
Multiply Sound@影采/1.Film Score Collection V1/1. Film Score Collection V1/7. Melodic Transitions - 旋律过渡音色/8. Strings Chord (Minor) - 弦乐和弦（小调）/String Chord (C#m_Dbm).wav	1978796
Multiply Sound@影采/1.Film Score Collection V1/1. Film Score Collection V1/7. Melodic Transitions - 旋律过渡音色/8. Strings Chord (Minor) - 弦乐和弦（小调）/String Chord (D#m_Ebm).wav	1978796
Multiply Sound@影采/1.Film Score Collection V1/1. Film Score Collection V1/7. Melodic Transitions - 旋律过渡音色/10. Dusk (Minor) - 暮色氛围音色（小调）/Dusk (Cm).wav	2120830
Multiply Sound@影采/1.Film Score Collection V1/1. Film Score Collection V1/7. Melodic Transitions - 旋律过渡音色/10. Dusk (Minor) - 暮色氛围音色（小调）/Dusk (F#m_Gbm).wav	2120830
Multiply Sound@影采/1.Film Score Collection V1/1. Film Score Collection V1/7. Melodic Transitions - 旋律过渡音色/10. Dusk (Minor) - 暮色氛围音色（小调）/Dusk (Fm).wav	2120830
Multiply Sound@影采/1.Film Score Collection V1/1. Film Score Collection V1/7. Melodic Transitions - 旋律过渡音色/10. Dusk (Minor) - 暮色氛围音色（小调）/Dusk (Dm).wav	2120830
Multiply Sound@影采/1.Film Score Collection V1/1. Film Score Collection V1/7. Melodic Transitions - 旋律过渡音色/10. Dusk (Minor) - 暮色氛围音色（小调）/Dusk (Em).wav	2120830
Multiply Sound@影采/1.Film Score Collection V1/1. Film Score Collection V1/7. Melodic Transitions - 旋律过渡音色/10. Dusk (Minor) - 暮色氛围音色（小调）/Dusk (D#m_Ebm).wav	2120830
Multiply Sound@影采/1.Film Score Collection V1/1. Film Score Collection V1/7. Melodic Transitions - 旋律过渡音色/10. Dusk (Minor) - 暮色氛围音色（小调）/Dusk (G#m_Abm).wav	2120830
Multiply Sound@影采/1.Film Score Collection V1/1. Film Score Collection V1/7. Melodic Transitions - 旋律过渡音色/10. Dusk (Minor) - 暮色氛围音色（小调）/Dusk (Am).wav	2120830
Multiply Sound@影采/1.Film Score Collection V1/1. Film Score Collection V1/7. Melodic Transitions - 旋律过渡音色/10. Dusk (Minor) - 暮色氛围音色（小调）/Dusk (Gm).wav	2120830
Multiply Sound@影采/1.Film Score Collection V1/1. Film Score Collection V1/7. Melodic Transitions - 旋律过渡音色/10. Dusk (Minor) - 暮色氛围音色（小调）/Dusk (Bm).wav	2120830
Multiply Sound@影采/1.Film Score Collection V1/1. Film Score Collection V1/7. Melodic Transitions - 旋律过渡音色/10. Dusk (Minor) - 暮色氛围音色（小调）/Dusk (C#m_Dbm).wav	2120830
Multiply Sound@影采/1.Film Score Collection V1/1. Film Score Collection V1/7. Melodic Transitions - 旋律过渡音色/10. Dusk (Minor) - 暮色氛围音色（小调）/Dusk (A#m_Bbm).wav	2120830
Multiply Sound@影采/1.Film Score Collection V1/1. Film Score Collection V1/7. Melodic Transitions - 旋律过渡音色/7. Strain (Minor) - 紧绷压抑音色（小调）/Strain (Cm).wav	2313576
Multiply Sound@影采/1.Film Score Collection V1/1. Film Score Collection V1/7. Melodic Transitions - 旋律过渡音色/7. Strain (Minor) - 紧绷压抑音色（小调）/Strain (A#m_Bbm).wav	2313576
Multiply Sound@影采/1.Film Score Collection V1/1. Film Score Collection V1/7. Melodic Transitions - 旋律过渡音色/7. Strain (Minor) - 紧绷压抑音色（小调）/Strain (G#m_Abm).wav	2313574
Multiply Sound@影采/1.Film Score Collection V1/1. Film Score Collection V1/7. Melodic Transitions - 旋律过渡音色/7. Strain (Minor) - 紧绷压抑音色（小调）/Strain (Gm).wav	2313576
Multiply Sound@影采/1.Film Score Collection V1/1. Film Score Collection V1/7. Melodic Transitions - 旋律过渡音色/7. Strain (Minor) - 紧绷压抑音色（小调）/Strain (F#m_Gbm).wav	2313574
Multiply Sound@影采/1.Film Score Collection V1/1. Film Score Collection V1/7. Melodic Transitions - 旋律过渡音色/7. Strain (Minor) - 紧绷压抑音色（小调）/Strain (Bm).wav	2313576
Multiply Sound@影采/1.Film Score Collection V1/1. Film Score Collection V1/7. Melodic Transitions - 旋律过渡音色/7. Strain (Minor) - 紧绷压抑音色（小调）/Strain (C#m_Dbm).wav	2313576
Multiply Sound@影采/1.Film Score Collection V1/1. Film Score Collection V1/7. Melodic Transitions - 旋律过渡音色/7. Strain (Minor) - 紧绷压抑音色（小调）/Strain (Dm).wav	2313576
Multiply Sound@影采/1.Film Score Collection V1/1. Film Score Collection V1/7. Melodic Transitions - 旋律过渡音色/7. Strain (Minor) - 紧绷压抑音色（小调）/Strain (Am).wav	2313576
Multiply Sound@影采/1.Film Score Collection V1/1. Film Score Collection V1/7. Melodic Transitions - 旋律过渡音色/7. Strain (Minor) - 紧绷压抑音色（小调）/Strain (D#m_Ebm).wav	2313574
Multiply Sound@影采/1.Film Score Collection V1/1. Film Score Collection V1/7. Melodic Transitions - 旋律过渡音色/7. Strain (Minor) - 紧绷压抑音色（小调）/Strain (Fm).wav	2313574
Multiply Sound@影采/1.Film Score Collection V1/1. Film Score Collection V1/7. Melodic Transitions - 旋律过渡音色/7. Strain (Minor) - 紧绷压抑音色（小调）/Strain (Em).wav	2313576
Multiply Sound@影采/1.Film Score Collection V1/1. Film Score Collection V1/7. Melodic Transitions - 旋律过渡音色/4. Vocal Chop (Major_Minor) - 人声切片（大小调通用）/Vocal Chop (A#_Bb).wav	1880018
Multiply Sound@影采/1.Film Score Collection V1/1. Film Score Collection V1/7. Melodic Transitions - 旋律过渡音色/4. Vocal Chop (Major_Minor) - 人声切片（大小调通用）/Vocal Chop (F).wav	1880018
Multiply Sound@影采/1.Film Score Collection V1/1. Film Score Collection V1/7. Melodic Transitions - 旋律过渡音色/4. Vocal Chop (Major_Minor) - 人声切片（大小调通用）/Vocal Chop (F#_Gb).wav	1880018
Multiply Sound@影采/1.Film Score Collection V1/1. Film Score Collection V1/7. Melodic Transitions - 旋律过渡音色/4. Vocal Chop (Major_Minor) - 人声切片（大小调通用）/Vocal Chop (D).wav	1880018
Multiply Sound@影采/1.Film Score Collection V1/1. Film Score Collection V1/7. Melodic Transitions - 旋律过渡音色/4. Vocal Chop (Major_Minor) - 人声切片（大小调通用）/Vocal Chop (B).wav	1880018
Multiply Sound@影采/1.Film Score Collection V1/1. Film Score Collection V1/7. Melodic Transitions - 旋律过渡音色/4. Vocal Chop (Major_Minor) - 人声切片（大小调通用）/Vocal Chop (G).wav	1880018
Multiply Sound@影采/1.Film Score Collection V1/1. Film Score Collection V1/7. Melodic Transitions - 旋律过渡音色/4. Vocal Chop (Major_Minor) - 人声切片（大小调通用）/Vocal Chop (C#_Db).wav	1880018
Multiply Sound@影采/1.Film Score Collection V1/1. Film Score Collection V1/7. Melodic Transitions - 旋律过渡音色/4. Vocal Chop (Major_Minor) - 人声切片（大小调通用）/Vocal Chop (C).wav	1880018
Multiply Sound@影采/1.Film Score Collection V1/1. Film Score Collection V1/7. Melodic Transitions - 旋律过渡音色/4. Vocal Chop (Major_Minor) - 人声切片（大小调通用）/Vocal Chop (A).wav	1880018
Multiply Sound@影采/1.Film Score Collection V1/1. Film Score Collection V1/7. Melodic Transitions - 旋律过渡音色/4. Vocal Chop (Major_Minor) - 人声切片（大小调通用）/Vocal Chop (G#_Ab).wav	1880018
Multiply Sound@影采/1.Film Score Collection V1/1. Film Score Collection V1/7. Melodic Transitions - 旋律过渡音色/4. Vocal Chop (Major_Minor) - 人声切片（大小调通用）/Vocal Chop (D#_Eb).wav	1880018
Multiply Sound@影采/1.Film Score Collection V1/1. Film Score Collection V1/7. Melodic Transitions - 旋律过渡音色/4. Vocal Chop (Major_Minor) - 人声切片（大小调通用）/Vocal Chop (E).wav	1880018
Multiply Sound@影采/1.Film Score Collection V1/1. Film Score Collection V1/7. Melodic Transitions - 旋律过渡音色/2. High Piano (Major_Minor) - 高音钢琴（大小调通用）/High Piano (F).wav	2120830
Multiply Sound@影采/1.Film Score Collection V1/1. Film Score Collection V1/7. Melodic Transitions - 旋律过渡音色/2. High Piano (Major_Minor) - 高音钢琴（大小调通用）/High Piano (A).wav	2120830
Multiply Sound@影采/1.Film Score Collection V1/1. Film Score Collection V1/7. Melodic Transitions - 旋律过渡音色/2. High Piano (Major_Minor) - 高音钢琴（大小调通用）/High Piano (F#_Gb).wav	2120830
Multiply Sound@影采/1.Film Score Collection V1/1. Film Score Collection V1/7. Melodic Transitions - 旋律过渡音色/2. High Piano (Major_Minor) - 高音钢琴（大小调通用）/High Piano (G).wav	2120830
Multiply Sound@影采/1.Film Score Collection V1/1. Film Score Collection V1/7. Melodic Transitions - 旋律过渡音色/2. High Piano (Major_Minor) - 高音钢琴（大小调通用）/High Piano (D#_Eb).wav	2120830
Multiply Sound@影采/1.Film Score Collection V1/1. Film Score Collection V1/7. Melodic Transitions - 旋律过渡音色/2. High Piano (Major_Minor) - 高音钢琴（大小调通用）/High Piano (A#_Bb).wav	2120830
Multiply Sound@影采/1.Film Score Collection V1/1. Film Score Collection V1/7. Melodic Transitions - 旋律过渡音色/2. High Piano (Major_Minor) - 高音钢琴（大小调通用）/High Piano (G#_Ab).wav	2120830
Multiply Sound@影采/1.Film Score Collection V1/1. Film Score Collection V1/7. Melodic Transitions - 旋律过渡音色/2. High Piano (Major_Minor) - 高音钢琴（大小调通用）/High Piano (C#_Db).wav	2120830
Multiply Sound@影采/1.Film Score Collection V1/1. Film Score Collection V1/7. Melodic Transitions - 旋律过渡音色/2. High Piano (Major_Minor) - 高音钢琴（大小调通用）/High Piano (E).wav	2120830
Multiply Sound@影采/1.Film Score Collection V1/1. Film Score Collection V1/7. Melodic Transitions - 旋律过渡音色/2. High Piano (Major_Minor) - 高音钢琴（大小调通用）/High Piano (B).wav	2120830
Multiply Sound@影采/1.Film Score Collection V1/1. Film Score Collection V1/7. Melodic Transitions - 旋律过渡音色/2. High Piano (Major_Minor) - 高音钢琴（大小调通用）/High Piano (C).wav	2120830
Multiply Sound@影采/1.Film Score Collection V1/1. Film Score Collection V1/7. Melodic Transitions - 旋律过渡音色/2. High Piano (Major_Minor) - 高音钢琴（大小调通用）/High Piano (D).wav	2120830
Multiply Sound@影采/1.Film Score Collection V1/1. Film Score Collection V1/7. Melodic Transitions - 旋律过渡音色/9. Low Haunting (Minor) - 低沉幽寂音色（小调）/Low Haunting (A#m_Bbm).wav	4240438
Multiply Sound@影采/1.Film Score Collection V1/1. Film Score Collection V1/7. Melodic Transitions - 旋律过渡音色/9. Low Haunting (Minor) - 低沉幽寂音色（小调）/Low Haunting (C#m_Dbm).wav	4240438
Multiply Sound@影采/1.Film Score Collection V1/1. Film Score Collection V1/7. Melodic Transitions - 旋律过渡音色/9. Low Haunting (Minor) - 低沉幽寂音色（小调）/Low Haunting (Dm).wav	4240438
Multiply Sound@影采/1.Film Score Collection V1/1. Film Score Collection V1/7. Melodic Transitions - 旋律过渡音色/9. Low Haunting (Minor) - 低沉幽寂音色（小调）/Low Haunting (Fm).wav	4240438
Multiply Sound@影采/1.Film Score Collection V1/1. Film Score Collection V1/7. Melodic Transitions - 旋律过渡音色/9. Low Haunting (Minor) - 低沉幽寂音色（小调）/Low Haunting (Cm).wav	4240438
Multiply Sound@影采/1.Film Score Collection V1/1. Film Score Collection V1/7. Melodic Transitions - 旋律过渡音色/9. Low Haunting (Minor) - 低沉幽寂音色（小调）/Low Haunting (Em).wav	4240438
Multiply Sound@影采/1.Film Score Collection V1/1. Film Score Collection V1/7. Melodic Transitions - 旋律过渡音色/9. Low Haunting (Minor) - 低沉幽寂音色（小调）/Low Haunting (Am).wav	4240438
Multiply Sound@影采/1.Film Score Collection V1/1. Film Score Collection V1/7. Melodic Transitions - 旋律过渡音色/9. Low Haunting (Minor) - 低沉幽寂音色（小调）/Low Haunting (G#m_Abm).wav	4240438
Multiply Sound@影采/1.Film Score Collection V1/1. Film Score Collection V1/7. Melodic Transitions - 旋律过渡音色/9. Low Haunting (Minor) - 低沉幽寂音色（小调）/Low Haunting (D#m_Ebm).wav	4240438
Multiply Sound@影采/1.Film Score Collection V1/1. Film Score Collection V1/7. Melodic Transitions - 旋律过渡音色/9. Low Haunting (Minor) - 低沉幽寂音色（小调）/Low Haunting (Gm).wav	4240438
Multiply Sound@影采/1.Film Score Collection V1/1. Film Score Collection V1/7. Melodic Transitions - 旋律过渡音色/9. Low Haunting (Minor) - 低沉幽寂音色（小调）/Low Haunting (Bm).wav	4240438
Multiply Sound@影采/1.Film Score Collection V1/1. Film Score Collection V1/7. Melodic Transitions - 旋律过渡音色/9. Low Haunting (Minor) - 低沉幽寂音色（小调）/Low Haunting (F#m_Gbm).wav	4240438
Multiply Sound@影采/1.Film Score Collection V1/1. Film Score Collection V1/7. Melodic Transitions - 旋律过渡音色/3. Reverse Piano (Major_Minor) - 反向钢琴（大小调通用）/Reverse Piano (F#_Gb).wav	1855878
Multiply Sound@影采/1.Film Score Collection V1/1. Film Score Collection V1/7. Melodic Transitions - 旋律过渡音色/3. Reverse Piano (Major_Minor) - 反向钢琴（大小调通用）/Reverse Piano (C).wav	1855876
Multiply Sound@影采/1.Film Score Collection V1/1. Film Score Collection V1/7. Melodic Transitions - 旋律过渡音色/3. Reverse Piano (Major_Minor) - 反向钢琴（大小调通用）/Reverse Piano (G#_Ab).wav	1855878
Multiply Sound@影采/1.Film Score Collection V1/1. Film Score Collection V1/7. Melodic Transitions - 旋律过渡音色/3. Reverse Piano (Major_Minor) - 反向钢琴（大小调通用）/Reverse Piano (G).wav	1855876
Multiply Sound@影采/1.Film Score Collection V1/1. Film Score Collection V1/7. Melodic Transitions - 旋律过渡音色/3. Reverse Piano (Major_Minor) - 反向钢琴（大小调通用）/Reverse Piano (F).wav	1855878
Multiply Sound@影采/1.Film Score Collection V1/1. Film Score Collection V1/7. Melodic Transitions - 旋律过渡音色/3. Reverse Piano (Major_Minor) - 反向钢琴（大小调通用）/Reverse Piano (D#_Eb).wav	1855876
Multiply Sound@影采/1.Film Score Collection V1/1. Film Score Collection V1/7. Melodic Transitions - 旋律过渡音色/3. Reverse Piano (Major_Minor) - 反向钢琴（大小调通用）/Reverse Piano (C#_Db).wav	1855876
Multiply Sound@影采/1.Film Score Collection V1/1. Film Score Collection V1/7. Melodic Transitions - 旋律过渡音色/3. Reverse Piano (Major_Minor) - 反向钢琴（大小调通用）/Reverse Piano (D).wav	1855876
Multiply Sound@影采/1.Film Score Collection V1/1. Film Score Collection V1/7. Melodic Transitions - 旋律过渡音色/3. Reverse Piano (Major_Minor) - 反向钢琴（大小调通用）/Reverse Piano (E).wav	1855878
Multiply Sound@影采/1.Film Score Collection V1/1. Film Score Collection V1/7. Melodic Transitions - 旋律过渡音色/3. Reverse Piano (Major_Minor) - 反向钢琴（大小调通用）/Reverse Piano (A).wav	1855878
Multiply Sound@影采/1.Film Score Collection V1/1. Film Score Collection V1/7. Melodic Transitions - 旋律过渡音色/3. Reverse Piano (Major_Minor) - 反向钢琴（大小调通用）/Reverse Piano (A#_Bb).wav	1855876
Multiply Sound@影采/1.Film Score Collection V1/1. Film Score Collection V1/7. Melodic Transitions - 旋律过渡音色/3. Reverse Piano (Major_Minor) - 反向钢琴（大小调通用）/Reverse Piano (B).wav	1855876
Multiply Sound@影采/1.Film Score Collection V1/1. Film Score Collection V1/7. Melodic Transitions - 旋律过渡音色/6. Guitar Chord (Major) - 吉他和弦（大调）/Guitar Chord (D#_Eb).wav	6360038
Multiply Sound@影采/1.Film Score Collection V1/1. Film Score Collection V1/7. Melodic Transitions - 旋律过渡音色/6. Guitar Chord (Major) - 吉他和弦（大调）/Guitar Chord (G).wav	6360038
Multiply Sound@影采/1.Film Score Collection V1/1. Film Score Collection V1/7. Melodic Transitions - 旋律过渡音色/6. Guitar Chord (Major) - 吉他和弦（大调）/Guitar Chord (A).wav	6360038
Multiply Sound@影采/1.Film Score Collection V1/1. Film Score Collection V1/7. Melodic Transitions - 旋律过渡音色/6. Guitar Chord (Major) - 吉他和弦（大调）/Guitar Chord (A#_Bb).wav	6360038
Multiply Sound@影采/1.Film Score Collection V1/1. Film Score Collection V1/7. Melodic Transitions - 旋律过渡音色/6. Guitar Chord (Major) - 吉他和弦（大调）/Guitar Chord (G#_Ab).wav	6360038
Multiply Sound@影采/1.Film Score Collection V1/1. Film Score Collection V1/7. Melodic Transitions - 旋律过渡音色/6. Guitar Chord (Major) - 吉他和弦（大调）/Guitar Chord (E).wav	6360038
Multiply Sound@影采/1.Film Score Collection V1/1. Film Score Collection V1/7. Melodic Transitions - 旋律过渡音色/6. Guitar Chord (Major) - 吉他和弦（大调）/Guitar Chord (D).wav	6360038
Multiply Sound@影采/1.Film Score Collection V1/1. Film Score Collection V1/7. Melodic Transitions - 旋律过渡音色/6. Guitar Chord (Major) - 吉他和弦（大调）/Guitar Chord (F).wav	6360038
Multiply Sound@影采/1.Film Score Collection V1/1. Film Score Collection V1/7. Melodic Transitions - 旋律过渡音色/6. Guitar Chord (Major) - 吉他和弦（大调）/Guitar Chord (C#_Db).wav	6360038
Multiply Sound@影采/1.Film Score Collection V1/1. Film Score Collection V1/7. Melodic Transitions - 旋律过渡音色/6. Guitar Chord (Major) - 吉他和弦（大调）/Guitar Chord (F#_Gb).wav	6360038
Multiply Sound@影采/1.Film Score Collection V1/1. Film Score Collection V1/7. Melodic Transitions - 旋律过渡音色/6. Guitar Chord (Major) - 吉他和弦（大调）/Guitar Chord (C).wav	6360038
Multiply Sound@影采/1.Film Score Collection V1/1. Film Score Collection V1/7. Melodic Transitions - 旋律过渡音色/6. Guitar Chord (Major) - 吉他和弦（大调）/Guitar Chord (B).wav	6360038
Multiply Sound@影采/1.Film Score Collection V1/1. Film Score Collection V1/7. Melodic Transitions - 旋律过渡音色/5. Vocal Chop 2 (Major) - 人声切片2（大调）/Vocal Chop 2 (G).wav	2120830
Multiply Sound@影采/1.Film Score Collection V1/1. Film Score Collection V1/7. Melodic Transitions - 旋律过渡音色/5. Vocal Chop 2 (Major) - 人声切片2（大调）/Vocal Chop 2 (F#_Gb).wav	2120828
Multiply Sound@影采/1.Film Score Collection V1/1. Film Score Collection V1/7. Melodic Transitions - 旋律过渡音色/5. Vocal Chop 2 (Major) - 人声切片2（大调）/Vocal Chop 2 (A).wav	2120830
Multiply Sound@影采/1.Film Score Collection V1/1. Film Score Collection V1/7. Melodic Transitions - 旋律过渡音色/5. Vocal Chop 2 (Major) - 人声切片2（大调）/Vocal Chop 2 (D#_Eb).wav	2120828
Multiply Sound@影采/1.Film Score Collection V1/1. Film Score Collection V1/7. Melodic Transitions - 旋律过渡音色/5. Vocal Chop 2 (Major) - 人声切片2（大调）/Vocal Chop 2 (A#_Bb).wav	2120828
Multiply Sound@影采/1.Film Score Collection V1/1. Film Score Collection V1/7. Melodic Transitions - 旋律过渡音色/5. Vocal Chop 2 (Major) - 人声切片2（大调）/Vocal Chop 2 (C).wav	2120830
Multiply Sound@影采/1.Film Score Collection V1/1. Film Score Collection V1/7. Melodic Transitions - 旋律过渡音色/5. Vocal Chop 2 (Major) - 人声切片2（大调）/Vocal Chop 2 (G#_Ab).wav	2120830
Multiply Sound@影采/1.Film Score Collection V1/1. Film Score Collection V1/7. Melodic Transitions - 旋律过渡音色/5. Vocal Chop 2 (Major) - 人声切片2（大调）/Vocal Chop 2 (C#_Db).wav	2120830
Multiply Sound@影采/1.Film Score Collection V1/1. Film Score Collection V1/7. Melodic Transitions - 旋律过渡音色/5. Vocal Chop 2 (Major) - 人声切片2（大调）/Vocal Chop 2 (E).wav	2120830
Multiply Sound@影采/1.Film Score Collection V1/1. Film Score Collection V1/7. Melodic Transitions - 旋律过渡音色/5. Vocal Chop 2 (Major) - 人声切片2（大调）/Vocal Chop 2 (F).wav	2120830
Multiply Sound@影采/1.Film Score Collection V1/1. Film Score Collection V1/7. Melodic Transitions - 旋律过渡音色/5. Vocal Chop 2 (Major) - 人声切片2（大调）/Vocal Chop 2 (D).wav	2120828
Multiply Sound@影采/1.Film Score Collection V1/1. Film Score Collection V1/7. Melodic Transitions - 旋律过渡音色/5. Vocal Chop 2 (Major) - 人声切片2（大调）/Vocal Chop 2 (B).wav	2120828
Multiply Sound@影采/1.Film Score Collection V1/1. Film Score Collection V1/7. Melodic Transitions - 旋律过渡音色/1. Gentle (Major) - 柔和舒缓音色（大调）/Gentle (E).wav	3180632
Multiply Sound@影采/1.Film Score Collection V1/1. Film Score Collection V1/7. Melodic Transitions - 旋律过渡音色/1. Gentle (Major) - 柔和舒缓音色（大调）/Gentle (A#_Bb).wav	3180632
Multiply Sound@影采/1.Film Score Collection V1/1. Film Score Collection V1/7. Melodic Transitions - 旋律过渡音色/1. Gentle (Major) - 柔和舒缓音色（大调）/Gentle (B).wav	3180632
Multiply Sound@影采/1.Film Score Collection V1/1. Film Score Collection V1/7. Melodic Transitions - 旋律过渡音色/1. Gentle (Major) - 柔和舒缓音色（大调）/Gentle (F#_Gb).wav	3180632
Multiply Sound@影采/1.Film Score Collection V1/1. Film Score Collection V1/7. Melodic Transitions - 旋律过渡音色/1. Gentle (Major) - 柔和舒缓音色（大调）/Gentle (A).wav	3180632
Multiply Sound@影采/1.Film Score Collection V1/1. Film Score Collection V1/7. Melodic Transitions - 旋律过渡音色/1. Gentle (Major) - 柔和舒缓音色（大调）/Gentle (D).wav	3180632
Multiply Sound@影采/1.Film Score Collection V1/1. Film Score Collection V1/7. Melodic Transitions - 旋律过渡音色/1. Gentle (Major) - 柔和舒缓音色（大调）/Gentle (G#_Ab).wav	3180632
Multiply Sound@影采/1.Film Score Collection V1/1. Film Score Collection V1/7. Melodic Transitions - 旋律过渡音色/1. Gentle (Major) - 柔和舒缓音色（大调）/Gentle (D#_Eb).wav	3180632
Multiply Sound@影采/1.Film Score Collection V1/1. Film Score Collection V1/7. Melodic Transitions - 旋律过渡音色/1. Gentle (Major) - 柔和舒缓音色（大调）/Gentle (G).wav	3180632
Multiply Sound@影采/1.Film Score Collection V1/1. Film Score Collection V1/7. Melodic Transitions - 旋律过渡音色/1. Gentle (Major) - 柔和舒缓音色（大调）/Gentle (F).wav	3180630
Multiply Sound@影采/1.Film Score Collection V1/1. Film Score Collection V1/7. Melodic Transitions - 旋律过渡音色/1. Gentle (Major) - 柔和舒缓音色（大调）/Gentle (C#_Db).wav	3180630
Multiply Sound@影采/1.Film Score Collection V1/1. Film Score Collection V1/7. Melodic Transitions - 旋律过渡音色/1. Gentle (Major) - 柔和舒缓音色（大调）/Gentle (C).wav	3180632
Multiply Sound@影采/1.Film Score Collection V1/1. Film Score Collection V1/8. Clicks - 轻敲咔哒音效/10. Vintage Clock Wind.wav	1061026
Multiply Sound@影采/1.Film Score Collection V1/1. Film Score Collection V1/8. Clicks - 轻敲咔哒音效/1. Whoosh Click Loop.wav	315136
Multiply Sound@影采/1.Film Score Collection V1/1. Film Score Collection V1/8. Clicks - 轻敲咔哒音效/11. Vinyl Pulse.wav	2650726
Multiply Sound@影采/1.Film Score Collection V1/1. Film Score Collection V1/8. Clicks - 轻敲咔哒音效/3. Bow Cymbal Scratch.wav	3180632
Multiply Sound@影采/1.Film Score Collection V1/1. Film Score Collection V1/8. Clicks - 轻敲咔哒音效/7. Heart Beat 2.wav	5167768
Multiply Sound@影采/1.Film Score Collection V1/1. Film Score Collection V1/8. Clicks - 轻敲咔哒音效/2. Antique Timer.wav	2385776
Multiply Sound@影采/1.Film Score Collection V1/1. Film Score Collection V1/8. Clicks - 轻敲咔哒音效/5. Grandfathers Clock.wav	4047802
Multiply Sound@影采/1.Film Score Collection V1/1. Film Score Collection V1/8. Clicks - 轻敲咔哒音效/4. Clock Ticking Fast.wav	17343588
Multiply Sound@影采/1.Film Score Collection V1/1. Film Score Collection V1/8. Clicks - 轻敲咔哒音效/6. Heart Beat 1.wav	5167768
Multiply Sound@影采/1.Film Score Collection V1/1. Film Score Collection V1/8. Clicks - 轻敲咔哒音效/8. Mechanical Clock Ticking Fast.wav	5782048
Multiply Sound@影采/1.Film Score Collection V1/1. Film Score Collection V1/8. Clicks - 轻敲咔哒音效/9. Old Slow Clock.wav	17343588
Multiply Sound@影采/1.Film Score Collection V1/1. Film Score Collection V1/3. Rhythms - 节奏型音色/14. Pumping Kick - 律动底鼓.wav	4770338
Multiply Sound@影采/1.Film Score Collection V1/1. Film Score Collection V1/3. Rhythms - 节奏型音色/13. High Grain Shaker - 高频颗粒沙锤（任意调）.wav	11536342
Multiply Sound@影采/1.Film Score Collection V1/1. Film Score Collection V1/3. Rhythms - 节奏型音色/12. Fast Texture (Any Key) 120bpm - 快速纹理氛围音色（任意调）120拍.mp3	165504
Multiply Sound@影采/1.Film Score Collection V1/1. Film Score Collection V1/3. Rhythms - 节奏型音色/5. Clock Bell (Major_Minor) 120bpm - 时钟铃音（大小调通用）120拍/Clock Bell (A).wav	2120830
Multiply Sound@影采/1.Film Score Collection V1/1. Film Score Collection V1/3. Rhythms - 节奏型音色/5. Clock Bell (Major_Minor) 120bpm - 时钟铃音（大小调通用）120拍/Clock Bell (C).wav	2120828
Multiply Sound@影采/1.Film Score Collection V1/1. Film Score Collection V1/3. Rhythms - 节奏型音色/5. Clock Bell (Major_Minor) 120bpm - 时钟铃音（大小调通用）120拍/Clock Bell (G#_Ab).wav	2120830
Multiply Sound@影采/1.Film Score Collection V1/1. Film Score Collection V1/3. Rhythms - 节奏型音色/5. Clock Bell (Major_Minor) 120bpm - 时钟铃音（大小调通用）120拍/Clock Bell (B).wav	2120830
Multiply Sound@影采/1.Film Score Collection V1/1. Film Score Collection V1/3. Rhythms - 节奏型音色/5. Clock Bell (Major_Minor) 120bpm - 时钟铃音（大小调通用）120拍/Clock Bell (A#_Bb).wav	2120830
Multiply Sound@影采/1.Film Score Collection V1/1. Film Score Collection V1/3. Rhythms - 节奏型音色/5. Clock Bell (Major_Minor) 120bpm - 时钟铃音（大小调通用）120拍/Clock Bell (F).wav	2120830
Multiply Sound@影采/1.Film Score Collection V1/1. Film Score Collection V1/3. Rhythms - 节奏型音色/5. Clock Bell (Major_Minor) 120bpm - 时钟铃音（大小调通用）120拍/Clock Bell (D#_Eb).wav	2120830
Multiply Sound@影采/1.Film Score Collection V1/1. Film Score Collection V1/3. Rhythms - 节奏型音色/5. Clock Bell (Major_Minor) 120bpm - 时钟铃音（大小调通用）120拍/Clock Bell (G).wav	2120830
Multiply Sound@影采/1.Film Score Collection V1/1. Film Score Collection V1/3. Rhythms - 节奏型音色/5. Clock Bell (Major_Minor) 120bpm - 时钟铃音（大小调通用）120拍/Clock Bell (C#_Db).wav	2120830
Multiply Sound@影采/1.Film Score Collection V1/1. Film Score Collection V1/3. Rhythms - 节奏型音色/5. Clock Bell (Major_Minor) 120bpm - 时钟铃音（大小调通用）120拍/Clock Bell (F#_Gb).wav	2120830
Multiply Sound@影采/1.Film Score Collection V1/1. Film Score Collection V1/3. Rhythms - 节奏型音色/5. Clock Bell (Major_Minor) 120bpm - 时钟铃音（大小调通用）120拍/Clock Bell (D).wav	2120830
Multiply Sound@影采/1.Film Score Collection V1/1. Film Score Collection V1/3. Rhythms - 节奏型音色/5. Clock Bell (Major_Minor) 120bpm - 时钟铃音（大小调通用）120拍/Clock Bell (E).wav	2120828
Multiply Sound@影采/1.Film Score Collection V1/1. Film Score Collection V1/3. Rhythms - 节奏型音色/10. Bass Drive Flutter (Minor) 90bpm - 律动轻颤低音（小调）90拍/Bass Drive Flutter (Cm).wav	2827372
Multiply Sound@影采/1.Film Score Collection V1/1. Film Score Collection V1/3. Rhythms - 节奏型音色/10. Bass Drive Flutter (Minor) 90bpm - 律动轻颤低音（小调）90拍/Bass Drive Flutter (Fm).wav	2827372
Multiply Sound@影采/1.Film Score Collection V1/1. Film Score Collection V1/3. Rhythms - 节奏型音色/10. Bass Drive Flutter (Minor) 90bpm - 律动轻颤低音（小调）90拍/Bass Drive Flutter (C#m_Dbm).wav	2827372
Multiply Sound@影采/1.Film Score Collection V1/1. Film Score Collection V1/3. Rhythms - 节奏型音色/10. Bass Drive Flutter (Minor) 90bpm - 律动轻颤低音（小调）90拍/Bass Drive Flutter (Em).wav	2827372
Multiply Sound@影采/1.Film Score Collection V1/1. Film Score Collection V1/3. Rhythms - 节奏型音色/10. Bass Drive Flutter (Minor) 90bpm - 律动轻颤低音（小调）90拍/Bass Drive Flutter (F#m_Gbm).wav	2827372
Multiply Sound@影采/1.Film Score Collection V1/1. Film Score Collection V1/3. Rhythms - 节奏型音色/10. Bass Drive Flutter (Minor) 90bpm - 律动轻颤低音（小调）90拍/Bass Drive Flutter (A#m_Bbm).wav	2827372
Multiply Sound@影采/1.Film Score Collection V1/1. Film Score Collection V1/3. Rhythms - 节奏型音色/10. Bass Drive Flutter (Minor) 90bpm - 律动轻颤低音（小调）90拍/Bass Drive Flutter (Am).wav	2827372
Multiply Sound@影采/1.Film Score Collection V1/1. Film Score Collection V1/3. Rhythms - 节奏型音色/10. Bass Drive Flutter (Minor) 90bpm - 律动轻颤低音（小调）90拍/Bass Drive Flutter (G#m_Abm).wav	2827372
Multiply Sound@影采/1.Film Score Collection V1/1. Film Score Collection V1/3. Rhythms - 节奏型音色/10. Bass Drive Flutter (Minor) 90bpm - 律动轻颤低音（小调）90拍/Bass Drive Flutter (D#m_Ebm).wav	2827372
Multiply Sound@影采/1.Film Score Collection V1/1. Film Score Collection V1/3. Rhythms - 节奏型音色/10. Bass Drive Flutter (Minor) 90bpm - 律动轻颤低音（小调）90拍/Bass Drive Flutter (Bm).wav	2827372
Multiply Sound@影采/1.Film Score Collection V1/1. Film Score Collection V1/3. Rhythms - 节奏型音色/10. Bass Drive Flutter (Minor) 90bpm - 律动轻颤低音（小调）90拍/Bass Drive Flutter (Dm).wav	2827372
Multiply Sound@影采/1.Film Score Collection V1/1. Film Score Collection V1/3. Rhythms - 节奏型音色/10. Bass Drive Flutter (Minor) 90bpm - 律动轻颤低音（小调）90拍/Bass Drive Flutter (Gm).wav	2827372
Multiply Sound@影采/1.Film Score Collection V1/1. Film Score Collection V1/3. Rhythms - 节奏型音色/2. Sub Groove (Major_Minor) 120bpm - 低频律动音色（大小调通用）120拍/Sub Groove (D#_Eb).wav	8479662
Multiply Sound@影采/1.Film Score Collection V1/1. Film Score Collection V1/3. Rhythms - 节奏型音色/2. Sub Groove (Major_Minor) 120bpm - 低频律动音色（大小调通用）120拍/Sub Groove (F).wav	8479664
Multiply Sound@影采/1.Film Score Collection V1/1. Film Score Collection V1/3. Rhythms - 节奏型音色/2. Sub Groove (Major_Minor) 120bpm - 低频律动音色（大小调通用）120拍/Sub Groove (B).wav	8479664
Multiply Sound@影采/1.Film Score Collection V1/1. Film Score Collection V1/3. Rhythms - 节奏型音色/2. Sub Groove (Major_Minor) 120bpm - 低频律动音色（大小调通用）120拍/Sub Groove (C#_Db).wav	8479664
Multiply Sound@影采/1.Film Score Collection V1/1. Film Score Collection V1/3. Rhythms - 节奏型音色/2. Sub Groove (Major_Minor) 120bpm - 低频律动音色（大小调通用）120拍/Sub Groove A#_Bb.wav	8479664
Multiply Sound@影采/1.Film Score Collection V1/1. Film Score Collection V1/3. Rhythms - 节奏型音色/2. Sub Groove (Major_Minor) 120bpm - 低频律动音色（大小调通用）120拍/Sub Groove (G).wav	8479664
Multiply Sound@影采/1.Film Score Collection V1/1. Film Score Collection V1/3. Rhythms - 节奏型音色/2. Sub Groove (Major_Minor) 120bpm - 低频律动音色（大小调通用）120拍/Sub Groove (E).wav	8479662
Multiply Sound@影采/1.Film Score Collection V1/1. Film Score Collection V1/3. Rhythms - 节奏型音色/2. Sub Groove (Major_Minor) 120bpm - 低频律动音色（大小调通用）120拍/Sub Groove (C).wav	8479664
Multiply Sound@影采/1.Film Score Collection V1/1. Film Score Collection V1/3. Rhythms - 节奏型音色/2. Sub Groove (Major_Minor) 120bpm - 低频律动音色（大小调通用）120拍/Sub Groove (F#_Gb).wav	8479664
Multiply Sound@影采/1.Film Score Collection V1/1. Film Score Collection V1/3. Rhythms - 节奏型音色/2. Sub Groove (Major_Minor) 120bpm - 低频律动音色（大小调通用）120拍/Sub Groove (D).wav	8479662
Multiply Sound@影采/1.Film Score Collection V1/1. Film Score Collection V1/3. Rhythms - 节奏型音色/2. Sub Groove (Major_Minor) 120bpm - 低频律动音色（大小调通用）120拍/Sub Groove (G#_Ab).wav	8479664
Multiply Sound@影采/1.Film Score Collection V1/1. Film Score Collection V1/3. Rhythms - 节奏型音色/2. Sub Groove (Major_Minor) 120bpm - 低频律动音色（大小调通用）120拍/Sub Groove (A).wav	8479664
Multiply Sound@影采/1.Film Score Collection V1/1. Film Score Collection V1/3. Rhythms - 节奏型音色/3. Descending Chords (Major) 120bpm - 下行和弦音色（大调）120拍/Descending Chords (C#_Db).wav	16958148
Multiply Sound@影采/1.Film Score Collection V1/1. Film Score Collection V1/3. Rhythms - 节奏型音色/3. Descending Chords (Major) 120bpm - 下行和弦音色（大调）120拍/Descending Chords (C).wav	16958148
Multiply Sound@影采/1.Film Score Collection V1/1. Film Score Collection V1/3. Rhythms - 节奏型音色/3. Descending Chords (Major) 120bpm - 下行和弦音色（大调）120拍/Descending Chords (E).wav	16958148
Multiply Sound@影采/1.Film Score Collection V1/1. Film Score Collection V1/3. Rhythms - 节奏型音色/3. Descending Chords (Major) 120bpm - 下行和弦音色（大调）120拍/Descending Chords (D).wav	16958148
Multiply Sound@影采/1.Film Score Collection V1/1. Film Score Collection V1/3. Rhythms - 节奏型音色/3. Descending Chords (Major) 120bpm - 下行和弦音色（大调）120拍/Descending Chords (D#_Eb).wav	16958148
Multiply Sound@影采/1.Film Score Collection V1/1. Film Score Collection V1/3. Rhythms - 节奏型音色/3. Descending Chords (Major) 120bpm - 下行和弦音色（大调）120拍/Descending Chords (G#_Ab).wav	16958148
Multiply Sound@影采/1.Film Score Collection V1/1. Film Score Collection V1/3. Rhythms - 节奏型音色/3. Descending Chords (Major) 120bpm - 下行和弦音色（大调）120拍/Descending Chords (F).wav	16958148
Multiply Sound@影采/1.Film Score Collection V1/1. Film Score Collection V1/3. Rhythms - 节奏型音色/3. Descending Chords (Major) 120bpm - 下行和弦音色（大调）120拍/Descending Chords (F#_Gb).wav	16958148
Multiply Sound@影采/1.Film Score Collection V1/1. Film Score Collection V1/3. Rhythms - 节奏型音色/3. Descending Chords (Major) 120bpm - 下行和弦音色（大调）120拍/Descending Chords (A#_Bb).wav	16958148
Multiply Sound@影采/1.Film Score Collection V1/1. Film Score Collection V1/3. Rhythms - 节奏型音色/3. Descending Chords (Major) 120bpm - 下行和弦音色（大调）120拍/Descending Chords (B).wav	16958148
Multiply Sound@影采/1.Film Score Collection V1/1. Film Score Collection V1/3. Rhythms - 节奏型音色/3. Descending Chords (Major) 120bpm - 下行和弦音色（大调）120拍/Descending Chords (A).wav	16958148
Multiply Sound@影采/1.Film Score Collection V1/1. Film Score Collection V1/3. Rhythms - 节奏型音色/3. Descending Chords (Major) 120bpm - 下行和弦音色（大调）120拍/Descending Chords (G).wav	16958148
Multiply Sound@影采/1.Film Score Collection V1/1. Film Score Collection V1/3. Rhythms - 节奏型音色/6. Guitar Groove (Major_Minor) 120bpm - 吉他律动音色（大小调通用）120拍/Guitar Groove (G).wav	2120830
Multiply Sound@影采/1.Film Score Collection V1/1. Film Score Collection V1/3. Rhythms - 节奏型音色/6. Guitar Groove (Major_Minor) 120bpm - 吉他律动音色（大小调通用）120拍/Guitar Groove (G#_Ab).wav	2120830
Multiply Sound@影采/1.Film Score Collection V1/1. Film Score Collection V1/3. Rhythms - 节奏型音色/6. Guitar Groove (Major_Minor) 120bpm - 吉他律动音色（大小调通用）120拍/Guitar Groove (F#_Gb).wav	2120830
Multiply Sound@影采/1.Film Score Collection V1/1. Film Score Collection V1/3. Rhythms - 节奏型音色/6. Guitar Groove (Major_Minor) 120bpm - 吉他律动音色（大小调通用）120拍/Guitar Groove (C).wav	2120830
Multiply Sound@影采/1.Film Score Collection V1/1. Film Score Collection V1/3. Rhythms - 节奏型音色/6. Guitar Groove (Major_Minor) 120bpm - 吉他律动音色（大小调通用）120拍/Guitar Groove (D#_Eb).wav	2120830
Multiply Sound@影采/1.Film Score Collection V1/1. Film Score Collection V1/3. Rhythms - 节奏型音色/6. Guitar Groove (Major_Minor) 120bpm - 吉他律动音色（大小调通用）120拍/Guitar Groove (D).wav	2120830
Multiply Sound@影采/1.Film Score Collection V1/1. Film Score Collection V1/3. Rhythms - 节奏型音色/6. Guitar Groove (Major_Minor) 120bpm - 吉他律动音色（大小调通用）120拍/Guitar Groove (A).wav	2120830
Multiply Sound@影采/1.Film Score Collection V1/1. Film Score Collection V1/3. Rhythms - 节奏型音色/6. Guitar Groove (Major_Minor) 120bpm - 吉他律动音色（大小调通用）120拍/Guitar Groove (E).wav	2120830
Multiply Sound@影采/1.Film Score Collection V1/1. Film Score Collection V1/3. Rhythms - 节奏型音色/6. Guitar Groove (Major_Minor) 120bpm - 吉他律动音色（大小调通用）120拍/Guitar Groove (F).wav	2120830
Multiply Sound@影采/1.Film Score Collection V1/1. Film Score Collection V1/3. Rhythms - 节奏型音色/6. Guitar Groove (Major_Minor) 120bpm - 吉他律动音色（大小调通用）120拍/Guitar Groove (C#_Db).wav	2120830
Multiply Sound@影采/1.Film Score Collection V1/1. Film Score Collection V1/3. Rhythms - 节奏型音色/6. Guitar Groove (Major_Minor) 120bpm - 吉他律动音色（大小调通用）120拍/Guitar Groove (B).wav	2120830
Multiply Sound@影采/1.Film Score Collection V1/1. Film Score Collection V1/3. Rhythms - 节奏型音色/6. Guitar Groove (Major_Minor) 120bpm - 吉他律动音色（大小调通用）120拍/Guitar Groove (A#_Bb).wav	2120830
Multiply Sound@影采/1.Film Score Collection V1/1. Film Score Collection V1/3. Rhythms - 节奏型音色/9. Pulsing Bass (Minor) 120bpm - 脉动低音（小调）120拍/Pulsing Bass (C).wav	2308372
Multiply Sound@影采/1.Film Score Collection V1/1. Film Score Collection V1/3. Rhythms - 节奏型音色/9. Pulsing Bass (Minor) 120bpm - 脉动低音（小调）120拍/Pulsing Bass (C#_Db).wav	2308370
Multiply Sound@影采/1.Film Score Collection V1/1. Film Score Collection V1/3. Rhythms - 节奏型音色/9. Pulsing Bass (Minor) 120bpm - 脉动低音（小调）120拍/Pulsing Bass (E).wav	2308372
Multiply Sound@影采/1.Film Score Collection V1/1. Film Score Collection V1/3. Rhythms - 节奏型音色/9. Pulsing Bass (Minor) 120bpm - 脉动低音（小调）120拍/Pulsing Bass (A#_Bb).wav	2308372
Multiply Sound@影采/1.Film Score Collection V1/1. Film Score Collection V1/3. Rhythms - 节奏型音色/9. Pulsing Bass (Minor) 120bpm - 脉动低音（小调）120拍/Pulsing Bass (F#_Gb).wav	2308372
Multiply Sound@影采/1.Film Score Collection V1/1. Film Score Collection V1/3. Rhythms - 节奏型音色/9. Pulsing Bass (Minor) 120bpm - 脉动低音（小调）120拍/Pulsing Bass (A).wav	2308372
Multiply Sound@影采/1.Film Score Collection V1/1. Film Score Collection V1/3. Rhythms - 节奏型音色/9. Pulsing Bass (Minor) 120bpm - 脉动低音（小调）120拍/Pulsing Bass (F).wav	2308372
Multiply Sound@影采/1.Film Score Collection V1/1. Film Score Collection V1/3. Rhythms - 节奏型音色/9. Pulsing Bass (Minor) 120bpm - 脉动低音（小调）120拍/Pulsing Bass (G#_Ab).wav	2308372
Multiply Sound@影采/1.Film Score Collection V1/1. Film Score Collection V1/3. Rhythms - 节奏型音色/9. Pulsing Bass (Minor) 120bpm - 脉动低音（小调）120拍/Pulsing Bass (B).wav	2308372
Multiply Sound@影采/1.Film Score Collection V1/1. Film Score Collection V1/3. Rhythms - 节奏型音色/9. Pulsing Bass (Minor) 120bpm - 脉动低音（小调）120拍/Pulsing Bass (G).wav	2308372
Multiply Sound@影采/1.Film Score Collection V1/1. Film Score Collection V1/3. Rhythms - 节奏型音色/9. Pulsing Bass (Minor) 120bpm - 脉动低音（小调）120拍/Pulsing Bass (D#_Eb).wav	2308372
Multiply Sound@影采/1.Film Score Collection V1/1. Film Score Collection V1/3. Rhythms - 节奏型音色/9. Pulsing Bass (Minor) 120bpm - 脉动低音（小调）120拍/Pulsing Bass (D).wav	2308372
Multiply Sound@影采/1.Film Score Collection V1/1. Film Score Collection V1/3. Rhythms - 节奏型音色/8. Driving Electric Bass (Minor) 120bpm - 行进动感电贝斯（小调）120拍/Driving Electric Bass (Cm).wav	4240438
Multiply Sound@影采/1.Film Score Collection V1/1. Film Score Collection V1/3. Rhythms - 节奏型音色/8. Driving Electric Bass (Minor) 120bpm - 行进动感电贝斯（小调）120拍/Driving Electric Bass (Em).wav	4240438
Multiply Sound@影采/1.Film Score Collection V1/1. Film Score Collection V1/3. Rhythms - 节奏型音色/8. Driving Electric Bass (Minor) 120bpm - 行进动感电贝斯（小调）120拍/Driving Electric Bass (Bm).wav	4240436
Multiply Sound@影采/1.Film Score Collection V1/1. Film Score Collection V1/3. Rhythms - 节奏型音色/8. Driving Electric Bass (Minor) 120bpm - 行进动感电贝斯（小调）120拍/Driving Electric Bass (C#m_Dbm).wav	4240438
Multiply Sound@影采/1.Film Score Collection V1/1. Film Score Collection V1/3. Rhythms - 节奏型音色/8. Driving Electric Bass (Minor) 120bpm - 行进动感电贝斯（小调）120拍/Driving Electric Bass (Fm).wav	4240438
Multiply Sound@影采/1.Film Score Collection V1/1. Film Score Collection V1/3. Rhythms - 节奏型音色/8. Driving Electric Bass (Minor) 120bpm - 行进动感电贝斯（小调）120拍/Driving Electric Bass (Am).wav	4240438
Multiply Sound@影采/1.Film Score Collection V1/1. Film Score Collection V1/3. Rhythms - 节奏型音色/8. Driving Electric Bass (Minor) 120bpm - 行进动感电贝斯（小调）120拍/Driving Electric Bass (G#m_Abm).wav	4240438
Multiply Sound@影采/1.Film Score Collection V1/1. Film Score Collection V1/3. Rhythms - 节奏型音色/8. Driving Electric Bass (Minor) 120bpm - 行进动感电贝斯（小调）120拍/Driving Electric Bass (F#m_Gbm).wav	4240438
Multiply Sound@影采/1.Film Score Collection V1/1. Film Score Collection V1/3. Rhythms - 节奏型音色/8. Driving Electric Bass (Minor) 120bpm - 行进动感电贝斯（小调）120拍/Driving Electric Bass (Dm).wav	4240438
Multiply Sound@影采/1.Film Score Collection V1/1. Film Score Collection V1/3. Rhythms - 节奏型音色/8. Driving Electric Bass (Minor) 120bpm - 行进动感电贝斯（小调）120拍/Driving Electric Bass (Gm).wav	4240438
Multiply Sound@影采/1.Film Score Collection V1/1. Film Score Collection V1/3. Rhythms - 节奏型音色/8. Driving Electric Bass (Minor) 120bpm - 行进动感电贝斯（小调）120拍/Driving Electric Bass (D#m_Ebm).wav	4240438
Multiply Sound@影采/1.Film Score Collection V1/1. Film Score Collection V1/3. Rhythms - 节奏型音色/8. Driving Electric Bass (Minor) 120bpm - 行进动感电贝斯（小调）120拍/Driving Electric Bass (A#m_Bbm).wav	4240438
Multiply Sound@影采/1.Film Score Collection V1/1. Film Score Collection V1/3. Rhythms - 节奏型音色/7. Synth Stab (Major_Minor) 120bpm - 短促冲击合成器（大小调通用）120拍/Synth Stab (Gm).wav	11659074
Multiply Sound@影采/1.Film Score Collection V1/1. Film Score Collection V1/3. Rhythms - 节奏型音色/7. Synth Stab (Major_Minor) 120bpm - 短促冲击合成器（大小调通用）120拍/Synth Stab (Dm).wav	11659074
Multiply Sound@影采/1.Film Score Collection V1/1. Film Score Collection V1/3. Rhythms - 节奏型音色/7. Synth Stab (Major_Minor) 120bpm - 短促冲击合成器（大小调通用）120拍/Synth Stab (A#m-Bbm).wav	11659074
Multiply Sound@影采/1.Film Score Collection V1/1. Film Score Collection V1/3. Rhythms - 节奏型音色/7. Synth Stab (Major_Minor) 120bpm - 短促冲击合成器（大小调通用）120拍/Synth Stab (Am).wav	11659074
Multiply Sound@影采/1.Film Score Collection V1/1. Film Score Collection V1/3. Rhythms - 节奏型音色/7. Synth Stab (Major_Minor) 120bpm - 短促冲击合成器（大小调通用）120拍/Synth Stab (Cm).wav	11659074
Multiply Sound@影采/1.Film Score Collection V1/1. Film Score Collection V1/3. Rhythms - 节奏型音色/7. Synth Stab (Major_Minor) 120bpm - 短促冲击合成器（大小调通用）120拍/Synth Stab (G#m_Abm).wav	11659074
Multiply Sound@影采/1.Film Score Collection V1/1. Film Score Collection V1/3. Rhythms - 节奏型音色/7. Synth Stab (Major_Minor) 120bpm - 短促冲击合成器（大小调通用）120拍/Synth Stab (C#m_Dbm).wav	11659074
Multiply Sound@影采/1.Film Score Collection V1/1. Film Score Collection V1/3. Rhythms - 节奏型音色/7. Synth Stab (Major_Minor) 120bpm - 短促冲击合成器（大小调通用）120拍/Synth Stab (F#m_Gbm).wav	11659074
Multiply Sound@影采/1.Film Score Collection V1/1. Film Score Collection V1/3. Rhythms - 节奏型音色/7. Synth Stab (Major_Minor) 120bpm - 短促冲击合成器（大小调通用）120拍/Synth Stab (Em).wav	11659074
Multiply Sound@影采/1.Film Score Collection V1/1. Film Score Collection V1/3. Rhythms - 节奏型音色/7. Synth Stab (Major_Minor) 120bpm - 短促冲击合成器（大小调通用）120拍/Synth Stab (Bm).wav	11659074
Multiply Sound@影采/1.Film Score Collection V1/1. Film Score Collection V1/3. Rhythms - 节奏型音色/7. Synth Stab (Major_Minor) 120bpm - 短促冲击合成器（大小调通用）120拍/Synth Stab (Fm).wav	11659074
Multiply Sound@影采/1.Film Score Collection V1/1. Film Score Collection V1/3. Rhythms - 节奏型音色/7. Synth Stab (Major_Minor) 120bpm - 短促冲击合成器（大小调通用）120拍/Synth Stab (D#m_Ebm).wav	11659074
Multiply Sound@影采/1.Film Score Collection V1/1. Film Score Collection V1/3. Rhythms - 节奏型音色/11. Thumping Pulse (Minor) 120bpm - 厚重敲击脉动低音（小调）120拍/Thumping Pulse (F#m_Gbm).wav	4240438
Multiply Sound@影采/1.Film Score Collection V1/1. Film Score Collection V1/3. Rhythms - 节奏型音色/11. Thumping Pulse (Minor) 120bpm - 厚重敲击脉动低音（小调）120拍/Thumping Pulse (Fm).wav	4240438
Multiply Sound@影采/1.Film Score Collection V1/1. Film Score Collection V1/3. Rhythms - 节奏型音色/11. Thumping Pulse (Minor) 120bpm - 厚重敲击脉动低音（小调）120拍/Thumping Pulse (D#m_Ebm).wav	4240438
Multiply Sound@影采/1.Film Score Collection V1/1. Film Score Collection V1/3. Rhythms - 节奏型音色/11. Thumping Pulse (Minor) 120bpm - 厚重敲击脉动低音（小调）120拍/Thumping Pulse (Bm).wav	4240438
Multiply Sound@影采/1.Film Score Collection V1/1. Film Score Collection V1/3. Rhythms - 节奏型音色/11. Thumping Pulse (Minor) 120bpm - 厚重敲击脉动低音（小调）120拍/Thumping Pulse (G#m_Abm).wav	4240438
Multiply Sound@影采/1.Film Score Collection V1/1. Film Score Collection V1/3. Rhythms - 节奏型音色/11. Thumping Pulse (Minor) 120bpm - 厚重敲击脉动低音（小调）120拍/Thumping Pulse (Cm).wav	4240438
Multiply Sound@影采/1.Film Score Collection V1/1. Film Score Collection V1/3. Rhythms - 节奏型音色/11. Thumping Pulse (Minor) 120bpm - 厚重敲击脉动低音（小调）120拍/Thumping Pulse (Gm).wav	4240438
Multiply Sound@影采/1.Film Score Collection V1/1. Film Score Collection V1/3. Rhythms - 节奏型音色/11. Thumping Pulse (Minor) 120bpm - 厚重敲击脉动低音（小调）120拍/Thumping Pulse (A#m_Bbm).wav	4240438
Multiply Sound@影采/1.Film Score Collection V1/1. Film Score Collection V1/3. Rhythms - 节奏型音色/11. Thumping Pulse (Minor) 120bpm - 厚重敲击脉动低音（小调）120拍/Thumping Pulse (C#m_Dbm).wav	4240438
Multiply Sound@影采/1.Film Score Collection V1/1. Film Score Collection V1/3. Rhythms - 节奏型音色/11. Thumping Pulse (Minor) 120bpm - 厚重敲击脉动低音（小调）120拍/Thumping Pulse (Em).wav	4240438
Multiply Sound@影采/1.Film Score Collection V1/1. Film Score Collection V1/3. Rhythms - 节奏型音色/11. Thumping Pulse (Minor) 120bpm - 厚重敲击脉动低音（小调）120拍/Thumping Pulse (Dm).wav	4240438
Multiply Sound@影采/1.Film Score Collection V1/1. Film Score Collection V1/3. Rhythms - 节奏型音色/11. Thumping Pulse (Minor) 120bpm - 厚重敲击脉动低音（小调）120拍/Thumping Pulse (Am).wav	4240438
Multiply Sound@影采/1.Film Score Collection V1/1. Film Score Collection V1/3. Rhythms - 节奏型音色/4. Synth Pluck (Major) 90bpm - 清脆拨音合成器（大调）90拍/Synth Pluck (A#_Bb).wav	1414298
Multiply Sound@影采/1.Film Score Collection V1/1. Film Score Collection V1/3. Rhythms - 节奏型音色/4. Synth Pluck (Major) 90bpm - 清脆拨音合成器（大调）90拍/Synth Pluck (D).wav	1414298
Multiply Sound@影采/1.Film Score Collection V1/1. Film Score Collection V1/3. Rhythms - 节奏型音色/4. Synth Pluck (Major) 90bpm - 清脆拨音合成器（大调）90拍/Synth Pluck (F).wav	1414298
Multiply Sound@影采/1.Film Score Collection V1/1. Film Score Collection V1/3. Rhythms - 节奏型音色/4. Synth Pluck (Major) 90bpm - 清脆拨音合成器（大调）90拍/Synth Pluck (F#_Gbm).wav	1414298
Multiply Sound@影采/1.Film Score Collection V1/1. Film Score Collection V1/3. Rhythms - 节奏型音色/4. Synth Pluck (Major) 90bpm - 清脆拨音合成器（大调）90拍/Synth Pluck (C#_Db).wav	1414296
Multiply Sound@影采/1.Film Score Collection V1/1. Film Score Collection V1/3. Rhythms - 节奏型音色/4. Synth Pluck (Major) 90bpm - 清脆拨音合成器（大调）90拍/Synth Pluck (D#_Eb).wav	1414298
Multiply Sound@影采/1.Film Score Collection V1/1. Film Score Collection V1/3. Rhythms - 节奏型音色/4. Synth Pluck (Major) 90bpm - 清脆拨音合成器（大调）90拍/Synth Pluck (E).wav	1414296
Multiply Sound@影采/1.Film Score Collection V1/1. Film Score Collection V1/3. Rhythms - 节奏型音色/4. Synth Pluck (Major) 90bpm - 清脆拨音合成器（大调）90拍/Synth Pluck (B).wav	1414296
Multiply Sound@影采/1.Film Score Collection V1/1. Film Score Collection V1/3. Rhythms - 节奏型音色/4. Synth Pluck (Major) 90bpm - 清脆拨音合成器（大调）90拍/Synth Pluck (G).wav	1414298
Multiply Sound@影采/1.Film Score Collection V1/1. Film Score Collection V1/3. Rhythms - 节奏型音色/4. Synth Pluck (Major) 90bpm - 清脆拨音合成器（大调）90拍/Synth Pluck (A).wav	1414298
Multiply Sound@影采/1.Film Score Collection V1/1. Film Score Collection V1/3. Rhythms - 节奏型音色/4. Synth Pluck (Major) 90bpm - 清脆拨音合成器（大调）90拍/Synth Pluck (G#_Ab).wav	1414298
Multiply Sound@影采/1.Film Score Collection V1/1. Film Score Collection V1/3. Rhythms - 节奏型音色/4. Synth Pluck (Major) 90bpm - 清脆拨音合成器（大调）90拍/Synth Pluck (C).wav	1414298
Multiply Sound@影采/1.Film Score Collection V1/1. Film Score Collection V1/3. Rhythms - 节奏型音色/1. Piano Pattern (Major) 90bpm - 钢琴节奏织体（大调）90拍/Piano Pattern (G#_Ab).wav	2827372
Multiply Sound@影采/1.Film Score Collection V1/1. Film Score Collection V1/3. Rhythms - 节奏型音色/1. Piano Pattern (Major) 90bpm - 钢琴节奏织体（大调）90拍/Piano Pattern (G).wav	2827372
Multiply Sound@影采/1.Film Score Collection V1/1. Film Score Collection V1/3. Rhythms - 节奏型音色/1. Piano Pattern (Major) 90bpm - 钢琴节奏织体（大调）90拍/Piano Pattern (A#_Bb).wav	2827372
Multiply Sound@影采/1.Film Score Collection V1/1. Film Score Collection V1/3. Rhythms - 节奏型音色/1. Piano Pattern (Major) 90bpm - 钢琴节奏织体（大调）90拍/Piano Pattern (A).wav	2827372
Multiply Sound@影采/1.Film Score Collection V1/1. Film Score Collection V1/3. Rhythms - 节奏型音色/1. Piano Pattern (Major) 90bpm - 钢琴节奏织体（大调）90拍/Piano Pattern (B).wav	2827372
Multiply Sound@影采/1.Film Score Collection V1/1. Film Score Collection V1/3. Rhythms - 节奏型音色/1. Piano Pattern (Major) 90bpm - 钢琴节奏织体（大调）90拍/Piano Pattern (C).wav	2827372
Multiply Sound@影采/1.Film Score Collection V1/1. Film Score Collection V1/3. Rhythms - 节奏型音色/1. Piano Pattern (Major) 90bpm - 钢琴节奏织体（大调）90拍/Piano Pattern (F#_Gb).wav	2827372
Multiply Sound@影采/1.Film Score Collection V1/1. Film Score Collection V1/3. Rhythms - 节奏型音色/1. Piano Pattern (Major) 90bpm - 钢琴节奏织体（大调）90拍/Piano Pattern (F).wav	2827372
Multiply Sound@影采/1.Film Score Collection V1/1. Film Score Collection V1/3. Rhythms - 节奏型音色/1. Piano Pattern (Major) 90bpm - 钢琴节奏织体（大调）90拍/Piano Pattern (E).wav	2827372
Multiply Sound@影采/1.Film Score Collection V1/1. Film Score Collection V1/3. Rhythms - 节奏型音色/1. Piano Pattern (Major) 90bpm - 钢琴节奏织体（大调）90拍/Piano Pattern (D#_Eb).wav	2827372
Multiply Sound@影采/1.Film Score Collection V1/1. Film Score Collection V1/3. Rhythms - 节奏型音色/1. Piano Pattern (Major) 90bpm - 钢琴节奏织体（大调）90拍/Piano Pattern (C#_Db).wav	2827372
Multiply Sound@影采/1.Film Score Collection V1/1. Film Score Collection V1/3. Rhythms - 节奏型音色/1. Piano Pattern (Major) 90bpm - 钢琴节奏织体（大调）90拍/Piano Pattern (D).wav	2827372
Multiply Sound@影采/1.Film Score Collection V1/1. Film Score Collection V1/6. Melodic Risers - 旋律渐强上升音色/11. Expansive Pulsing Swell (ANY KEY) - 广阔脉动渐强铺底（任意调）.wav	3469726
Multiply Sound@影采/1.Film Score Collection V1/1. Film Score Collection V1/6. Melodic Risers - 旋律渐强上升音色/12. Clock Riser (ANY KEY) 120bpm - 时钟上升过渡音色（任意调）120拍.wav	3975486
Multiply Sound@影采/1.Film Score Collection V1/1. Film Score Collection V1/6. Melodic Risers - 旋律渐强上升音色/7. Tension (Minor) - 紧张压抑氛围（小调）/Tension (Am).wav	6889944
Multiply Sound@影采/1.Film Score Collection V1/1. Film Score Collection V1/6. Melodic Risers - 旋律渐强上升音色/7. Tension (Minor) - 紧张压抑氛围（小调）/Tension (G#m_Abm).wav	6889944
Multiply Sound@影采/1.Film Score Collection V1/1. Film Score Collection V1/6. Melodic Risers - 旋律渐强上升音色/7. Tension (Minor) - 紧张压抑氛围（小调）/Tension (C).wav	6889944
Multiply Sound@影采/1.Film Score Collection V1/1. Film Score Collection V1/6. Melodic Risers - 旋律渐强上升音色/7. Tension (Minor) - 紧张压抑氛围（小调）/Tension (Em).wav	6889944
Multiply Sound@影采/1.Film Score Collection V1/1. Film Score Collection V1/6. Melodic Risers - 旋律渐强上升音色/7. Tension (Minor) - 紧张压抑氛围（小调）/Tension (A#_Bb).wav	6889944
Multiply Sound@影采/1.Film Score Collection V1/1. Film Score Collection V1/6. Melodic Risers - 旋律渐强上升音色/7. Tension (Minor) - 紧张压抑氛围（小调）/Tension (Dm).wav	6889942
Multiply Sound@影采/1.Film Score Collection V1/1. Film Score Collection V1/6. Melodic Risers - 旋律渐强上升音色/7. Tension (Minor) - 紧张压抑氛围（小调）/Tension (Gm).wav	6889942
Multiply Sound@影采/1.Film Score Collection V1/1. Film Score Collection V1/6. Melodic Risers - 旋律渐强上升音色/7. Tension (Minor) - 紧张压抑氛围（小调）/Tension (C#m_Dbm).wav	6889944
Multiply Sound@影采/1.Film Score Collection V1/1. Film Score Collection V1/6. Melodic Risers - 旋律渐强上升音色/7. Tension (Minor) - 紧张压抑氛围（小调）/Tension (D#m_Ebm).wav	6889944
Multiply Sound@影采/1.Film Score Collection V1/1. Film Score Collection V1/6. Melodic Risers - 旋律渐强上升音色/7. Tension (Minor) - 紧张压抑氛围（小调）/Tension (Fm).wav	6889944
Multiply Sound@影采/1.Film Score Collection V1/1. Film Score Collection V1/6. Melodic Risers - 旋律渐强上升音色/7. Tension (Minor) - 紧张压抑氛围（小调）/Tension (F#m_Gbm).wav	6889944
Multiply Sound@影采/1.Film Score Collection V1/1. Film Score Collection V1/6. Melodic Risers - 旋律渐强上升音色/7. Tension (Minor) - 紧张压抑氛围（小调）/Tension (B).wav	6889944
Multiply Sound@影采/1.Film Score Collection V1/1. Film Score Collection V1/6. Melodic Risers - 旋律渐强上升音色/1. Short Reverse Piano (Major) - 短音反向钢琴（大调）/Short Reverse Piano (B).wav	1855878
Multiply Sound@影采/1.Film Score Collection V1/1. Film Score Collection V1/6. Melodic Risers - 旋律渐强上升音色/1. Short Reverse Piano (Major) - 短音反向钢琴（大调）/Short Reverse Piano (G#_Ab).wav	1855876
Multiply Sound@影采/1.Film Score Collection V1/1. Film Score Collection V1/6. Melodic Risers - 旋律渐强上升音色/1. Short Reverse Piano (Major) - 短音反向钢琴（大调）/Short Reverse Piano (C#_Db).wav	1855876
Multiply Sound@影采/1.Film Score Collection V1/1. Film Score Collection V1/6. Melodic Risers - 旋律渐强上升音色/1. Short Reverse Piano (Major) - 短音反向钢琴（大调）/Short Reverse Piano (D#_Eb).wav	1855876
Multiply Sound@影采/1.Film Score Collection V1/1. Film Score Collection V1/6. Melodic Risers - 旋律渐强上升音色/1. Short Reverse Piano (Major) - 短音反向钢琴（大调）/Short Reverse Piano (D).wav	1855876
Multiply Sound@影采/1.Film Score Collection V1/1. Film Score Collection V1/6. Melodic Risers - 旋律渐强上升音色/1. Short Reverse Piano (Major) - 短音反向钢琴（大调）/Short Reverse Piano (F).wav	1855878
Multiply Sound@影采/1.Film Score Collection V1/1. Film Score Collection V1/6. Melodic Risers - 旋律渐强上升音色/1. Short Reverse Piano (Major) - 短音反向钢琴（大调）/Short Reverse Piano (A#_Bb).wav	1855878
Multiply Sound@影采/1.Film Score Collection V1/1. Film Score Collection V1/6. Melodic Risers - 旋律渐强上升音色/1. Short Reverse Piano (Major) - 短音反向钢琴（大调）/Short Reverse Piano (E).wav	1855876
Multiply Sound@影采/1.Film Score Collection V1/1. Film Score Collection V1/6. Melodic Risers - 旋律渐强上升音色/1. Short Reverse Piano (Major) - 短音反向钢琴（大调）/Short Reverse Piano (A).wav	1855876
Multiply Sound@影采/1.Film Score Collection V1/1. Film Score Collection V1/6. Melodic Risers - 旋律渐强上升音色/1. Short Reverse Piano (Major) - 短音反向钢琴（大调）/Short Reverse Piano (C).wav	1855878
Multiply Sound@影采/1.Film Score Collection V1/1. Film Score Collection V1/6. Melodic Risers - 旋律渐强上升音色/1. Short Reverse Piano (Major) - 短音反向钢琴（大调）/Short Reverse Piano (G).wav	1855878
Multiply Sound@影采/1.Film Score Collection V1/1. Film Score Collection V1/6. Melodic Risers - 旋律渐强上升音色/1. Short Reverse Piano (Major) - 短音反向钢琴（大调）/Short Reverse Piano (F#_Gb).wav	1855876
Multiply Sound@影采/1.Film Score Collection V1/1. Film Score Collection V1/6. Melodic Risers - 旋律渐强上升音色/4. Vocal Reverb (Major) - 混响延展人声（大调）/Vocal Reverb (C#_Db).wav	1767566
Multiply Sound@影采/1.Film Score Collection V1/1. Film Score Collection V1/6. Melodic Risers - 旋律渐强上升音色/4. Vocal Reverb (Major) - 混响延展人声（大调）/Vocal Reverb (D#_Eb).wav	1767566
Multiply Sound@影采/1.Film Score Collection V1/1. Film Score Collection V1/6. Melodic Risers - 旋律渐强上升音色/4. Vocal Reverb (Major) - 混响延展人声（大调）/Vocal Reverb (A).wav	1767566
Multiply Sound@影采/1.Film Score Collection V1/1. Film Score Collection V1/6. Melodic Risers - 旋律渐强上升音色/4. Vocal Reverb (Major) - 混响延展人声（大调）/Vocal Reverb (A#_Bb).wav	1767566
Multiply Sound@影采/1.Film Score Collection V1/1. Film Score Collection V1/6. Melodic Risers - 旋律渐强上升音色/4. Vocal Reverb (Major) - 混响延展人声（大调）/Vocal Reverb (F#_Gb).wav	1767566
Multiply Sound@影采/1.Film Score Collection V1/1. Film Score Collection V1/6. Melodic Risers - 旋律渐强上升音色/4. Vocal Reverb (Major) - 混响延展人声（大调）/Vocal Reverb (G).wav	1767566
Multiply Sound@影采/1.Film Score Collection V1/1. Film Score Collection V1/6. Melodic Risers - 旋律渐强上升音色/4. Vocal Reverb (Major) - 混响延展人声（大调）/Vocal Reverb (G#_Ab).wav	1767566
Multiply Sound@影采/1.Film Score Collection V1/1. Film Score Collection V1/6. Melodic Risers - 旋律渐强上升音色/4. Vocal Reverb (Major) - 混响延展人声（大调）/Vocal Reverb (D).wav	1767566
Multiply Sound@影采/1.Film Score Collection V1/1. Film Score Collection V1/6. Melodic Risers - 旋律渐强上升音色/4. Vocal Reverb (Major) - 混响延展人声（大调）/Vocal Reverb (B).wav	1767566
Multiply Sound@影采/1.Film Score Collection V1/1. Film Score Collection V1/6. Melodic Risers - 旋律渐强上升音色/4. Vocal Reverb (Major) - 混响延展人声（大调）/Vocal Reverb (F).wav	1767566
Multiply Sound@影采/1.Film Score Collection V1/1. Film Score Collection V1/6. Melodic Risers - 旋律渐强上升音色/4. Vocal Reverb (Major) - 混响延展人声（大调）/Vocal Reverb (C).wav	1767566
Multiply Sound@影采/1.Film Score Collection V1/1. Film Score Collection V1/6. Melodic Risers - 旋律渐强上升音色/4. Vocal Reverb (Major) - 混响延展人声（大调）/Vocal Reverb (E).wav	1767566
Multiply Sound@影采/1.Film Score Collection V1/1. Film Score Collection V1/6. Melodic Risers - 旋律渐强上升音色/9. Muted Ticking Build (Minor) - 闷响滴答渐强音色（小调）/Muted Ticking Build (D#m_Ebm).wav	2766006
Multiply Sound@影采/1.Film Score Collection V1/1. Film Score Collection V1/6. Melodic Risers - 旋律渐强上升音色/9. Muted Ticking Build (Minor) - 闷响滴答渐强音色（小调）/Muted Ticking Build (A#m_Bbm).wav	2766006
Multiply Sound@影采/1.Film Score Collection V1/1. Film Score Collection V1/6. Melodic Risers - 旋律渐强上升音色/9. Muted Ticking Build (Minor) - 闷响滴答渐强音色（小调）/Muted Ticking Build (Cm).wav	2766006
Multiply Sound@影采/1.Film Score Collection V1/1. Film Score Collection V1/6. Melodic Risers - 旋律渐强上升音色/9. Muted Ticking Build (Minor) - 闷响滴答渐强音色（小调）/Muted Ticking Build (Bm).wav	2766006
Multiply Sound@影采/1.Film Score Collection V1/1. Film Score Collection V1/6. Melodic Risers - 旋律渐强上升音色/9. Muted Ticking Build (Minor) - 闷响滴答渐强音色（小调）/Muted Ticking Build (Am).wav	2766006
Multiply Sound@影采/1.Film Score Collection V1/1. Film Score Collection V1/6. Melodic Risers - 旋律渐强上升音色/9. Muted Ticking Build (Minor) - 闷响滴答渐强音色（小调）/Muted Ticking Build (Em).wav	2766006
Multiply Sound@影采/1.Film Score Collection V1/1. Film Score Collection V1/6. Melodic Risers - 旋律渐强上升音色/9. Muted Ticking Build (Minor) - 闷响滴答渐强音色（小调）/Muted Ticking Build (Fm).wav	2766006
Multiply Sound@影采/1.Film Score Collection V1/1. Film Score Collection V1/6. Melodic Risers - 旋律渐强上升音色/9. Muted Ticking Build (Minor) - 闷响滴答渐强音色（小调）/Muted Ticking Build (F#m_Gbm).wav	2766008
Multiply Sound@影采/1.Film Score Collection V1/1. Film Score Collection V1/6. Melodic Risers - 旋律渐强上升音色/9. Muted Ticking Build (Minor) - 闷响滴答渐强音色（小调）/Muted Ticking Build (Gm).wav	2766006
Multiply Sound@影采/1.Film Score Collection V1/1. Film Score Collection V1/6. Melodic Risers - 旋律渐强上升音色/9. Muted Ticking Build (Minor) - 闷响滴答渐强音色（小调）/Muted Ticking Build (C#m_Dbm).wav	2766006
Multiply Sound@影采/1.Film Score Collection V1/1. Film Score Collection V1/6. Melodic Risers - 旋律渐强上升音色/9. Muted Ticking Build (Minor) - 闷响滴答渐强音色（小调）/Muted Ticking Build (G#m_Abm).wav	2766006
Multiply Sound@影采/1.Film Score Collection V1/1. Film Score Collection V1/6. Melodic Risers - 旋律渐强上升音色/9. Muted Ticking Build (Minor) - 闷响滴答渐强音色（小调）/Muted Ticking Build (Dm).wav	2766006
Multiply Sound@影采/1.Film Score Collection V1/1. Film Score Collection V1/6. Melodic Risers - 旋律渐强上升音色/2. Low Reverse Piano (Major_Minor) - 低音反向钢琴（大小调通用）/Low Reverse Piano (E).wav	1855878
Multiply Sound@影采/1.Film Score Collection V1/1. Film Score Collection V1/6. Melodic Risers - 旋律渐强上升音色/2. Low Reverse Piano (Major_Minor) - 低音反向钢琴（大小调通用）/Low Reverse Piano (D#_Eb).wav	1855876
Multiply Sound@影采/1.Film Score Collection V1/1. Film Score Collection V1/6. Melodic Risers - 旋律渐强上升音色/2. Low Reverse Piano (Major_Minor) - 低音反向钢琴（大小调通用）/Low Reverse Piano (F).wav	1855878
Multiply Sound@影采/1.Film Score Collection V1/1. Film Score Collection V1/6. Melodic Risers - 旋律渐强上升音色/2. Low Reverse Piano (Major_Minor) - 低音反向钢琴（大小调通用）/Low Reverse Piano (B).wav	1855876
Multiply Sound@影采/1.Film Score Collection V1/1. Film Score Collection V1/6. Melodic Risers - 旋律渐强上升音色/2. Low Reverse Piano (Major_Minor) - 低音反向钢琴（大小调通用）/Low Reverse Piano (G).wav	1855876
Multiply Sound@影采/1.Film Score Collection V1/1. Film Score Collection V1/6. Melodic Risers - 旋律渐强上升音色/2. Low Reverse Piano (Major_Minor) - 低音反向钢琴（大小调通用）/Low Reverse Piano (D).wav	1855876
Multiply Sound@影采/1.Film Score Collection V1/1. Film Score Collection V1/6. Melodic Risers - 旋律渐强上升音色/2. Low Reverse Piano (Major_Minor) - 低音反向钢琴（大小调通用）/Low Reverse Piano (F#_Gb).wav	1855878
Multiply Sound@影采/1.Film Score Collection V1/1. Film Score Collection V1/6. Melodic Risers - 旋律渐强上升音色/2. Low Reverse Piano (Major_Minor) - 低音反向钢琴（大小调通用）/Low Reverse Piano (C#_Db).wav	1855878
Multiply Sound@影采/1.Film Score Collection V1/1. Film Score Collection V1/6. Melodic Risers - 旋律渐强上升音色/2. Low Reverse Piano (Major_Minor) - 低音反向钢琴（大小调通用）/Low Reverse Piano (G#_Ab).wav	1855876
Multiply Sound@影采/1.Film Score Collection V1/1. Film Score Collection V1/6. Melodic Risers - 旋律渐强上升音色/2. Low Reverse Piano (Major_Minor) - 低音反向钢琴（大小调通用）/Low Reverse Piano (A#_Bb).wav	1855878
Multiply Sound@影采/1.Film Score Collection V1/1. Film Score Collection V1/6. Melodic Risers - 旋律渐强上升音色/2. Low Reverse Piano (Major_Minor) - 低音反向钢琴（大小调通用）/Low Reverse Piano (A).wav	1855876
Multiply Sound@影采/1.Film Score Collection V1/1. Film Score Collection V1/6. Melodic Risers - 旋律渐强上升音色/2. Low Reverse Piano (Major_Minor) - 低音反向钢琴（大小调通用）/Low Reverse Piano (C).wav	1855878
Multiply Sound@影采/1.Film Score Collection V1/1. Film Score Collection V1/6. Melodic Risers - 旋律渐强上升音色/10. Ice Wave Swell (Minor) - 冰感波浪渐强铺底（小调）/Ice Wave Swell (G#m_Abm).wav	3469726
Multiply Sound@影采/1.Film Score Collection V1/1. Film Score Collection V1/6. Melodic Risers - 旋律渐强上升音色/10. Ice Wave Swell (Minor) - 冰感波浪渐强铺底（小调）/Ice Wave Swell (C#m_Dbm).wav	3469726
Multiply Sound@影采/1.Film Score Collection V1/1. Film Score Collection V1/6. Melodic Risers - 旋律渐强上升音色/10. Ice Wave Swell (Minor) - 冰感波浪渐强铺底（小调）/Ice Wave Swell (Bm).wav	3469726
Multiply Sound@影采/1.Film Score Collection V1/1. Film Score Collection V1/6. Melodic Risers - 旋律渐强上升音色/10. Ice Wave Swell (Minor) - 冰感波浪渐强铺底（小调）/Ice Wave Swell (A#m_Bbm).wav	3469726
Multiply Sound@影采/1.Film Score Collection V1/1. Film Score Collection V1/6. Melodic Risers - 旋律渐强上升音色/10. Ice Wave Swell (Minor) - 冰感波浪渐强铺底（小调）/Ice Wave Swell (Em).wav	3469726
Multiply Sound@影采/1.Film Score Collection V1/1. Film Score Collection V1/6. Melodic Risers - 旋律渐强上升音色/10. Ice Wave Swell (Minor) - 冰感波浪渐强铺底（小调）/Ice Wave Swell (Gm).wav	3108432
Multiply Sound@影采/1.Film Score Collection V1/1. Film Score Collection V1/6. Melodic Risers - 旋律渐强上升音色/10. Ice Wave Swell (Minor) - 冰感波浪渐强铺底（小调）/Ice Wave Swell (Fm).wav	3469726
Multiply Sound@影采/1.Film Score Collection V1/1. Film Score Collection V1/6. Melodic Risers - 旋律渐强上升音色/10. Ice Wave Swell (Minor) - 冰感波浪渐强铺底（小调）/Ice Wave Swell (Am).wav	3469726
Multiply Sound@影采/1.Film Score Collection V1/1. Film Score Collection V1/6. Melodic Risers - 旋律渐强上升音色/10. Ice Wave Swell (Minor) - 冰感波浪渐强铺底（小调）/Ice Wave Swell (D#m_Ebm).wav	3469726
Multiply Sound@影采/1.Film Score Collection V1/1. Film Score Collection V1/6. Melodic Risers - 旋律渐强上升音色/10. Ice Wave Swell (Minor) - 冰感波浪渐强铺底（小调）/Ice Wave Swell (Cm).wav	3469726
Multiply Sound@影采/1.Film Score Collection V1/1. Film Score Collection V1/6. Melodic Risers - 旋律渐强上升音色/10. Ice Wave Swell (Minor) - 冰感波浪渐强铺底（小调）/Ice Wave Swell (F#m_Gbm).wav	3108432
Multiply Sound@影采/1.Film Score Collection V1/1. Film Score Collection V1/6. Melodic Risers - 旋律渐强上升音色/10. Ice Wave Swell (Minor) - 冰感波浪渐强铺底（小调）/Ice Wave Swell (Dm).wav	3469726
Multiply Sound@影采/1.Film Score Collection V1/1. Film Score Collection V1/6. Melodic Risers - 旋律渐强上升音色/3. Vocal Chop Reverse (Major) - 切片反向人声（大调）/Vocal Chop Reverse (C#_Db).wav	1590928
Multiply Sound@影采/1.Film Score Collection V1/1. Film Score Collection V1/6. Melodic Risers - 旋律渐强上升音色/3. Vocal Chop Reverse (Major) - 切片反向人声（大调）/Vocal Chop Reverse (D).wav	1590928
Multiply Sound@影采/1.Film Score Collection V1/1. Film Score Collection V1/6. Melodic Risers - 旋律渐强上升音色/3. Vocal Chop Reverse (Major) - 切片反向人声（大调）/Vocal Chop Reverse (G#_Ab).wav	1590928
Multiply Sound@影采/1.Film Score Collection V1/1. Film Score Collection V1/6. Melodic Risers - 旋律渐强上升音色/3. Vocal Chop Reverse (Major) - 切片反向人声（大调）/Vocal Chop Reverse (C).wav	1590926
Multiply Sound@影采/1.Film Score Collection V1/1. Film Score Collection V1/6. Melodic Risers - 旋律渐强上升音色/3. Vocal Chop Reverse (Major) - 切片反向人声（大调）/Vocal Chop Reverse (A).wav	1590928
Multiply Sound@影采/1.Film Score Collection V1/1. Film Score Collection V1/6. Melodic Risers - 旋律渐强上升音色/3. Vocal Chop Reverse (Major) - 切片反向人声（大调）/Vocal Chop Reverse (F).wav	1590928
Multiply Sound@影采/1.Film Score Collection V1/1. Film Score Collection V1/6. Melodic Risers - 旋律渐强上升音色/3. Vocal Chop Reverse (Major) - 切片反向人声（大调）/Vocal Chop Reverse (A#_Bb).wav	1590926
Multiply Sound@影采/1.Film Score Collection V1/1. Film Score Collection V1/6. Melodic Risers - 旋律渐强上升音色/3. Vocal Chop Reverse (Major) - 切片反向人声（大调）/Vocal Chop Reverse (E).wav	1590926
Multiply Sound@影采/1.Film Score Collection V1/1. Film Score Collection V1/6. Melodic Risers - 旋律渐强上升音色/3. Vocal Chop Reverse (Major) - 切片反向人声（大调）/Vocal Chop Reverse (D#_Eb).wav	1590928
Multiply Sound@影采/1.Film Score Collection V1/1. Film Score Collection V1/6. Melodic Risers - 旋律渐强上升音色/3. Vocal Chop Reverse (Major) - 切片反向人声（大调）/Vocal Chop Reverse (B).wav	1590928
Multiply Sound@影采/1.Film Score Collection V1/1. Film Score Collection V1/6. Melodic Risers - 旋律渐强上升音色/3. Vocal Chop Reverse (Major) - 切片反向人声（大调）/Vocal Chop Reverse (F#_Gb).wav	1590928
Multiply Sound@影采/1.Film Score Collection V1/1. Film Score Collection V1/6. Melodic Risers - 旋律渐强上升音色/3. Vocal Chop Reverse (Major) - 切片反向人声（大调）/Vocal Chop Reverse (G).wav	1590928
Multiply Sound@影采/1.Film Score Collection V1/1. Film Score Collection V1/6. Melodic Risers - 旋律渐强上升音色/8. Wave Riser (Minor) - 波浪上升音色（小调）/Wave Riser (Bm).wav	5530814
Multiply Sound@影采/1.Film Score Collection V1/1. Film Score Collection V1/6. Melodic Risers - 旋律渐强上升音色/8. Wave Riser (Minor) - 波浪上升音色（小调）/Wave Riser (Fm).wav	5530816
Multiply Sound@影采/1.Film Score Collection V1/1. Film Score Collection V1/6. Melodic Risers - 旋律渐强上升音色/8. Wave Riser (Minor) - 波浪上升音色（小调）/Wave Riser (G#m_Abm).wav	5530816
Multiply Sound@影采/1.Film Score Collection V1/1. Film Score Collection V1/6. Melodic Risers - 旋律渐强上升音色/8. Wave Riser (Minor) - 波浪上升音色（小调）/Wave Riser (C#m_Dbm).wav	5530816
Multiply Sound@影采/1.Film Score Collection V1/1. Film Score Collection V1/6. Melodic Risers - 旋律渐强上升音色/8. Wave Riser (Minor) - 波浪上升音色（小调）/Wave Riser (Cm).wav	5530816
Multiply Sound@影采/1.Film Score Collection V1/1. Film Score Collection V1/6. Melodic Risers - 旋律渐强上升音色/8. Wave Riser (Minor) - 波浪上升音色（小调）/Wave Riser (A#m_Bbm).wav	5530816
Multiply Sound@影采/1.Film Score Collection V1/1. Film Score Collection V1/6. Melodic Risers - 旋律渐强上升音色/8. Wave Riser (Minor) - 波浪上升音色（小调）/Wave Riser (Dm).wav	5530816
Multiply Sound@影采/1.Film Score Collection V1/1. Film Score Collection V1/6. Melodic Risers - 旋律渐强上升音色/8. Wave Riser (Minor) - 波浪上升音色（小调）/Wave Riser (Am).wav	5530816
Multiply Sound@影采/1.Film Score Collection V1/1. Film Score Collection V1/6. Melodic Risers - 旋律渐强上升音色/8. Wave Riser (Minor) - 波浪上升音色（小调）/Wave Riser (F#m_Gbm).wav	5530816
Multiply Sound@影采/1.Film Score Collection V1/1. Film Score Collection V1/6. Melodic Risers - 旋律渐强上升音色/8. Wave Riser (Minor) - 波浪上升音色（小调）/Wave Riser (Em).wav	5530816
Multiply Sound@影采/1.Film Score Collection V1/1. Film Score Collection V1/6. Melodic Risers - 旋律渐强上升音色/8. Wave Riser (Minor) - 波浪上升音色（小调）/Wave Riser (Gm).wav	5530816
Multiply Sound@影采/1.Film Score Collection V1/1. Film Score Collection V1/6. Melodic Risers - 旋律渐强上升音色/8. Wave Riser (Minor) - 波浪上升音色（小调）/Wave Riser (D#m_Ebm).wav	5530816
Multiply Sound@影采/1.Film Score Collection V1/1. Film Score Collection V1/6. Melodic Risers - 旋律渐强上升音色/5. Sharp Ascent (Major) - 锐利上行音色（大调）/Sharp Ascent (F).wav	1767566
Multiply Sound@影采/1.Film Score Collection V1/1. Film Score Collection V1/6. Melodic Risers - 旋律渐强上升音色/5. Sharp Ascent (Major) - 锐利上行音色（大调）/Sharp Ascent (G#_Ab).wav	1767566
Multiply Sound@影采/1.Film Score Collection V1/1. Film Score Collection V1/6. Melodic Risers - 旋律渐强上升音色/5. Sharp Ascent (Major) - 锐利上行音色（大调）/Sharp Ascent (E).wav	1767566
Multiply Sound@影采/1.Film Score Collection V1/1. Film Score Collection V1/6. Melodic Risers - 旋律渐强上升音色/5. Sharp Ascent (Major) - 锐利上行音色（大调）/Sharp Ascent (F#_Gb).wav	1767566
Multiply Sound@影采/1.Film Score Collection V1/1. Film Score Collection V1/6. Melodic Risers - 旋律渐强上升音色/5. Sharp Ascent (Major) - 锐利上行音色（大调）/Sharp Ascent (B).wav	1767566
Multiply Sound@影采/1.Film Score Collection V1/1. Film Score Collection V1/6. Melodic Risers - 旋律渐强上升音色/5. Sharp Ascent (Major) - 锐利上行音色（大调）/Sharp Ascent (A#_Bb).wav	1767566
Multiply Sound@影采/1.Film Score Collection V1/1. Film Score Collection V1/6. Melodic Risers - 旋律渐强上升音色/5. Sharp Ascent (Major) - 锐利上行音色（大调）/Sharp Ascent (G).wav	1767566
Multiply Sound@影采/1.Film Score Collection V1/1. Film Score Collection V1/6. Melodic Risers - 旋律渐强上升音色/5. Sharp Ascent (Major) - 锐利上行音色（大调）/Sharp Ascent (C).wav	1767566
Multiply Sound@影采/1.Film Score Collection V1/1. Film Score Collection V1/6. Melodic Risers - 旋律渐强上升音色/5. Sharp Ascent (Major) - 锐利上行音色（大调）/Sharp Ascent (D#_Eb).wav	1767566
Multiply Sound@影采/1.Film Score Collection V1/1. Film Score Collection V1/6. Melodic Risers - 旋律渐强上升音色/5. Sharp Ascent (Major) - 锐利上行音色（大调）/Sharp Ascent (D).wav	1767566
Multiply Sound@影采/1.Film Score Collection V1/1. Film Score Collection V1/6. Melodic Risers - 旋律渐强上升音色/5. Sharp Ascent (Major) - 锐利上行音色（大调）/Sharp Ascent (C#_Db).wav	1767566
Multiply Sound@影采/1.Film Score Collection V1/1. Film Score Collection V1/6. Melodic Risers - 旋律渐强上升音色/5. Sharp Ascent (Major) - 锐利上行音色（大调）/Sharp Ascent (A).wav	1767566
Multiply Sound@影采/1.Film Score Collection V1/1. Film Score Collection V1/6. Melodic Risers - 旋律渐强上升音色/6. Wobble Swell (Major_Minor) - 波动渐强铺底（大小调通用）/Wobble Swell (F).wav	2766006
Multiply Sound@影采/1.Film Score Collection V1/1. Film Score Collection V1/6. Melodic Risers - 旋律渐强上升音色/6. Wobble Swell (Major_Minor) - 波动渐强铺底（大小调通用）/Wobble Swell (G).wav	2766006
Multiply Sound@影采/1.Film Score Collection V1/1. Film Score Collection V1/6. Melodic Risers - 旋律渐强上升音色/6. Wobble Swell (Major_Minor) - 波动渐强铺底（大小调通用）/Wobble Swell (G#_Ab).wav	2766006
Multiply Sound@影采/1.Film Score Collection V1/1. Film Score Collection V1/6. Melodic Risers - 旋律渐强上升音色/6. Wobble Swell (Major_Minor) - 波动渐强铺底（大小调通用）/Wobble Swell (D#_Eb).wav	2766006
Multiply Sound@影采/1.Film Score Collection V1/1. Film Score Collection V1/6. Melodic Risers - 旋律渐强上升音色/6. Wobble Swell (Major_Minor) - 波动渐强铺底（大小调通用）/Wobble Swell (F#_Gb).wav	2766006
Multiply Sound@影采/1.Film Score Collection V1/1. Film Score Collection V1/6. Melodic Risers - 旋律渐强上升音色/6. Wobble Swell (Major_Minor) - 波动渐强铺底（大小调通用）/Wobble Swell (A#_Bb).wav	2766008
Multiply Sound@影采/1.Film Score Collection V1/1. Film Score Collection V1/6. Melodic Risers - 旋律渐强上升音色/6. Wobble Swell (Major_Minor) - 波动渐强铺底（大小调通用）/Wobble Swell (C#_Db).wav	2766006
Multiply Sound@影采/1.Film Score Collection V1/1. Film Score Collection V1/6. Melodic Risers - 旋律渐强上升音色/6. Wobble Swell (Major_Minor) - 波动渐强铺底（大小调通用）/Wobble Swell (C).wav	2766006
Multiply Sound@影采/1.Film Score Collection V1/1. Film Score Collection V1/6. Melodic Risers - 旋律渐强上升音色/6. Wobble Swell (Major_Minor) - 波动渐强铺底（大小调通用）/Wobble Swell (D).wav	2766006
Multiply Sound@影采/1.Film Score Collection V1/1. Film Score Collection V1/6. Melodic Risers - 旋律渐强上升音色/6. Wobble Swell (Major_Minor) - 波动渐强铺底（大小调通用）/Wobble Swell (A).wav	2766006
Multiply Sound@影采/1.Film Score Collection V1/1. Film Score Collection V1/6. Melodic Risers - 旋律渐强上升音色/6. Wobble Swell (Major_Minor) - 波动渐强铺底（大小调通用）/Wobble Swell (B).wav	2766006
Multiply Sound@影采/1.Film Score Collection V1/1. Film Score Collection V1/6. Melodic Risers - 旋律渐强上升音色/6. Wobble Swell (Major_Minor) - 波动渐强铺底（大小调通用）/Wobble Swell (E).wav	2766006
Multiply Sound@影采/1.Film Score Collection V1/1. Film Score Collection V1/5. Melodic Hits - 旋律打击音色/10. Boomer Knock (Any Key) - 回响声敲击音色（任意调）.mp3	165504
Multiply Sound@影采/1.Film Score Collection V1/1. Film Score Collection V1/5. Melodic Hits - 旋律打击音色/11. Descending Drop (ANY KEY) - 下行坠落过渡音色（任意调）.wav	2213108
Multiply Sound@影采/1.Film Score Collection V1/1. Film Score Collection V1/5. Melodic Hits - 旋律打击音色/9. Sub Hit Delay (All Keys) 120bpm - 低频冲击延时音色（任意调）120拍.wav	1590926
Multiply Sound@影采/1.Film Score Collection V1/1. Film Score Collection V1/5. Melodic Hits - 旋律打击音色/12. Fat Impact (Any Key) - 厚重饱满冲击音色（任意调）.mp3	165504
Multiply Sound@影采/1.Film Score Collection V1/1. Film Score Collection V1/5. Melodic Hits - 旋律打击音色/6. Brass Inception (Minor) - 厚重开篇铜管（小调）/Brass Inception (Bm).wav	1590928
Multiply Sound@影采/1.Film Score Collection V1/1. Film Score Collection V1/5. Melodic Hits - 旋律打击音色/6. Brass Inception (Minor) - 厚重开篇铜管（小调）/Brass Inception (Am).wav	1590928
Multiply Sound@影采/1.Film Score Collection V1/1. Film Score Collection V1/5. Melodic Hits - 旋律打击音色/6. Brass Inception (Minor) - 厚重开篇铜管（小调）/Brass Inception (F#m_Gbm).wav	1590924
Multiply Sound@影采/1.Film Score Collection V1/1. Film Score Collection V1/5. Melodic Hits - 旋律打击音色/6. Brass Inception (Minor) - 厚重开篇铜管（小调）/Brass Inception (Gm).wav	1590928
Multiply Sound@影采/1.Film Score Collection V1/1. Film Score Collection V1/5. Melodic Hits - 旋律打击音色/6. Brass Inception (Minor) - 厚重开篇铜管（小调）/Brass Inception (C#m_Dbm).wav	1590928
Multiply Sound@影采/1.Film Score Collection V1/1. Film Score Collection V1/5. Melodic Hits - 旋律打击音色/6. Brass Inception (Minor) - 厚重开篇铜管（小调）/Brass Inception (Dm).wav	1590928
Multiply Sound@影采/1.Film Score Collection V1/1. Film Score Collection V1/5. Melodic Hits - 旋律打击音色/6. Brass Inception (Minor) - 厚重开篇铜管（小调）/Brass Inception (G#m_Abm).wav	1590928
Multiply Sound@影采/1.Film Score Collection V1/1. Film Score Collection V1/5. Melodic Hits - 旋律打击音色/6. Brass Inception (Minor) - 厚重开篇铜管（小调）/Brass Inception (Cm).wav	1590928
Multiply Sound@影采/1.Film Score Collection V1/1. Film Score Collection V1/5. Melodic Hits - 旋律打击音色/6. Brass Inception (Minor) - 厚重开篇铜管（小调）/Brass Inception (Fm).wav	1590928
Multiply Sound@影采/1.Film Score Collection V1/1. Film Score Collection V1/5. Melodic Hits - 旋律打击音色/6. Brass Inception (Minor) - 厚重开篇铜管（小调）/Brass Inception (Em).wav	1590928
Multiply Sound@影采/1.Film Score Collection V1/1. Film Score Collection V1/5. Melodic Hits - 旋律打击音色/6. Brass Inception (Minor) - 厚重开篇铜管（小调）/Brass Inception (D#m_Ebm).wav	1590928
Multiply Sound@影采/1.Film Score Collection V1/1. Film Score Collection V1/5. Melodic Hits - 旋律打击音色/6. Brass Inception (Minor) - 厚重开篇铜管（小调）/Brass Inception (A#m_Bbm).wav	1590928
Multiply Sound@影采/1.Film Score Collection V1/1. Film Score Collection V1/5. Melodic Hits - 旋律打击音色/1. Piano Octaves (Major_Minor) - 八度钢琴（大小调通用）/Piano Octaves (G).wav	2120830
Multiply Sound@影采/1.Film Score Collection V1/1. Film Score Collection V1/5. Melodic Hits - 旋律打击音色/1. Piano Octaves (Major_Minor) - 八度钢琴（大小调通用）/Piano Octaves (C).wav	2120830
Multiply Sound@影采/1.Film Score Collection V1/1. Film Score Collection V1/5. Melodic Hits - 旋律打击音色/1. Piano Octaves (Major_Minor) - 八度钢琴（大小调通用）/Piano Octaves (A).wav	2121898
Multiply Sound@影采/1.Film Score Collection V1/1. Film Score Collection V1/5. Melodic Hits - 旋律打击音色/1. Piano Octaves (Major_Minor) - 八度钢琴（大小调通用）/Piano Octaves (C#_Db).wav	2120830
Multiply Sound@影采/1.Film Score Collection V1/1. Film Score Collection V1/5. Melodic Hits - 旋律打击音色/1. Piano Octaves (Major_Minor) - 八度钢琴（大小调通用）/Piano Octaves (E).wav	2120830
Multiply Sound@影采/1.Film Score Collection V1/1. Film Score Collection V1/5. Melodic Hits - 旋律打击音色/1. Piano Octaves (Major_Minor) - 八度钢琴（大小调通用）/Piano Octaves (A#_Bb).wav	2120830
Multiply Sound@影采/1.Film Score Collection V1/1. Film Score Collection V1/5. Melodic Hits - 旋律打击音色/1. Piano Octaves (Major_Minor) - 八度钢琴（大小调通用）/Piano Octaves (G#_Ab).wav	2120830
Multiply Sound@影采/1.Film Score Collection V1/1. Film Score Collection V1/5. Melodic Hits - 旋律打击音色/1. Piano Octaves (Major_Minor) - 八度钢琴（大小调通用）/Piano Octaves (F#_Gb).wav	2120830
Multiply Sound@影采/1.Film Score Collection V1/1. Film Score Collection V1/5. Melodic Hits - 旋律打击音色/1. Piano Octaves (Major_Minor) - 八度钢琴（大小调通用）/Piano Octaves (D#_Eb).wav	2120830
Multiply Sound@影采/1.Film Score Collection V1/1. Film Score Collection V1/5. Melodic Hits - 旋律打击音色/1. Piano Octaves (Major_Minor) - 八度钢琴（大小调通用）/Piano Octaves (B).wav	2120830
Multiply Sound@影采/1.Film Score Collection V1/1. Film Score Collection V1/5. Melodic Hits - 旋律打击音色/1. Piano Octaves (Major_Minor) - 八度钢琴（大小调通用）/Piano Octaves (F).wav	2120830
Multiply Sound@影采/1.Film Score Collection V1/1. Film Score Collection V1/5. Melodic Hits - 旋律打击音色/1. Piano Octaves (Major_Minor) - 八度钢琴（大小调通用）/Piano Octaves (D).wav	2120830
Multiply Sound@影采/1.Film Score Collection V1/1. Film Score Collection V1/5. Melodic Hits - 旋律打击音色/3. Impact Delay (Major_Minor) - 冲击延时音色（大小调通用）/Impact Delay (F).wav	1660100
Multiply Sound@影采/1.Film Score Collection V1/1. Film Score Collection V1/5. Melodic Hits - 旋律打击音色/3. Impact Delay (Major_Minor) - 冲击延时音色（大小调通用）/Impact Delay (B).wav	1660100
Multiply Sound@影采/1.Film Score Collection V1/1. Film Score Collection V1/5. Melodic Hits - 旋律打击音色/3. Impact Delay (Major_Minor) - 冲击延时音色（大小调通用）/Impact Delay (D#).wav	1660100
Multiply Sound@影采/1.Film Score Collection V1/1. Film Score Collection V1/5. Melodic Hits - 旋律打击音色/3. Impact Delay (Major_Minor) - 冲击延时音色（大小调通用）/Impact Delay (A#_Bb).wav	1660102
Multiply Sound@影采/1.Film Score Collection V1/1. Film Score Collection V1/5. Melodic Hits - 旋律打击音色/3. Impact Delay (Major_Minor) - 冲击延时音色（大小调通用）/Impact Delay (C).wav	1660100
Multiply Sound@影采/1.Film Score Collection V1/1. Film Score Collection V1/5. Melodic Hits - 旋律打击音色/3. Impact Delay (Major_Minor) - 冲击延时音色（大小调通用）/Impact Delay (D).wav	1660100
Multiply Sound@影采/1.Film Score Collection V1/1. Film Score Collection V1/5. Melodic Hits - 旋律打击音色/3. Impact Delay (Major_Minor) - 冲击延时音色（大小调通用）/Impact Delay (E).wav	1660100
Multiply Sound@影采/1.Film Score Collection V1/1. Film Score Collection V1/5. Melodic Hits - 旋律打击音色/3. Impact Delay (Major_Minor) - 冲击延时音色（大小调通用）/Impact Delay (C#_Db).wav	1660100
Multiply Sound@影采/1.Film Score Collection V1/1. Film Score Collection V1/5. Melodic Hits - 旋律打击音色/3. Impact Delay (Major_Minor) - 冲击延时音色（大小调通用）/Impact Delay (G).wav	1660100
Multiply Sound@影采/1.Film Score Collection V1/1. Film Score Collection V1/5. Melodic Hits - 旋律打击音色/3. Impact Delay (Major_Minor) - 冲击延时音色（大小调通用）/Impact Delay (G#_Ab).wav	1660100
Multiply Sound@影采/1.Film Score Collection V1/1. Film Score Collection V1/5. Melodic Hits - 旋律打击音色/3. Impact Delay (Major_Minor) - 冲击延时音色（大小调通用）/Impact Delay (F#_Gb).wav	1660100
Multiply Sound@影采/1.Film Score Collection V1/1. Film Score Collection V1/5. Melodic Hits - 旋律打击音色/3. Impact Delay (Major_Minor) - 冲击延时音色（大小调通用）/Impact Delay (A).wav	1660100
Multiply Sound@影采/1.Film Score Collection V1/1. Film Score Collection V1/5. Melodic Hits - 旋律打击音色/4. Church Bell (Major_Minor) - 教堂钟音（大小调通用）/Church Bell (F#_Gb).wav	1735490
Multiply Sound@影采/1.Film Score Collection V1/1. Film Score Collection V1/5. Melodic Hits - 旋律打击音色/4. Church Bell (Major_Minor) - 教堂钟音（大小调通用）/Church Bell (E).wav	1735490
Multiply Sound@影采/1.Film Score Collection V1/1. Film Score Collection V1/5. Melodic Hits - 旋律打击音色/4. Church Bell (Major_Minor) - 教堂钟音（大小调通用）/Church Bell (F).wav	1735492
Multiply Sound@影采/1.Film Score Collection V1/1. Film Score Collection V1/5. Melodic Hits - 旋律打击音色/4. Church Bell (Major_Minor) - 教堂钟音（大小调通用）/Church Bell (A).wav	1735490
Multiply Sound@影采/1.Film Score Collection V1/1. Film Score Collection V1/5. Melodic Hits - 旋律打击音色/4. Church Bell (Major_Minor) - 教堂钟音（大小调通用）/Church Bell (C).wav	1735490
Multiply Sound@影采/1.Film Score Collection V1/1. Film Score Collection V1/5. Melodic Hits - 旋律打击音色/4. Church Bell (Major_Minor) - 教堂钟音（大小调通用）/Church Bell (B).wav	1735490
Multiply Sound@影采/1.Film Score Collection V1/1. Film Score Collection V1/5. Melodic Hits - 旋律打击音色/4. Church Bell (Major_Minor) - 教堂钟音（大小调通用）/Church Bell (A#_Bb).wav	1735490
Multiply Sound@影采/1.Film Score Collection V1/1. Film Score Collection V1/5. Melodic Hits - 旋律打击音色/4. Church Bell (Major_Minor) - 教堂钟音（大小调通用）/Church Bell (G#_Ab).wav	1735490
Multiply Sound@影采/1.Film Score Collection V1/1. Film Score Collection V1/5. Melodic Hits - 旋律打击音色/4. Church Bell (Major_Minor) - 教堂钟音（大小调通用）/Church Bell (C#_Db).wav	1735490
Multiply Sound@影采/1.Film Score Collection V1/1. Film Score Collection V1/5. Melodic Hits - 旋律打击音色/4. Church Bell (Major_Minor) - 教堂钟音（大小调通用）/Church Bell (D).wav	1735492
Multiply Sound@影采/1.Film Score Collection V1/1. Film Score Collection V1/5. Melodic Hits - 旋律打击音色/4. Church Bell (Major_Minor) - 教堂钟音（大小调通用）/Church Bell (D#_Eb).wav	1735490
Multiply Sound@影采/1.Film Score Collection V1/1. Film Score Collection V1/5. Melodic Hits - 旋律打击音色/4. Church Bell (Major_Minor) - 教堂钟音（大小调通用）/Church Bell (G).wav	1735490
Multiply Sound@影采/1.Film Score Collection V1/1. Film Score Collection V1/5. Melodic Hits - 旋律打击音色/8. Wavering Tone (Minor) - 摇曳颤音音色（小调）/Wavering Tone (Gm).wav	2120830
Multiply Sound@影采/1.Film Score Collection V1/1. Film Score Collection V1/5. Melodic Hits - 旋律打击音色/8. Wavering Tone (Minor) - 摇曳颤音音色（小调）/Wavering Tone (Am).wav	2120830
Multiply Sound@影采/1.Film Score Collection V1/1. Film Score Collection V1/5. Melodic Hits - 旋律打击音色/8. Wavering Tone (Minor) - 摇曳颤音音色（小调）/Wavering Tone (F#m_Gbm).wav	2120830
Multiply Sound@影采/1.Film Score Collection V1/1. Film Score Collection V1/5. Melodic Hits - 旋律打击音色/8. Wavering Tone (Minor) - 摇曳颤音音色（小调）/Wavering Tone (G#m_Abm).wav	2120830
Multiply Sound@影采/1.Film Score Collection V1/1. Film Score Collection V1/5. Melodic Hits - 旋律打击音色/8. Wavering Tone (Minor) - 摇曳颤音音色（小调）/Wavering Tone (Dm).wav	2120830
Multiply Sound@影采/1.Film Score Collection V1/1. Film Score Collection V1/5. Melodic Hits - 旋律打击音色/8. Wavering Tone (Minor) - 摇曳颤音音色（小调）/Wavering Tone (Fm).wav	2120830
Multiply Sound@影采/1.Film Score Collection V1/1. Film Score Collection V1/5. Melodic Hits - 旋律打击音色/8. Wavering Tone (Minor) - 摇曳颤音音色（小调）/Wavering Tone (Em).wav	2120830
Multiply Sound@影采/1.Film Score Collection V1/1. Film Score Collection V1/5. Melodic Hits - 旋律打击音色/8. Wavering Tone (Minor) - 摇曳颤音音色（小调）/Wavering Tone (D#m_Ebm).wav	2120828
Multiply Sound@影采/1.Film Score Collection V1/1. Film Score Collection V1/5. Melodic Hits - 旋律打击音色/8. Wavering Tone (Minor) - 摇曳颤音音色（小调）/Wavering Tone (Cm).wav	2120830
Multiply Sound@影采/1.Film Score Collection V1/1. Film Score Collection V1/5. Melodic Hits - 旋律打击音色/8. Wavering Tone (Minor) - 摇曳颤音音色（小调）/Wavering Tone (A#m_Bbm).wav	2120830
Multiply Sound@影采/1.Film Score Collection V1/1. Film Score Collection V1/5. Melodic Hits - 旋律打击音色/8. Wavering Tone (Minor) - 摇曳颤音音色（小调）/Wavering Tone (Bm).wav	2120830
Multiply Sound@影采/1.Film Score Collection V1/1. Film Score Collection V1/5. Melodic Hits - 旋律打击音色/8. Wavering Tone (Minor) - 摇曳颤音音色（小调）/Wavering Tone (C#m_Dbm).wav	2120830
Multiply Sound@影采/1.Film Score Collection V1/1. Film Score Collection V1/5. Melodic Hits - 旋律打击音色/7. Hollow (Minor) - 空洞空灵音色（小调）/Hollow Minor (G#m_Abm).wav	2650726
Multiply Sound@影采/1.Film Score Collection V1/1. Film Score Collection V1/5. Melodic Hits - 旋律打击音色/7. Hollow (Minor) - 空洞空灵音色（小调）/Hollow Minor (D#m_Ebm).wav	2650726
Multiply Sound@影采/1.Film Score Collection V1/1. Film Score Collection V1/5. Melodic Hits - 旋律打击音色/7. Hollow (Minor) - 空洞空灵音色（小调）/Hollow Minor (Gm).wav	2650726
Multiply Sound@影采/1.Film Score Collection V1/1. Film Score Collection V1/5. Melodic Hits - 旋律打击音色/7. Hollow (Minor) - 空洞空灵音色（小调）/Hollow Minor (Fm).wav	2650728
Multiply Sound@影采/1.Film Score Collection V1/1. Film Score Collection V1/5. Melodic Hits - 旋律打击音色/7. Hollow (Minor) - 空洞空灵音色（小调）/Hollow Minor (C#m_Dbm).wav	2650726
Multiply Sound@影采/1.Film Score Collection V1/1. Film Score Collection V1/5. Melodic Hits - 旋律打击音色/7. Hollow (Minor) - 空洞空灵音色（小调）/Hollow Minor (Cm).wav	2650726
Multiply Sound@影采/1.Film Score Collection V1/1. Film Score Collection V1/5. Melodic Hits - 旋律打击音色/7. Hollow (Minor) - 空洞空灵音色（小调）/Hollow Minor (Dm).wav	2650726
Multiply Sound@影采/1.Film Score Collection V1/1. Film Score Collection V1/5. Melodic Hits - 旋律打击音色/7. Hollow (Minor) - 空洞空灵音色（小调）/Hollow Minor (Em).wav	2650728
Multiply Sound@影采/1.Film Score Collection V1/1. Film Score Collection V1/5. Melodic Hits - 旋律打击音色/7. Hollow (Minor) - 空洞空灵音色（小调）/Hollow Minor (A#m_Bbm).wav	2650726
Multiply Sound@影采/1.Film Score Collection V1/1. Film Score Collection V1/5. Melodic Hits - 旋律打击音色/7. Hollow (Minor) - 空洞空灵音色（小调）/Hollow Minor (F#m_Gbm).wav	2650726
Multiply Sound@影采/1.Film Score Collection V1/1. Film Score Collection V1/5. Melodic Hits - 旋律打击音色/7. Hollow (Minor) - 空洞空灵音色（小调）/Hollow Minor (Am).wav	2650726
Multiply Sound@影采/1.Film Score Collection V1/1. Film Score Collection V1/5. Melodic Hits - 旋律打击音色/7. Hollow (Minor) - 空洞空灵音色（小调）/Hollow Minor (Bm).wav	2650726
Multiply Sound@影采/1.Film Score Collection V1/1. Film Score Collection V1/5. Melodic Hits - 旋律打击音色/2. Piano Low Note (Major_Minor) - 低音单音钢琴（大小调通用）/Piano Low Note (D).wav	7773106
Multiply Sound@影采/1.Film Score Collection V1/1. Film Score Collection V1/5. Melodic Hits - 旋律打击音色/2. Piano Low Note (Major_Minor) - 低音单音钢琴（大小调通用）/Piano Low Note (D#_Eb).wav	7773108
Multiply Sound@影采/1.Film Score Collection V1/1. Film Score Collection V1/5. Melodic Hits - 旋律打击音色/2. Piano Low Note (Major_Minor) - 低音单音钢琴（大小调通用）/Piano Low Note (G#_Ab).wav	7773106
Multiply Sound@影采/1.Film Score Collection V1/1. Film Score Collection V1/5. Melodic Hits - 旋律打击音色/2. Piano Low Note (Major_Minor) - 低音单音钢琴（大小调通用）/Piano Low Note (F#_Gb).wav	7773108
Multiply Sound@影采/1.Film Score Collection V1/1. Film Score Collection V1/5. Melodic Hits - 旋律打击音色/2. Piano Low Note (Major_Minor) - 低音单音钢琴（大小调通用）/Piano Low Note (C).wav	7773106
Multiply Sound@影采/1.Film Score Collection V1/1. Film Score Collection V1/5. Melodic Hits - 旋律打击音色/2. Piano Low Note (Major_Minor) - 低音单音钢琴（大小调通用）/Piano Low Note (G).wav	7773106
Multiply Sound@影采/1.Film Score Collection V1/1. Film Score Collection V1/5. Melodic Hits - 旋律打击音色/2. Piano Low Note (Major_Minor) - 低音单音钢琴（大小调通用）/Piano Low Note (A).wav	7773106
Multiply Sound@影采/1.Film Score Collection V1/1. Film Score Collection V1/5. Melodic Hits - 旋律打击音色/2. Piano Low Note (Major_Minor) - 低音单音钢琴（大小调通用）/Piano Low Note (C#_Db).wav	7773106
Multiply Sound@影采/1.Film Score Collection V1/1. Film Score Collection V1/5. Melodic Hits - 旋律打击音色/2. Piano Low Note (Major_Minor) - 低音单音钢琴（大小调通用）/Piano Low Note (B).wav	5101578
Multiply Sound@影采/1.Film Score Collection V1/1. Film Score Collection V1/5. Melodic Hits - 旋律打击音色/2. Piano Low Note (Major_Minor) - 低音单音钢琴（大小调通用）/Piano Low Note (E).wav	7773108
Multiply Sound@影采/1.Film Score Collection V1/1. Film Score Collection V1/5. Melodic Hits - 旋律打击音色/2. Piano Low Note (Major_Minor) - 低音单音钢琴（大小调通用）/Piano Low Note (A#_Bb).wav	7773106
Multiply Sound@影采/1.Film Score Collection V1/1. Film Score Collection V1/5. Melodic Hits - 旋律打击音色/2. Piano Low Note (Major_Minor) - 低音单音钢琴（大小调通用）/Piano Low Note (F).wav	7773106
Multiply Sound@影采/1.Film Score Collection V1/1. Film Score Collection V1/5. Melodic Hits - 旋律打击音色/5. Boom & Brass (Major_Minor) - 厚重低频+铜管（大小调通用）/Boom & Brass (A).wav	4240438
Multiply Sound@影采/1.Film Score Collection V1/1. Film Score Collection V1/5. Melodic Hits - 旋律打击音色/5. Boom & Brass (Major_Minor) - 厚重低频+铜管（大小调通用）/Boom & Brass (E).wav	4240438
Multiply Sound@影采/1.Film Score Collection V1/1. Film Score Collection V1/5. Melodic Hits - 旋律打击音色/5. Boom & Brass (Major_Minor) - 厚重低频+铜管（大小调通用）/Boom & Brass (F#_Gb).wav	4240438
Multiply Sound@影采/1.Film Score Collection V1/1. Film Score Collection V1/5. Melodic Hits - 旋律打击音色/5. Boom & Brass (Major_Minor) - 厚重低频+铜管（大小调通用）/Boom & Brass (F).wav	4240438
Multiply Sound@影采/1.Film Score Collection V1/1. Film Score Collection V1/5. Melodic Hits - 旋律打击音色/5. Boom & Brass (Major_Minor) - 厚重低频+铜管（大小调通用）/Boom & Brass (A#_Bb).wav	4240438
Multiply Sound@影采/1.Film Score Collection V1/1. Film Score Collection V1/5. Melodic Hits - 旋律打击音色/5. Boom & Brass (Major_Minor) - 厚重低频+铜管（大小调通用）/Boom & Brass (G).wav	4240436
Multiply Sound@影采/1.Film Score Collection V1/1. Film Score Collection V1/5. Melodic Hits - 旋律打击音色/5. Boom & Brass (Major_Minor) - 厚重低频+铜管（大小调通用）/Boom & Brass (B).wav	3710536
Multiply Sound@影采/1.Film Score Collection V1/1. Film Score Collection V1/5. Melodic Hits - 旋律打击音色/5. Boom & Brass (Major_Minor) - 厚重低频+铜管（大小调通用）/Boom & Brass (D#_Eb).wav	4240438
Multiply Sound@影采/1.Film Score Collection V1/1. Film Score Collection V1/5. Melodic Hits - 旋律打击音色/5. Boom & Brass (Major_Minor) - 厚重低频+铜管（大小调通用）/Boom & Brass (G#_Ab).wav	4240436
Multiply Sound@影采/1.Film Score Collection V1/1. Film Score Collection V1/5. Melodic Hits - 旋律打击音色/5. Boom & Brass (Major_Minor) - 厚重低频+铜管（大小调通用）/Boom & Brass (C#_Db).wav	4240438
Multiply Sound@影采/1.Film Score Collection V1/1. Film Score Collection V1/5. Melodic Hits - 旋律打击音色/5. Boom & Brass (Major_Minor) - 厚重低频+铜管（大小调通用）/Boom & Brass (D).wav	4240438
Multiply Sound@影采/1.Film Score Collection V1/1. Film Score Collection V1/5. Melodic Hits - 旋律打击音色/5. Boom & Brass (Major_Minor) - 厚重低频+铜管（大小调通用）/Boom & Brass (C).wav	4240438
Multiply Sound@影采/1.Film Score Collection V1/1. Film Score Collection V1/4. Drums - 鼓组音色/120 BPM/11. High Tick (120bpm).wav	2120830
Multiply Sound@影采/1.Film Score Collection V1/1. Film Score Collection V1/4. Drums - 鼓组音色/120 BPM/20. Timerkeeper (120bpm).wav	2120830
Multiply Sound@影采/1.Film Score Collection V1/1. Film Score Collection V1/4. Drums - 鼓组音色/120 BPM/24. War Drums 2 (120bpm).wav	4240438
Multiply Sound@影采/1.Film Score Collection V1/1. Film Score Collection V1/4. Drums - 鼓组音色/120 BPM/6. Bottom Groove (120bpm).wav	2120830
Multiply Sound@影采/1.Film Score Collection V1/1. Film Score Collection V1/4. Drums - 鼓组音色/120 BPM/14. Platinum Reverse (120bpm).wav	4240438
Multiply Sound@影采/1.Film Score Collection V1/1. Film Score Collection V1/4. Drums - 鼓组音色/120 BPM/4. Battle Drums (120bpm).wav	3461894
Multiply Sound@影采/1.Film Score Collection V1/1. Film Score Collection V1/4. Drums - 鼓组音色/120 BPM/7. Bright Scratch (120bpm).wav	4240438
Multiply Sound@影采/1.Film Score Collection V1/1. Film Score Collection V1/4. Drums - 鼓组音色/120 BPM/25. Woah Shaker (120bpm).wav	2120830
Multiply Sound@影采/1.Film Score Collection V1/1. Film Score Collection V1/4. Drums - 鼓组音色/120 BPM/16. Shredding Top (120bpm).wav	2120830
Multiply Sound@影采/1.Film Score Collection V1/1. Film Score Collection V1/4. Drums - 鼓组音色/120 BPM/2. Aluminum Scratch (120bpm).wav	4240438
Multiply Sound@影采/1.Film Score Collection V1/1. Film Score Collection V1/4. Drums - 鼓组音色/120 BPM/12. Low End (120bpm).wav	2120830
Multiply Sound@影采/1.Film Score Collection V1/1. Film Score Collection V1/4. Drums - 鼓组音色/120 BPM/3. Ambient Reverse Groove (120bpm).wav	2120830
Multiply Sound@影采/1.Film Score Collection V1/1. Film Score Collection V1/4. Drums - 鼓组音色/120 BPM/21. Titanium Groove (120bpm).wav	4240438
Multiply Sound@影采/1.Film Score Collection V1/1. Film Score Collection V1/4. Drums - 鼓组音色/120 BPM/22. Titanium Pattern (120bpm).wav	4240438
Multiply Sound@影采/1.Film Score Collection V1/1. Film Score Collection V1/4. Drums - 鼓组音色/120 BPM/9. Glitches (120bpm).wav	2120830
Multiply Sound@影采/1.Film Score Collection V1/1. Film Score Collection V1/4. Drums - 鼓组音色/120 BPM/1. 4 on Floor Kick (120bpm).wav	2120830
Multiply Sound@影采/1.Film Score Collection V1/1. Film Score Collection V1/4. Drums - 鼓组音色/120 BPM/18. Suspenseful Orchestral Drums (120bpm).wav	4615424
Multiply Sound@影采/1.Film Score Collection V1/1. Film Score Collection V1/4. Drums - 鼓组音色/120 BPM/13. Metal Effect (120bpm).wav	4240438
Multiply Sound@影采/1.Film Score Collection V1/1. Film Score Collection V1/4. Drums - 鼓组音色/120 BPM/5. BIG Toms (120bpm).wav	4615424
Multiply Sound@影采/1.Film Score Collection V1/1. Film Score Collection V1/4. Drums - 鼓组音色/120 BPM/17. Sticks Stero (120bpm).wav	2120830
Multiply Sound@影采/1.Film Score Collection V1/1. Film Score Collection V1/4. Drums - 鼓组音色/120 BPM/8. Charge Beat (120bpm).wav	2120830
Multiply Sound@影采/1.Film Score Collection V1/1. Film Score Collection V1/4. Drums - 鼓组音色/120 BPM/19. Time Shift Clock Loop (120bpm).wav	2308322
Multiply Sound@影采/1.Film Score Collection V1/1. Film Score Collection V1/4. Drums - 鼓组音色/120 BPM/23. War Drums (120bpm).wav	4240438
Multiply Sound@影采/1.Film Score Collection V1/1. Film Score Collection V1/4. Drums - 鼓组音色/120 BPM/15. Shaker Metal (120bpm).wav	2120830
Multiply Sound@影采/1.Film Score Collection V1/1. Film Score Collection V1/4. Drums - 鼓组音色/120 BPM/10. High Clicks (120bpm).wav	2120830
Multiply Sound@影采/1.Film Score Collection V1/1. Film Score Collection V1/4. Drums - 鼓组音色/One Shot/9. Electro Delay Hit (One Shot).wav	1590928
Multiply Sound@影采/1.Film Score Collection V1/1. Film Score Collection V1/4. Drums - 鼓组音色/One Shot/6. Crunch Snare (One Shot).wav	1590928
Multiply Sound@影采/1.Film Score Collection V1/1. Film Score Collection V1/4. Drums - 鼓组音色/One Shot/7. Distortion Hit (One Shot).wav	1061026
Multiply Sound@影采/1.Film Score Collection V1/1. Film Score Collection V1/4. Drums - 鼓组音色/One Shot/14. Timpani Roll (One Shot).wav	1590928
Multiply Sound@影采/1.Film Score Collection V1/1. Film Score Collection V1/4. Drums - 鼓组音色/One Shot/2. Battle Drum.wav	578036
Multiply Sound@影采/1.Film Score Collection V1/1. Film Score Collection V1/4. Drums - 鼓组音色/One Shot/5. Crunch Hit Stutter (One Shot).wav	1590928
Multiply Sound@影采/1.Film Score Collection V1/1. Film Score Collection V1/4. Drums - 鼓组音色/One Shot/11. Industrial Hit (One Shot).wav	2120830
Multiply Sound@影采/1.Film Score Collection V1/1. Film Score Collection V1/4. Drums - 鼓组音色/One Shot/8. Dumpster Hit (One Shot).wav	2120830
Multiply Sound@影采/1.Film Score Collection V1/1. Film Score Collection V1/4. Drums - 鼓组音色/One Shot/3. Bit Crusher Bounce (One Shot).wav	1061026
Multiply Sound@影采/1.Film Score Collection V1/1. Film Score Collection V1/4. Drums - 鼓组音色/One Shot/1. Alien Beep (One Shot).wav	1061026
Multiply Sound@影采/1.Film Score Collection V1/1. Film Score Collection V1/4. Drums - 鼓组音色/One Shot/4. Blip Crush (One Shot).wav	1590926
Multiply Sound@影采/1.Film Score Collection V1/1. Film Score Collection V1/4. Drums - 鼓组音色/One Shot/16. Tom Roll 2 (One Shot).wav	2120830
Multiply Sound@影采/1.Film Score Collection V1/1. Film Score Collection V1/4. Drums - 鼓组音色/One Shot/10. High Metal Hit (One Shot).wav	2120830
Multiply Sound@影采/1.Film Score Collection V1/1. Film Score Collection V1/4. Drums - 鼓组音色/One Shot/13. Punch Kick (One Shot).wav	1590928
Multiply Sound@影采/1.Film Score Collection V1/1. Film Score Collection V1/4. Drums - 鼓组音色/One Shot/12. Percussive Hit (One Shot).wav	1590926
Multiply Sound@影采/1.Film Score Collection V1/1. Film Score Collection V1/4. Drums - 鼓组音色/One Shot/17. Tom Roll 3 (One Shot).wav	2120830
Multiply Sound@影采/1.Film Score Collection V1/1. Film Score Collection V1/4. Drums - 鼓组音色/One Shot/15. Tom Roll 1 (One Shot).wav	2120830
Multiply Sound@影采/1.Film Score Collection V1/1. Film Score Collection V1/4. Drums - 鼓组音色/90 BPM/14. Pulse Kick 2 (90bpm).wav	2827372
Multiply Sound@影采/1.Film Score Collection V1/1. Film Score Collection V1/4. Drums - 鼓组音色/90 BPM/16. Snare Crush Pattern 1 (90bpm).wav	2827372
Multiply Sound@影采/1.Film Score Collection V1/1. Film Score Collection V1/4. Drums - 鼓组音色/90 BPM/19. War Toms (90bpm).wav	6153358
Multiply Sound@影采/1.Film Score Collection V1/1. Film Score Collection V1/4. Drums - 鼓组音色/90 BPM/6. High Hat Bell (90bpm).wav	2827372
Multiply Sound@影采/1.Film Score Collection V1/1. Film Score Collection V1/4. Drums - 鼓组音色/90 BPM/8. High Hat Pattern 2 (90bpm).wav	2827374
Multiply Sound@影采/1.Film Score Collection V1/1. Film Score Collection V1/4. Drums - 鼓组音色/90 BPM/17. Snare Crush Pattern 2 (90bpm).wav	2827372
Multiply Sound@影采/1.Film Score Collection V1/1. Film Score Collection V1/4. Drums - 鼓组音色/90 BPM/10. Kick Pattern 2 (90bpm).wav	2827372
Multiply Sound@影采/1.Film Score Collection V1/1. Film Score Collection V1/4. Drums - 鼓组音色/90 BPM/4. Glitches (90bpm).wav	2827372
Multiply Sound@影采/1.Film Score Collection V1/1. Film Score Collection V1/4. Drums - 鼓组音色/90 BPM/13. Pulse Kick 1 (90bpm).wav	2827372
Multiply Sound@影采/1.Film Score Collection V1/1. Film Score Collection V1/4. Drums - 鼓组音色/90 BPM/9. Kick Pattern 1 (90bpm).wav	2827372
Multiply Sound@影采/1.Film Score Collection V1/1. Film Score Collection V1/4. Drums - 鼓组音色/90 BPM/5. Heartbeat Drums (90bpm).wav	6153358
Multiply Sound@影采/1.Film Score Collection V1/1. Film Score Collection V1/4. Drums - 鼓组音色/90 BPM/3. Distorted Snare (90bpm).wav	2827372
Multiply Sound@影采/1.Film Score Collection V1/1. Film Score Collection V1/4. Drums - 鼓组音色/90 BPM/2. Delayed High Hat (90bpm).wav	2827372
Multiply Sound@影采/1.Film Score Collection V1/1. Film Score Collection V1/4. Drums - 鼓组音色/90 BPM/7. High Hat Pattern 1 (90bpm).wav	2827372
Multiply Sound@影采/1.Film Score Collection V1/1. Film Score Collection V1/4. Drums - 鼓组音色/90 BPM/1. Battle Toms (90bpm).wav	2827372
Multiply Sound@影采/1.Film Score Collection V1/1. Film Score Collection V1/4. Drums - 鼓组音色/90 BPM/15. Sinister (90bpm).wav	2827372
Multiply Sound@影采/1.Film Score Collection V1/1. Film Score Collection V1/4. Drums - 鼓组音色/90 BPM/11. LoFi Sub Beat (90bpm).wav	2827372
Multiply Sound@影采/1.Film Score Collection V1/1. Film Score Collection V1/4. Drums - 鼓组音色/90 BPM/12. Panning Shells (90bpm).wav	2827372
Multiply Sound@影采/1.Film Score Collection V1/1. Film Score Collection V1/4. Drums - 鼓组音色/90 BPM/18. Sticks & Rim Shots (90bpm).wav	2827372
Multiply Sound@影采/1.Film Score Collection V1/1. Film Score Collection V1/1. Pads_Drones - 氛围铺底_持续嗡鸣音色/1. Cloud Light (Major) - 云间柔光音色（大调）/Cloud Light (G).wav	13248782
Multiply Sound@影采/1.Film Score Collection V1/1. Film Score Collection V1/1. Pads_Drones - 氛围铺底_持续嗡鸣音色/1. Cloud Light (Major) - 云间柔光音色（大调）/Cloud Light (A).wav	13248780
Multiply Sound@影采/1.Film Score Collection V1/1. Film Score Collection V1/1. Pads_Drones - 氛围铺底_持续嗡鸣音色/1. Cloud Light (Major) - 云间柔光音色（大调）/Cloud Light (C#_Db).wav	13248780
Multiply Sound@影采/1.Film Score Collection V1/1. Film Score Collection V1/1. Pads_Drones - 氛围铺底_持续嗡鸣音色/1. Cloud Light (Major) - 云间柔光音色（大调）/Cloud Light (E).wav	13248782
Multiply Sound@影采/1.Film Score Collection V1/1. Film Score Collection V1/1. Pads_Drones - 氛围铺底_持续嗡鸣音色/1. Cloud Light (Major) - 云间柔光音色（大调）/Cloud Light (G#_Ab).wav	13248782
Multiply Sound@影采/1.Film Score Collection V1/1. Film Score Collection V1/1. Pads_Drones - 氛围铺底_持续嗡鸣音色/1. Cloud Light (Major) - 云间柔光音色（大调）/Cloud Light (F#_Gb).wav	13248780
Multiply Sound@影采/1.Film Score Collection V1/1. Film Score Collection V1/1. Pads_Drones - 氛围铺底_持续嗡鸣音色/1. Cloud Light (Major) - 云间柔光音色（大调）/Cloud Light (D#_Eb).wav	13248780
Multiply Sound@影采/1.Film Score Collection V1/1. Film Score Collection V1/1. Pads_Drones - 氛围铺底_持续嗡鸣音色/1. Cloud Light (Major) - 云间柔光音色（大调）/Cloud Light (C).wav	13248782
Multiply Sound@影采/1.Film Score Collection V1/1. Film Score Collection V1/1. Pads_Drones - 氛围铺底_持续嗡鸣音色/1. Cloud Light (Major) - 云间柔光音色（大调）/Cloud Light (B).wav	13248780
Multiply Sound@影采/1.Film Score Collection V1/1. Film Score Collection V1/1. Pads_Drones - 氛围铺底_持续嗡鸣音色/1. Cloud Light (Major) - 云间柔光音色（大调）/Cloud Light (A#_Bb).wav	13248780
Multiply Sound@影采/1.Film Score Collection V1/1. Film Score Collection V1/1. Pads_Drones - 氛围铺底_持续嗡鸣音色/1. Cloud Light (Major) - 云间柔光音色（大调）/Cloud Light (D).wav	13248782
Multiply Sound@影采/1.Film Score Collection V1/1. Film Score Collection V1/1. Pads_Drones - 氛围铺底_持续嗡鸣音色/1. Cloud Light (Major) - 云间柔光音色（大调）/Cloud Light (F).wav	13248782
Multiply Sound@影采/1.Film Score Collection V1/1. Film Score Collection V1/1. Pads_Drones - 氛围铺底_持续嗡鸣音色/11. Ghostly (Minor) - 幽寂魅影音色（小调）/Ghostly (C#m_Dbm).wav	15368400
Multiply Sound@影采/1.Film Score Collection V1/1. Film Score Collection V1/1. Pads_Drones - 氛围铺底_持续嗡鸣音色/11. Ghostly (Minor) - 幽寂魅影音色（小调）/Ghostly (Em).wav	15368404
Multiply Sound@影采/1.Film Score Collection V1/1. Film Score Collection V1/1. Pads_Drones - 氛围铺底_持续嗡鸣音色/11. Ghostly (Minor) - 幽寂魅影音色（小调）/Ghostly (G#m_Abm).wav	15368400
Multiply Sound@影采/1.Film Score Collection V1/1. Film Score Collection V1/1. Pads_Drones - 氛围铺底_持续嗡鸣音色/11. Ghostly (Minor) - 幽寂魅影音色（小调）/Ghostly (Bm).wav	15368404
Multiply Sound@影采/1.Film Score Collection V1/1. Film Score Collection V1/1. Pads_Drones - 氛围铺底_持续嗡鸣音色/11. Ghostly (Minor) - 幽寂魅影音色（小调）/Ghostly (Cm).wav	15368400
Multiply Sound@影采/1.Film Score Collection V1/1. Film Score Collection V1/1. Pads_Drones - 氛围铺底_持续嗡鸣音色/11. Ghostly (Minor) - 幽寂魅影音色（小调）/Ghostly (Dm).wav	15368402
Multiply Sound@影采/1.Film Score Collection V1/1. Film Score Collection V1/1. Pads_Drones - 氛围铺底_持续嗡鸣音色/11. Ghostly (Minor) - 幽寂魅影音色（小调）/Ghostly (A#m_Bbm).wav	15368400
Multiply Sound@影采/1.Film Score Collection V1/1. Film Score Collection V1/1. Pads_Drones - 氛围铺底_持续嗡鸣音色/11. Ghostly (Minor) - 幽寂魅影音色（小调）/Ghostly (Am).wav	15368400
Multiply Sound@影采/1.Film Score Collection V1/1. Film Score Collection V1/1. Pads_Drones - 氛围铺底_持续嗡鸣音色/11. Ghostly (Minor) - 幽寂魅影音色（小调）/Ghostly (F#m_Gbm).wav	15368400
Multiply Sound@影采/1.Film Score Collection V1/1. Film Score Collection V1/1. Pads_Drones - 氛围铺底_持续嗡鸣音色/11. Ghostly (Minor) - 幽寂魅影音色（小调）/Ghostly (Gm).wav	15368400
Multiply Sound@影采/1.Film Score Collection V1/1. Film Score Collection V1/1. Pads_Drones - 氛围铺底_持续嗡鸣音色/11. Ghostly (Minor) - 幽寂魅影音色（小调）/Ghostly (Fm).wav	15368404
Multiply Sound@影采/1.Film Score Collection V1/1. Film Score Collection V1/1. Pads_Drones - 氛围铺底_持续嗡鸣音色/12. Airy Atoms (Minor) - 轻盈微粒氛围（小调）/Airy Atoms (F#m_Gbm).wav	13824950
Multiply Sound@影采/1.Film Score Collection V1/1. Film Score Collection V1/1. Pads_Drones - 氛围铺底_持续嗡鸣音色/12. Airy Atoms (Minor) - 轻盈微粒氛围（小调）/Airy Atoms (A#m_Bbm).wav	13824950
Multiply Sound@影采/1.Film Score Collection V1/1. Film Score Collection V1/1. Pads_Drones - 氛围铺底_持续嗡鸣音色/12. Airy Atoms (Minor) - 轻盈微粒氛围（小调）/Airy Atoms (Dm).wav	13824950
Multiply Sound@影采/1.Film Score Collection V1/1. Film Score Collection V1/1. Pads_Drones - 氛围铺底_持续嗡鸣音色/12. Airy Atoms (Minor) - 轻盈微粒氛围（小调）/Airy Atoms (Am).wav	13824950
Multiply Sound@影采/1.Film Score Collection V1/1. Film Score Collection V1/1. Pads_Drones - 氛围铺底_持续嗡鸣音色/12. Airy Atoms (Minor) - 轻盈微粒氛围（小调）/Airy Atoms (Gm).wav	13824950
Multiply Sound@影采/1.Film Score Collection V1/1. Film Score Collection V1/1. Pads_Drones - 氛围铺底_持续嗡鸣音色/12. Airy Atoms (Minor) - 轻盈微粒氛围（小调）/Airy Atoms (Fm).wav	13824950
Multiply Sound@影采/1.Film Score Collection V1/1. Film Score Collection V1/1. Pads_Drones - 氛围铺底_持续嗡鸣音色/12. Airy Atoms (Minor) - 轻盈微粒氛围（小调）/Airy Atoms (G#m_Abm).wav	13824950
Multiply Sound@影采/1.Film Score Collection V1/1. Film Score Collection V1/1. Pads_Drones - 氛围铺底_持续嗡鸣音色/12. Airy Atoms (Minor) - 轻盈微粒氛围（小调）/Airy Atoms (D#m_Ebm).wav	13824950
Multiply Sound@影采/1.Film Score Collection V1/1. Film Score Collection V1/1. Pads_Drones - 氛围铺底_持续嗡鸣音色/12. Airy Atoms (Minor) - 轻盈微粒氛围（小调）/Airy Atoms (Em).wav	13824950
Multiply Sound@影采/1.Film Score Collection V1/1. Film Score Collection V1/1. Pads_Drones - 氛围铺底_持续嗡鸣音色/12. Airy Atoms (Minor) - 轻盈微粒氛围（小调）/Airy Atoms (C#m_Dbm).wav	13824950
Multiply Sound@影采/1.Film Score Collection V1/1. Film Score Collection V1/1. Pads_Drones - 氛围铺底_持续嗡鸣音色/12. Airy Atoms (Minor) - 轻盈微粒氛围（小调）/Airy Atoms (Cm).wav	13824950
Multiply Sound@影采/1.Film Score Collection V1/1. Film Score Collection V1/1. Pads_Drones - 氛围铺底_持续嗡鸣音色/12. Airy Atoms (Minor) - 轻盈微粒氛围（小调）/Airy Atoms (Bm).wav	13824950
Multiply Sound@影采/1.Film Score Collection V1/1. Film Score Collection V1/1. Pads_Drones - 氛围铺底_持续嗡鸣音色/10. Low Aerial (Minor) - 低空缥缈音色（小调）/Low Aerial (Am).wav	26231466
Multiply Sound@影采/1.Film Score Collection V1/1. Film Score Collection V1/1. Pads_Drones - 氛围铺底_持续嗡鸣音色/10. Low Aerial (Minor) - 低空缥缈音色（小调）/Low Aerial (Dm).wav	26496412
Multiply Sound@影采/1.Film Score Collection V1/1. Film Score Collection V1/1. Pads_Drones - 氛围铺底_持续嗡鸣音色/10. Low Aerial (Minor) - 低空缥缈音色（小调）/Low Aerial (C#m_Dbm).wav	26496412
Multiply Sound@影采/1.Film Score Collection V1/1. Film Score Collection V1/1. Pads_Drones - 氛围铺底_持续嗡鸣音色/10. Low Aerial (Minor) - 低空缥缈音色（小调）/Low Aerial (Fm).wav	25966514
Multiply Sound@影采/1.Film Score Collection V1/1. Film Score Collection V1/1. Pads_Drones - 氛围铺底_持续嗡鸣音色/10. Low Aerial (Minor) - 低空缥缈音色（小调）/Low Aerial (D#m_Ebm).wav	26496412
Multiply Sound@影采/1.Film Score Collection V1/1. Film Score Collection V1/1. Pads_Drones - 氛围铺底_持续嗡鸣音色/10. Low Aerial (Minor) - 低空缥缈音色（小调）/Low Aerial (A#m_Bbm).wav	26231466
Multiply Sound@影采/1.Film Score Collection V1/1. Film Score Collection V1/1. Pads_Drones - 氛围铺底_持续嗡鸣音色/10. Low Aerial (Minor) - 低空缥缈音色（小调）/Low Aerial (F#m_Gbm).wav	25966512
Multiply Sound@影采/1.Film Score Collection V1/1. Film Score Collection V1/1. Pads_Drones - 氛围铺底_持续嗡鸣音色/10. Low Aerial (Minor) - 低空缥缈音色（小调）/Low Aerial (Em).wav	26496412
Multiply Sound@影采/1.Film Score Collection V1/1. Film Score Collection V1/1. Pads_Drones - 氛围铺底_持续嗡鸣音色/10. Low Aerial (Minor) - 低空缥缈音色（小调）/Low Aerial (Gm).wav	25966514
Multiply Sound@影采/1.Film Score Collection V1/1. Film Score Collection V1/1. Pads_Drones - 氛围铺底_持续嗡鸣音色/10. Low Aerial (Minor) - 低空缥缈音色（小调）/Low Aerial (Bm).wav	26231466
Multiply Sound@影采/1.Film Score Collection V1/1. Film Score Collection V1/1. Pads_Drones - 氛围铺底_持续嗡鸣音色/10. Low Aerial (Minor) - 低空缥缈音色（小调）/Low Aerial (G#m_Abm).wav	26231460
Multiply Sound@影采/1.Film Score Collection V1/1. Film Score Collection V1/1. Pads_Drones - 氛围铺底_持续嗡鸣音色/10. Low Aerial (Minor) - 低空缥缈音色（小调）/Low Aerial (Cm).wav	26496410
Multiply Sound@影采/1.Film Score Collection V1/1. Film Score Collection V1/1. Pads_Drones - 氛围铺底_持续嗡鸣音色/7. Organ Church (Major) - 教堂管风琴（大调）/Organ Church (A#_Bb).wav	20187986
Multiply Sound@影采/1.Film Score Collection V1/1. Film Score Collection V1/1. Pads_Drones - 氛围铺底_持续嗡鸣音色/7. Organ Church (Major) - 教堂管风琴（大调）/Organ Church (F).wav	20187992
Multiply Sound@影采/1.Film Score Collection V1/1. Film Score Collection V1/1. Pads_Drones - 氛围铺底_持续嗡鸣音色/7. Organ Church (Major) - 教堂管风琴（大调）/Organ Church (A).wav	20187986
Multiply Sound@影采/1.Film Score Collection V1/1. Film Score Collection V1/1. Pads_Drones - 氛围铺底_持续嗡鸣音色/7. Organ Church (Major) - 教堂管风琴（大调）/Organ Church (G).wav	20187992
Multiply Sound@影采/1.Film Score Collection V1/1. Film Score Collection V1/1. Pads_Drones - 氛围铺底_持续嗡鸣音色/7. Organ Church (Major) - 教堂管风琴（大调）/Organ Church (D#_Eb).wav	20187992
Multiply Sound@影采/1.Film Score Collection V1/1. Film Score Collection V1/1. Pads_Drones - 氛围铺底_持续嗡鸣音色/7. Organ Church (Major) - 教堂管风琴（大调）/Organ Church (C).wav	20187992
Multiply Sound@影采/1.Film Score Collection V1/1. Film Score Collection V1/1. Pads_Drones - 氛围铺底_持续嗡鸣音色/7. Organ Church (Major) - 教堂管风琴（大调）/Organ Church (D).wav	20187986
Multiply Sound@影采/1.Film Score Collection V1/1. Film Score Collection V1/1. Pads_Drones - 氛围铺底_持续嗡鸣音色/7. Organ Church (Major) - 教堂管风琴（大调）/Organ Church (B).wav	20187992
Multiply Sound@影采/1.Film Score Collection V1/1. Film Score Collection V1/1. Pads_Drones - 氛围铺底_持续嗡鸣音色/7. Organ Church (Major) - 教堂管风琴（大调）/Organ Church (C#_Db).wav	20187986
Multiply Sound@影采/1.Film Score Collection V1/1. Film Score Collection V1/1. Pads_Drones - 氛围铺底_持续嗡鸣音色/7. Organ Church (Major) - 教堂管风琴（大调）/Organ Church (G#_Ab).wav	20187984
Multiply Sound@影采/1.Film Score Collection V1/1. Film Score Collection V1/1. Pads_Drones - 氛围铺底_持续嗡鸣音色/7. Organ Church (Major) - 教堂管风琴（大调）/Organ Church (E).wav	20187992
Multiply Sound@影采/1.Film Score Collection V1/1. Film Score Collection V1/1. Pads_Drones - 氛围铺底_持续嗡鸣音色/7. Organ Church (Major) - 教堂管风琴（大调）/Organ Church (F#_Gb).wav	20187986
Multiply Sound@影采/1.Film Score Collection V1/1. Film Score Collection V1/1. Pads_Drones - 氛围铺底_持续嗡鸣音色/2. Dawn Glow (Major) - 晨辉暖调音色（大调）/Dawn Glow (C).wav	15368400
Multiply Sound@影采/1.Film Score Collection V1/1. Film Score Collection V1/1. Pads_Drones - 氛围铺底_持续嗡鸣音色/2. Dawn Glow (Major) - 晨辉暖调音色（大调）/Dawn Glow (C#_Db).wav	15368400
Multiply Sound@影采/1.Film Score Collection V1/1. Film Score Collection V1/1. Pads_Drones - 氛围铺底_持续嗡鸣音色/2. Dawn Glow (Major) - 晨辉暖调音色（大调）/Dawn Glow (A#_Bb).wav	15368404
Multiply Sound@影采/1.Film Score Collection V1/1. Film Score Collection V1/1. Pads_Drones - 氛围铺底_持续嗡鸣音色/2. Dawn Glow (Major) - 晨辉暖调音色（大调）/Dawn Glow (D#_Eb).wav	15368404
Multiply Sound@影采/1.Film Score Collection V1/1. Film Score Collection V1/1. Pads_Drones - 氛围铺底_持续嗡鸣音色/2. Dawn Glow (Major) - 晨辉暖调音色（大调）/Dawn Glow (G).wav	15368404
Multiply Sound@影采/1.Film Score Collection V1/1. Film Score Collection V1/1. Pads_Drones - 氛围铺底_持续嗡鸣音色/2. Dawn Glow (Major) - 晨辉暖调音色（大调）/Dawn Glow (A).wav	15368404
Multiply Sound@影采/1.Film Score Collection V1/1. Film Score Collection V1/1. Pads_Drones - 氛围铺底_持续嗡鸣音色/2. Dawn Glow (Major) - 晨辉暖调音色（大调）/Dawn Glow (F#_Gb).wav	15368400
Multiply Sound@影采/1.Film Score Collection V1/1. Film Score Collection V1/1. Pads_Drones - 氛围铺底_持续嗡鸣音色/2. Dawn Glow (Major) - 晨辉暖调音色（大调）/Dawn Glow (B).wav	15368402
Multiply Sound@影采/1.Film Score Collection V1/1. Film Score Collection V1/1. Pads_Drones - 氛围铺底_持续嗡鸣音色/2. Dawn Glow (Major) - 晨辉暖调音色（大调）/Dawn Glow (G#_Ab).wav	16958148
Multiply Sound@影采/1.Film Score Collection V1/1. Film Score Collection V1/1. Pads_Drones - 氛围铺底_持续嗡鸣音色/2. Dawn Glow (Major) - 晨辉暖调音色（大调）/Dawn Glow (F).wav	15368400
Multiply Sound@影采/1.Film Score Collection V1/1. Film Score Collection V1/1. Pads_Drones - 氛围铺底_持续嗡鸣音色/2. Dawn Glow (Major) - 晨辉暖调音色（大调）/Dawn Glow (D).wav	15368400
Multiply Sound@影采/1.Film Score Collection V1/1. Film Score Collection V1/1. Pads_Drones - 氛围铺底_持续嗡鸣音色/2. Dawn Glow (Major) - 晨辉暖调音色（大调）/Dawn Glow (E).wav	15368400
Multiply Sound@影采/1.Film Score Collection V1/1. Film Score Collection V1/1. Pads_Drones - 氛围铺底_持续嗡鸣音色/9. Streching Strain (Minor) - 紧绷拉伸氛围音色（小调）/Stretching Strain (Gm).wav	8479664
Multiply Sound@影采/1.Film Score Collection V1/1. Film Score Collection V1/1. Pads_Drones - 氛围铺底_持续嗡鸣音色/9. Streching Strain (Minor) - 紧绷拉伸氛围音色（小调）/Stretching Strain (Dm).wav	8479662
Multiply Sound@影采/1.Film Score Collection V1/1. Film Score Collection V1/1. Pads_Drones - 氛围铺底_持续嗡鸣音色/9. Streching Strain (Minor) - 紧绷拉伸氛围音色（小调）/Stretching Strain (Cm).wav	8479664
Multiply Sound@影采/1.Film Score Collection V1/1. Film Score Collection V1/1. Pads_Drones - 氛围铺底_持续嗡鸣音色/9. Streching Strain (Minor) - 紧绷拉伸氛围音色（小调）/Stretching Strain (G#m_Abm.wav	8479664
Multiply Sound@影采/1.Film Score Collection V1/1. Film Score Collection V1/1. Pads_Drones - 氛围铺底_持续嗡鸣音色/9. Streching Strain (Minor) - 紧绷拉伸氛围音色（小调）/Stretching Strain (C#m_Dbm).wav	8479664
Multiply Sound@影采/1.Film Score Collection V1/1. Film Score Collection V1/1. Pads_Drones - 氛围铺底_持续嗡鸣音色/9. Streching Strain (Minor) - 紧绷拉伸氛围音色（小调）/Stretching Strain (Em).wav	8479664
Multiply Sound@影采/1.Film Score Collection V1/1. Film Score Collection V1/1. Pads_Drones - 氛围铺底_持续嗡鸣音色/9. Streching Strain (Minor) - 紧绷拉伸氛围音色（小调）/Stretching Strain (A#m_Bbm).wav	8479662
Multiply Sound@影采/1.Film Score Collection V1/1. Film Score Collection V1/1. Pads_Drones - 氛围铺底_持续嗡鸣音色/9. Streching Strain (Minor) - 紧绷拉伸氛围音色（小调）/Stretching Strain (Am).wav	8479664
Multiply Sound@影采/1.Film Score Collection V1/1. Film Score Collection V1/1. Pads_Drones - 氛围铺底_持续嗡鸣音色/9. Streching Strain (Minor) - 紧绷拉伸氛围音色（小调）/Stretching Strain (F#m_Gbm).wav	8479664
Multiply Sound@影采/1.Film Score Collection V1/1. Film Score Collection V1/1. Pads_Drones - 氛围铺底_持续嗡鸣音色/9. Streching Strain (Minor) - 紧绷拉伸氛围音色（小调）/Stretching Strain (D#m_Ebm).wav	8479664
Multiply Sound@影采/1.Film Score Collection V1/1. Film Score Collection V1/1. Pads_Drones - 氛围铺底_持续嗡鸣音色/9. Streching Strain (Minor) - 紧绷拉伸氛围音色（小调）/Stretching Strain (Bm).wav	8479664
Multiply Sound@影采/1.Film Score Collection V1/1. Film Score Collection V1/1. Pads_Drones - 氛围铺底_持续嗡鸣音色/9. Streching Strain (Minor) - 紧绷拉伸氛围音色（小调）/Stretching Strain (Fm).wav	8479664
Multiply Sound@影采/1.Film Score Collection V1/1. Film Score Collection V1/1. Pads_Drones - 氛围铺底_持续嗡鸣音色/4. Electric Guitar Swell (Major) - 渐强延展电吉他（大调）/Electric Guitar Swell (G#_Ab).wav	17304136
Multiply Sound@影采/1.Film Score Collection V1/1. Film Score Collection V1/1. Pads_Drones - 氛围铺底_持续嗡鸣音色/4. Electric Guitar Swell (Major) - 渐强延展电吉他（大调）/Electric Guitar Swell (C#_Db).wav	17304130
Multiply Sound@影采/1.Film Score Collection V1/1. Film Score Collection V1/1. Pads_Drones - 氛围铺底_持续嗡鸣音色/4. Electric Guitar Swell (Major) - 渐强延展电吉他（大调）/Electric Guitar Swell (D#_Eb).wav	17304136
Multiply Sound@影采/1.Film Score Collection V1/1. Film Score Collection V1/1. Pads_Drones - 氛围铺底_持续嗡鸣音色/4. Electric Guitar Swell (Major) - 渐强延展电吉他（大调）/Electric Guitar Swell (E).wav	17304132
Multiply Sound@影采/1.Film Score Collection V1/1. Film Score Collection V1/1. Pads_Drones - 氛围铺底_持续嗡鸣音色/4. Electric Guitar Swell (Major) - 渐强延展电吉他（大调）/Electric Guitar Swell (G).wav	17304132
Multiply Sound@影采/1.Film Score Collection V1/1. Film Score Collection V1/1. Pads_Drones - 氛围铺底_持续嗡鸣音色/4. Electric Guitar Swell (Major) - 渐强延展电吉他（大调）/Electric Guitar Swell (A#_Bb).wav	17304132
Multiply Sound@影采/1.Film Score Collection V1/1. Film Score Collection V1/1. Pads_Drones - 氛围铺底_持续嗡鸣音色/4. Electric Guitar Swell (Major) - 渐强延展电吉他（大调）/Electric Guitar Swell (B).wav	17304132
Multiply Sound@影采/1.Film Score Collection V1/1. Film Score Collection V1/1. Pads_Drones - 氛围铺底_持续嗡鸣音色/4. Electric Guitar Swell (Major) - 渐强延展电吉他（大调）/Electric Guitar Swell (A).wav	17304136
Multiply Sound@影采/1.Film Score Collection V1/1. Film Score Collection V1/1. Pads_Drones - 氛围铺底_持续嗡鸣音色/4. Electric Guitar Swell (Major) - 渐强延展电吉他（大调）/Electric Guitar Swell (C).wav	17304136
Multiply Sound@影采/1.Film Score Collection V1/1. Film Score Collection V1/1. Pads_Drones - 氛围铺底_持续嗡鸣音色/4. Electric Guitar Swell (Major) - 渐强延展电吉他（大调）/Electric Guitar Swell (F#_Gb).wav	17304132
Multiply Sound@影采/1.Film Score Collection V1/1. Film Score Collection V1/1. Pads_Drones - 氛围铺底_持续嗡鸣音色/4. Electric Guitar Swell (Major) - 渐强延展电吉他（大调）/Electric Guitar Swell (D).wav	17304130
Multiply Sound@影采/1.Film Score Collection V1/1. Film Score Collection V1/1. Pads_Drones - 氛围铺底_持续嗡鸣音色/5. String Movement (Major) - 流动行进弦乐（大调）/Sunlight Strings Movement (C#_Db).wav	27170928
Multiply Sound@影采/1.Film Score Collection V1/1. Film Score Collection V1/1. Pads_Drones - 氛围铺底_持续嗡鸣音色/5. String Movement (Major) - 流动行进弦乐（大调）/Sunlight Strings Movement (A#_Bb).wav	27170928
Multiply Sound@影采/1.Film Score Collection V1/1. Film Score Collection V1/1. Pads_Drones - 氛围铺底_持续嗡鸣音色/5. String Movement (Major) - 流动行进弦乐（大调）/Sunlight Strings Movement (F).wav	27170930
Multiply Sound@影采/1.Film Score Collection V1/1. Film Score Collection V1/1. Pads_Drones - 氛围铺底_持续嗡鸣音色/5. String Movement (Major) - 流动行进弦乐（大调）/Sunlight Strings Movement (C).wav	27170930
Multiply Sound@影采/1.Film Score Collection V1/1. Film Score Collection V1/1. Pads_Drones - 氛围铺底_持续嗡鸣音色/5. String Movement (Major) - 流动行进弦乐（大调）/Sunlight Strings Movement (D).wav	27170928
Multiply Sound@影采/1.Film Score Collection V1/1. Film Score Collection V1/1. Pads_Drones - 氛围铺底_持续嗡鸣音色/5. String Movement (Major) - 流动行进弦乐（大调）/Sunlight Strings Movement (B).wav	27170928
Multiply Sound@影采/1.Film Score Collection V1/1. Film Score Collection V1/1. Pads_Drones - 氛围铺底_持续嗡鸣音色/5. String Movement (Major) - 流动行进弦乐（大调）/Sunlight Strings Movement (A).wav	27170928
Multiply Sound@影采/1.Film Score Collection V1/1. Film Score Collection V1/1. Pads_Drones - 氛围铺底_持续嗡鸣音色/5. String Movement (Major) - 流动行进弦乐（大调）/Sunlight Strings Movement (F#_Gb).wav	27170928
Multiply Sound@影采/1.Film Score Collection V1/1. Film Score Collection V1/1. Pads_Drones - 氛围铺底_持续嗡鸣音色/5. String Movement (Major) - 流动行进弦乐（大调）/Sunlight Strings Movement (G#_Ab).wav	27170928
Multiply Sound@影采/1.Film Score Collection V1/1. Film Score Collection V1/1. Pads_Drones - 氛围铺底_持续嗡鸣音色/5. String Movement (Major) - 流动行进弦乐（大调）/Sunlight Strings Movement (G).wav	27170928
Multiply Sound@影采/1.Film Score Collection V1/1. Film Score Collection V1/1. Pads_Drones - 氛围铺底_持续嗡鸣音色/5. String Movement (Major) - 流动行进弦乐（大调）/Sunlight Strings Movement (E).wav	27170928
Multiply Sound@影采/1.Film Score Collection V1/1. Film Score Collection V1/1. Pads_Drones - 氛围铺底_持续嗡鸣音色/5. String Movement (Major) - 流动行进弦乐（大调）/Sunlight Strings Movement (D#_Eb).wav	27170928
Multiply Sound@影采/1.Film Score Collection V1/1. Film Score Collection V1/1. Pads_Drones - 氛围铺底_持续嗡鸣音色/6. Low Wave (Major) - 低频波浪铺底（大调）/Low Wave (F).wav	13875126
Multiply Sound@影采/1.Film Score Collection V1/1. Film Score Collection V1/1. Pads_Drones - 氛围铺底_持续嗡鸣音色/6. Low Wave (Major) - 低频波浪铺底（大调）/Low Wave (A).wav	13875126
Multiply Sound@影采/1.Film Score Collection V1/1. Film Score Collection V1/1. Pads_Drones - 氛围铺底_持续嗡鸣音色/6. Low Wave (Major) - 低频波浪铺底（大调）/Low Wave (C#_Db).wav	13875126
Multiply Sound@影采/1.Film Score Collection V1/1. Film Score Collection V1/1. Pads_Drones - 氛围铺底_持续嗡鸣音色/6. Low Wave (Major) - 低频波浪铺底（大调）/Low Wave (A#_Bb).wav	13875128
Multiply Sound@影采/1.Film Score Collection V1/1. Film Score Collection V1/1. Pads_Drones - 氛围铺底_持续嗡鸣音色/6. Low Wave (Major) - 低频波浪铺底（大调）/Low Wave (G).wav	13875126
Multiply Sound@影采/1.Film Score Collection V1/1. Film Score Collection V1/1. Pads_Drones - 氛围铺底_持续嗡鸣音色/6. Low Wave (Major) - 低频波浪铺底（大调）/Low Wave (G#_Ab).wav	13875126
Multiply Sound@影采/1.Film Score Collection V1/1. Film Score Collection V1/1. Pads_Drones - 氛围铺底_持续嗡鸣音色/6. Low Wave (Major) - 低频波浪铺底（大调）/Low Wave (F#_Gb).wav	13875126
Multiply Sound@影采/1.Film Score Collection V1/1. Film Score Collection V1/1. Pads_Drones - 氛围铺底_持续嗡鸣音色/6. Low Wave (Major) - 低频波浪铺底（大调）/Low Wave (E).wav	13875128
Multiply Sound@影采/1.Film Score Collection V1/1. Film Score Collection V1/1. Pads_Drones - 氛围铺底_持续嗡鸣音色/6. Low Wave (Major) - 低频波浪铺底（大调）/Low Wave (D#_Eb).wav	13875128
Multiply Sound@影采/1.Film Score Collection V1/1. Film Score Collection V1/1. Pads_Drones - 氛围铺底_持续嗡鸣音色/6. Low Wave (Major) - 低频波浪铺底（大调）/Low Wave (C).wav	13875128
Multiply Sound@影采/1.Film Score Collection V1/1. Film Score Collection V1/1. Pads_Drones - 氛围铺底_持续嗡鸣音色/6. Low Wave (Major) - 低频波浪铺底（大调）/Low Wave (D).wav	13875126
Multiply Sound@影采/1.Film Score Collection V1/1. Film Score Collection V1/1. Pads_Drones - 氛围铺底_持续嗡鸣音色/6. Low Wave (Major) - 低频波浪铺底（大调）/Low Wave (B).wav	13875126
Multiply Sound@影采/1.Film Score Collection V1/1. Film Score Collection V1/1. Pads_Drones - 氛围铺底_持续嗡鸣音色/8. Sunrise (Major) - 日出明朗音色（大调）/Sunrise (A#_Bb).wav	13778688
Multiply Sound@影采/1.Film Score Collection V1/1. Film Score Collection V1/1. Pads_Drones - 氛围铺底_持续嗡鸣音色/8. Sunrise (Major) - 日出明朗音色（大调）/Sunrise (F#_Gb).wav	13778694
Multiply Sound@影采/1.Film Score Collection V1/1. Film Score Collection V1/1. Pads_Drones - 氛围铺底_持续嗡鸣音色/8. Sunrise (Major) - 日出明朗音色（大调）/Sunrise (D).wav	13778688
Multiply Sound@影采/1.Film Score Collection V1/1. Film Score Collection V1/1. Pads_Drones - 氛围铺底_持续嗡鸣音色/8. Sunrise (Major) - 日出明朗音色（大调）/Sunrise (G).wav	13778692
Multiply Sound@影采/1.Film Score Collection V1/1. Film Score Collection V1/1. Pads_Drones - 氛围铺底_持续嗡鸣音色/8. Sunrise (Major) - 日出明朗音色（大调）/Sunrise (A).wav	13778690
Multiply Sound@影采/1.Film Score Collection V1/1. Film Score Collection V1/1. Pads_Drones - 氛围铺底_持续嗡鸣音色/8. Sunrise (Major) - 日出明朗音色（大调）/Sunrise (C).wav	13778694
Multiply Sound@影采/1.Film Score Collection V1/1. Film Score Collection V1/1. Pads_Drones - 氛围铺底_持续嗡鸣音色/8. Sunrise (Major) - 日出明朗音色（大调）/Sunrise (G#_Ab).wav	13778690
Multiply Sound@影采/1.Film Score Collection V1/1. Film Score Collection V1/1. Pads_Drones - 氛围铺底_持续嗡鸣音色/8. Sunrise (Major) - 日出明朗音色（大调）/Sunrise (E).wav	12718876
Multiply Sound@影采/1.Film Score Collection V1/1. Film Score Collection V1/1. Pads_Drones - 氛围铺底_持续嗡鸣音色/8. Sunrise (Major) - 日出明朗音色（大调）/Sunrise (D#_Eb).wav	13778690
Multiply Sound@影采/1.Film Score Collection V1/1. Film Score Collection V1/1. Pads_Drones - 氛围铺底_持续嗡鸣音色/8. Sunrise (Major) - 日出明朗音色（大调）/Sunrise (F).wav	13778690
Multiply Sound@影采/1.Film Score Collection V1/1. Film Score Collection V1/1. Pads_Drones - 氛围铺底_持续嗡鸣音色/8. Sunrise (Major) - 日出明朗音色（大调）/Sunrise (B).wav	13778690
Multiply Sound@影采/1.Film Score Collection V1/1. Film Score Collection V1/1. Pads_Drones - 氛围铺底_持续嗡鸣音色/8. Sunrise (Major) - 日出明朗音色（大调）/Sunrise (C#_Db).wav	13778694
Multiply Sound@影采/1.Film Score Collection V1/1. Film Score Collection V1/1. Pads_Drones - 氛围铺底_持续嗡鸣音色/3. Early Spring (Major) - 初春清新氛围（大调）/Early Spring (A#_Bb).wav	17343588
Multiply Sound@影采/1.Film Score Collection V1/1. Film Score Collection V1/1. Pads_Drones - 氛围铺底_持续嗡鸣音色/3. Early Spring (Major) - 初春清新氛围（大调）/Early Spring (D#_Eb).wav	17343588
Multiply Sound@影采/1.Film Score Collection V1/1. Film Score Collection V1/1. Pads_Drones - 氛围铺底_持续嗡鸣音色/3. Early Spring (Major) - 初春清新氛围（大调）/Early Spring (C#_Db).wav	17343588
Multiply Sound@影采/1.Film Score Collection V1/1. Film Score Collection V1/1. Pads_Drones - 氛围铺底_持续嗡鸣音色/3. Early Spring (Major) - 初春清新氛围（大调）/Early Spring (A).wav	17343588
Multiply Sound@影采/1.Film Score Collection V1/1. Film Score Collection V1/1. Pads_Drones - 氛围铺底_持续嗡鸣音色/3. Early Spring (Major) - 初春清新氛围（大调）/Early Spring (B).wav	17343586
Multiply Sound@影采/1.Film Score Collection V1/1. Film Score Collection V1/1. Pads_Drones - 氛围铺底_持续嗡鸣音色/3. Early Spring (Major) - 初春清新氛围（大调）/Early Spring (G#_Ab).wav	17343588
Multiply Sound@影采/1.Film Score Collection V1/1. Film Score Collection V1/1. Pads_Drones - 氛围铺底_持续嗡鸣音色/3. Early Spring (Major) - 初春清新氛围（大调）/Early Spring (F#_Gb).wav	17343588
Multiply Sound@影采/1.Film Score Collection V1/1. Film Score Collection V1/1. Pads_Drones - 氛围铺底_持续嗡鸣音色/3. Early Spring (Major) - 初春清新氛围（大调）/Early Spring (G).wav	17343588
Multiply Sound@影采/1.Film Score Collection V1/1. Film Score Collection V1/1. Pads_Drones - 氛围铺底_持续嗡鸣音色/3. Early Spring (Major) - 初春清新氛围（大调）/Early Spring (F).wav	17343588
Multiply Sound@影采/1.Film Score Collection V1/1. Film Score Collection V1/1. Pads_Drones - 氛围铺底_持续嗡鸣音色/3. Early Spring (Major) - 初春清新氛围（大调）/Early Spring (D).wav	17343588
Multiply Sound@影采/1.Film Score Collection V1/1. Film Score Collection V1/1. Pads_Drones - 氛围铺底_持续嗡鸣音色/3. Early Spring (Major) - 初春清新氛围（大调）/Early Spring (C).wav	17343588
Multiply Sound@影采/1.Film Score Collection V1/1. Film Score Collection V1/1. Pads_Drones - 氛围铺底_持续嗡鸣音色/3. Early Spring (Major) - 初春清新氛围（大调）/Early Spring (E).wav	17343588
Multiply Sound@影采/1.Film Score Collection V1/1. Film Score Collection V1/1. Pads_Drones - 氛围铺底_持续嗡鸣音色/13. Low Light (Minor) - 暗光低沉音色（小调）/Low Light (A#m_Bbm).wav	13875126
Multiply Sound@影采/1.Film Score Collection V1/1. Film Score Collection V1/1. Pads_Drones - 氛围铺底_持续嗡鸣音色/13. Low Light (Minor) - 暗光低沉音色（小调）/Low Light (Dm).wav	13875128
Multiply Sound@影采/1.Film Score Collection V1/1. Film Score Collection V1/1. Pads_Drones - 氛围铺底_持续嗡鸣音色/13. Low Light (Minor) - 暗光低沉音色（小调）/Low Light (Bm).wav	13875126
Multiply Sound@影采/1.Film Score Collection V1/1. Film Score Collection V1/1. Pads_Drones - 氛围铺底_持续嗡鸣音色/13. Low Light (Minor) - 暗光低沉音色（小调）/Low Light (Fm).wav	13875126
Multiply Sound@影采/1.Film Score Collection V1/1. Film Score Collection V1/1. Pads_Drones - 氛围铺底_持续嗡鸣音色/13. Low Light (Minor) - 暗光低沉音色（小调）/Low Light (Gm).wav	13875126
Multiply Sound@影采/1.Film Score Collection V1/1. Film Score Collection V1/1. Pads_Drones - 氛围铺底_持续嗡鸣音色/13. Low Light (Minor) - 暗光低沉音色（小调）/Low Light (Cm).wav	13875126
Multiply Sound@影采/1.Film Score Collection V1/1. Film Score Collection V1/1. Pads_Drones - 氛围铺底_持续嗡鸣音色/13. Low Light (Minor) - 暗光低沉音色（小调）/Low Light (D#m_Ebm).wav	13875126
Multiply Sound@影采/1.Film Score Collection V1/1. Film Score Collection V1/1. Pads_Drones - 氛围铺底_持续嗡鸣音色/13. Low Light (Minor) - 暗光低沉音色（小调）/Low Light (Em).wav	13875126
Multiply Sound@影采/1.Film Score Collection V1/1. Film Score Collection V1/1. Pads_Drones - 氛围铺底_持续嗡鸣音色/13. Low Light (Minor) - 暗光低沉音色（小调）/Low Light (Am).wav	13875126
Multiply Sound@影采/1.Film Score Collection V1/1. Film Score Collection V1/1. Pads_Drones - 氛围铺底_持续嗡鸣音色/13. Low Light (Minor) - 暗光低沉音色（小调）/Low Light (C#m_Db).wav	13875128
Multiply Sound@影采/1.Film Score Collection V1/1. Film Score Collection V1/1. Pads_Drones - 氛围铺底_持续嗡鸣音色/13. Low Light (Minor) - 暗光低沉音色（小调）/Low Light (F#m_Gb).wav	13875126
Multiply Sound@影采/1.Film Score Collection V1/1. Film Score Collection V1/1. Pads_Drones - 氛围铺底_持续嗡鸣音色/13. Low Light (Minor) - 暗光低沉音色（小调）/Low Light (G#m_Abm).wav	13875126
Multiply Sound@影采/2.Film Score Collection V2/2. Film Score Collection V2/7. Melodic Transitions-（粘合效果）/2. Vocal Drift (Major_Minor) - 缥缈漂流人声（大小调通用）/Vocal Drift (C#_Db).wav	2308292
Multiply Sound@影采/2.Film Score Collection V2/2. Film Score Collection V2/7. Melodic Transitions-（粘合效果）/2. Vocal Drift (Major_Minor) - 缥缈漂流人声（大小调通用）/Vocal Drift (E).wav	2308292
Multiply Sound@影采/2.Film Score Collection V2/2. Film Score Collection V2/7. Melodic Transitions-（粘合效果）/2. Vocal Drift (Major_Minor) - 缥缈漂流人声（大小调通用）/Vocal Drift (D#_Eb).wav	2308292
Multiply Sound@影采/2.Film Score Collection V2/2. Film Score Collection V2/7. Melodic Transitions-（粘合效果）/2. Vocal Drift (Major_Minor) - 缥缈漂流人声（大小调通用）/Vocal Drift (G#_Ab).wav	2308292
Multiply Sound@影采/2.Film Score Collection V2/2. Film Score Collection V2/7. Melodic Transitions-（粘合效果）/2. Vocal Drift (Major_Minor) - 缥缈漂流人声（大小调通用）/Vocal Drift (F).wav	2308292
Multiply Sound@影采/2.Film Score Collection V2/2. Film Score Collection V2/7. Melodic Transitions-（粘合效果）/2. Vocal Drift (Major_Minor) - 缥缈漂流人声（大小调通用）/Vocal Drift (A#_Bb).wav	2308292
Multiply Sound@影采/2.Film Score Collection V2/2. Film Score Collection V2/7. Melodic Transitions-（粘合效果）/2. Vocal Drift (Major_Minor) - 缥缈漂流人声（大小调通用）/Vocal Drift (C).wav	2308292
Multiply Sound@影采/2.Film Score Collection V2/2. Film Score Collection V2/7. Melodic Transitions-（粘合效果）/2. Vocal Drift (Major_Minor) - 缥缈漂流人声（大小调通用）/Vocal Drift (F#_Gb).wav	2308292
Multiply Sound@影采/2.Film Score Collection V2/2. Film Score Collection V2/7. Melodic Transitions-（粘合效果）/2. Vocal Drift (Major_Minor) - 缥缈漂流人声（大小调通用）/Vocal Drift (D).wav	2308292
Multiply Sound@影采/2.Film Score Collection V2/2. Film Score Collection V2/7. Melodic Transitions-（粘合效果）/2. Vocal Drift (Major_Minor) - 缥缈漂流人声（大小调通用）/Vocal Drift (G).wav	2308292
Multiply Sound@影采/2.Film Score Collection V2/2. Film Score Collection V2/7. Melodic Transitions-（粘合效果）/2. Vocal Drift (Major_Minor) - 缥缈漂流人声（大小调通用）/Vocal Drift (B).wav	2308292
Multiply Sound@影采/2.Film Score Collection V2/2. Film Score Collection V2/7. Melodic Transitions-（粘合效果）/2. Vocal Drift (Major_Minor) - 缥缈漂流人声（大小调通用）/Vocal Drift (A).wav	2308292
Multiply Sound@影采/2.Film Score Collection V2/2. Film Score Collection V2/7. Melodic Transitions-（粘合效果）/8. Cello High Escalate (Major_Minor) - 高音大提琴渐升铺底（大小调通用）/Cello High Escalate (D).wav	3461344
Multiply Sound@影采/2.Film Score Collection V2/2. Film Score Collection V2/7. Melodic Transitions-（粘合效果）/8. Cello High Escalate (Major_Minor) - 高音大提琴渐升铺底（大小调通用）/Cello High Escalate (C).wav	3461344
Multiply Sound@影采/2.Film Score Collection V2/2. Film Score Collection V2/7. Melodic Transitions-（粘合效果）/8. Cello High Escalate (Major_Minor) - 高音大提琴渐升铺底（大小调通用）/Cello High Escalate (D#Eb).wav	3461344
Multiply Sound@影采/2.Film Score Collection V2/2. Film Score Collection V2/7. Melodic Transitions-（粘合效果）/8. Cello High Escalate (Major_Minor) - 高音大提琴渐升铺底（大小调通用）/Cello High Escalate (G#_Ab).wav	3461344
Multiply Sound@影采/2.Film Score Collection V2/2. Film Score Collection V2/7. Melodic Transitions-（粘合效果）/8. Cello High Escalate (Major_Minor) - 高音大提琴渐升铺底（大小调通用）/Cello High Escalate (F).wav	3461344
Multiply Sound@影采/2.Film Score Collection V2/2. Film Score Collection V2/7. Melodic Transitions-（粘合效果）/8. Cello High Escalate (Major_Minor) - 高音大提琴渐升铺底（大小调通用）/Cello High Escalate (B).wav	3461344
Multiply Sound@影采/2.Film Score Collection V2/2. Film Score Collection V2/7. Melodic Transitions-（粘合效果）/8. Cello High Escalate (Major_Minor) - 高音大提琴渐升铺底（大小调通用）/Cello High Escalate (C#_Db).wav	3461344
Multiply Sound@影采/2.Film Score Collection V2/2. Film Score Collection V2/7. Melodic Transitions-（粘合效果）/8. Cello High Escalate (Major_Minor) - 高音大提琴渐升铺底（大小调通用）/Cello High Escalate (G).wav	3461344
Multiply Sound@影采/2.Film Score Collection V2/2. Film Score Collection V2/7. Melodic Transitions-（粘合效果）/8. Cello High Escalate (Major_Minor) - 高音大提琴渐升铺底（大小调通用）/Cello High Escalate (A#_Bb).wav	3461344
Multiply Sound@影采/2.Film Score Collection V2/2. Film Score Collection V2/7. Melodic Transitions-（粘合效果）/8. Cello High Escalate (Major_Minor) - 高音大提琴渐升铺底（大小调通用）/Cello High Escalate (A).wav	3461344
Multiply Sound@影采/2.Film Score Collection V2/2. Film Score Collection V2/7. Melodic Transitions-（粘合效果）/8. Cello High Escalate (Major_Minor) - 高音大提琴渐升铺底（大小调通用）/Cello High Escalate (E).wav	3461344
Multiply Sound@影采/2.Film Score Collection V2/2. Film Score Collection V2/7. Melodic Transitions-（粘合效果）/8. Cello High Escalate (Major_Minor) - 高音大提琴渐升铺底（大小调通用）/Cello High Escalate (F#Gb).wav	3461344
Multiply Sound@影采/2.Film Score Collection V2/2. Film Score Collection V2/7. Melodic Transitions-（粘合效果）/11. Evergreen (Major) - 常青温润氛围（大调）/Evergreen (F).wav	4240462
Multiply Sound@影采/2.Film Score Collection V2/2. Film Score Collection V2/7. Melodic Transitions-（粘合效果）/11. Evergreen (Major) - 常青温润氛围（大调）/Evergreen (C).wav	4240462
Multiply Sound@影采/2.Film Score Collection V2/2. Film Score Collection V2/7. Melodic Transitions-（粘合效果）/11. Evergreen (Major) - 常青温润氛围（大调）/Evergreen (C#_Db).wav	4240462
Multiply Sound@影采/2.Film Score Collection V2/2. Film Score Collection V2/7. Melodic Transitions-（粘合效果）/11. Evergreen (Major) - 常青温润氛围（大调）/Evergreen (D).wav	4240462
Multiply Sound@影采/2.Film Score Collection V2/2. Film Score Collection V2/7. Melodic Transitions-（粘合效果）/11. Evergreen (Major) - 常青温润氛围（大调）/Evergreen (A#_Bb).wav	4240462
Multiply Sound@影采/2.Film Score Collection V2/2. Film Score Collection V2/7. Melodic Transitions-（粘合效果）/11. Evergreen (Major) - 常青温润氛围（大调）/Evergreen (D#_Eb).wav	4240462
Multiply Sound@影采/2.Film Score Collection V2/2. Film Score Collection V2/7. Melodic Transitions-（粘合效果）/11. Evergreen (Major) - 常青温润氛围（大调）/Evergreen (E).wav	4240462
Multiply Sound@影采/2.Film Score Collection V2/2. Film Score Collection V2/7. Melodic Transitions-（粘合效果）/11. Evergreen (Major) - 常青温润氛围（大调）/Evergreen (A).wav	4240462
Multiply Sound@影采/2.Film Score Collection V2/2. Film Score Collection V2/7. Melodic Transitions-（粘合效果）/11. Evergreen (Major) - 常青温润氛围（大调）/Evergreen (B).wav	4240462
Multiply Sound@影采/2.Film Score Collection V2/2. Film Score Collection V2/7. Melodic Transitions-（粘合效果）/11. Evergreen (Major) - 常青温润氛围（大调）/Evergreen (G#_Ab).wav	4240462
Multiply Sound@影采/2.Film Score Collection V2/2. Film Score Collection V2/7. Melodic Transitions-（粘合效果）/11. Evergreen (Major) - 常青温润氛围（大调）/Evergreen (F#_Gb).wav	4240462
Multiply Sound@影采/2.Film Score Collection V2/2. Film Score Collection V2/7. Melodic Transitions-（粘合效果）/11. Evergreen (Major) - 常青温润氛围（大调）/Evergreen (G).wav	4240460
Multiply Sound@影采/2.Film Score Collection V2/2. Film Score Collection V2/7. Melodic Transitions-（粘合效果）/12. Hope (Major) - 希冀光明音色（大调）/Hope (G#_Ab).wav	2650750
Multiply Sound@影采/2.Film Score Collection V2/2. Film Score Collection V2/7. Melodic Transitions-（粘合效果）/12. Hope (Major) - 希冀光明音色（大调）/Hope (F#_Gb).wav	2650750
Multiply Sound@影采/2.Film Score Collection V2/2. Film Score Collection V2/7. Melodic Transitions-（粘合效果）/12. Hope (Major) - 希冀光明音色（大调）/Hope (A).wav	2650750
Multiply Sound@影采/2.Film Score Collection V2/2. Film Score Collection V2/7. Melodic Transitions-（粘合效果）/12. Hope (Major) - 希冀光明音色（大调）/Hope (D).wav	2650752
Multiply Sound@影采/2.Film Score Collection V2/2. Film Score Collection V2/7. Melodic Transitions-（粘合效果）/12. Hope (Major) - 希冀光明音色（大调）/Hope (B).wav	2650750
Multiply Sound@影采/2.Film Score Collection V2/2. Film Score Collection V2/7. Melodic Transitions-（粘合效果）/12. Hope (Major) - 希冀光明音色（大调）/Hope (C).wav	2650752
Multiply Sound@影采/2.Film Score Collection V2/2. Film Score Collection V2/7. Melodic Transitions-（粘合效果）/12. Hope (Major) - 希冀光明音色（大调）/Hope (D#_Eb).wav	2650750
Multiply Sound@影采/2.Film Score Collection V2/2. Film Score Collection V2/7. Melodic Transitions-（粘合效果）/12. Hope (Major) - 希冀光明音色（大调）/Hope (A#_Bb).wav	2650750
Multiply Sound@影采/2.Film Score Collection V2/2. Film Score Collection V2/7. Melodic Transitions-（粘合效果）/12. Hope (Major) - 希冀光明音色（大调）/Hope (F).wav	2650750
Multiply Sound@影采/2.Film Score Collection V2/2. Film Score Collection V2/7. Melodic Transitions-（粘合效果）/12. Hope (Major) - 希冀光明音色（大调）/Hope (E).wav	2650750
Multiply Sound@影采/2.Film Score Collection V2/2. Film Score Collection V2/7. Melodic Transitions-（粘合效果）/12. Hope (Major) - 希冀光明音色（大调）/Hope (G).wav	2650750
Multiply Sound@影采/2.Film Score Collection V2/2. Film Score Collection V2/7. Melodic Transitions-（粘合效果）/12. Hope (Major) - 希冀光明音色（大调）/Hope (C#_Db).wav	2650750
Multiply Sound@影采/2.Film Score Collection V2/2. Film Score Collection V2/7. Melodic Transitions-（粘合效果）/3. Vocal Cadence (Major_Minor) - 韵律婉转人声（大小调通用）/Vocal Cadence (D).wav	3533438
Multiply Sound@影采/2.Film Score Collection V2/2. Film Score Collection V2/7. Melodic Transitions-（粘合效果）/3. Vocal Cadence (Major_Minor) - 韵律婉转人声（大小调通用）/Vocal Cadence (C#_Db).wav	3533438
Multiply Sound@影采/2.Film Score Collection V2/2. Film Score Collection V2/7. Melodic Transitions-（粘合效果）/3. Vocal Cadence (Major_Minor) - 韵律婉转人声（大小调通用）/Vocal Cadence (G).wav	3533438
Multiply Sound@影采/2.Film Score Collection V2/2. Film Score Collection V2/7. Melodic Transitions-（粘合效果）/3. Vocal Cadence (Major_Minor) - 韵律婉转人声（大小调通用）/Vocal Cadence (A).wav	3533438
Multiply Sound@影采/2.Film Score Collection V2/2. Film Score Collection V2/7. Melodic Transitions-（粘合效果）/3. Vocal Cadence (Major_Minor) - 韵律婉转人声（大小调通用）/Vocal Cadence (F).wav	3533438
Multiply Sound@影采/2.Film Score Collection V2/2. Film Score Collection V2/7. Melodic Transitions-（粘合效果）/3. Vocal Cadence (Major_Minor) - 韵律婉转人声（大小调通用）/Vocal Cadence (C).wav	3533438
Multiply Sound@影采/2.Film Score Collection V2/2. Film Score Collection V2/7. Melodic Transitions-（粘合效果）/3. Vocal Cadence (Major_Minor) - 韵律婉转人声（大小调通用）/Vocal Cadence (A#_Bb).wav	3533438
Multiply Sound@影采/2.Film Score Collection V2/2. Film Score Collection V2/7. Melodic Transitions-（粘合效果）/3. Vocal Cadence (Major_Minor) - 韵律婉转人声（大小调通用）/Vocal Cadence (G#_Ab).wav	3533438
Multiply Sound@影采/2.Film Score Collection V2/2. Film Score Collection V2/7. Melodic Transitions-（粘合效果）/3. Vocal Cadence (Major_Minor) - 韵律婉转人声（大小调通用）/Vocal Cadence (B).wav	3533438
Multiply Sound@影采/2.Film Score Collection V2/2. Film Score Collection V2/7. Melodic Transitions-（粘合效果）/3. Vocal Cadence (Major_Minor) - 韵律婉转人声（大小调通用）/Vocal Cadence (F#_Gb).wav	3533438
Multiply Sound@影采/2.Film Score Collection V2/2. Film Score Collection V2/7. Melodic Transitions-（粘合效果）/3. Vocal Cadence (Major_Minor) - 韵律婉转人声（大小调通用）/Vocal Cadence (E).wav	3533438
Multiply Sound@影采/2.Film Score Collection V2/2. Film Score Collection V2/7. Melodic Transitions-（粘合效果）/3. Vocal Cadence (Major_Minor) - 韵律婉转人声（大小调通用）/Vocal Cadence (D#_Eb).wav	3533438
Multiply Sound@影采/2.Film Score Collection V2/2. Film Score Collection V2/7. Melodic Transitions-（粘合效果）/6. Harmony Passage (Major_Minor) - 和声行进织体（大小调通用）/Harmony Passage (D#_Eb).wav	5191594
Multiply Sound@影采/2.Film Score Collection V2/2. Film Score Collection V2/7. Melodic Transitions-（粘合效果）/6. Harmony Passage (Major_Minor) - 和声行进织体（大小调通用）/Harmony Passage (D).wav	5191594
Multiply Sound@影采/2.Film Score Collection V2/2. Film Score Collection V2/7. Melodic Transitions-（粘合效果）/6. Harmony Passage (Major_Minor) - 和声行进织体（大小调通用）/Harmony Passage (B).wav	5191594
Multiply Sound@影采/2.Film Score Collection V2/2. Film Score Collection V2/7. Melodic Transitions-（粘合效果）/6. Harmony Passage (Major_Minor) - 和声行进织体（大小调通用）/Harmony Passage (F).wav	5191594
Multiply Sound@影采/2.Film Score Collection V2/2. Film Score Collection V2/7. Melodic Transitions-（粘合效果）/6. Harmony Passage (Major_Minor) - 和声行进织体（大小调通用）/Harmony Passage (C).wav	5191594
Multiply Sound@影采/2.Film Score Collection V2/2. Film Score Collection V2/7. Melodic Transitions-（粘合效果）/6. Harmony Passage (Major_Minor) - 和声行进织体（大小调通用）/Harmony Passage (E).wav	5191594
Multiply Sound@影采/2.Film Score Collection V2/2. Film Score Collection V2/7. Melodic Transitions-（粘合效果）/6. Harmony Passage (Major_Minor) - 和声行进织体（大小调通用）/Harmony Passage (G#_Ab).wav	5191594
Multiply Sound@影采/2.Film Score Collection V2/2. Film Score Collection V2/7. Melodic Transitions-（粘合效果）/6. Harmony Passage (Major_Minor) - 和声行进织体（大小调通用）/Harmony Passage (F#_Gb).wav	5191594
Multiply Sound@影采/2.Film Score Collection V2/2. Film Score Collection V2/7. Melodic Transitions-（粘合效果）/6. Harmony Passage (Major_Minor) - 和声行进织体（大小调通用）/Harmony Passage (G).wav	5191594
Multiply Sound@影采/2.Film Score Collection V2/2. Film Score Collection V2/7. Melodic Transitions-（粘合效果）/6. Harmony Passage (Major_Minor) - 和声行进织体（大小调通用）/Harmony Passage (A).wav	5191594
Multiply Sound@影采/2.Film Score Collection V2/2. Film Score Collection V2/7. Melodic Transitions-（粘合效果）/6. Harmony Passage (Major_Minor) - 和声行进织体（大小调通用）/Harmony Passage (A#_Bb).wav	5191594
Multiply Sound@影采/2.Film Score Collection V2/2. Film Score Collection V2/7. Melodic Transitions-（粘合效果）/6. Harmony Passage (Major_Minor) - 和声行进织体（大小调通用）/Harmony Passage (C#_Db).wav	5191594
Multiply Sound@影采/2.Film Score Collection V2/2. Film Score Collection V2/7. Melodic Transitions-（粘合效果）/9. Serenity Passage (Major_Minor) - 静谧舒缓段落音色（大小调通用）/Serenity Passage (A).wav	5191594
Multiply Sound@影采/2.Film Score Collection V2/2. Film Score Collection V2/7. Melodic Transitions-（粘合效果）/9. Serenity Passage (Major_Minor) - 静谧舒缓段落音色（大小调通用）/Serenity Passage (D#_Eb).wav	5191594
Multiply Sound@影采/2.Film Score Collection V2/2. Film Score Collection V2/7. Melodic Transitions-（粘合效果）/9. Serenity Passage (Major_Minor) - 静谧舒缓段落音色（大小调通用）/Serenity Passage (C).wav	5191594
Multiply Sound@影采/2.Film Score Collection V2/2. Film Score Collection V2/7. Melodic Transitions-（粘合效果）/9. Serenity Passage (Major_Minor) - 静谧舒缓段落音色（大小调通用）/Serenity Passage (A#_Bb).wav	5191594
Multiply Sound@影采/2.Film Score Collection V2/2. Film Score Collection V2/7. Melodic Transitions-（粘合效果）/9. Serenity Passage (Major_Minor) - 静谧舒缓段落音色（大小调通用）/Serenity Passage (F).wav	5191594
Multiply Sound@影采/2.Film Score Collection V2/2. Film Score Collection V2/7. Melodic Transitions-（粘合效果）/9. Serenity Passage (Major_Minor) - 静谧舒缓段落音色（大小调通用）/Serenity Passage (F#_Gb).wav	5191594
Multiply Sound@影采/2.Film Score Collection V2/2. Film Score Collection V2/7. Melodic Transitions-（粘合效果）/9. Serenity Passage (Major_Minor) - 静谧舒缓段落音色（大小调通用）/Serenity Passage (G#_Ab).wav	5191594
Multiply Sound@影采/2.Film Score Collection V2/2. Film Score Collection V2/7. Melodic Transitions-（粘合效果）/9. Serenity Passage (Major_Minor) - 静谧舒缓段落音色（大小调通用）/Serenity Passage (E).wav	5191594
Multiply Sound@影采/2.Film Score Collection V2/2. Film Score Collection V2/7. Melodic Transitions-（粘合效果）/9. Serenity Passage (Major_Minor) - 静谧舒缓段落音色（大小调通用）/Serenity Passage (C#_Db).wav	5191594
Multiply Sound@影采/2.Film Score Collection V2/2. Film Score Collection V2/7. Melodic Transitions-（粘合效果）/9. Serenity Passage (Major_Minor) - 静谧舒缓段落音色（大小调通用）/Serenity Passage (G).wav	5191594
Multiply Sound@影采/2.Film Score Collection V2/2. Film Score Collection V2/7. Melodic Transitions-（粘合效果）/9. Serenity Passage (Major_Minor) - 静谧舒缓段落音色（大小调通用）/Serenity Passage (D).wav	5191594
Multiply Sound@影采/2.Film Score Collection V2/2. Film Score Collection V2/7. Melodic Transitions-（粘合效果）/9. Serenity Passage (Major_Minor) - 静谧舒缓段落音色（大小调通用）/Serenity Passage (B).wav	5191594
Multiply Sound@影采/2.Film Score Collection V2/2. Film Score Collection V2/7. Melodic Transitions-（粘合效果）/1. Sonder (Major_Minor) - 尘世感悟氛围（大小调通用）/Sonder (G).wav	2650750
Multiply Sound@影采/2.Film Score Collection V2/2. Film Score Collection V2/7. Melodic Transitions-（粘合效果）/1. Sonder (Major_Minor) - 尘世感悟氛围（大小调通用）/Sonder (C).wav	2650750
Multiply Sound@影采/2.Film Score Collection V2/2. Film Score Collection V2/7. Melodic Transitions-（粘合效果）/1. Sonder (Major_Minor) - 尘世感悟氛围（大小调通用）/Sonder (C#_Db).wav	2650750
Multiply Sound@影采/2.Film Score Collection V2/2. Film Score Collection V2/7. Melodic Transitions-（粘合效果）/1. Sonder (Major_Minor) - 尘世感悟氛围（大小调通用）/Sonder (F#_Gb).wav	2650750
Multiply Sound@影采/2.Film Score Collection V2/2. Film Score Collection V2/7. Melodic Transitions-（粘合效果）/1. Sonder (Major_Minor) - 尘世感悟氛围（大小调通用）/Sonder (A).wav	2650750
Multiply Sound@影采/2.Film Score Collection V2/2. Film Score Collection V2/7. Melodic Transitions-（粘合效果）/1. Sonder (Major_Minor) - 尘世感悟氛围（大小调通用）/Sonder (F).wav	2650750
Multiply Sound@影采/2.Film Score Collection V2/2. Film Score Collection V2/7. Melodic Transitions-（粘合效果）/1. Sonder (Major_Minor) - 尘世感悟氛围（大小调通用）/Sonder (A#).wav	2650750
Multiply Sound@影采/2.Film Score Collection V2/2. Film Score Collection V2/7. Melodic Transitions-（粘合效果）/1. Sonder (Major_Minor) - 尘世感悟氛围（大小调通用）/Sonder (G#_Ab).wav	2650750
Multiply Sound@影采/2.Film Score Collection V2/2. Film Score Collection V2/7. Melodic Transitions-（粘合效果）/1. Sonder (Major_Minor) - 尘世感悟氛围（大小调通用）/Sonder (D).wav	2650750
Multiply Sound@影采/2.Film Score Collection V2/2. Film Score Collection V2/7. Melodic Transitions-（粘合效果）/1. Sonder (Major_Minor) - 尘世感悟氛围（大小调通用）/Sonder (D#_Eb).wav	2650750
Multiply Sound@影采/2.Film Score Collection V2/2. Film Score Collection V2/7. Melodic Transitions-（粘合效果）/1. Sonder (Major_Minor) - 尘世感悟氛围（大小调通用）/Sonder (E).wav	2650750
Multiply Sound@影采/2.Film Score Collection V2/2. Film Score Collection V2/7. Melodic Transitions-（粘合效果）/1. Sonder (Major_Minor) - 尘世感悟氛围（大小调通用）/Sonder (B).wav	2650750
Multiply Sound@影采/2.Film Score Collection V2/2. Film Score Collection V2/7. Melodic Transitions-（粘合效果）/10. Ivory Chimes (Major_Minor) - 象牙清铃音色（大小调通用）/Ivory Chimes (D#_Eb).wav	2120402
Multiply Sound@影采/2.Film Score Collection V2/2. Film Score Collection V2/7. Melodic Transitions-（粘合效果）/10. Ivory Chimes (Major_Minor) - 象牙清铃音色（大小调通用）/Ivory Chimes (A).wav	2120402
Multiply Sound@影采/2.Film Score Collection V2/2. Film Score Collection V2/7. Melodic Transitions-（粘合效果）/10. Ivory Chimes (Major_Minor) - 象牙清铃音色（大小调通用）/Ivory Chimes (A#_Bb).wav	2120402
Multiply Sound@影采/2.Film Score Collection V2/2. Film Score Collection V2/7. Melodic Transitions-（粘合效果）/10. Ivory Chimes (Major_Minor) - 象牙清铃音色（大小调通用）/Ivory Chimes (F#_Gb).wav	2120402
Multiply Sound@影采/2.Film Score Collection V2/2. Film Score Collection V2/7. Melodic Transitions-（粘合效果）/10. Ivory Chimes (Major_Minor) - 象牙清铃音色（大小调通用）/Ivory Chimes (G).wav	2120402
Multiply Sound@影采/2.Film Score Collection V2/2. Film Score Collection V2/7. Melodic Transitions-（粘合效果）/10. Ivory Chimes (Major_Minor) - 象牙清铃音色（大小调通用）/Ivory Chimes (B).wav	2120402
Multiply Sound@影采/2.Film Score Collection V2/2. Film Score Collection V2/7. Melodic Transitions-（粘合效果）/10. Ivory Chimes (Major_Minor) - 象牙清铃音色（大小调通用）/Ivory Chimes (E).wav	2120402
Multiply Sound@影采/2.Film Score Collection V2/2. Film Score Collection V2/7. Melodic Transitions-（粘合效果）/10. Ivory Chimes (Major_Minor) - 象牙清铃音色（大小调通用）/Ivory Chimes (G#_Ab).wav	2120402
Multiply Sound@影采/2.Film Score Collection V2/2. Film Score Collection V2/7. Melodic Transitions-（粘合效果）/10. Ivory Chimes (Major_Minor) - 象牙清铃音色（大小调通用）/Ivory Chimes (C).wav	2120402
Multiply Sound@影采/2.Film Score Collection V2/2. Film Score Collection V2/7. Melodic Transitions-（粘合效果）/10. Ivory Chimes (Major_Minor) - 象牙清铃音色（大小调通用）/Ivory Chimes (D).wav	2120402
Multiply Sound@影采/2.Film Score Collection V2/2. Film Score Collection V2/7. Melodic Transitions-（粘合效果）/10. Ivory Chimes (Major_Minor) - 象牙清铃音色（大小调通用）/Ivory Chimes (C#_Db).wav	2120402
Multiply Sound@影采/2.Film Score Collection V2/2. Film Score Collection V2/7. Melodic Transitions-（粘合效果）/10. Ivory Chimes (Major_Minor) - 象牙清铃音色（大小调通用）/Ivory Chimes (F).wav	2120402
Multiply Sound@影采/2.Film Score Collection V2/2. Film Score Collection V2/7. Melodic Transitions-（粘合效果）/15. Pizz Violin (Minor) - 拨奏小提琴（小调）/Pizz Violin (A#m_Bbm).wav	2650290
Multiply Sound@影采/2.Film Score Collection V2/2. Film Score Collection V2/7. Melodic Transitions-（粘合效果）/15. Pizz Violin (Minor) - 拨奏小提琴（小调）/Pizz Violin (F#m_Gbm).wav	2650290
Multiply Sound@影采/2.Film Score Collection V2/2. Film Score Collection V2/7. Melodic Transitions-（粘合效果）/15. Pizz Violin (Minor) - 拨奏小提琴（小调）/Pizz Violin (Gm).wav	2650290
Multiply Sound@影采/2.Film Score Collection V2/2. Film Score Collection V2/7. Melodic Transitions-（粘合效果）/15. Pizz Violin (Minor) - 拨奏小提琴（小调）/Pizz Violin (Fm).wav	2885054
Multiply Sound@影采/2.Film Score Collection V2/2. Film Score Collection V2/7. Melodic Transitions-（粘合效果）/15. Pizz Violin (Minor) - 拨奏小提琴（小调）/Pizz Violin (Am).wav	2650290
Multiply Sound@影采/2.Film Score Collection V2/2. Film Score Collection V2/7. Melodic Transitions-（粘合效果）/15. Pizz Violin (Minor) - 拨奏小提琴（小调）/Pizz Violin (Bm).wav	2650290
Multiply Sound@影采/2.Film Score Collection V2/2. Film Score Collection V2/7. Melodic Transitions-（粘合效果）/15. Pizz Violin (Minor) - 拨奏小提琴（小调）/Pizz Violin (C#m_Dbm).wav	2650290
Multiply Sound@影采/2.Film Score Collection V2/2. Film Score Collection V2/7. Melodic Transitions-（粘合效果）/15. Pizz Violin (Minor) - 拨奏小提琴（小调）/Pizz Violin (D#m_Ebm).wav	2650290
Multiply Sound@影采/2.Film Score Collection V2/2. Film Score Collection V2/7. Melodic Transitions-（粘合效果）/15. Pizz Violin (Minor) - 拨奏小提琴（小调）/Pizz Violin (Cm).wav	2650290
Multiply Sound@影采/2.Film Score Collection V2/2. Film Score Collection V2/7. Melodic Transitions-（粘合效果）/15. Pizz Violin (Minor) - 拨奏小提琴（小调）/Pizz Violin (G#m_Abm).wav	2650290
Multiply Sound@影采/2.Film Score Collection V2/2. Film Score Collection V2/7. Melodic Transitions-（粘合效果）/15. Pizz Violin (Minor) - 拨奏小提琴（小调）/Pizz Violin (Em).wav	2650290
Multiply Sound@影采/2.Film Score Collection V2/2. Film Score Collection V2/7. Melodic Transitions-（粘合效果）/15. Pizz Violin (Minor) - 拨奏小提琴（小调）/Pizz Violin (Dm).wav	2650290
Multiply Sound@影采/2.Film Score Collection V2/2. Film Score Collection V2/7. Melodic Transitions-（粘合效果）/7. Cello Low Escalate (Major_Minor) - 低音大提琴渐升铺底（大小调通用）/Cello Low Escalate (A#_Bb).wav	3461344
Multiply Sound@影采/2.Film Score Collection V2/2. Film Score Collection V2/7. Melodic Transitions-（粘合效果）/7. Cello Low Escalate (Major_Minor) - 低音大提琴渐升铺底（大小调通用）/Cello Low Escalate (G#_Ab).wav	3461344
Multiply Sound@影采/2.Film Score Collection V2/2. Film Score Collection V2/7. Melodic Transitions-（粘合效果）/7. Cello Low Escalate (Major_Minor) - 低音大提琴渐升铺底（大小调通用）/Cello Low Escalate (D).wav	3461344
Multiply Sound@影采/2.Film Score Collection V2/2. Film Score Collection V2/7. Melodic Transitions-（粘合效果）/7. Cello Low Escalate (Major_Minor) - 低音大提琴渐升铺底（大小调通用）/Cello Low Escalate (A).wav	3461344
Multiply Sound@影采/2.Film Score Collection V2/2. Film Score Collection V2/7. Melodic Transitions-（粘合效果）/7. Cello Low Escalate (Major_Minor) - 低音大提琴渐升铺底（大小调通用）/Cello Low Escalate (E).wav	3461344
Multiply Sound@影采/2.Film Score Collection V2/2. Film Score Collection V2/7. Melodic Transitions-（粘合效果）/7. Cello Low Escalate (Major_Minor) - 低音大提琴渐升铺底（大小调通用）/Cello Low Escalate (C).wav	3461344
Multiply Sound@影采/2.Film Score Collection V2/2. Film Score Collection V2/7. Melodic Transitions-（粘合效果）/7. Cello Low Escalate (Major_Minor) - 低音大提琴渐升铺底（大小调通用）/Cello Low Escalate (B).wav	3461344
Multiply Sound@影采/2.Film Score Collection V2/2. Film Score Collection V2/7. Melodic Transitions-（粘合效果）/7. Cello Low Escalate (Major_Minor) - 低音大提琴渐升铺底（大小调通用）/Cello Low Escalate (F).wav	3461344
Multiply Sound@影采/2.Film Score Collection V2/2. Film Score Collection V2/7. Melodic Transitions-（粘合效果）/7. Cello Low Escalate (Major_Minor) - 低音大提琴渐升铺底（大小调通用）/Cello Low Escalate (G).wav	3461344
Multiply Sound@影采/2.Film Score Collection V2/2. Film Score Collection V2/7. Melodic Transitions-（粘合效果）/7. Cello Low Escalate (Major_Minor) - 低音大提琴渐升铺底（大小调通用）/Cello Low Escalate (D#_Eb).wav	3461344
Multiply Sound@影采/2.Film Score Collection V2/2. Film Score Collection V2/7. Melodic Transitions-（粘合效果）/7. Cello Low Escalate (Major_Minor) - 低音大提琴渐升铺底（大小调通用）/Cello Low Escalate (F#_Gb).wav	3461344
Multiply Sound@影采/2.Film Score Collection V2/2. Film Score Collection V2/7. Melodic Transitions-（粘合效果）/7. Cello Low Escalate (Major_Minor) - 低音大提琴渐升铺底（大小调通用）/Cello Low Escalate (C#_Db).wav	3461344
Multiply Sound@影采/2.Film Score Collection V2/2. Film Score Collection V2/7. Melodic Transitions-（粘合效果）/13. Electrical (Minor) - 电子冷峻音色（小调）/Electrical (C#m_Dbm).wav	4240462
Multiply Sound@影采/2.Film Score Collection V2/2. Film Score Collection V2/7. Melodic Transitions-（粘合效果）/13. Electrical (Minor) - 电子冷峻音色（小调）/Electrical (F#m_Gbm).wav	4240460
Multiply Sound@影采/2.Film Score Collection V2/2. Film Score Collection V2/7. Melodic Transitions-（粘合效果）/13. Electrical (Minor) - 电子冷峻音色（小调）/Electrical (Cm).wav	4240462
Multiply Sound@影采/2.Film Score Collection V2/2. Film Score Collection V2/7. Melodic Transitions-（粘合效果）/13. Electrical (Minor) - 电子冷峻音色（小调）/Electrical (Fm).wav	4240462
Multiply Sound@影采/2.Film Score Collection V2/2. Film Score Collection V2/7. Melodic Transitions-（粘合效果）/13. Electrical (Minor) - 电子冷峻音色（小调）/Electrical (D#m_Ebm).wav	4240462
Multiply Sound@影采/2.Film Score Collection V2/2. Film Score Collection V2/7. Melodic Transitions-（粘合效果）/13. Electrical (Minor) - 电子冷峻音色（小调）/Electrical (Bm).wav	4240462
Multiply Sound@影采/2.Film Score Collection V2/2. Film Score Collection V2/7. Melodic Transitions-（粘合效果）/13. Electrical (Minor) - 电子冷峻音色（小调）/Electrical (Em).wav	4240460
Multiply Sound@影采/2.Film Score Collection V2/2. Film Score Collection V2/7. Melodic Transitions-（粘合效果）/13. Electrical (Minor) - 电子冷峻音色（小调）/Electrical (A#m_Bbm).wav	4240462
Multiply Sound@影采/2.Film Score Collection V2/2. Film Score Collection V2/7. Melodic Transitions-（粘合效果）/13. Electrical (Minor) - 电子冷峻音色（小调）/Electrical (Gm).wav	4240460
Multiply Sound@影采/2.Film Score Collection V2/2. Film Score Collection V2/7. Melodic Transitions-（粘合效果）/13. Electrical (Minor) - 电子冷峻音色（小调）/Electrical (Dm).wav	4240460
Multiply Sound@影采/2.Film Score Collection V2/2. Film Score Collection V2/7. Melodic Transitions-（粘合效果）/13. Electrical (Minor) - 电子冷峻音色（小调）/Electrical (Am).wav	4240460
Multiply Sound@影采/2.Film Score Collection V2/2. Film Score Collection V2/7. Melodic Transitions-（粘合效果）/13. Electrical (Minor) - 电子冷峻音色（小调）/Electrical (G#m_Abm).wav	4240462
Multiply Sound@影采/2.Film Score Collection V2/2. Film Score Collection V2/7. Melodic Transitions-（粘合效果）/5. Violin 5ths (Major_Minor) - 五度和声小提琴（大小调通用）/Violin 5ths (G#_Ab).wav	4038584
Multiply Sound@影采/2.Film Score Collection V2/2. Film Score Collection V2/7. Melodic Transitions-（粘合效果）/5. Violin 5ths (Major_Minor) - 五度和声小提琴（大小调通用）/Violin 5ths (D).wav	4038584
Multiply Sound@影采/2.Film Score Collection V2/2. Film Score Collection V2/7. Melodic Transitions-（粘合效果）/5. Violin 5ths (Major_Minor) - 五度和声小提琴（大小调通用）/Violin 5ths (A).wav	4038584
Multiply Sound@影采/2.Film Score Collection V2/2. Film Score Collection V2/7. Melodic Transitions-（粘合效果）/5. Violin 5ths (Major_Minor) - 五度和声小提琴（大小调通用）/Violin 5ths (D#_Eb).wav	4038584
Multiply Sound@影采/2.Film Score Collection V2/2. Film Score Collection V2/7. Melodic Transitions-（粘合效果）/5. Violin 5ths (Major_Minor) - 五度和声小提琴（大小调通用）/Violin 5ths (E).wav	4038584
Multiply Sound@影采/2.Film Score Collection V2/2. Film Score Collection V2/7. Melodic Transitions-（粘合效果）/5. Violin 5ths (Major_Minor) - 五度和声小提琴（大小调通用）/Violin 5ths (G).wav	4038584
Multiply Sound@影采/2.Film Score Collection V2/2. Film Score Collection V2/7. Melodic Transitions-（粘合效果）/5. Violin 5ths (Major_Minor) - 五度和声小提琴（大小调通用）/Violin 5ths (F#_Gb).wav	4038584
Multiply Sound@影采/2.Film Score Collection V2/2. Film Score Collection V2/7. Melodic Transitions-（粘合效果）/5. Violin 5ths (Major_Minor) - 五度和声小提琴（大小调通用）/Violin 5ths (C#_Db).wav	4038584
Multiply Sound@影采/2.Film Score Collection V2/2. Film Score Collection V2/7. Melodic Transitions-（粘合效果）/5. Violin 5ths (Major_Minor) - 五度和声小提琴（大小调通用）/Violin 5ths (C).wav	4038584
Multiply Sound@影采/2.Film Score Collection V2/2. Film Score Collection V2/7. Melodic Transitions-（粘合效果）/5. Violin 5ths (Major_Minor) - 五度和声小提琴（大小调通用）/Violin 5ths (A#_Bb).wav	4038584
Multiply Sound@影采/2.Film Score Collection V2/2. Film Score Collection V2/7. Melodic Transitions-（粘合效果）/5. Violin 5ths (Major_Minor) - 五度和声小提琴（大小调通用）/Violin 5ths (F).wav	4038584
Multiply Sound@影采/2.Film Score Collection V2/2. Film Score Collection V2/7. Melodic Transitions-（粘合效果）/5. Violin 5ths (Major_Minor) - 五度和声小提琴（大小调通用）/Violin 5ths (B).wav	4038584
Multiply Sound@影采/2.Film Score Collection V2/2. Film Score Collection V2/7. Melodic Transitions-（粘合效果）/14. Cello Agressive Trill (Minor) - 急促激越大提琴颤音（小调）/Cello Agressive Trill (D#m_Ebm).wav	2884594
Multiply Sound@影采/2.Film Score Collection V2/2. Film Score Collection V2/7. Melodic Transitions-（粘合效果）/14. Cello Agressive Trill (Minor) - 急促激越大提琴颤音（小调）/Cello Agressive Trill (Dm).wav	2884594
Multiply Sound@影采/2.Film Score Collection V2/2. Film Score Collection V2/7. Melodic Transitions-（粘合效果）/14. Cello Agressive Trill (Minor) - 急促激越大提琴颤音（小调）/Cello Agressive Trill (G#m_Abm).wav	2884594
Multiply Sound@影采/2.Film Score Collection V2/2. Film Score Collection V2/7. Melodic Transitions-（粘合效果）/14. Cello Agressive Trill (Minor) - 急促激越大提琴颤音（小调）/Cello Agressive Trill (Em).wav	2884594
Multiply Sound@影采/2.Film Score Collection V2/2. Film Score Collection V2/7. Melodic Transitions-（粘合效果）/14. Cello Agressive Trill (Minor) - 急促激越大提琴颤音（小调）/Cello Agressive Trill (C#m_Dbm).wav	2884594
Multiply Sound@影采/2.Film Score Collection V2/2. Film Score Collection V2/7. Melodic Transitions-（粘合效果）/14. Cello Agressive Trill (Minor) - 急促激越大提琴颤音（小调）/Cello Agressive Trill (Am).wav	2884594
Multiply Sound@影采/2.Film Score Collection V2/2. Film Score Collection V2/7. Melodic Transitions-（粘合效果）/14. Cello Agressive Trill (Minor) - 急促激越大提琴颤音（小调）/Cello Agressive Trill (Gm).wav	2884594
Multiply Sound@影采/2.Film Score Collection V2/2. Film Score Collection V2/7. Melodic Transitions-（粘合效果）/14. Cello Agressive Trill (Minor) - 急促激越大提琴颤音（小调）/Cello Agressive Trill (Bm).wav	2884594
Multiply Sound@影采/2.Film Score Collection V2/2. Film Score Collection V2/7. Melodic Transitions-（粘合效果）/14. Cello Agressive Trill (Minor) - 急促激越大提琴颤音（小调）/Cello Agressive Trill (Cm).wav	2884594
Multiply Sound@影采/2.Film Score Collection V2/2. Film Score Collection V2/7. Melodic Transitions-（粘合效果）/14. Cello Agressive Trill (Minor) - 急促激越大提琴颤音（小调）/Cello Agressive Trill (Fm).wav	2884594
Multiply Sound@影采/2.Film Score Collection V2/2. Film Score Collection V2/7. Melodic Transitions-（粘合效果）/14. Cello Agressive Trill (Minor) - 急促激越大提琴颤音（小调）/Cello Agressive Trill (A#m_Bbm).wav	2884594
Multiply Sound@影采/2.Film Score Collection V2/2. Film Score Collection V2/7. Melodic Transitions-（粘合效果）/14. Cello Agressive Trill (Minor) - 急促激越大提琴颤音（小调）/Cello Agressive Trill (F#_m_Gbm).wav	2884594
Multiply Sound@影采/2.Film Score Collection V2/2. Film Score Collection V2/7. Melodic Transitions-（粘合效果）/4. Violin Sway (Major_Minor) - 摇曳柔缓小提琴（大小调通用）/Violin Journey (F).wav	2308290
Multiply Sound@影采/2.Film Score Collection V2/2. Film Score Collection V2/7. Melodic Transitions-（粘合效果）/4. Violin Sway (Major_Minor) - 摇曳柔缓小提琴（大小调通用）/Violin Journey (A).wav	2885056
Multiply Sound@影采/2.Film Score Collection V2/2. Film Score Collection V2/7. Melodic Transitions-（粘合效果）/4. Violin Sway (Major_Minor) - 摇曳柔缓小提琴（大小调通用）/Violin Journey (D).wav	2308292
Multiply Sound@影采/2.Film Score Collection V2/2. Film Score Collection V2/7. Melodic Transitions-（粘合效果）/4. Violin Sway (Major_Minor) - 摇曳柔缓小提琴（大小调通用）/Violin Journey (D#_Eb).wav	2308290
Multiply Sound@影采/2.Film Score Collection V2/2. Film Score Collection V2/7. Melodic Transitions-（粘合效果）/4. Violin Sway (Major_Minor) - 摇曳柔缓小提琴（大小调通用）/Violin Journey (E).wav	2308292
Multiply Sound@影采/2.Film Score Collection V2/2. Film Score Collection V2/7. Melodic Transitions-（粘合效果）/4. Violin Sway (Major_Minor) - 摇曳柔缓小提琴（大小调通用）/Violin Journey (B).wav	2885054
Multiply Sound@影采/2.Film Score Collection V2/2. Film Score Collection V2/7. Melodic Transitions-（粘合效果）/4. Violin Sway (Major_Minor) - 摇曳柔缓小提琴（大小调通用）/Violin Journey (G#_Ab).wav	2885054
Multiply Sound@影采/2.Film Score Collection V2/2. Film Score Collection V2/7. Melodic Transitions-（粘合效果）/4. Violin Sway (Major_Minor) - 摇曳柔缓小提琴（大小调通用）/Violin Journey (C).wav	2885054
Multiply Sound@影采/2.Film Score Collection V2/2. Film Score Collection V2/7. Melodic Transitions-（粘合效果）/4. Violin Sway (Major_Minor) - 摇曳柔缓小提琴（大小调通用）/Violin Journey (C#_Db).wav	2308290
Multiply Sound@影采/2.Film Score Collection V2/2. Film Score Collection V2/7. Melodic Transitions-（粘合效果）/4. Violin Sway (Major_Minor) - 摇曳柔缓小提琴（大小调通用）/Violin Journey (A#_Bb).wav	2885054
Multiply Sound@影采/2.Film Score Collection V2/2. Film Score Collection V2/7. Melodic Transitions-（粘合效果）/4. Violin Sway (Major_Minor) - 摇曳柔缓小提琴（大小调通用）/Violin Journey (G).wav	2308292
Multiply Sound@影采/2.Film Score Collection V2/2. Film Score Collection V2/7. Melodic Transitions-（粘合效果）/4. Violin Sway (Major_Minor) - 摇曳柔缓小提琴（大小调通用）/Violin Journey (F#_Gb).wav	2308290
Multiply Sound@影采/2.Film Score Collection V2/2. Film Score Collection V2/5. Melodic Hits-旋律打击音色（粘合效果）/12. Low Piano Ether (Major_Minor) - 空灵低音钢琴（大小调通用）/Low Piano Ether - (A).wav	3461820
Multiply Sound@影采/2.Film Score Collection V2/2. Film Score Collection V2/5. Melodic Hits-旋律打击音色（粘合效果）/12. Low Piano Ether (Major_Minor) - 空灵低音钢琴（大小调通用）/Low Piano Ether - (G).wav	3461818
Multiply Sound@影采/2.Film Score Collection V2/2. Film Score Collection V2/5. Melodic Hits-旋律打击音色（粘合效果）/12. Low Piano Ether (Major_Minor) - 空灵低音钢琴（大小调通用）/Low Piano Ether - (F).wav	3461818
Multiply Sound@影采/2.Film Score Collection V2/2. Film Score Collection V2/5. Melodic Hits-旋律打击音色（粘合效果）/12. Low Piano Ether (Major_Minor) - 空灵低音钢琴（大小调通用）/Low Piano Ether - (F#_Gb).wav	3461818
Multiply Sound@影采/2.Film Score Collection V2/2. Film Score Collection V2/5. Melodic Hits-旋律打击音色（粘合效果）/12. Low Piano Ether (Major_Minor) - 空灵低音钢琴（大小调通用）/Low Piano Ether - (B).wav	3461820
Multiply Sound@影采/2.Film Score Collection V2/2. Film Score Collection V2/5. Melodic Hits-旋律打击音色（粘合效果）/12. Low Piano Ether (Major_Minor) - 空灵低音钢琴（大小调通用）/Low Piano Ether - (C).wav	3461818
Multiply Sound@影采/2.Film Score Collection V2/2. Film Score Collection V2/5. Melodic Hits-旋律打击音色（粘合效果）/12. Low Piano Ether (Major_Minor) - 空灵低音钢琴（大小调通用）/Low Piano Ether - (D).wav	3461818
Multiply Sound@影采/2.Film Score Collection V2/2. Film Score Collection V2/5. Melodic Hits-旋律打击音色（粘合效果）/12. Low Piano Ether (Major_Minor) - 空灵低音钢琴（大小调通用）/Low Piano Ether - (D#_Eb).wav	3461818
Multiply Sound@影采/2.Film Score Collection V2/2. Film Score Collection V2/5. Melodic Hits-旋律打击音色（粘合效果）/12. Low Piano Ether (Major_Minor) - 空灵低音钢琴（大小调通用）/Low Piano Ether - (A#_Bb).wav	3461820
Multiply Sound@影采/2.Film Score Collection V2/2. Film Score Collection V2/5. Melodic Hits-旋律打击音色（粘合效果）/12. Low Piano Ether (Major_Minor) - 空灵低音钢琴（大小调通用）/Low Piano Ether - (C#_Db).wav	3461818
Multiply Sound@影采/2.Film Score Collection V2/2. Film Score Collection V2/5. Melodic Hits-旋律打击音色（粘合效果）/12. Low Piano Ether (Major_Minor) - 空灵低音钢琴（大小调通用）/Low Piano Ether - (G#_Ab).wav	3461818
Multiply Sound@影采/2.Film Score Collection V2/2. Film Score Collection V2/5. Melodic Hits-旋律打击音色（粘合效果）/12. Low Piano Ether (Major_Minor) - 空灵低音钢琴（大小调通用）/Low Piano Ether - (E).wav	3461818
Multiply Sound@影采/2.Film Score Collection V2/2. Film Score Collection V2/5. Melodic Hits-旋律打击音色（粘合效果）/10. Slight Breath (Major_Minor) - 轻缓呼吸音效（大小调通用）/Slight Breath - E.wav	2120402
Multiply Sound@影采/2.Film Score Collection V2/2. Film Score Collection V2/5. Melodic Hits-旋律打击音色（粘合效果）/10. Slight Breath (Major_Minor) - 轻缓呼吸音效（大小调通用）/Slight Breath - C.wav	2120402
Multiply Sound@影采/2.Film Score Collection V2/2. Film Score Collection V2/5. Melodic Hits-旋律打击音色（粘合效果）/10. Slight Breath (Major_Minor) - 轻缓呼吸音效（大小调通用）/Slight Breath - C#_Db.wav	2120402
Multiply Sound@影采/2.Film Score Collection V2/2. Film Score Collection V2/5. Melodic Hits-旋律打击音色（粘合效果）/10. Slight Breath (Major_Minor) - 轻缓呼吸音效（大小调通用）/Slight Breath - D.wav	2120402
Multiply Sound@影采/2.Film Score Collection V2/2. Film Score Collection V2/5. Melodic Hits-旋律打击音色（粘合效果）/10. Slight Breath (Major_Minor) - 轻缓呼吸音效（大小调通用）/Slight Breath - B.wav	2120402
Multiply Sound@影采/2.Film Score Collection V2/2. Film Score Collection V2/5. Melodic Hits-旋律打击音色（粘合效果）/10. Slight Breath (Major_Minor) - 轻缓呼吸音效（大小调通用）/Slight Breath - A#_Bb.wav	2120402
Multiply Sound@影采/2.Film Score Collection V2/2. Film Score Collection V2/5. Melodic Hits-旋律打击音色（粘合效果）/10. Slight Breath (Major_Minor) - 轻缓呼吸音效（大小调通用）/Slight Breath - G#_Ab.wav	2120402
Multiply Sound@影采/2.Film Score Collection V2/2. Film Score Collection V2/5. Melodic Hits-旋律打击音色（粘合效果）/10. Slight Breath (Major_Minor) - 轻缓呼吸音效（大小调通用）/Slight Breath - F.wav	2120402
Multiply Sound@影采/2.Film Score Collection V2/2. Film Score Collection V2/5. Melodic Hits-旋律打击音色（粘合效果）/10. Slight Breath (Major_Minor) - 轻缓呼吸音效（大小调通用）/Slight Breath - D#_Eb.wav	2120402
Multiply Sound@影采/2.Film Score Collection V2/2. Film Score Collection V2/5. Melodic Hits-旋律打击音色（粘合效果）/10. Slight Breath (Major_Minor) - 轻缓呼吸音效（大小调通用）/Slight Breath - G.wav	2120402
Multiply Sound@影采/2.Film Score Collection V2/2. Film Score Collection V2/5. Melodic Hits-旋律打击音色（粘合效果）/10. Slight Breath (Major_Minor) - 轻缓呼吸音效（大小调通用）/Slight Breath - F#_Gb.wav	2120402
Multiply Sound@影采/2.Film Score Collection V2/2. Film Score Collection V2/5. Melodic Hits-旋律打击音色（粘合效果）/10. Slight Breath (Major_Minor) - 轻缓呼吸音效（大小调通用）/Slight Breath - A.wav	2120402
Multiply Sound@影采/2.Film Score Collection V2/2. Film Score Collection V2/5. Melodic Hits-旋律打击音色（粘合效果）/14. Phantom (Minor) - 魅影氛围音色（小调）/Phantom (Cm).wav	1414316
Multiply Sound@影采/2.Film Score Collection V2/2. Film Score Collection V2/5. Melodic Hits-旋律打击音色（粘合效果）/14. Phantom (Minor) - 魅影氛围音色（小调）/Phantom (Em).wav	1414316
Multiply Sound@影采/2.Film Score Collection V2/2. Film Score Collection V2/5. Melodic Hits-旋律打击音色（粘合效果）/14. Phantom (Minor) - 魅影氛围音色（小调）/Phantom (F#m_Gbm).wav	1414316
Multiply Sound@影采/2.Film Score Collection V2/2. Film Score Collection V2/5. Melodic Hits-旋律打击音色（粘合效果）/14. Phantom (Minor) - 魅影氛围音色（小调）/Phantom (Gm).wav	1414314
Multiply Sound@影采/2.Film Score Collection V2/2. Film Score Collection V2/5. Melodic Hits-旋律打击音色（粘合效果）/14. Phantom (Minor) - 魅影氛围音色（小调）/Phantom (Bm).wav	1414316
Multiply Sound@影采/2.Film Score Collection V2/2. Film Score Collection V2/5. Melodic Hits-旋律打击音色（粘合效果）/14. Phantom (Minor) - 魅影氛围音色（小调）/Phantom (D#m_Ebm).wav	1414316
Multiply Sound@影采/2.Film Score Collection V2/2. Film Score Collection V2/5. Melodic Hits-旋律打击音色（粘合效果）/14. Phantom (Minor) - 魅影氛围音色（小调）/Phantom (A#m_Bbm).wav	1414316
Multiply Sound@影采/2.Film Score Collection V2/2. Film Score Collection V2/5. Melodic Hits-旋律打击音色（粘合效果）/14. Phantom (Minor) - 魅影氛围音色（小调）/Phantom (Fm).wav	1414316
Multiply Sound@影采/2.Film Score Collection V2/2. Film Score Collection V2/5. Melodic Hits-旋律打击音色（粘合效果）/14. Phantom (Minor) - 魅影氛围音色（小调）/Phantom (Am).wav	1414316
Multiply Sound@影采/2.Film Score Collection V2/2. Film Score Collection V2/5. Melodic Hits-旋律打击音色（粘合效果）/14. Phantom (Minor) - 魅影氛围音色（小调）/Phantom (Dm).wav	1414316
Multiply Sound@影采/2.Film Score Collection V2/2. Film Score Collection V2/5. Melodic Hits-旋律打击音色（粘合效果）/14. Phantom (Minor) - 魅影氛围音色（小调）/Phantom (C#m_Dbm).wav	1414316
Multiply Sound@影采/2.Film Score Collection V2/2. Film Score Collection V2/5. Melodic Hits-旋律打击音色（粘合效果）/14. Phantom (Minor) - 魅影氛围音色（小调）/Phantom (G#m_Abm).wav	1414316
Multiply Sound@影采/2.Film Score Collection V2/2. Film Score Collection V2/5. Melodic Hits-旋律打击音色（粘合效果）/17. Vocal Dream (Minor) - 梦幻朦胧人声（小调）/Vocal Dream (A#m_Bbm).wav	1983424
Multiply Sound@影采/2.Film Score Collection V2/2. Film Score Collection V2/5. Melodic Hits-旋律打击音色（粘合效果）/17. Vocal Dream (Minor) - 梦幻朦胧人声（小调）/Vocal Dream (Em).wav	1983424
Multiply Sound@影采/2.Film Score Collection V2/2. Film Score Collection V2/5. Melodic Hits-旋律打击音色（粘合效果）/17. Vocal Dream (Minor) - 梦幻朦胧人声（小调）/Vocal Dream (Dm).wav	1983424
Multiply Sound@影采/2.Film Score Collection V2/2. Film Score Collection V2/5. Melodic Hits-旋律打击音色（粘合效果）/17. Vocal Dream (Minor) - 梦幻朦胧人声（小调）/Vocal Dream (Am).wav	1983424
Multiply Sound@影采/2.Film Score Collection V2/2. Film Score Collection V2/5. Melodic Hits-旋律打击音色（粘合效果）/17. Vocal Dream (Minor) - 梦幻朦胧人声（小调）/Vocal Dream (F#m_Gbm).wav	1983424
Multiply Sound@影采/2.Film Score Collection V2/2. Film Score Collection V2/5. Melodic Hits-旋律打击音色（粘合效果）/17. Vocal Dream (Minor) - 梦幻朦胧人声（小调）/Vocal Dream (D#m_Ebm).wav	1983424
Multiply Sound@影采/2.Film Score Collection V2/2. Film Score Collection V2/5. Melodic Hits-旋律打击音色（粘合效果）/17. Vocal Dream (Minor) - 梦幻朦胧人声（小调）/Vocal Dream (Fm).wav	1983424
Multiply Sound@影采/2.Film Score Collection V2/2. Film Score Collection V2/5. Melodic Hits-旋律打击音色（粘合效果）/17. Vocal Dream (Minor) - 梦幻朦胧人声（小调）/Vocal Dream (Bm).wav	1983424
Multiply Sound@影采/2.Film Score Collection V2/2. Film Score Collection V2/5. Melodic Hits-旋律打击音色（粘合效果）/17. Vocal Dream (Minor) - 梦幻朦胧人声（小调）/Vocal Dream (G#m_Abm).wav	1983424
Multiply Sound@影采/2.Film Score Collection V2/2. Film Score Collection V2/5. Melodic Hits-旋律打击音色（粘合效果）/17. Vocal Dream (Minor) - 梦幻朦胧人声（小调）/Vocal Dream (C#m_Dbm).wav	1983424
Multiply Sound@影采/2.Film Score Collection V2/2. Film Score Collection V2/5. Melodic Hits-旋律打击音色（粘合效果）/17. Vocal Dream (Minor) - 梦幻朦胧人声（小调）/Vocal Dream (Cm).wav	1983424
Multiply Sound@影采/2.Film Score Collection V2/2. Film Score Collection V2/5. Melodic Hits-旋律打击音色（粘合效果）/17. Vocal Dream (Minor) - 梦幻朦胧人声（小调）/Vocal Dream (Gm).wav	1983424
Multiply Sound@影采/2.Film Score Collection V2/2. Film Score Collection V2/5. Melodic Hits-旋律打击音色（粘合效果）/11. High Piano Ether (Major_Minor) - 空灵高音钢琴（大小调通用）/High Piano Ether (C#_Db).wav	2885056
Multiply Sound@影采/2.Film Score Collection V2/2. Film Score Collection V2/5. Melodic Hits-旋律打击音色（粘合效果）/11. High Piano Ether (Major_Minor) - 空灵高音钢琴（大小调通用）/High Piano Ether (C).wav	2885054
Multiply Sound@影采/2.Film Score Collection V2/2. Film Score Collection V2/5. Melodic Hits-旋律打击音色（粘合效果）/11. High Piano Ether (Major_Minor) - 空灵高音钢琴（大小调通用）/High Piano Ether (A#_Bb).wav	2885054
Multiply Sound@影采/2.Film Score Collection V2/2. Film Score Collection V2/5. Melodic Hits-旋律打击音色（粘合效果）/11. High Piano Ether (Major_Minor) - 空灵高音钢琴（大小调通用）/High Piano Ether (A).wav	2885054
Multiply Sound@影采/2.Film Score Collection V2/2. Film Score Collection V2/5. Melodic Hits-旋律打击音色（粘合效果）/11. High Piano Ether (Major_Minor) - 空灵高音钢琴（大小调通用）/High Piano Ether (F#_Gb).wav	2885054
Multiply Sound@影采/2.Film Score Collection V2/2. Film Score Collection V2/5. Melodic Hits-旋律打击音色（粘合效果）/11. High Piano Ether (Major_Minor) - 空灵高音钢琴（大小调通用）/High Piano Ether (D).wav	2885054
Multiply Sound@影采/2.Film Score Collection V2/2. Film Score Collection V2/5. Melodic Hits-旋律打击音色（粘合效果）/11. High Piano Ether (Major_Minor) - 空灵高音钢琴（大小调通用）/High Piano Ether (F).wav	2885054
Multiply Sound@影采/2.Film Score Collection V2/2. Film Score Collection V2/5. Melodic Hits-旋律打击音色（粘合效果）/11. High Piano Ether (Major_Minor) - 空灵高音钢琴（大小调通用）/High Piano Ether (G#_Ab).wav	2885054
Multiply Sound@影采/2.Film Score Collection V2/2. Film Score Collection V2/5. Melodic Hits-旋律打击音色（粘合效果）/11. High Piano Ether (Major_Minor) - 空灵高音钢琴（大小调通用）/High Piano Ether (E).wav	2885054
Multiply Sound@影采/2.Film Score Collection V2/2. Film Score Collection V2/5. Melodic Hits-旋律打击音色（粘合效果）/11. High Piano Ether (Major_Minor) - 空灵高音钢琴（大小调通用）/High Piano Ether (B).wav	2885056
Multiply Sound@影采/2.Film Score Collection V2/2. Film Score Collection V2/5. Melodic Hits-旋律打击音色（粘合效果）/11. High Piano Ether (Major_Minor) - 空灵高音钢琴（大小调通用）/High Piano Ether (D#_Eb).wav	2885054
Multiply Sound@影采/2.Film Score Collection V2/2. Film Score Collection V2/5. Melodic Hits-旋律打击音色（粘合效果）/11. High Piano Ether (Major_Minor) - 空灵高音钢琴（大小调通用）/High Piano Ether (G).wav	2885054
Multiply Sound@影采/2.Film Score Collection V2/2. Film Score Collection V2/5. Melodic Hits-旋律打击音色（粘合效果）/3. Cello Low Hit (Major_Minor) - 低音大提琴顿音（大小调通用）/Cello Low Hit (C#_Db).wav	4153444
Multiply Sound@影采/2.Film Score Collection V2/2. Film Score Collection V2/5. Melodic Hits-旋律打击音色（粘合效果）/3. Cello Low Hit (Major_Minor) - 低音大提琴顿音（大小调通用）/Cello Low Hit (A).wav	4153444
Multiply Sound@影采/2.Film Score Collection V2/2. Film Score Collection V2/5. Melodic Hits-旋律打击音色（粘合效果）/3. Cello Low Hit (Major_Minor) - 低音大提琴顿音（大小调通用）/Cello Low Hit (A#_Bb).wav	4153444
Multiply Sound@影采/2.Film Score Collection V2/2. Film Score Collection V2/5. Melodic Hits-旋律打击音色（粘合效果）/3. Cello Low Hit (Major_Minor) - 低音大提琴顿音（大小调通用）/Cello Low Hit (F#_Gb).wav	4153444
Multiply Sound@影采/2.Film Score Collection V2/2. Film Score Collection V2/5. Melodic Hits-旋律打击音色（粘合效果）/3. Cello Low Hit (Major_Minor) - 低音大提琴顿音（大小调通用）/Cello Low Hit (B).wav	4153444
Multiply Sound@影采/2.Film Score Collection V2/2. Film Score Collection V2/5. Melodic Hits-旋律打击音色（粘合效果）/3. Cello Low Hit (Major_Minor) - 低音大提琴顿音（大小调通用）/Cello Low Hit (C).wav	4153444
Multiply Sound@影采/2.Film Score Collection V2/2. Film Score Collection V2/5. Melodic Hits-旋律打击音色（粘合效果）/3. Cello Low Hit (Major_Minor) - 低音大提琴顿音（大小调通用）/Cello Low Hit (G#_Ab).wav	4153444
Multiply Sound@影采/2.Film Score Collection V2/2. Film Score Collection V2/5. Melodic Hits-旋律打击音色（粘合效果）/3. Cello Low Hit (Major_Minor) - 低音大提琴顿音（大小调通用）/Cello Low Hit (D#_Eb).wav	4153444
Multiply Sound@影采/2.Film Score Collection V2/2. Film Score Collection V2/5. Melodic Hits-旋律打击音色（粘合效果）/3. Cello Low Hit (Major_Minor) - 低音大提琴顿音（大小调通用）/Cello Low Hit (G).wav	4153444
Multiply Sound@影采/2.Film Score Collection V2/2. Film Score Collection V2/5. Melodic Hits-旋律打击音色（粘合效果）/3. Cello Low Hit (Major_Minor) - 低音大提琴顿音（大小调通用）/Cello Low Hit (F).wav	4153444
Multiply Sound@影采/2.Film Score Collection V2/2. Film Score Collection V2/5. Melodic Hits-旋律打击音色（粘合效果）/3. Cello Low Hit (Major_Minor) - 低音大提琴顿音（大小调通用）/Cello Low Hit (E).wav	4153444
Multiply Sound@影采/2.Film Score Collection V2/2. Film Score Collection V2/5. Melodic Hits-旋律打击音色（粘合效果）/3. Cello Low Hit (Major_Minor) - 低音大提琴顿音（大小调通用）/Cello Low Hit (D).wav	4153444
Multiply Sound@影采/2.Film Score Collection V2/2. Film Score Collection V2/5. Melodic Hits-旋律打击音色（粘合效果）/8. Violin Smooth High (Major_Minor) - 平缓高音小提琴（大小调通用）/Violin Smooth High (F).wav	1731094
Multiply Sound@影采/2.Film Score Collection V2/2. Film Score Collection V2/5. Melodic Hits-旋律打击音色（粘合效果）/8. Violin Smooth High (Major_Minor) - 平缓高音小提琴（大小调通用）/Violin Smooth High (E).wav	1731094
Multiply Sound@影采/2.Film Score Collection V2/2. Film Score Collection V2/5. Melodic Hits-旋律打击音色（粘合效果）/8. Violin Smooth High (Major_Minor) - 平缓高音小提琴（大小调通用）/Violin Smooth High (C).wav	1731094
Multiply Sound@影采/2.Film Score Collection V2/2. Film Score Collection V2/5. Melodic Hits-旋律打击音色（粘合效果）/8. Violin Smooth High (Major_Minor) - 平缓高音小提琴（大小调通用）/Violin Smooth High (F#_Gb).wav	1731094
Multiply Sound@影采/2.Film Score Collection V2/2. Film Score Collection V2/5. Melodic Hits-旋律打击音色（粘合效果）/8. Violin Smooth High (Major_Minor) - 平缓高音小提琴（大小调通用）/Violin Smooth High (D#_Eb).wav	1731094
Multiply Sound@影采/2.Film Score Collection V2/2. Film Score Collection V2/5. Melodic Hits-旋律打击音色（粘合效果）/8. Violin Smooth High (Major_Minor) - 平缓高音小提琴（大小调通用）/Violin Smooth High (G#_Ab).wav	1731094
Multiply Sound@影采/2.Film Score Collection V2/2. Film Score Collection V2/5. Melodic Hits-旋律打击音色（粘合效果）/8. Violin Smooth High (Major_Minor) - 平缓高音小提琴（大小调通用）/Violin Smooth High (B).wav	1731094
Multiply Sound@影采/2.Film Score Collection V2/2. Film Score Collection V2/5. Melodic Hits-旋律打击音色（粘合效果）/8. Violin Smooth High (Major_Minor) - 平缓高音小提琴（大小调通用）/Violin Smooth High (C#_Db).wav	1731094
Multiply Sound@影采/2.Film Score Collection V2/2. Film Score Collection V2/5. Melodic Hits-旋律打击音色（粘合效果）/8. Violin Smooth High (Major_Minor) - 平缓高音小提琴（大小调通用）/Violin Smooth High (G).wav	1731094
Multiply Sound@影采/2.Film Score Collection V2/2. Film Score Collection V2/5. Melodic Hits-旋律打击音色（粘合效果）/8. Violin Smooth High (Major_Minor) - 平缓高音小提琴（大小调通用）/Violin Smooth High (A#_Bb).wav	1731094
Multiply Sound@影采/2.Film Score Collection V2/2. Film Score Collection V2/5. Melodic Hits-旋律打击音色（粘合效果）/8. Violin Smooth High (Major_Minor) - 平缓高音小提琴（大小调通用）/Violin Smooth High (A).wav	1731094
Multiply Sound@影采/2.Film Score Collection V2/2. Film Score Collection V2/5. Melodic Hits-旋律打击音色（粘合效果）/8. Violin Smooth High (Major_Minor) - 平缓高音小提琴（大小调通用）/Violin Smooth High (D).wav	1731094
Multiply Sound@影采/2.Film Score Collection V2/2. Film Score Collection V2/5. Melodic Hits-旋律打击音色（粘合效果）/2. Soft Piano (Major_Minor) - 柔和钢琴（大小调通用）/Soft Piano (D#_Eb).wav	2650750
Multiply Sound@影采/2.Film Score Collection V2/2. Film Score Collection V2/5. Melodic Hits-旋律打击音色（粘合效果）/2. Soft Piano (Major_Minor) - 柔和钢琴（大小调通用）/Soft Piano (E).wav	2650750
Multiply Sound@影采/2.Film Score Collection V2/2. Film Score Collection V2/5. Melodic Hits-旋律打击音色（粘合效果）/2. Soft Piano (Major_Minor) - 柔和钢琴（大小调通用）/Soft Piano (B).wav	2650750
Multiply Sound@影采/2.Film Score Collection V2/2. Film Score Collection V2/5. Melodic Hits-旋律打击音色（粘合效果）/2. Soft Piano (Major_Minor) - 柔和钢琴（大小调通用）/Soft Piano (C#_Db).wav	2650750
Multiply Sound@影采/2.Film Score Collection V2/2. Film Score Collection V2/5. Melodic Hits-旋律打击音色（粘合效果）/2. Soft Piano (Major_Minor) - 柔和钢琴（大小调通用）/Soft Piano (F#_Gb).wav	2650750
Multiply Sound@影采/2.Film Score Collection V2/2. Film Score Collection V2/5. Melodic Hits-旋律打击音色（粘合效果）/2. Soft Piano (Major_Minor) - 柔和钢琴（大小调通用）/Soft Piano (G).wav	2650750
Multiply Sound@影采/2.Film Score Collection V2/2. Film Score Collection V2/5. Melodic Hits-旋律打击音色（粘合效果）/2. Soft Piano (Major_Minor) - 柔和钢琴（大小调通用）/Soft Piano (D).wav	2650750
Multiply Sound@影采/2.Film Score Collection V2/2. Film Score Collection V2/5. Melodic Hits-旋律打击音色（粘合效果）/2. Soft Piano (Major_Minor) - 柔和钢琴（大小调通用）/Soft Piano (A).wav	2650750
Multiply Sound@影采/2.Film Score Collection V2/2. Film Score Collection V2/5. Melodic Hits-旋律打击音色（粘合效果）/2. Soft Piano (Major_Minor) - 柔和钢琴（大小调通用）/Soft Piano (F).wav	2650750
Multiply Sound@影采/2.Film Score Collection V2/2. Film Score Collection V2/5. Melodic Hits-旋律打击音色（粘合效果）/2. Soft Piano (Major_Minor) - 柔和钢琴（大小调通用）/Soft Piano (G#_Ab).wav	2650752
Multiply Sound@影采/2.Film Score Collection V2/2. Film Score Collection V2/5. Melodic Hits-旋律打击音色（粘合效果）/2. Soft Piano (Major_Minor) - 柔和钢琴（大小调通用）/Soft Piano (A#_Bb).wav	2650750
Multiply Sound@影采/2.Film Score Collection V2/2. Film Score Collection V2/5. Melodic Hits-旋律打击音色（粘合效果）/2. Soft Piano (Major_Minor) - 柔和钢琴（大小调通用）/Soft Piano (C).wav	2650750
Multiply Sound@影采/2.Film Score Collection V2/2. Film Score Collection V2/5. Melodic Hits-旋律打击音色（粘合效果）/4. Cello High (Major_Minor) - 高音大提琴（大小调通用）/Cello High (G).wav	2307844
Multiply Sound@影采/2.Film Score Collection V2/2. Film Score Collection V2/5. Melodic Hits-旋律打击音色（粘合效果）/4. Cello High (Major_Minor) - 高音大提琴（大小调通用）/Cello High (E).wav	2307844
Multiply Sound@影采/2.Film Score Collection V2/2. Film Score Collection V2/5. Melodic Hits-旋律打击音色（粘合效果）/4. Cello High (Major_Minor) - 高音大提琴（大小调通用）/Cello High (F).wav	2307844
Multiply Sound@影采/2.Film Score Collection V2/2. Film Score Collection V2/5. Melodic Hits-旋律打击音色（粘合效果）/4. Cello High (Major_Minor) - 高音大提琴（大小调通用）/Cello High (A).wav	2307844
Multiply Sound@影采/2.Film Score Collection V2/2. Film Score Collection V2/5. Melodic Hits-旋律打击音色（粘合效果）/4. Cello High (Major_Minor) - 高音大提琴（大小调通用）/Cello High (A#_Bb).wav	2307844
Multiply Sound@影采/2.Film Score Collection V2/2. Film Score Collection V2/5. Melodic Hits-旋律打击音色（粘合效果）/4. Cello High (Major_Minor) - 高音大提琴（大小调通用）/Cello High (D#_Eb).wav	2307844
Multiply Sound@影采/2.Film Score Collection V2/2. Film Score Collection V2/5. Melodic Hits-旋律打击音色（粘合效果）/4. Cello High (Major_Minor) - 高音大提琴（大小调通用）/Cello High (D).wav	2307844
Multiply Sound@影采/2.Film Score Collection V2/2. Film Score Collection V2/5. Melodic Hits-旋律打击音色（粘合效果）/4. Cello High (Major_Minor) - 高音大提琴（大小调通用）/Cello High (C#_Db).wav	2307844
Multiply Sound@影采/2.Film Score Collection V2/2. Film Score Collection V2/5. Melodic Hits-旋律打击音色（粘合效果）/4. Cello High (Major_Minor) - 高音大提琴（大小调通用）/Cello High (G#_Ab).wav	2307844
Multiply Sound@影采/2.Film Score Collection V2/2. Film Score Collection V2/5. Melodic Hits-旋律打击音色（粘合效果）/4. Cello High (Major_Minor) - 高音大提琴（大小调通用）/Cello High (B).wav	2307844
Multiply Sound@影采/2.Film Score Collection V2/2. Film Score Collection V2/5. Melodic Hits-旋律打击音色（粘合效果）/4. Cello High (Major_Minor) - 高音大提琴（大小调通用）/Cello High (F#_Gb).wav	2307844
Multiply Sound@影采/2.Film Score Collection V2/2. Film Score Collection V2/5. Melodic Hits-旋律打击音色（粘合效果）/4. Cello High (Major_Minor) - 高音大提琴（大小调通用）/Cello High (C).wav	2307844
Multiply Sound@影采/2.Film Score Collection V2/2. Film Score Collection V2/5. Melodic Hits-旋律打击音色（粘合效果）/5. Cello Hit & Rise (Major_Minor) - 起音上扬大提琴（大小调通用）/Cello Hit & Rise (E).wav	4038094
Multiply Sound@影采/2.Film Score Collection V2/2. Film Score Collection V2/5. Melodic Hits-旋律打击音色（粘合效果）/5. Cello Hit & Rise (Major_Minor) - 起音上扬大提琴（大小调通用）/Cello Hit & Rise (F#_Gb).wav	4038094
Multiply Sound@影采/2.Film Score Collection V2/2. Film Score Collection V2/5. Melodic Hits-旋律打击音色（粘合效果）/5. Cello Hit & Rise (Major_Minor) - 起音上扬大提琴（大小调通用）/Cello Hit & Rise (C#).wav	4038094
Multiply Sound@影采/2.Film Score Collection V2/2. Film Score Collection V2/5. Melodic Hits-旋律打击音色（粘合效果）/5. Cello Hit & Rise (Major_Minor) - 起音上扬大提琴（大小调通用）/Cello Hit & Rise (G#_Ab).wav	3461344
Multiply Sound@影采/2.Film Score Collection V2/2. Film Score Collection V2/5. Melodic Hits-旋律打击音色（粘合效果）/5. Cello Hit & Rise (Major_Minor) - 起音上扬大提琴（大小调通用）/Cello Hit & Rise (G).wav	4038094
Multiply Sound@影采/2.Film Score Collection V2/2. Film Score Collection V2/5. Melodic Hits-旋律打击音色（粘合效果）/5. Cello Hit & Rise (Major_Minor) - 起音上扬大提琴（大小调通用）/Cello Hit & Rise (A).wav	3461344
Multiply Sound@影采/2.Film Score Collection V2/2. Film Score Collection V2/5. Melodic Hits-旋律打击音色（粘合效果）/5. Cello Hit & Rise (Major_Minor) - 起音上扬大提琴（大小调通用）/Cello Hit & Rise (D#_Eb).wav	4038094
Multiply Sound@影采/2.Film Score Collection V2/2. Film Score Collection V2/5. Melodic Hits-旋律打击音色（粘合效果）/5. Cello Hit & Rise (Major_Minor) - 起音上扬大提琴（大小调通用）/Cello Hit & Rise (C).wav	3461344
Multiply Sound@影采/2.Film Score Collection V2/2. Film Score Collection V2/5. Melodic Hits-旋律打击音色（粘合效果）/5. Cello Hit & Rise (Major_Minor) - 起音上扬大提琴（大小调通用）/Cello Hit & Rise (F).wav	4038094
Multiply Sound@影采/2.Film Score Collection V2/2. Film Score Collection V2/5. Melodic Hits-旋律打击音色（粘合效果）/5. Cello Hit & Rise (Major_Minor) - 起音上扬大提琴（大小调通用）/Cello Hit & Rise (D).wav	4038094
Multiply Sound@影采/2.Film Score Collection V2/2. Film Score Collection V2/5. Melodic Hits-旋律打击音色（粘合效果）/5. Cello Hit & Rise (Major_Minor) - 起音上扬大提琴（大小调通用）/Cello Hit & Rise (B).wav	3461344
Multiply Sound@影采/2.Film Score Collection V2/2. Film Score Collection V2/5. Melodic Hits-旋律打击音色（粘合效果）/5. Cello Hit & Rise (Major_Minor) - 起音上扬大提琴（大小调通用）/Cello Hit & Rise (A#_Bb).wav	3461344
Multiply Sound@影采/2.Film Score Collection V2/2. Film Score Collection V2/5. Melodic Hits-旋律打击音色（粘合效果）/9. Violin Smooth Low (Major_Minor) - 柔和低音小提琴（大小调通用）/Violin Smooth Low (A#_Bb).wav	1731094
Multiply Sound@影采/2.Film Score Collection V2/2. Film Score Collection V2/5. Melodic Hits-旋律打击音色（粘合效果）/9. Violin Smooth Low (Major_Minor) - 柔和低音小提琴（大小调通用）/Violin Smooth Low (C#_Db).wav	1731094
Multiply Sound@影采/2.Film Score Collection V2/2. Film Score Collection V2/5. Melodic Hits-旋律打击音色（粘合效果）/9. Violin Smooth Low (Major_Minor) - 柔和低音小提琴（大小调通用）/Violin Smooth Low (B).wav	1731094
Multiply Sound@影采/2.Film Score Collection V2/2. Film Score Collection V2/5. Melodic Hits-旋律打击音色（粘合效果）/9. Violin Smooth Low (Major_Minor) - 柔和低音小提琴（大小调通用）/Violin Smooth Low (G#_Ab).wav	1731094
Multiply Sound@影采/2.Film Score Collection V2/2. Film Score Collection V2/5. Melodic Hits-旋律打击音色（粘合效果）/9. Violin Smooth Low (Major_Minor) - 柔和低音小提琴（大小调通用）/Violin Smooth Low (C).wav	1731094
Multiply Sound@影采/2.Film Score Collection V2/2. Film Score Collection V2/5. Melodic Hits-旋律打击音色（粘合效果）/9. Violin Smooth Low (Major_Minor) - 柔和低音小提琴（大小调通用）/Violin Smooth Low (D).wav	1731094
Multiply Sound@影采/2.Film Score Collection V2/2. Film Score Collection V2/5. Melodic Hits-旋律打击音色（粘合效果）/9. Violin Smooth Low (Major_Minor) - 柔和低音小提琴（大小调通用）/Violin Smooth Low (E).wav	1731094
Multiply Sound@影采/2.Film Score Collection V2/2. Film Score Collection V2/5. Melodic Hits-旋律打击音色（粘合效果）/9. Violin Smooth Low (Major_Minor) - 柔和低音小提琴（大小调通用）/Violin Smooth Low (F#_Gb).wav	1731094
Multiply Sound@影采/2.Film Score Collection V2/2. Film Score Collection V2/5. Melodic Hits-旋律打击音色（粘合效果）/9. Violin Smooth Low (Major_Minor) - 柔和低音小提琴（大小调通用）/Violin Smooth Low (A).wav	1731094
Multiply Sound@影采/2.Film Score Collection V2/2. Film Score Collection V2/5. Melodic Hits-旋律打击音色（粘合效果）/9. Violin Smooth Low (Major_Minor) - 柔和低音小提琴（大小调通用）/Violin Smooth Low (G).wav	1731094
Multiply Sound@影采/2.Film Score Collection V2/2. Film Score Collection V2/5. Melodic Hits-旋律打击音色（粘合效果）/9. Violin Smooth Low (Major_Minor) - 柔和低音小提琴（大小调通用）/Violin Smooth Low (F).wav	1731094
Multiply Sound@影采/2.Film Score Collection V2/2. Film Score Collection V2/5. Melodic Hits-旋律打击音色（粘合效果）/9. Violin Smooth Low (Major_Minor) - 柔和低音小提琴（大小调通用）/Violin Smooth Low (D#_Eb).wav	1731094
Multiply Sound@影采/2.Film Score Collection V2/2. Film Score Collection V2/5. Melodic Hits-旋律打击音色（粘合效果）/1. Rain Drop (Major_Minor) - 雨滴音效（大小调通用）/Rain Drop (F).wav	2884594
Multiply Sound@影采/2.Film Score Collection V2/2. Film Score Collection V2/5. Melodic Hits-旋律打击音色（粘合效果）/1. Rain Drop (Major_Minor) - 雨滴音效（大小调通用）/Rain Drop (C).wav	2884594
Multiply Sound@影采/2.Film Score Collection V2/2. Film Score Collection V2/5. Melodic Hits-旋律打击音色（粘合效果）/1. Rain Drop (Major_Minor) - 雨滴音效（大小调通用）/Rain Drop (D).wav	2884594
Multiply Sound@影采/2.Film Score Collection V2/2. Film Score Collection V2/5. Melodic Hits-旋律打击音色（粘合效果）/1. Rain Drop (Major_Minor) - 雨滴音效（大小调通用）/Rain Drop (D#_Eb).wav	2884594
Multiply Sound@影采/2.Film Score Collection V2/2. Film Score Collection V2/5. Melodic Hits-旋律打击音色（粘合效果）/1. Rain Drop (Major_Minor) - 雨滴音效（大小调通用）/Rain Drop (A#_Bb).wav	2884594
Multiply Sound@影采/2.Film Score Collection V2/2. Film Score Collection V2/5. Melodic Hits-旋律打击音色（粘合效果）/1. Rain Drop (Major_Minor) - 雨滴音效（大小调通用）/Rain Drop (G#_Ab).wav	2884594
Multiply Sound@影采/2.Film Score Collection V2/2. Film Score Collection V2/5. Melodic Hits-旋律打击音色（粘合效果）/1. Rain Drop (Major_Minor) - 雨滴音效（大小调通用）/Rain Drop (E).wav	2884594
Multiply Sound@影采/2.Film Score Collection V2/2. Film Score Collection V2/5. Melodic Hits-旋律打击音色（粘合效果）/1. Rain Drop (Major_Minor) - 雨滴音效（大小调通用）/Rain Drop (G).wav	2884594
Multiply Sound@影采/2.Film Score Collection V2/2. Film Score Collection V2/5. Melodic Hits-旋律打击音色（粘合效果）/1. Rain Drop (Major_Minor) - 雨滴音效（大小调通用）/Rain Drop (A).wav	2884594
Multiply Sound@影采/2.Film Score Collection V2/2. Film Score Collection V2/5. Melodic Hits-旋律打击音色（粘合效果）/1. Rain Drop (Major_Minor) - 雨滴音效（大小调通用）/Rain Drop (F#_Gb).wav	2884594
Multiply Sound@影采/2.Film Score Collection V2/2. Film Score Collection V2/5. Melodic Hits-旋律打击音色（粘合效果）/1. Rain Drop (Major_Minor) - 雨滴音效（大小调通用）/Rain Drop (C#_Db).wav	2884594
Multiply Sound@影采/2.Film Score Collection V2/2. Film Score Collection V2/5. Melodic Hits-旋律打击音色（粘合效果）/1. Rain Drop (Major_Minor) - 雨滴音效（大小调通用）/Rain Drop (B).wav	2884594
Multiply Sound@影采/2.Film Score Collection V2/2. Film Score Collection V2/5. Melodic Hits-旋律打击音色（粘合效果）/15. Thunderstorm (Minor) - 雷雨环境音效（小调）/Thunderstorm (Am).wav	3533930
Multiply Sound@影采/2.Film Score Collection V2/2. Film Score Collection V2/5. Melodic Hits-旋律打击音色（粘合效果）/15. Thunderstorm (Minor) - 雷雨环境音效（小调）/Thunderstorm (Dm).wav	3533930
Multiply Sound@影采/2.Film Score Collection V2/2. Film Score Collection V2/5. Melodic Hits-旋律打击音色（粘合效果）/15. Thunderstorm (Minor) - 雷雨环境音效（小调）/Thunderstorm (Bm).wav	3533932
Multiply Sound@影采/2.Film Score Collection V2/2. Film Score Collection V2/5. Melodic Hits-旋律打击音色（粘合效果）/15. Thunderstorm (Minor) - 雷雨环境音效（小调）/Thunderstorm (C#m_Dbm).wav	3533930
Multiply Sound@影采/2.Film Score Collection V2/2. Film Score Collection V2/5. Melodic Hits-旋律打击音色（粘合效果）/15. Thunderstorm (Minor) - 雷雨环境音效（小调）/Thunderstorm (Cm).wav	3533930
Multiply Sound@影采/2.Film Score Collection V2/2. Film Score Collection V2/5. Melodic Hits-旋律打击音色（粘合效果）/15. Thunderstorm (Minor) - 雷雨环境音效（小调）/Thunderstorm (Fm).wav	3533932
Multiply Sound@影采/2.Film Score Collection V2/2. Film Score Collection V2/5. Melodic Hits-旋律打击音色（粘合效果）/15. Thunderstorm (Minor) - 雷雨环境音效（小调）/Thunderstorm (G#m_Abm).wav	3533932
Multiply Sound@影采/2.Film Score Collection V2/2. Film Score Collection V2/5. Melodic Hits-旋律打击音色（粘合效果）/15. Thunderstorm (Minor) - 雷雨环境音效（小调）/Thunderstorm (Em).wav	3533932
Multiply Sound@影采/2.Film Score Collection V2/2. Film Score Collection V2/5. Melodic Hits-旋律打击音色（粘合效果）/15. Thunderstorm (Minor) - 雷雨环境音效（小调）/Thunderstorm (D#m_Ebm).wav	3533932
Multiply Sound@影采/2.Film Score Collection V2/2. Film Score Collection V2/5. Melodic Hits-旋律打击音色（粘合效果）/15. Thunderstorm (Minor) - 雷雨环境音效（小调）/Thunderstorm (F#m_Gbm).wav	3533930
Multiply Sound@影采/2.Film Score Collection V2/2. Film Score Collection V2/5. Melodic Hits-旋律打击音色（粘合效果）/15. Thunderstorm (Minor) - 雷雨环境音效（小调）/Thunderstorm (A#m_Bbm).wav	3533930
Multiply Sound@影采/2.Film Score Collection V2/2. Film Score Collection V2/5. Melodic Hits-旋律打击音色（粘合效果）/15. Thunderstorm (Minor) - 雷雨环境音效（小调）/Thunderstorm (Gm).wav	3533932
Multiply Sound@影采/2.Film Score Collection V2/2. Film Score Collection V2/5. Melodic Hits-旋律打击音色（粘合效果）/7. Violin Abrupt Low (Major_Minor) - 短促低音小提琴（大小调通用）/Violin Abrupt Low (B).wav	1731094
Multiply Sound@影采/2.Film Score Collection V2/2. Film Score Collection V2/5. Melodic Hits-旋律打击音色（粘合效果）/7. Violin Abrupt Low (Major_Minor) - 短促低音小提琴（大小调通用）/Violin Abrupt Low (A#_Bb).wav	1731094
Multiply Sound@影采/2.Film Score Collection V2/2. Film Score Collection V2/5. Melodic Hits-旋律打击音色（粘合效果）/7. Violin Abrupt Low (Major_Minor) - 短促低音小提琴（大小调通用）/Violin Abrupt Low (F#_Gb).wav	1731094
Multiply Sound@影采/2.Film Score Collection V2/2. Film Score Collection V2/5. Melodic Hits-旋律打击音色（粘合效果）/7. Violin Abrupt Low (Major_Minor) - 短促低音小提琴（大小调通用）/Violin Abrupt Low (D#_Eb).wav	1731094
Multiply Sound@影采/2.Film Score Collection V2/2. Film Score Collection V2/5. Melodic Hits-旋律打击音色（粘合效果）/7. Violin Abrupt Low (Major_Minor) - 短促低音小提琴（大小调通用）/Violin Abrupt Low (A).wav	1731094
Multiply Sound@影采/2.Film Score Collection V2/2. Film Score Collection V2/5. Melodic Hits-旋律打击音色（粘合效果）/7. Violin Abrupt Low (Major_Minor) - 短促低音小提琴（大小调通用）/Violin Abrupt Low (F).wav	1731094
Multiply Sound@影采/2.Film Score Collection V2/2. Film Score Collection V2/5. Melodic Hits-旋律打击音色（粘合效果）/7. Violin Abrupt Low (Major_Minor) - 短促低音小提琴（大小调通用）/Violin Abrupt Low (G).wav	1731094
Multiply Sound@影采/2.Film Score Collection V2/2. Film Score Collection V2/5. Melodic Hits-旋律打击音色（粘合效果）/7. Violin Abrupt Low (Major_Minor) - 短促低音小提琴（大小调通用）/Violin Abrupt Low (G#_Ab).wav	1731094
Multiply Sound@影采/2.Film Score Collection V2/2. Film Score Collection V2/5. Melodic Hits-旋律打击音色（粘合效果）/7. Violin Abrupt Low (Major_Minor) - 短促低音小提琴（大小调通用）/Violin Abrupt Low (C#_Db).wav	1731094
Multiply Sound@影采/2.Film Score Collection V2/2. Film Score Collection V2/5. Melodic Hits-旋律打击音色（粘合效果）/7. Violin Abrupt Low (Major_Minor) - 短促低音小提琴（大小调通用）/Violin Abrupt Low (D).wav	1731094
Multiply Sound@影采/2.Film Score Collection V2/2. Film Score Collection V2/5. Melodic Hits-旋律打击音色（粘合效果）/7. Violin Abrupt Low (Major_Minor) - 短促低音小提琴（大小调通用）/Violin Abrupt Low (E).wav	1731094
Multiply Sound@影采/2.Film Score Collection V2/2. Film Score Collection V2/5. Melodic Hits-旋律打击音色（粘合效果）/7. Violin Abrupt Low (Major_Minor) - 短促低音小提琴（大小调通用）/Violin Abrupt Low (C).wav	1731094
Multiply Sound@影采/2.Film Score Collection V2/2. Film Score Collection V2/5. Melodic Hits-旋律打击音色（粘合效果）/18. Void Sub (Minor) - 虚空低频音色（小调）/Void Sub (D#m_Ebm).wav	4153444
Multiply Sound@影采/2.Film Score Collection V2/2. Film Score Collection V2/5. Melodic Hits-旋律打击音色（粘合效果）/18. Void Sub (Minor) - 虚空低频音色（小调）/Void Sub (F#m_Gbm).wav	4153444
Multiply Sound@影采/2.Film Score Collection V2/2. Film Score Collection V2/5. Melodic Hits-旋律打击音色（粘合效果）/18. Void Sub (Minor) - 虚空低频音色（小调）/Void Sub (Cm).wav	4153444
Multiply Sound@影采/2.Film Score Collection V2/2. Film Score Collection V2/5. Melodic Hits-旋律打击音色（粘合效果）/18. Void Sub (Minor) - 虚空低频音色（小调）/Void Sub (Bm).wav	4153444
Multiply Sound@影采/2.Film Score Collection V2/2. Film Score Collection V2/5. Melodic Hits-旋律打击音色（粘合效果）/18. Void Sub (Minor) - 虚空低频音色（小调）/Void Sub (A#m_Bbm).wav	4153444
Multiply Sound@影采/2.Film Score Collection V2/2. Film Score Collection V2/5. Melodic Hits-旋律打击音色（粘合效果）/18. Void Sub (Minor) - 虚空低频音色（小调）/Void Sub (Fm).wav	4153444
Multiply Sound@影采/2.Film Score Collection V2/2. Film Score Collection V2/5. Melodic Hits-旋律打击音色（粘合效果）/18. Void Sub (Minor) - 虚空低频音色（小调）/Void Sub (Dm).wav	4153444
Multiply Sound@影采/2.Film Score Collection V2/2. Film Score Collection V2/5. Melodic Hits-旋律打击音色（粘合效果）/18. Void Sub (Minor) - 虚空低频音色（小调）/Void Sub (G#m_Abm).wav	4153444
Multiply Sound@影采/2.Film Score Collection V2/2. Film Score Collection V2/5. Melodic Hits-旋律打击音色（粘合效果）/18. Void Sub (Minor) - 虚空低频音色（小调）/Void Sub (Am).wav	4153444
Multiply Sound@影采/2.Film Score Collection V2/2. Film Score Collection V2/5. Melodic Hits-旋律打击音色（粘合效果）/18. Void Sub (Minor) - 虚空低频音色（小调）/Void Sub (C#m_Dbm).wav	4153444
Multiply Sound@影采/2.Film Score Collection V2/2. Film Score Collection V2/5. Melodic Hits-旋律打击音色（粘合效果）/18. Void Sub (Minor) - 虚空低频音色（小调）/Void Sub (Em).wav	4153444
Multiply Sound@影采/2.Film Score Collection V2/2. Film Score Collection V2/5. Melodic Hits-旋律打击音色（粘合效果）/18. Void Sub (Minor) - 虚空低频音色（小调）/Void Sub (Gm).wav	4153444
Multiply Sound@影采/2.Film Score Collection V2/2. Film Score Collection V2/5. Melodic Hits-旋律打击音色（粘合效果）/16. Vocal Ghostly (Minor) - 幽寂空灵人声（小调）/Vocal Ghostly (F#m_Gbm).wav	3077322
Multiply Sound@影采/2.Film Score Collection V2/2. Film Score Collection V2/5. Melodic Hits-旋律打击音色（粘合效果）/16. Vocal Ghostly (Minor) - 幽寂空灵人声（小调）/Vocal Ghostly (Fm).wav	3077322
Multiply Sound@影采/2.Film Score Collection V2/2. Film Score Collection V2/5. Melodic Hits-旋律打击音色（粘合效果）/16. Vocal Ghostly (Minor) - 幽寂空灵人声（小调）/Vocal Ghostly (Am).wav	3077320
Multiply Sound@影采/2.Film Score Collection V2/2. Film Score Collection V2/5. Melodic Hits-旋律打击音色（粘合效果）/16. Vocal Ghostly (Minor) - 幽寂空灵人声（小调）/Vocal Ghostly (C#m_Dbm).wav	3077322
Multiply Sound@影采/2.Film Score Collection V2/2. Film Score Collection V2/5. Melodic Hits-旋律打击音色（粘合效果）/16. Vocal Ghostly (Minor) - 幽寂空灵人声（小调）/Vocal Ghostly (Dm).wav	3077322
Multiply Sound@影采/2.Film Score Collection V2/2. Film Score Collection V2/5. Melodic Hits-旋律打击音色（粘合效果）/16. Vocal Ghostly (Minor) - 幽寂空灵人声（小调）/Vocal Ghostly (Bm).wav	3077322
Multiply Sound@影采/2.Film Score Collection V2/2. Film Score Collection V2/5. Melodic Hits-旋律打击音色（粘合效果）/16. Vocal Ghostly (Minor) - 幽寂空灵人声（小调）/Vocal Ghostly (Em).wav	3077322
Multiply Sound@影采/2.Film Score Collection V2/2. Film Score Collection V2/5. Melodic Hits-旋律打击音色（粘合效果）/16. Vocal Ghostly (Minor) - 幽寂空灵人声（小调）/Vocal Ghostly (Gm).wav	3077322
Multiply Sound@影采/2.Film Score Collection V2/2. Film Score Collection V2/5. Melodic Hits-旋律打击音色（粘合效果）/16. Vocal Ghostly (Minor) - 幽寂空灵人声（小调）/Vocal Ghostly (D#m_Ebm).wav	3077322
Multiply Sound@影采/2.Film Score Collection V2/2. Film Score Collection V2/5. Melodic Hits-旋律打击音色（粘合效果）/16. Vocal Ghostly (Minor) - 幽寂空灵人声（小调）/Vocal Ghostly (Cm).wav	3077322
Multiply Sound@影采/2.Film Score Collection V2/2. Film Score Collection V2/5. Melodic Hits-旋律打击音色（粘合效果）/16. Vocal Ghostly (Minor) - 幽寂空灵人声（小调）/Vocal Ghostly (A#m_Bbm).wav	3077322
Multiply Sound@影采/2.Film Score Collection V2/2. Film Score Collection V2/5. Melodic Hits-旋律打击音色（粘合效果）/16. Vocal Ghostly (Minor) - 幽寂空灵人声（小调）/Vocal Ghostly (G#m_Abm).wav	3077322
Multiply Sound@影采/2.Film Score Collection V2/2. Film Score Collection V2/5. Melodic Hits-旋律打击音色（粘合效果）/13. Bass Drop (Major_Minor) - 低音冲击音色（大小调通用）/Bass Drop - G#_Ab.wav	2826920
Multiply Sound@影采/2.Film Score Collection V2/2. Film Score Collection V2/5. Melodic Hits-旋律打击音色（粘合效果）/13. Bass Drop (Major_Minor) - 低音冲击音色（大小调通用）/Bass Drop - C#_Db.wav	2826920
Multiply Sound@影采/2.Film Score Collection V2/2. Film Score Collection V2/5. Melodic Hits-旋律打击音色（粘合效果）/13. Bass Drop (Major_Minor) - 低音冲击音色（大小调通用）/Bass Drop - B.wav	2826920
Multiply Sound@影采/2.Film Score Collection V2/2. Film Score Collection V2/5. Melodic Hits-旋律打击音色（粘合效果）/13. Bass Drop (Major_Minor) - 低音冲击音色（大小调通用）/Bass Drop - D.wav	2826920
Multiply Sound@影采/2.Film Score Collection V2/2. Film Score Collection V2/5. Melodic Hits-旋律打击音色（粘合效果）/13. Bass Drop (Major_Minor) - 低音冲击音色（大小调通用）/Bass Drop - F#_Gb.wav	2826920
Multiply Sound@影采/2.Film Score Collection V2/2. Film Score Collection V2/5. Melodic Hits-旋律打击音色（粘合效果）/13. Bass Drop (Major_Minor) - 低音冲击音色（大小调通用）/Bass Drop - D#_Eb.wav	2826920
Multiply Sound@影采/2.Film Score Collection V2/2. Film Score Collection V2/5. Melodic Hits-旋律打击音色（粘合效果）/13. Bass Drop (Major_Minor) - 低音冲击音色（大小调通用）/Bass Drop - C.wav	2826920
Multiply Sound@影采/2.Film Score Collection V2/2. Film Score Collection V2/5. Melodic Hits-旋律打击音色（粘合效果）/13. Bass Drop (Major_Minor) - 低音冲击音色（大小调通用）/Bass Drop - A.wav	2826920
Multiply Sound@影采/2.Film Score Collection V2/2. Film Score Collection V2/5. Melodic Hits-旋律打击音色（粘合效果）/13. Bass Drop (Major_Minor) - 低音冲击音色（大小调通用）/Bass Drop - A#_Bb.wav	2826920
Multiply Sound@影采/2.Film Score Collection V2/2. Film Score Collection V2/5. Melodic Hits-旋律打击音色（粘合效果）/13. Bass Drop (Major_Minor) - 低音冲击音色（大小调通用）/Bass Drop - E.wav	2826920
Multiply Sound@影采/2.Film Score Collection V2/2. Film Score Collection V2/5. Melodic Hits-旋律打击音色（粘合效果）/13. Bass Drop (Major_Minor) - 低音冲击音色（大小调通用）/Bass Drop - G.wav	2826920
Multiply Sound@影采/2.Film Score Collection V2/2. Film Score Collection V2/5. Melodic Hits-旋律打击音色（粘合效果）/13. Bass Drop (Major_Minor) - 低音冲击音色（大小调通用）/Bass Drop - F.wav	2826920
Multiply Sound@影采/2.Film Score Collection V2/2. Film Score Collection V2/5. Melodic Hits-旋律打击音色（粘合效果）/6. Violin Abrupt High (Major_Minor) - 尖锐高音小提琴（大小调通用）/Violin Abrupt High (A).wav	1731094
Multiply Sound@影采/2.Film Score Collection V2/2. Film Score Collection V2/5. Melodic Hits-旋律打击音色（粘合效果）/6. Violin Abrupt High (Major_Minor) - 尖锐高音小提琴（大小调通用）/Violin Abrupt High (D).wav	1731094
Multiply Sound@影采/2.Film Score Collection V2/2. Film Score Collection V2/5. Melodic Hits-旋律打击音色（粘合效果）/6. Violin Abrupt High (Major_Minor) - 尖锐高音小提琴（大小调通用）/Violin Abrupt High (B).wav	1731094
Multiply Sound@影采/2.Film Score Collection V2/2. Film Score Collection V2/5. Melodic Hits-旋律打击音色（粘合效果）/6. Violin Abrupt High (Major_Minor) - 尖锐高音小提琴（大小调通用）/Violin Abrupt High (A#_Bb).wav	1731094
Multiply Sound@影采/2.Film Score Collection V2/2. Film Score Collection V2/5. Melodic Hits-旋律打击音色（粘合效果）/6. Violin Abrupt High (Major_Minor) - 尖锐高音小提琴（大小调通用）/Violin Abrupt High (G#_Ab).wav	1731094
Multiply Sound@影采/2.Film Score Collection V2/2. Film Score Collection V2/5. Melodic Hits-旋律打击音色（粘合效果）/6. Violin Abrupt High (Major_Minor) - 尖锐高音小提琴（大小调通用）/Violin Abrupt High (G).wav	1731094
Multiply Sound@影采/2.Film Score Collection V2/2. Film Score Collection V2/5. Melodic Hits-旋律打击音色（粘合效果）/6. Violin Abrupt High (Major_Minor) - 尖锐高音小提琴（大小调通用）/Violin Abrupt High (C#_Db).wav	1731094
Multiply Sound@影采/2.Film Score Collection V2/2. Film Score Collection V2/5. Melodic Hits-旋律打击音色（粘合效果）/6. Violin Abrupt High (Major_Minor) - 尖锐高音小提琴（大小调通用）/Violin Abrupt High (D#_Eb).wav	1731094
Multiply Sound@影采/2.Film Score Collection V2/2. Film Score Collection V2/5. Melodic Hits-旋律打击音色（粘合效果）/6. Violin Abrupt High (Major_Minor) - 尖锐高音小提琴（大小调通用）/Violin Abrupt High (F#_Gb).wav	1731094
Multiply Sound@影采/2.Film Score Collection V2/2. Film Score Collection V2/5. Melodic Hits-旋律打击音色（粘合效果）/6. Violin Abrupt High (Major_Minor) - 尖锐高音小提琴（大小调通用）/Violin Abrupt High (C).wav	1731094
Multiply Sound@影采/2.Film Score Collection V2/2. Film Score Collection V2/5. Melodic Hits-旋律打击音色（粘合效果）/6. Violin Abrupt High (Major_Minor) - 尖锐高音小提琴（大小调通用）/Violin Abrupt High (F).wav	1731094
Multiply Sound@影采/2.Film Score Collection V2/2. Film Score Collection V2/5. Melodic Hits-旋律打击音色（粘合效果）/6. Violin Abrupt High (Major_Minor) - 尖锐高音小提琴（大小调通用）/Violin Abrupt High (E).wav	1731094
Multiply Sound@影采/2.Film Score Collection V2/2. Film Score Collection V2/1. Pads_Drones-氛围铺底音_持续嗡鸣音色（非速度同步）/12. String Orchestra (Major) - 弦乐团合奏（大调）/String Orchestra (E).wav	22302728
Multiply Sound@影采/2.Film Score Collection V2/2. Film Score Collection V2/1. Pads_Drones-氛围铺底音_持续嗡鸣音色（非速度同步）/12. String Orchestra (Major) - 弦乐团合奏（大调）/String Orchestra (G#_Ab).wav	22302728
Multiply Sound@影采/2.Film Score Collection V2/2. Film Score Collection V2/1. Pads_Drones-氛围铺底音_持续嗡鸣音色（非速度同步）/12. String Orchestra (Major) - 弦乐团合奏（大调）/String Orchestra (C#_Db).wav	22302728
Multiply Sound@影采/2.Film Score Collection V2/2. Film Score Collection V2/1. Pads_Drones-氛围铺底音_持续嗡鸣音色（非速度同步）/12. String Orchestra (Major) - 弦乐团合奏（大调）/String Orchestra (D#_Eb).wav	22302728
Multiply Sound@影采/2.Film Score Collection V2/2. Film Score Collection V2/1. Pads_Drones-氛围铺底音_持续嗡鸣音色（非速度同步）/12. String Orchestra (Major) - 弦乐团合奏（大调）/String Orchestra (B).wav	22302724
Multiply Sound@影采/2.Film Score Collection V2/2. Film Score Collection V2/1. Pads_Drones-氛围铺底音_持续嗡鸣音色（非速度同步）/12. String Orchestra (Major) - 弦乐团合奏（大调）/String Orchestra (A).wav	22302728
Multiply Sound@影采/2.Film Score Collection V2/2. Film Score Collection V2/1. Pads_Drones-氛围铺底音_持续嗡鸣音色（非速度同步）/12. String Orchestra (Major) - 弦乐团合奏（大调）/String Orchestra (F#_Gb).wav	22302728
Multiply Sound@影采/2.Film Score Collection V2/2. Film Score Collection V2/1. Pads_Drones-氛围铺底音_持续嗡鸣音色（非速度同步）/12. String Orchestra (Major) - 弦乐团合奏（大调）/String Orchestra (F).wav	22302728
Multiply Sound@影采/2.Film Score Collection V2/2. Film Score Collection V2/1. Pads_Drones-氛围铺底音_持续嗡鸣音色（非速度同步）/12. String Orchestra (Major) - 弦乐团合奏（大调）/String Orchestra (A#_Bb).wav	22302730
Multiply Sound@影采/2.Film Score Collection V2/2. Film Score Collection V2/1. Pads_Drones-氛围铺底音_持续嗡鸣音色（非速度同步）/12. String Orchestra (Major) - 弦乐团合奏（大调）/String Orchestra (D).wav	22302728
Multiply Sound@影采/2.Film Score Collection V2/2. Film Score Collection V2/1. Pads_Drones-氛围铺底音_持续嗡鸣音色（非速度同步）/12. String Orchestra (Major) - 弦乐团合奏（大调）/String Orchestra (C).wav	22302728
Multiply Sound@影采/2.Film Score Collection V2/2. Film Score Collection V2/1. Pads_Drones-氛围铺底音_持续嗡鸣音色（非速度同步）/12. String Orchestra (Major) - 弦乐团合奏（大调）/String Orchestra (G).wav	22302730
Multiply Sound@影采/2.Film Score Collection V2/2. Film Score Collection V2/1. Pads_Drones-氛围铺底音_持续嗡鸣音色（非速度同步）/20. Dune (Minor) - 荒漠沙丘氛围音色（小调）/Dune (D#m_Ebm).wav	14837738
Multiply Sound@影采/2.Film Score Collection V2/2. Film Score Collection V2/1. Pads_Drones-氛围铺底音_持续嗡鸣音色（非速度同步）/20. Dune (Minor) - 荒漠沙丘氛围音色（小调）/Dune (Em).wav	14837738
Multiply Sound@影采/2.Film Score Collection V2/2. Film Score Collection V2/1. Pads_Drones-氛围铺底音_持续嗡鸣音色（非速度同步）/20. Dune (Minor) - 荒漠沙丘氛围音色（小调）/Dune (Bm).wav	14837738
Multiply Sound@影采/2.Film Score Collection V2/2. Film Score Collection V2/1. Pads_Drones-氛围铺底音_持续嗡鸣音色（非速度同步）/20. Dune (Minor) - 荒漠沙丘氛围音色（小调）/Dune (A#m_Bbm).wav	14837738
Multiply Sound@影采/2.Film Score Collection V2/2. Film Score Collection V2/1. Pads_Drones-氛围铺底音_持续嗡鸣音色（非速度同步）/20. Dune (Minor) - 荒漠沙丘氛围音色（小调）/Dune (C#m_Dbm).wav	14837738
Multiply Sound@影采/2.Film Score Collection V2/2. Film Score Collection V2/1. Pads_Drones-氛围铺底音_持续嗡鸣音色（非速度同步）/20. Dune (Minor) - 荒漠沙丘氛围音色（小调）/Dune (Am).wav	14837738
Multiply Sound@影采/2.Film Score Collection V2/2. Film Score Collection V2/1. Pads_Drones-氛围铺底音_持续嗡鸣音色（非速度同步）/20. Dune (Minor) - 荒漠沙丘氛围音色（小调）/Dune (G#m_Abm).wav	14837738
Multiply Sound@影采/2.Film Score Collection V2/2. Film Score Collection V2/1. Pads_Drones-氛围铺底音_持续嗡鸣音色（非速度同步）/20. Dune (Minor) - 荒漠沙丘氛围音色（小调）/Dune (F#m_Gbm).wav	14837738
Multiply Sound@影采/2.Film Score Collection V2/2. Film Score Collection V2/1. Pads_Drones-氛围铺底音_持续嗡鸣音色（非速度同步）/20. Dune (Minor) - 荒漠沙丘氛围音色（小调）/Dune (Fm).wav	14837738
Multiply Sound@影采/2.Film Score Collection V2/2. Film Score Collection V2/1. Pads_Drones-氛围铺底音_持续嗡鸣音色（非速度同步）/20. Dune (Minor) - 荒漠沙丘氛围音色（小调）/Dune (Dm).wav	14837738
Multiply Sound@影采/2.Film Score Collection V2/2. Film Score Collection V2/1. Pads_Drones-氛围铺底音_持续嗡鸣音色（非速度同步）/20. Dune (Minor) - 荒漠沙丘氛围音色（小调）/Dune (Gm).wav	14837738
Multiply Sound@影采/2.Film Score Collection V2/2. Film Score Collection V2/1. Pads_Drones-氛围铺底音_持续嗡鸣音色（非速度同步）/20. Dune (Minor) - 荒漠沙丘氛围音色（小调）/Dune (Cm).wav	14837738
Multiply Sound@影采/2.Film Score Collection V2/2. Film Score Collection V2/1. Pads_Drones-氛围铺底音_持续嗡鸣音色（非速度同步）/9. Radiance (Major) - 明亮光辉音色（大调）/Radiance (D#_Eb).wav	20399586
Multiply Sound@影采/2.Film Score Collection V2/2. Film Score Collection V2/1. Pads_Drones-氛围铺底音_持续嗡鸣音色（非速度同步）/9. Radiance (Major) - 明亮光辉音色（大调）/Radiance (F).wav	20399586
Multiply Sound@影采/2.Film Score Collection V2/2. Film Score Collection V2/1. Pads_Drones-氛围铺底音_持续嗡鸣音色（非速度同步）/9. Radiance (Major) - 明亮光辉音色（大调）/Radiance (C).wav	20399586
Multiply Sound@影采/2.Film Score Collection V2/2. Film Score Collection V2/1. Pads_Drones-氛围铺底音_持续嗡鸣音色（非速度同步）/9. Radiance (Major) - 明亮光辉音色（大调）/Radiance (E).wav	20399586
Multiply Sound@影采/2.Film Score Collection V2/2. Film Score Collection V2/1. Pads_Drones-氛围铺底音_持续嗡鸣音色（非速度同步）/9. Radiance (Major) - 明亮光辉音色（大调）/Radiance (F#_Gb).wav	20399586
Multiply Sound@影采/2.Film Score Collection V2/2. Film Score Collection V2/1. Pads_Drones-氛围铺底音_持续嗡鸣音色（非速度同步）/9. Radiance (Major) - 明亮光辉音色（大调）/Radiance (B).wav	20399586
Multiply Sound@影采/2.Film Score Collection V2/2. Film Score Collection V2/1. Pads_Drones-氛围铺底音_持续嗡鸣音色（非速度同步）/9. Radiance (Major) - 明亮光辉音色（大调）/Radiance (A).wav	20399586
Multiply Sound@影采/2.Film Score Collection V2/2. Film Score Collection V2/1. Pads_Drones-氛围铺底音_持续嗡鸣音色（非速度同步）/9. Radiance (Major) - 明亮光辉音色（大调）/Radiance (C#_Db).wav	20399586
Multiply Sound@影采/2.Film Score Collection V2/2. Film Score Collection V2/1. Pads_Drones-氛围铺底音_持续嗡鸣音色（非速度同步）/9. Radiance (Major) - 明亮光辉音色（大调）/Radiance (G#_Ab).wav	20399586
Multiply Sound@影采/2.Film Score Collection V2/2. Film Score Collection V2/1. Pads_Drones-氛围铺底音_持续嗡鸣音色（非速度同步）/9. Radiance (Major) - 明亮光辉音色（大调）/Radiance (A#_Bb).wav	20399586
Multiply Sound@影采/2.Film Score Collection V2/2. Film Score Collection V2/1. Pads_Drones-氛围铺底音_持续嗡鸣音色（非速度同步）/9. Radiance (Major) - 明亮光辉音色（大调）/Radiance (D).wav	20399586
Multiply Sound@影采/2.Film Score Collection V2/2. Film Score Collection V2/1. Pads_Drones-氛围铺底音_持续嗡鸣音色（非速度同步）/9. Radiance (Major) - 明亮光辉音色（大调）/Radiance (G).wav	20399586
Multiply Sound@影采/2.Film Score Collection V2/2. Film Score Collection V2/1. Pads_Drones-氛围铺底音_持续嗡鸣音色（非速度同步）/17. Sub Drone (Minor) - 低频持续嗡鸣（小调）/Sub Drone (G#m_Abm).wav	23071738
Multiply Sound@影采/2.Film Score Collection V2/2. Film Score Collection V2/1. Pads_Drones-氛围铺底音_持续嗡鸣音色（非速度同步）/17. Sub Drone (Minor) - 低频持续嗡鸣（小调）/Sub Drone (Dm).wav	23071738
Multiply Sound@影采/2.Film Score Collection V2/2. Film Score Collection V2/1. Pads_Drones-氛围铺底音_持续嗡鸣音色（非速度同步）/17. Sub Drone (Minor) - 低频持续嗡鸣（小调）/Sub Drone (A#m_Bbm).wav	23071738
Multiply Sound@影采/2.Film Score Collection V2/2. Film Score Collection V2/1. Pads_Drones-氛围铺底音_持续嗡鸣音色（非速度同步）/17. Sub Drone (Minor) - 低频持续嗡鸣（小调）/Sub Drone (Cm).wav	23071738
Multiply Sound@影采/2.Film Score Collection V2/2. Film Score Collection V2/1. Pads_Drones-氛围铺底音_持续嗡鸣音色（非速度同步）/17. Sub Drone (Minor) - 低频持续嗡鸣（小调）/Sub Drone (C#m_Dbm).wav	23071740
Multiply Sound@影采/2.Film Score Collection V2/2. Film Score Collection V2/1. Pads_Drones-氛围铺底音_持续嗡鸣音色（非速度同步）/17. Sub Drone (Minor) - 低频持续嗡鸣（小调）/Sub Drone (Gm).wav	23071736
Multiply Sound@影采/2.Film Score Collection V2/2. Film Score Collection V2/1. Pads_Drones-氛围铺底音_持续嗡鸣音色（非速度同步）/17. Sub Drone (Minor) - 低频持续嗡鸣（小调）/Sub Drone (Fm).wav	23071738
Multiply Sound@影采/2.Film Score Collection V2/2. Film Score Collection V2/1. Pads_Drones-氛围铺底音_持续嗡鸣音色（非速度同步）/17. Sub Drone (Minor) - 低频持续嗡鸣（小调）/Sub Drone (Am).wav	23071736
Multiply Sound@影采/2.Film Score Collection V2/2. Film Score Collection V2/1. Pads_Drones-氛围铺底音_持续嗡鸣音色（非速度同步）/17. Sub Drone (Minor) - 低频持续嗡鸣（小调）/Sub Drone (Bm).wav	23071738
Multiply Sound@影采/2.Film Score Collection V2/2. Film Score Collection V2/1. Pads_Drones-氛围铺底音_持续嗡鸣音色（非速度同步）/17. Sub Drone (Minor) - 低频持续嗡鸣（小调）/Sub Drone (Em).wav	23071736
Multiply Sound@影采/2.Film Score Collection V2/2. Film Score Collection V2/1. Pads_Drones-氛围铺底音_持续嗡鸣音色（非速度同步）/17. Sub Drone (Minor) - 低频持续嗡鸣（小调）/Sub Drone (F#m_Gbm).wav	23071738
Multiply Sound@影采/2.Film Score Collection V2/2. Film Score Collection V2/1. Pads_Drones-氛围铺底音_持续嗡鸣音色（非速度同步）/17. Sub Drone (Minor) - 低频持续嗡鸣（小调）/Sub Drone (D#m_Ebm).wav	23071740
Multiply Sound@影采/2.Film Score Collection V2/2. Film Score Collection V2/1. Pads_Drones-氛围铺底音_持续嗡鸣音色（非速度同步）/5. Goated (Major) - 质感低音音色（大调）/Goated (F).wav	17687844
Multiply Sound@影采/2.Film Score Collection V2/2. Film Score Collection V2/1. Pads_Drones-氛围铺底音_持续嗡鸣音色（非速度同步）/5. Goated (Major) - 质感低音音色（大调）/Goated (B).wav	17687844
Multiply Sound@影采/2.Film Score Collection V2/2. Film Score Collection V2/1. Pads_Drones-氛围铺底音_持续嗡鸣音色（非速度同步）/5. Goated (Major) - 质感低音音色（大调）/Goated (C).wav	17687844
Multiply Sound@影采/2.Film Score Collection V2/2. Film Score Collection V2/1. Pads_Drones-氛围铺底音_持续嗡鸣音色（非速度同步）/5. Goated (Major) - 质感低音音色（大调）/Goated (A#_Bb).wav	17687844
Multiply Sound@影采/2.Film Score Collection V2/2. Film Score Collection V2/1. Pads_Drones-氛围铺底音_持续嗡鸣音色（非速度同步）/5. Goated (Major) - 质感低音音色（大调）/Goated (E).wav	17687844
Multiply Sound@影采/2.Film Score Collection V2/2. Film Score Collection V2/1. Pads_Drones-氛围铺底音_持续嗡鸣音色（非速度同步）/5. Goated (Major) - 质感低音音色（大调）/Goated (C#_Db).wav	17687844
Multiply Sound@影采/2.Film Score Collection V2/2. Film Score Collection V2/1. Pads_Drones-氛围铺底音_持续嗡鸣音色（非速度同步）/5. Goated (Major) - 质感低音音色（大调）/Goated (G#_Ab).wav	17687844
Multiply Sound@影采/2.Film Score Collection V2/2. Film Score Collection V2/1. Pads_Drones-氛围铺底音_持续嗡鸣音色（非速度同步）/5. Goated (Major) - 质感低音音色（大调）/Goated (A).wav	17687844
Multiply Sound@影采/2.Film Score Collection V2/2. Film Score Collection V2/1. Pads_Drones-氛围铺底音_持续嗡鸣音色（非速度同步）/5. Goated (Major) - 质感低音音色（大调）/Goated (D#_Eb).wav	17687844
Multiply Sound@影采/2.Film Score Collection V2/2. Film Score Collection V2/1. Pads_Drones-氛围铺底音_持续嗡鸣音色（非速度同步）/5. Goated (Major) - 质感低音音色（大调）/Goated (D).wav	17687844
Multiply Sound@影采/2.Film Score Collection V2/2. Film Score Collection V2/1. Pads_Drones-氛围铺底音_持续嗡鸣音色（非速度同步）/5. Goated (Major) - 质感低音音色（大调）/Goated (G).wav	17687844
Multiply Sound@影采/2.Film Score Collection V2/2. Film Score Collection V2/1. Pads_Drones-氛围铺底音_持续嗡鸣音色（非速度同步）/5. Goated (Major) - 质感低音音色（大调）/Goated (F#_Gb).wav	17687844
Multiply Sound@影采/2.Film Score Collection V2/2. Film Score Collection V2/1. Pads_Drones-氛围铺底音_持续嗡鸣音色（非速度同步）/1. Bass Synth (Major_Minor) - 贝斯合成器（大小调通用）/Bass Synth - D#_Eb.wav	23315964
Multiply Sound@影采/2.Film Score Collection V2/2. Film Score Collection V2/1. Pads_Drones-氛围铺底音_持续嗡鸣音色（非速度同步）/1. Bass Synth (Major_Minor) - 贝斯合成器（大小调通用）/Bass Synth - B.wav	23315964
Multiply Sound@影采/2.Film Score Collection V2/2. Film Score Collection V2/1. Pads_Drones-氛围铺底音_持续嗡鸣音色（非速度同步）/1. Bass Synth (Major_Minor) - 贝斯合成器（大小调通用）/Bass Synth - F.wav	23315964
Multiply Sound@影采/2.Film Score Collection V2/2. Film Score Collection V2/1. Pads_Drones-氛围铺底音_持续嗡鸣音色（非速度同步）/1. Bass Synth (Major_Minor) - 贝斯合成器（大小调通用）/Bass Synth - F#_Gb.wav	23315964
Multiply Sound@影采/2.Film Score Collection V2/2. Film Score Collection V2/1. Pads_Drones-氛围铺底音_持续嗡鸣音色（非速度同步）/1. Bass Synth (Major_Minor) - 贝斯合成器（大小调通用）/Bass Synth - D.wav	23315964
Multiply Sound@影采/2.Film Score Collection V2/2. Film Score Collection V2/1. Pads_Drones-氛围铺底音_持续嗡鸣音色（非速度同步）/1. Bass Synth (Major_Minor) - 贝斯合成器（大小调通用）/Bass Synth - E.wav	23315964
Multiply Sound@影采/2.Film Score Collection V2/2. Film Score Collection V2/1. Pads_Drones-氛围铺底音_持续嗡鸣音色（非速度同步）/1. Bass Synth (Major_Minor) - 贝斯合成器（大小调通用）/Bass Synth - G.wav	23315964
Multiply Sound@影采/2.Film Score Collection V2/2. Film Score Collection V2/1. Pads_Drones-氛围铺底音_持续嗡鸣音色（非速度同步）/1. Bass Synth (Major_Minor) - 贝斯合成器（大小调通用）/Bass Synth - C#_Db.wav	23315964
Multiply Sound@影采/2.Film Score Collection V2/2. Film Score Collection V2/1. Pads_Drones-氛围铺底音_持续嗡鸣音色（非速度同步）/1. Bass Synth (Major_Minor) - 贝斯合成器（大小调通用）/Bass Synth - C.wav	23315964
Multiply Sound@影采/2.Film Score Collection V2/2. Film Score Collection V2/1. Pads_Drones-氛围铺底音_持续嗡鸣音色（非速度同步）/1. Bass Synth (Major_Minor) - 贝斯合成器（大小调通用）/Bass Synth - A#_Bb.wav	23315964
Multiply Sound@影采/2.Film Score Collection V2/2. Film Score Collection V2/1. Pads_Drones-氛围铺底音_持续嗡鸣音色（非速度同步）/1. Bass Synth (Major_Minor) - 贝斯合成器（大小调通用）/Bass Synth - A.wav	23315964
Multiply Sound@影采/2.Film Score Collection V2/2. Film Score Collection V2/1. Pads_Drones-氛围铺底音_持续嗡鸣音色（非速度同步）/1. Bass Synth (Major_Minor) - 贝斯合成器（大小调通用）/Bass Synth - G#_Ab.wav	23315964
Multiply Sound@影采/2.Film Score Collection V2/2. Film Score Collection V2/1. Pads_Drones-氛围铺底音_持续嗡鸣音色（非速度同步）/16. Frozen Storm (Minor) - 冰封风暴音色（小调）/Frozen Storm (Am).wav	21532844
Multiply Sound@影采/2.Film Score Collection V2/2. Film Score Collection V2/1. Pads_Drones-氛围铺底音_持续嗡鸣音色（非速度同步）/16. Frozen Storm (Minor) - 冰封风暴音色（小调）/Frozen Storm (Em).wav	21532844
Multiply Sound@影采/2.Film Score Collection V2/2. Film Score Collection V2/1. Pads_Drones-氛围铺底音_持续嗡鸣音色（非速度同步）/16. Frozen Storm (Minor) - 冰封风暴音色（小调）/Frozen Storm (G#m_Abm).wav	21532844
Multiply Sound@影采/2.Film Score Collection V2/2. Film Score Collection V2/1. Pads_Drones-氛围铺底音_持续嗡鸣音色（非速度同步）/16. Frozen Storm (Minor) - 冰封风暴音色（小调）/Frozen Storm (D#m_Ebm).wav	21532844
Multiply Sound@影采/2.Film Score Collection V2/2. Film Score Collection V2/1. Pads_Drones-氛围铺底音_持续嗡鸣音色（非速度同步）/16. Frozen Storm (Minor) - 冰封风暴音色（小调）/Frozen Storm (Bm).wav	21532844
Multiply Sound@影采/2.Film Score Collection V2/2. Film Score Collection V2/1. Pads_Drones-氛围铺底音_持续嗡鸣音色（非速度同步）/16. Frozen Storm (Minor) - 冰封风暴音色（小调）/Frozen Storm (A#m_Bbm).wav	21532844
Multiply Sound@影采/2.Film Score Collection V2/2. Film Score Collection V2/1. Pads_Drones-氛围铺底音_持续嗡鸣音色（非速度同步）/16. Frozen Storm (Minor) - 冰封风暴音色（小调）/Frozen Storm (Cm).wav	21532844
Multiply Sound@影采/2.Film Score Collection V2/2. Film Score Collection V2/1. Pads_Drones-氛围铺底音_持续嗡鸣音色（非速度同步）/16. Frozen Storm (Minor) - 冰封风暴音色（小调）/Frozen Storm (F#m_Gbm).wav	21532844
Multiply Sound@影采/2.Film Score Collection V2/2. Film Score Collection V2/1. Pads_Drones-氛围铺底音_持续嗡鸣音色（非速度同步）/16. Frozen Storm (Minor) - 冰封风暴音色（小调）/Frozen Storm (Fm).wav	21532844
Multiply Sound@影采/2.Film Score Collection V2/2. Film Score Collection V2/1. Pads_Drones-氛围铺底音_持续嗡鸣音色（非速度同步）/16. Frozen Storm (Minor) - 冰封风暴音色（小调）/Frozen Storm (Dm).wav	21532844
Multiply Sound@影采/2.Film Score Collection V2/2. Film Score Collection V2/1. Pads_Drones-氛围铺底音_持续嗡鸣音色（非速度同步）/16. Frozen Storm (Minor) - 冰封风暴音色（小调）/Frozen Storm (C#m_Dbm).wav	21532844
Multiply Sound@影采/2.Film Score Collection V2/2. Film Score Collection V2/1. Pads_Drones-氛围铺底音_持续嗡鸣音色（非速度同步）/16. Frozen Storm (Minor) - 冰封风暴音色（小调）/Frozen Storm (Gm).wav	21532844
Multiply Sound@影采/2.Film Score Collection V2/2. Film Score Collection V2/1. Pads_Drones-氛围铺底音_持续嗡鸣音色（非速度同步）/2. Voice Adrift (Major_Minor) - 空灵人声（大小调通用）/Voice Adrift - G#_Ab.wav	23315964
Multiply Sound@影采/2.Film Score Collection V2/2. Film Score Collection V2/1. Pads_Drones-氛围铺底音_持续嗡鸣音色（非速度同步）/2. Voice Adrift (Major_Minor) - 空灵人声（大小调通用）/Voice Adrift - E.wav	23315964
Multiply Sound@影采/2.Film Score Collection V2/2. Film Score Collection V2/1. Pads_Drones-氛围铺底音_持续嗡鸣音色（非速度同步）/2. Voice Adrift (Major_Minor) - 空灵人声（大小调通用）/Voice Adrift - F.wav	23315964
Multiply Sound@影采/2.Film Score Collection V2/2. Film Score Collection V2/1. Pads_Drones-氛围铺底音_持续嗡鸣音色（非速度同步）/2. Voice Adrift (Major_Minor) - 空灵人声（大小调通用）/Voice Adrift - C#_Db.wav	23315964
Multiply Sound@影采/2.Film Score Collection V2/2. Film Score Collection V2/1. Pads_Drones-氛围铺底音_持续嗡鸣音色（非速度同步）/2. Voice Adrift (Major_Minor) - 空灵人声（大小调通用）/Voice Adrift - G.wav	23315964
Multiply Sound@影采/2.Film Score Collection V2/2. Film Score Collection V2/1. Pads_Drones-氛围铺底音_持续嗡鸣音色（非速度同步）/2. Voice Adrift (Major_Minor) - 空灵人声（大小调通用）/Voice Adrift - C.wav	23315964
Multiply Sound@影采/2.Film Score Collection V2/2. Film Score Collection V2/1. Pads_Drones-氛围铺底音_持续嗡鸣音色（非速度同步）/2. Voice Adrift (Major_Minor) - 空灵人声（大小调通用）/Voice Adrift - D#_Eb.wav	23315964
Multiply Sound@影采/2.Film Score Collection V2/2. Film Score Collection V2/1. Pads_Drones-氛围铺底音_持续嗡鸣音色（非速度同步）/2. Voice Adrift (Major_Minor) - 空灵人声（大小调通用）/Voice Adrift - B.wav	23315964
Multiply Sound@影采/2.Film Score Collection V2/2. Film Score Collection V2/1. Pads_Drones-氛围铺底音_持续嗡鸣音色（非速度同步）/2. Voice Adrift (Major_Minor) - 空灵人声（大小调通用）/Voice Adrift - A#_Bb.wav	23315964
Multiply Sound@影采/2.Film Score Collection V2/2. Film Score Collection V2/1. Pads_Drones-氛围铺底音_持续嗡鸣音色（非速度同步）/2. Voice Adrift (Major_Minor) - 空灵人声（大小调通用）/Voice Adrift - A.wav	23315964
Multiply Sound@影采/2.Film Score Collection V2/2. Film Score Collection V2/1. Pads_Drones-氛围铺底音_持续嗡鸣音色（非速度同步）/2. Voice Adrift (Major_Minor) - 空灵人声（大小调通用）/Voice Adrift - D.wav	23315964
Multiply Sound@影采/2.Film Score Collection V2/2. Film Score Collection V2/1. Pads_Drones-氛围铺底音_持续嗡鸣音色（非速度同步）/2. Voice Adrift (Major_Minor) - 空灵人声（大小调通用）/Voice Adrift - F#_Gb.wav	23315964
Multiply Sound@影采/2.Film Score Collection V2/2. Film Score Collection V2/1. Pads_Drones-氛围铺底音_持续嗡鸣音色（非速度同步）/19. Falling Ash (Minor) - 飞灰飘落氛围音色（小调）/Falling Ash (Cm).wav	21197302
Multiply Sound@影采/2.Film Score Collection V2/2. Film Score Collection V2/1. Pads_Drones-氛围铺底音_持续嗡鸣音色（非速度同步）/19. Falling Ash (Minor) - 飞灰飘落氛围音色（小调）/Falling Ash (Fm).wav	21197302
Multiply Sound@影采/2.Film Score Collection V2/2. Film Score Collection V2/1. Pads_Drones-氛围铺底音_持续嗡鸣音色（非速度同步）/19. Falling Ash (Minor) - 飞灰飘落氛围音色（小调）/Falling Ash (A#m_Bbm).wav	21197302
Multiply Sound@影采/2.Film Score Collection V2/2. Film Score Collection V2/1. Pads_Drones-氛围铺底音_持续嗡鸣音色（非速度同步）/19. Falling Ash (Minor) - 飞灰飘落氛围音色（小调）/Falling Ash (G#m_Abm).wav	21197300
Multiply Sound@影采/2.Film Score Collection V2/2. Film Score Collection V2/1. Pads_Drones-氛围铺底音_持续嗡鸣音色（非速度同步）/19. Falling Ash (Minor) - 飞灰飘落氛围音色（小调）/Falling Ash (F#m_Gbm).wav	21197302
Multiply Sound@影采/2.Film Score Collection V2/2. Film Score Collection V2/1. Pads_Drones-氛围铺底音_持续嗡鸣音色（非速度同步）/19. Falling Ash (Minor) - 飞灰飘落氛围音色（小调）/Falling Ash (C#m_Dbm).wav	21197300
Multiply Sound@影采/2.Film Score Collection V2/2. Film Score Collection V2/1. Pads_Drones-氛围铺底音_持续嗡鸣音色（非速度同步）/19. Falling Ash (Minor) - 飞灰飘落氛围音色（小调）/Falling Ash (Em).wav	21197298
Multiply Sound@影采/2.Film Score Collection V2/2. Film Score Collection V2/1. Pads_Drones-氛围铺底音_持续嗡鸣音色（非速度同步）/19. Falling Ash (Minor) - 飞灰飘落氛围音色（小调）/Falling Ash (Dm).wav	21197302
Multiply Sound@影采/2.Film Score Collection V2/2. Film Score Collection V2/1. Pads_Drones-氛围铺底音_持续嗡鸣音色（非速度同步）/19. Falling Ash (Minor) - 飞灰飘落氛围音色（小调）/Falling Ash (Am).wav	21197302
Multiply Sound@影采/2.Film Score Collection V2/2. Film Score Collection V2/1. Pads_Drones-氛围铺底音_持续嗡鸣音色（非速度同步）/19. Falling Ash (Minor) - 飞灰飘落氛围音色（小调）/Falling Ash (Gm).wav	21197300
Multiply Sound@影采/2.Film Score Collection V2/2. Film Score Collection V2/1. Pads_Drones-氛围铺底音_持续嗡鸣音色（非速度同步）/19. Falling Ash (Minor) - 飞灰飘落氛围音色（小调）/Falling Ash (D#m_Ebm).wav	21197302
Multiply Sound@影采/2.Film Score Collection V2/2. Film Score Collection V2/1. Pads_Drones-氛围铺底音_持续嗡鸣音色（非速度同步）/19. Falling Ash (Minor) - 飞灰飘落氛围音色（小调）/Falling Ash (Bm).wav	21197302
Multiply Sound@影采/2.Film Score Collection V2/2. Film Score Collection V2/1. Pads_Drones-氛围铺底音_持续嗡鸣音色（非速度同步）/6. Summer (Major) - 夏日暖调音色（大调）/Summer (E).wav	20667502
Multiply Sound@影采/2.Film Score Collection V2/2. Film Score Collection V2/1. Pads_Drones-氛围铺底音_持续嗡鸣音色（非速度同步）/6. Summer (Major) - 夏日暖调音色（大调）/Summer (F#_Gb).wav	20667498
Multiply Sound@影采/2.Film Score Collection V2/2. Film Score Collection V2/1. Pads_Drones-氛围铺底音_持续嗡鸣音色（非速度同步）/6. Summer (Major) - 夏日暖调音色（大调）/Summer (F).wav	20667504
Multiply Sound@影采/2.Film Score Collection V2/2. Film Score Collection V2/1. Pads_Drones-氛围铺底音_持续嗡鸣音色（非速度同步）/6. Summer (Major) - 夏日暖调音色（大调）/Summer (D#_Eb).wav	20667498
Multiply Sound@影采/2.Film Score Collection V2/2. Film Score Collection V2/1. Pads_Drones-氛围铺底音_持续嗡鸣音色（非速度同步）/6. Summer (Major) - 夏日暖调音色（大调）/Summer (G).wav	20667498
Multiply Sound@影采/2.Film Score Collection V2/2. Film Score Collection V2/1. Pads_Drones-氛围铺底音_持续嗡鸣音色（非速度同步）/6. Summer (Major) - 夏日暖调音色（大调）/Summer (B).wav	20667498
Multiply Sound@影采/2.Film Score Collection V2/2. Film Score Collection V2/1. Pads_Drones-氛围铺底音_持续嗡鸣音色（非速度同步）/6. Summer (Major) - 夏日暖调音色（大调）/Summer (G#_Ab).wav	20667502
Multiply Sound@影采/2.Film Score Collection V2/2. Film Score Collection V2/1. Pads_Drones-氛围铺底音_持续嗡鸣音色（非速度同步）/6. Summer (Major) - 夏日暖调音色（大调）/Summer (A).wav	20667504
Multiply Sound@影采/2.Film Score Collection V2/2. Film Score Collection V2/1. Pads_Drones-氛围铺底音_持续嗡鸣音色（非速度同步）/6. Summer (Major) - 夏日暖调音色（大调）/Summer (C).wav	20667548
Multiply Sound@影采/2.Film Score Collection V2/2. Film Score Collection V2/1. Pads_Drones-氛围铺底音_持续嗡鸣音色（非速度同步）/6. Summer (Major) - 夏日暖调音色（大调）/Summer (D).wav	20667498
Multiply Sound@影采/2.Film Score Collection V2/2. Film Score Collection V2/1. Pads_Drones-氛围铺底音_持续嗡鸣音色（非速度同步）/6. Summer (Major) - 夏日暖调音色（大调）/Summer (A#_Bb).wav	20667498
Multiply Sound@影采/2.Film Score Collection V2/2. Film Score Collection V2/1. Pads_Drones-氛围铺底音_持续嗡鸣音色（非速度同步）/6. Summer (Major) - 夏日暖调音色（大调）/Summer (C#_Db).wav	20667498
Multiply Sound@影采/2.Film Score Collection V2/2. Film Score Collection V2/1. Pads_Drones-氛围铺底音_持续嗡鸣音色（非速度同步）/14. Deep Night (Minor) - 深夜幽暗音色（小调）/Deep Night (C#m_Dbm).wav	20399586
Multiply Sound@影采/2.Film Score Collection V2/2. Film Score Collection V2/1. Pads_Drones-氛围铺底音_持续嗡鸣音色（非速度同步）/14. Deep Night (Minor) - 深夜幽暗音色（小调）/Deep Night (A#m_Bbm).wav	20399586
Multiply Sound@影采/2.Film Score Collection V2/2. Film Score Collection V2/1. Pads_Drones-氛围铺底音_持续嗡鸣音色（非速度同步）/14. Deep Night (Minor) - 深夜幽暗音色（小调）/Deep Night (D#m_Ebm).wav	20399586
Multiply Sound@影采/2.Film Score Collection V2/2. Film Score Collection V2/1. Pads_Drones-氛围铺底音_持续嗡鸣音色（非速度同步）/14. Deep Night (Minor) - 深夜幽暗音色（小调）/Deep Night (Bm).wav	20399586
Multiply Sound@影采/2.Film Score Collection V2/2. Film Score Collection V2/1. Pads_Drones-氛围铺底音_持续嗡鸣音色（非速度同步）/14. Deep Night (Minor) - 深夜幽暗音色（小调）/Deep Night (Em).wav	20399586
Multiply Sound@影采/2.Film Score Collection V2/2. Film Score Collection V2/1. Pads_Drones-氛围铺底音_持续嗡鸣音色（非速度同步）/14. Deep Night (Minor) - 深夜幽暗音色（小调）/Deep Night (G#m_Abm).wav	20399586
Multiply Sound@影采/2.Film Score Collection V2/2. Film Score Collection V2/1. Pads_Drones-氛围铺底音_持续嗡鸣音色（非速度同步）/14. Deep Night (Minor) - 深夜幽暗音色（小调）/Deep Night (Dm).wav	20399586
Multiply Sound@影采/2.Film Score Collection V2/2. Film Score Collection V2/1. Pads_Drones-氛围铺底音_持续嗡鸣音色（非速度同步）/14. Deep Night (Minor) - 深夜幽暗音色（小调）/Deep Night (F#m_Gbm).wav	20399586
Multiply Sound@影采/2.Film Score Collection V2/2. Film Score Collection V2/1. Pads_Drones-氛围铺底音_持续嗡鸣音色（非速度同步）/14. Deep Night (Minor) - 深夜幽暗音色（小调）/Deep Night (Cm).wav	20399586
Multiply Sound@影采/2.Film Score Collection V2/2. Film Score Collection V2/1. Pads_Drones-氛围铺底音_持续嗡鸣音色（非速度同步）/14. Deep Night (Minor) - 深夜幽暗音色（小调）/Deep Night (Gm).wav	20399586
Multiply Sound@影采/2.Film Score Collection V2/2. Film Score Collection V2/1. Pads_Drones-氛围铺底音_持续嗡鸣音色（非速度同步）/14. Deep Night (Minor) - 深夜幽暗音色（小调）/Deep Night (Am).wav	20399586
Multiply Sound@影采/2.Film Score Collection V2/2. Film Score Collection V2/1. Pads_Drones-氛围铺底音_持续嗡鸣音色（非速度同步）/14. Deep Night (Minor) - 深夜幽暗音色（小调）/Deep Night (Fm).wav	20399586
Multiply Sound@影采/2.Film Score Collection V2/2. Film Score Collection V2/1. Pads_Drones-氛围铺底音_持续嗡鸣音色（非速度同步）/18. Night Owl (Minor) - 暗夜幽鸣音色（小调）/Night Owl (G#m_Abm).wav	17687844
Multiply Sound@影采/2.Film Score Collection V2/2. Film Score Collection V2/1. Pads_Drones-氛围铺底音_持续嗡鸣音色（非速度同步）/18. Night Owl (Minor) - 暗夜幽鸣音色（小调）/Night Owl (F#m_Gbm).wav	17687844
Multiply Sound@影采/2.Film Score Collection V2/2. Film Score Collection V2/1. Pads_Drones-氛围铺底音_持续嗡鸣音色（非速度同步）/18. Night Owl (Minor) - 暗夜幽鸣音色（小调）/Night Owl (Cm).wav	17687844
Multiply Sound@影采/2.Film Score Collection V2/2. Film Score Collection V2/1. Pads_Drones-氛围铺底音_持续嗡鸣音色（非速度同步）/18. Night Owl (Minor) - 暗夜幽鸣音色（小调）/Night Owl (C#m_Dbm).wav	17687844
Multiply Sound@影采/2.Film Score Collection V2/2. Film Score Collection V2/1. Pads_Drones-氛围铺底音_持续嗡鸣音色（非速度同步）/18. Night Owl (Minor) - 暗夜幽鸣音色（小调）/Night Owl (Dm).wav	17687844
Multiply Sound@影采/2.Film Score Collection V2/2. Film Score Collection V2/1. Pads_Drones-氛围铺底音_持续嗡鸣音色（非速度同步）/18. Night Owl (Minor) - 暗夜幽鸣音色（小调）/Night Owl (Fm).wav	17687844
Multiply Sound@影采/2.Film Score Collection V2/2. Film Score Collection V2/1. Pads_Drones-氛围铺底音_持续嗡鸣音色（非速度同步）/18. Night Owl (Minor) - 暗夜幽鸣音色（小调）/Night Owl (Gm).wav	17687844
Multiply Sound@影采/2.Film Score Collection V2/2. Film Score Collection V2/1. Pads_Drones-氛围铺底音_持续嗡鸣音色（非速度同步）/18. Night Owl (Minor) - 暗夜幽鸣音色（小调）/Night Owl (Bm).wav	17687844
Multiply Sound@影采/2.Film Score Collection V2/2. Film Score Collection V2/1. Pads_Drones-氛围铺底音_持续嗡鸣音色（非速度同步）/18. Night Owl (Minor) - 暗夜幽鸣音色（小调）/Night Owl (Em).wav	17687844
Multiply Sound@影采/2.Film Score Collection V2/2. Film Score Collection V2/1. Pads_Drones-氛围铺底音_持续嗡鸣音色（非速度同步）/18. Night Owl (Minor) - 暗夜幽鸣音色（小调）/Night Owl (Am).wav	17687844
Multiply Sound@影采/2.Film Score Collection V2/2. Film Score Collection V2/1. Pads_Drones-氛围铺底音_持续嗡鸣音色（非速度同步）/18. Night Owl (Minor) - 暗夜幽鸣音色（小调）/Night Owl (D#m_Ebm).wav	17687844
Multiply Sound@影采/2.Film Score Collection V2/2. Film Score Collection V2/1. Pads_Drones-氛围铺底音_持续嗡鸣音色（非速度同步）/18. Night Owl (Minor) - 暗夜幽鸣音色（小调）/Night Owl (A#m_Bbm).wav	17687844
Multiply Sound@影采/2.Film Score Collection V2/2. Film Score Collection V2/1. Pads_Drones-氛围铺底音_持续嗡鸣音色（非速度同步）/4. Delicate Clock (Major_Minor) - 细腻时钟音效（大小调通用）/Delicate Clock (F#_Gb).wav	19607690
Multiply Sound@影采/2.Film Score Collection V2/2. Film Score Collection V2/1. Pads_Drones-氛围铺底音_持续嗡鸣音色（非速度同步）/4. Delicate Clock (Major_Minor) - 细腻时钟音效（大小调通用）/Delicate Clock (A#_Bb).wav	19607692
Multiply Sound@影采/2.Film Score Collection V2/2. Film Score Collection V2/1. Pads_Drones-氛围铺底音_持续嗡鸣音色（非速度同步）/4. Delicate Clock (Major_Minor) - 细腻时钟音效（大小调通用）/Delicate Clock (G#_Ab).wav	19607696
Multiply Sound@影采/2.Film Score Collection V2/2. Film Score Collection V2/1. Pads_Drones-氛围铺底音_持续嗡鸣音色（非速度同步）/4. Delicate Clock (Major_Minor) - 细腻时钟音效（大小调通用）/Delicate Clock (B).wav	19607692
Multiply Sound@影采/2.Film Score Collection V2/2. Film Score Collection V2/1. Pads_Drones-氛围铺底音_持续嗡鸣音色（非速度同步）/4. Delicate Clock (Major_Minor) - 细腻时钟音效（大小调通用）/Delicate Clock (D).wav	19607696
Multiply Sound@影采/2.Film Score Collection V2/2. Film Score Collection V2/1. Pads_Drones-氛围铺底音_持续嗡鸣音色（非速度同步）/4. Delicate Clock (Major_Minor) - 细腻时钟音效（大小调通用）/Delicate Clock (A).wav	19607692
Multiply Sound@影采/2.Film Score Collection V2/2. Film Score Collection V2/1. Pads_Drones-氛围铺底音_持续嗡鸣音色（非速度同步）/4. Delicate Clock (Major_Minor) - 细腻时钟音效（大小调通用）/Delicate Clock (C#_Db).wav	19607696
Multiply Sound@影采/2.Film Score Collection V2/2. Film Score Collection V2/1. Pads_Drones-氛围铺底音_持续嗡鸣音色（非速度同步）/4. Delicate Clock (Major_Minor) - 细腻时钟音效（大小调通用）/Delicate Clock (D#_Eb).wav	19607692
Multiply Sound@影采/2.Film Score Collection V2/2. Film Score Collection V2/1. Pads_Drones-氛围铺底音_持续嗡鸣音色（非速度同步）/4. Delicate Clock (Major_Minor) - 细腻时钟音效（大小调通用）/Delicate Clock (E).wav	19607692
Multiply Sound@影采/2.Film Score Collection V2/2. Film Score Collection V2/1. Pads_Drones-氛围铺底音_持续嗡鸣音色（非速度同步）/4. Delicate Clock (Major_Minor) - 细腻时钟音效（大小调通用）/Delicate Clock (C).wav	19607692
Multiply Sound@影采/2.Film Score Collection V2/2. Film Score Collection V2/1. Pads_Drones-氛围铺底音_持续嗡鸣音色（非速度同步）/4. Delicate Clock (Major_Minor) - 细腻时钟音效（大小调通用）/Delicate Clock (G).wav	19607696
Multiply Sound@影采/2.Film Score Collection V2/2. Film Score Collection V2/1. Pads_Drones-氛围铺底音_持续嗡鸣音色（非速度同步）/4. Delicate Clock (Major_Minor) - 细腻时钟音效（大小调通用）/Delicate Clock (F).wav	19607692
Multiply Sound@影采/2.Film Score Collection V2/2. Film Score Collection V2/1. Pads_Drones-氛围铺底音_持续嗡鸣音色（非速度同步）/15. Unveil (Minor) - 渐显氛围音色（小调）/Unveil (A#m_Bbm).wav	21532844
Multiply Sound@影采/2.Film Score Collection V2/2. Film Score Collection V2/1. Pads_Drones-氛围铺底音_持续嗡鸣音色（非速度同步）/15. Unveil (Minor) - 渐显氛围音色（小调）/Unveil (D#m_Ebm).wav	21532844
Multiply Sound@影采/2.Film Score Collection V2/2. Film Score Collection V2/1. Pads_Drones-氛围铺底音_持续嗡鸣音色（非速度同步）/15. Unveil (Minor) - 渐显氛围音色（小调）/Unveil (Fm).wav	21532844
Multiply Sound@影采/2.Film Score Collection V2/2. Film Score Collection V2/1. Pads_Drones-氛围铺底音_持续嗡鸣音色（非速度同步）/15. Unveil (Minor) - 渐显氛围音色（小调）/Unveil (Em).wav	21532844
Multiply Sound@影采/2.Film Score Collection V2/2. Film Score Collection V2/1. Pads_Drones-氛围铺底音_持续嗡鸣音色（非速度同步）/15. Unveil (Minor) - 渐显氛围音色（小调）/Unveil (G#m_Abm).wav	21532844
Multiply Sound@影采/2.Film Score Collection V2/2. Film Score Collection V2/1. Pads_Drones-氛围铺底音_持续嗡鸣音色（非速度同步）/15. Unveil (Minor) - 渐显氛围音色（小调）/Unveil (Dm).wav	21532844
Multiply Sound@影采/2.Film Score Collection V2/2. Film Score Collection V2/1. Pads_Drones-氛围铺底音_持续嗡鸣音色（非速度同步）/15. Unveil (Minor) - 渐显氛围音色（小调）/Unveil (Gm).wav	21532844
Multiply Sound@影采/2.Film Score Collection V2/2. Film Score Collection V2/1. Pads_Drones-氛围铺底音_持续嗡鸣音色（非速度同步）/15. Unveil (Minor) - 渐显氛围音色（小调）/Unveil (F#m_Gbm).wav	21532844
Multiply Sound@影采/2.Film Score Collection V2/2. Film Score Collection V2/1. Pads_Drones-氛围铺底音_持续嗡鸣音色（非速度同步）/15. Unveil (Minor) - 渐显氛围音色（小调）/Unveil (Am).wav	21532844
Multiply Sound@影采/2.Film Score Collection V2/2. Film Score Collection V2/1. Pads_Drones-氛围铺底音_持续嗡鸣音色（非速度同步）/15. Unveil (Minor) - 渐显氛围音色（小调）/Unveil (C#m_Dbm).wav	21532844
Multiply Sound@影采/2.Film Score Collection V2/2. Film Score Collection V2/1. Pads_Drones-氛围铺底音_持续嗡鸣音色（非速度同步）/15. Unveil (Minor) - 渐显氛围音色（小调）/Unveil (Cm).wav	21532844
Multiply Sound@影采/2.Film Score Collection V2/2. Film Score Collection V2/1. Pads_Drones-氛围铺底音_持续嗡鸣音色（非速度同步）/15. Unveil (Minor) - 渐显氛围音色（小调）/Unveil (Bm).wav	21532844
Multiply Sound@影采/2.Film Score Collection V2/2. Film Score Collection V2/1. Pads_Drones-氛围铺底音_持续嗡鸣音色（非速度同步）/11. Quiet Scenery (Major) - 静谧风景氛围音色（大调）/Quiet Scenery (C).wav	19606740
Multiply Sound@影采/2.Film Score Collection V2/2. Film Score Collection V2/1. Pads_Drones-氛围铺底音_持续嗡鸣音色（非速度同步）/11. Quiet Scenery (Major) - 静谧风景氛围音色（大调）/Quiet Scenery (D).wav	19606740
Multiply Sound@影采/2.Film Score Collection V2/2. Film Score Collection V2/1. Pads_Drones-氛围铺底音_持续嗡鸣音色（非速度同步）/11. Quiet Scenery (Major) - 静谧风景氛围音色（大调）/Quiet Scenery (G).wav	19606740
Multiply Sound@影采/2.Film Score Collection V2/2. Film Score Collection V2/1. Pads_Drones-氛围铺底音_持续嗡鸣音色（非速度同步）/11. Quiet Scenery (Major) - 静谧风景氛围音色（大调）/Quiet Scenery (B).wav	19606740
Multiply Sound@影采/2.Film Score Collection V2/2. Film Score Collection V2/1. Pads_Drones-氛围铺底音_持续嗡鸣音色（非速度同步）/11. Quiet Scenery (Major) - 静谧风景氛围音色（大调）/Quiet Scenery (G#_Ab).wav	19606740
Multiply Sound@影采/2.Film Score Collection V2/2. Film Score Collection V2/1. Pads_Drones-氛围铺底音_持续嗡鸣音色（非速度同步）/11. Quiet Scenery (Major) - 静谧风景氛围音色（大调）/Quiet Scenery (F).wav	19606740
Multiply Sound@影采/2.Film Score Collection V2/2. Film Score Collection V2/1. Pads_Drones-氛围铺底音_持续嗡鸣音色（非速度同步）/11. Quiet Scenery (Major) - 静谧风景氛围音色（大调）/Quiet Scenery (E).wav	19606740
Multiply Sound@影采/2.Film Score Collection V2/2. Film Score Collection V2/1. Pads_Drones-氛围铺底音_持续嗡鸣音色（非速度同步）/11. Quiet Scenery (Major) - 静谧风景氛围音色（大调）/Quiet Scenery (F#_Gb).wav	19606740
Multiply Sound@影采/2.Film Score Collection V2/2. Film Score Collection V2/1. Pads_Drones-氛围铺底音_持续嗡鸣音色（非速度同步）/11. Quiet Scenery (Major) - 静谧风景氛围音色（大调）/Quiet Scenery (A).wav	19606740
Multiply Sound@影采/2.Film Score Collection V2/2. Film Score Collection V2/1. Pads_Drones-氛围铺底音_持续嗡鸣音色（非速度同步）/11. Quiet Scenery (Major) - 静谧风景氛围音色（大调）/Quiet Scenery (C#_Db).wav	19606740
Multiply Sound@影采/2.Film Score Collection V2/2. Film Score Collection V2/1. Pads_Drones-氛围铺底音_持续嗡鸣音色（非速度同步）/11. Quiet Scenery (Major) - 静谧风景氛围音色（大调）/Quiet Scenery (A#_Bb).wav	19606740
Multiply Sound@影采/2.Film Score Collection V2/2. Film Score Collection V2/1. Pads_Drones-氛围铺底音_持续嗡鸣音色（非速度同步）/11. Quiet Scenery (Major) - 静谧风景氛围音色（大调）/Quiet Scenery (D#_Eb).wav	19606740
Multiply Sound@影采/2.Film Score Collection V2/2. Film Score Collection V2/1. Pads_Drones-氛围铺底音_持续嗡鸣音色（非速度同步）/8. Peaceful (Major) - 静谧氛围音色（大调）/Peaceful (G#_Ab).wav	21341550
Multiply Sound@影采/2.Film Score Collection V2/2. Film Score Collection V2/1. Pads_Drones-氛围铺底音_持续嗡鸣音色（非速度同步）/8. Peaceful (Major) - 静谧氛围音色（大调）/Peaceful (A).wav	21341550
Multiply Sound@影采/2.Film Score Collection V2/2. Film Score Collection V2/1. Pads_Drones-氛围铺底音_持续嗡鸣音色（非速度同步）/8. Peaceful (Major) - 静谧氛围音色（大调）/Peaceful (A#_Bb).wav	21341546
Multiply Sound@影采/2.Film Score Collection V2/2. Film Score Collection V2/1. Pads_Drones-氛围铺底音_持续嗡鸣音色（非速度同步）/8. Peaceful (Major) - 静谧氛围音色（大调）/Peaceful (C#_Db).wav	21341546
Multiply Sound@影采/2.Film Score Collection V2/2. Film Score Collection V2/1. Pads_Drones-氛围铺底音_持续嗡鸣音色（非速度同步）/8. Peaceful (Major) - 静谧氛围音色（大调）/Peaceful (C).wav	21341550
Multiply Sound@影采/2.Film Score Collection V2/2. Film Score Collection V2/1. Pads_Drones-氛围铺底音_持续嗡鸣音色（非速度同步）/8. Peaceful (Major) - 静谧氛围音色（大调）/Peaceful (B).wav	21341546
Multiply Sound@影采/2.Film Score Collection V2/2. Film Score Collection V2/1. Pads_Drones-氛围铺底音_持续嗡鸣音色（非速度同步）/8. Peaceful (Major) - 静谧氛围音色（大调）/Peaceful (G).wav	21341546
Multiply Sound@影采/2.Film Score Collection V2/2. Film Score Collection V2/1. Pads_Drones-氛围铺底音_持续嗡鸣音色（非速度同步）/8. Peaceful (Major) - 静谧氛围音色（大调）/Peaceful (F#_Gb).wav	21341546
Multiply Sound@影采/2.Film Score Collection V2/2. Film Score Collection V2/1. Pads_Drones-氛围铺底音_持续嗡鸣音色（非速度同步）/8. Peaceful (Major) - 静谧氛围音色（大调）/Peaceful (D#_Eb).wav	21341548
Multiply Sound@影采/2.Film Score Collection V2/2. Film Score Collection V2/1. Pads_Drones-氛围铺底音_持续嗡鸣音色（非速度同步）/8. Peaceful (Major) - 静谧氛围音色（大调）/Peaceful (F).wav	21341550
Multiply Sound@影采/2.Film Score Collection V2/2. Film Score Collection V2/1. Pads_Drones-氛围铺底音_持续嗡鸣音色（非速度同步）/8. Peaceful (Major) - 静谧氛围音色（大调）/Peaceful (E).wav	21341550
Multiply Sound@影采/2.Film Score Collection V2/2. Film Score Collection V2/1. Pads_Drones-氛围铺底音_持续嗡鸣音色（非速度同步）/8. Peaceful (Major) - 静谧氛围音色（大调）/Peaceful (D).wav	21341546
Multiply Sound@影采/2.Film Score Collection V2/2. Film Score Collection V2/1. Pads_Drones-氛围铺底音_持续嗡鸣音色（非速度同步）/7. Wind Essemble (Major) - 管乐合奏（大调）/Wind Essemble (G).wav	23315964
Multiply Sound@影采/2.Film Score Collection V2/2. Film Score Collection V2/1. Pads_Drones-氛围铺底音_持续嗡鸣音色（非速度同步）/7. Wind Essemble (Major) - 管乐合奏（大调）/Wind Essemble (E).wav	23315964
Multiply Sound@影采/2.Film Score Collection V2/2. Film Score Collection V2/1. Pads_Drones-氛围铺底音_持续嗡鸣音色（非速度同步）/7. Wind Essemble (Major) - 管乐合奏（大调）/Wind Essemble (A).wav	23315964
Multiply Sound@影采/2.Film Score Collection V2/2. Film Score Collection V2/1. Pads_Drones-氛围铺底音_持续嗡鸣音色（非速度同步）/7. Wind Essemble (Major) - 管乐合奏（大调）/Wind Essemble (F#_Gb).wav	23315964
Multiply Sound@影采/2.Film Score Collection V2/2. Film Score Collection V2/1. Pads_Drones-氛围铺底音_持续嗡鸣音色（非速度同步）/7. Wind Essemble (Major) - 管乐合奏（大调）/Wind Essemble (B).wav	23315964
Multiply Sound@影采/2.Film Score Collection V2/2. Film Score Collection V2/1. Pads_Drones-氛围铺底音_持续嗡鸣音色（非速度同步）/7. Wind Essemble (Major) - 管乐合奏（大调）/Wind Essemble (A#_Bb).wav	23315964
Multiply Sound@影采/2.Film Score Collection V2/2. Film Score Collection V2/1. Pads_Drones-氛围铺底音_持续嗡鸣音色（非速度同步）/7. Wind Essemble (Major) - 管乐合奏（大调）/Wind Essemble (F).wav	23315964
Multiply Sound@影采/2.Film Score Collection V2/2. Film Score Collection V2/1. Pads_Drones-氛围铺底音_持续嗡鸣音色（非速度同步）/7. Wind Essemble (Major) - 管乐合奏（大调）/Wind Essemble (C#_Db).wav	23315964
Multiply Sound@影采/2.Film Score Collection V2/2. Film Score Collection V2/1. Pads_Drones-氛围铺底音_持续嗡鸣音色（非速度同步）/7. Wind Essemble (Major) - 管乐合奏（大调）/Wind Essemble (D#_Eb).wav	23315964
Multiply Sound@影采/2.Film Score Collection V2/2. Film Score Collection V2/1. Pads_Drones-氛围铺底音_持续嗡鸣音色（非速度同步）/7. Wind Essemble (Major) - 管乐合奏（大调）/Wind Essemble (G#_Ab).wav	23315964
Multiply Sound@影采/2.Film Score Collection V2/2. Film Score Collection V2/1. Pads_Drones-氛围铺底音_持续嗡鸣音色（非速度同步）/7. Wind Essemble (Major) - 管乐合奏（大调）/Wind Essemble (C).wav	23315964
Multiply Sound@影采/2.Film Score Collection V2/2. Film Score Collection V2/1. Pads_Drones-氛围铺底音_持续嗡鸣音色（非速度同步）/7. Wind Essemble (Major) - 管乐合奏（大调）/Wind Essemble (D).wav	23315964
Multiply Sound@影采/2.Film Score Collection V2/2. Film Score Collection V2/1. Pads_Drones-氛围铺底音_持续嗡鸣音色（非速度同步）/10. Low String Harmonics (Major) - 低音弦乐泛音（大调）/Low String Harmonics (B).wav	21532844
Multiply Sound@影采/2.Film Score Collection V2/2. Film Score Collection V2/1. Pads_Drones-氛围铺底音_持续嗡鸣音色（非速度同步）/10. Low String Harmonics (Major) - 低音弦乐泛音（大调）/Low String Harmonics (F#_Gb).wav	21532844
Multiply Sound@影采/2.Film Score Collection V2/2. Film Score Collection V2/1. Pads_Drones-氛围铺底音_持续嗡鸣音色（非速度同步）/10. Low String Harmonics (Major) - 低音弦乐泛音（大调）/Low String Harmonics (D#_Eb).wav	21532844
Multiply Sound@影采/2.Film Score Collection V2/2. Film Score Collection V2/1. Pads_Drones-氛围铺底音_持续嗡鸣音色（非速度同步）/10. Low String Harmonics (Major) - 低音弦乐泛音（大调）/Low String Harmonics (G#_Ab).wav	21532844
Multiply Sound@影采/2.Film Score Collection V2/2. Film Score Collection V2/1. Pads_Drones-氛围铺底音_持续嗡鸣音色（非速度同步）/10. Low String Harmonics (Major) - 低音弦乐泛音（大调）/Low String Harmonics (G).wav	21532844
Multiply Sound@影采/2.Film Score Collection V2/2. Film Score Collection V2/1. Pads_Drones-氛围铺底音_持续嗡鸣音色（非速度同步）/10. Low String Harmonics (Major) - 低音弦乐泛音（大调）/Low String Harmonics (A#_Bb).wav	21532844
Multiply Sound@影采/2.Film Score Collection V2/2. Film Score Collection V2/1. Pads_Drones-氛围铺底音_持续嗡鸣音色（非速度同步）/10. Low String Harmonics (Major) - 低音弦乐泛音（大调）/Low String Harmonics (C).wav	21532844
Multiply Sound@影采/2.Film Score Collection V2/2. Film Score Collection V2/1. Pads_Drones-氛围铺底音_持续嗡鸣音色（非速度同步）/10. Low String Harmonics (Major) - 低音弦乐泛音（大调）/Low String Harmonics (A).wav	21532844
Multiply Sound@影采/2.Film Score Collection V2/2. Film Score Collection V2/1. Pads_Drones-氛围铺底音_持续嗡鸣音色（非速度同步）/10. Low String Harmonics (Major) - 低音弦乐泛音（大调）/Low String Harmonics (E).wav	21532844
Multiply Sound@影采/2.Film Score Collection V2/2. Film Score Collection V2/1. Pads_Drones-氛围铺底音_持续嗡鸣音色（非速度同步）/10. Low String Harmonics (Major) - 低音弦乐泛音（大调）/Low String Harmonics (C#_Db).wav	21532844
Multiply Sound@影采/2.Film Score Collection V2/2. Film Score Collection V2/1. Pads_Drones-氛围铺底音_持续嗡鸣音色（非速度同步）/10. Low String Harmonics (Major) - 低音弦乐泛音（大调）/Low String Harmonics (F).wav	21532844
Multiply Sound@影采/2.Film Score Collection V2/2. Film Score Collection V2/1. Pads_Drones-氛围铺底音_持续嗡鸣音色（非速度同步）/10. Low String Harmonics (Major) - 低音弦乐泛音（大调）/Low String Harmonics (D).wav	21532844
Multiply Sound@影采/2.Film Score Collection V2/2. Film Score Collection V2/1. Pads_Drones-氛围铺底音_持续嗡鸣音色（非速度同步）/3. Snowy Day (Major_Minor) - 雪日氛围音色（大小调通用）/Snowy Day (C#_Db).wav	17303344
Multiply Sound@影采/2.Film Score Collection V2/2. Film Score Collection V2/1. Pads_Drones-氛围铺底音_持续嗡鸣音色（非速度同步）/3. Snowy Day (Major_Minor) - 雪日氛围音色（大小调通用）/Snowy Day (D).wav	17303344
Multiply Sound@影采/2.Film Score Collection V2/2. Film Score Collection V2/1. Pads_Drones-氛围铺底音_持续嗡鸣音色（非速度同步）/3. Snowy Day (Major_Minor) - 雪日氛围音色（大小调通用）/Snowy Day (B).wav	17303344
Multiply Sound@影采/2.Film Score Collection V2/2. Film Score Collection V2/1. Pads_Drones-氛围铺底音_持续嗡鸣音色（非速度同步）/3. Snowy Day (Major_Minor) - 雪日氛围音色（大小调通用）/Snowy Day (G#_Ab).wav	17303344
Multiply Sound@影采/2.Film Score Collection V2/2. Film Score Collection V2/1. Pads_Drones-氛围铺底音_持续嗡鸣音色（非速度同步）/3. Snowy Day (Major_Minor) - 雪日氛围音色（大小调通用）/Snowy Day (F#_Gb).wav	17303344
Multiply Sound@影采/2.Film Score Collection V2/2. Film Score Collection V2/1. Pads_Drones-氛围铺底音_持续嗡鸣音色（非速度同步）/3. Snowy Day (Major_Minor) - 雪日氛围音色（大小调通用）/Snowy Day (A#_Bb).wav	17303344
Multiply Sound@影采/2.Film Score Collection V2/2. Film Score Collection V2/1. Pads_Drones-氛围铺底音_持续嗡鸣音色（非速度同步）/3. Snowy Day (Major_Minor) - 雪日氛围音色（大小调通用）/Snowy Day (E).wav	17303344
Multiply Sound@影采/2.Film Score Collection V2/2. Film Score Collection V2/1. Pads_Drones-氛围铺底音_持续嗡鸣音色（非速度同步）/3. Snowy Day (Major_Minor) - 雪日氛围音色（大小调通用）/Snowy Day (A).wav	17303344
Multiply Sound@影采/2.Film Score Collection V2/2. Film Score Collection V2/1. Pads_Drones-氛围铺底音_持续嗡鸣音色（非速度同步）/3. Snowy Day (Major_Minor) - 雪日氛围音色（大小调通用）/Snowy Day (C).wav	17303344
Multiply Sound@影采/2.Film Score Collection V2/2. Film Score Collection V2/1. Pads_Drones-氛围铺底音_持续嗡鸣音色（非速度同步）/3. Snowy Day (Major_Minor) - 雪日氛围音色（大小调通用）/Snowy Day (D#_Eb).wav	17303344
Multiply Sound@影采/2.Film Score Collection V2/2. Film Score Collection V2/1. Pads_Drones-氛围铺底音_持续嗡鸣音色（非速度同步）/3. Snowy Day (Major_Minor) - 雪日氛围音色（大小调通用）/Snowy Day (F).wav	17303344
Multiply Sound@影采/2.Film Score Collection V2/2. Film Score Collection V2/1. Pads_Drones-氛围铺底音_持续嗡鸣音色（非速度同步）/3. Snowy Day (Major_Minor) - 雪日氛围音色（大小调通用）/Snowy Day (G).wav	17303344
Multiply Sound@影采/2.Film Score Collection V2/2. Film Score Collection V2/1. Pads_Drones-氛围铺底音_持续嗡鸣音色（非速度同步）/13. Aura (Major) - 光晕铺底音色（大调）/Aura - (G).wav	23071734
Multiply Sound@影采/2.Film Score Collection V2/2. Film Score Collection V2/1. Pads_Drones-氛围铺底音_持续嗡鸣音色（非速度同步）/13. Aura (Major) - 光晕铺底音色（大调）/Aura - (E).wav	23071738
Multiply Sound@影采/2.Film Score Collection V2/2. Film Score Collection V2/1. Pads_Drones-氛围铺底音_持续嗡鸣音色（非速度同步）/13. Aura (Major) - 光晕铺底音色（大调）/Aura - (F).wav	23071736
Multiply Sound@影采/2.Film Score Collection V2/2. Film Score Collection V2/1. Pads_Drones-氛围铺底音_持续嗡鸣音色（非速度同步）/13. Aura (Major) - 光晕铺底音色（大调）/Aura - (F#_Gb).wav	23071738
Multiply Sound@影采/2.Film Score Collection V2/2. Film Score Collection V2/1. Pads_Drones-氛围铺底音_持续嗡鸣音色（非速度同步）/13. Aura (Major) - 光晕铺底音色（大调）/Aura - (C).wav	23071736
Multiply Sound@影采/2.Film Score Collection V2/2. Film Score Collection V2/1. Pads_Drones-氛围铺底音_持续嗡鸣音色（非速度同步）/13. Aura (Major) - 光晕铺底音色（大调）/Aura - (D#_Eb).wav	23071736
Multiply Sound@影采/2.Film Score Collection V2/2. Film Score Collection V2/1. Pads_Drones-氛围铺底音_持续嗡鸣音色（非速度同步）/13. Aura (Major) - 光晕铺底音色（大调）/Aura - (A#_Bb).wav	23071736
Multiply Sound@影采/2.Film Score Collection V2/2. Film Score Collection V2/1. Pads_Drones-氛围铺底音_持续嗡鸣音色（非速度同步）/13. Aura (Major) - 光晕铺底音色（大调）/Aura - (B).wav	23071736
Multiply Sound@影采/2.Film Score Collection V2/2. Film Score Collection V2/1. Pads_Drones-氛围铺底音_持续嗡鸣音色（非速度同步）/13. Aura (Major) - 光晕铺底音色（大调）/Aura - (G#_Ab).wav	23071734
Multiply Sound@影采/2.Film Score Collection V2/2. Film Score Collection V2/1. Pads_Drones-氛围铺底音_持续嗡鸣音色（非速度同步）/13. Aura (Major) - 光晕铺底音色（大调）/Aura - (A).wav	23071736
Multiply Sound@影采/2.Film Score Collection V2/2. Film Score Collection V2/1. Pads_Drones-氛围铺底音_持续嗡鸣音色（非速度同步）/13. Aura (Major) - 光晕铺底音色（大调）/Aura - (C#_Db).wav	23071738
Multiply Sound@影采/2.Film Score Collection V2/2. Film Score Collection V2/1. Pads_Drones-氛围铺底音_持续嗡鸣音色（非速度同步）/13. Aura (Major) - 光晕铺底音色（大调）/Aura - (D).wav	23071736
Multiply Sound@影采/2.Film Score Collection V2/2. Film Score Collection V2/2. Riffs_Melodies-重复连复段_旋律音色（非速度同步）/23. Onward Piano (Minor) - 行进感钢琴（小调）/Onward Piano (G#m_Abm).wav	11536510
Multiply Sound@影采/2.Film Score Collection V2/2. Film Score Collection V2/2. Riffs_Melodies-重复连复段_旋律音色（非速度同步）/23. Onward Piano (Minor) - 行进感钢琴（小调）/Onward Piano (A#m_Bbm).wav	11536510
Multiply Sound@影采/2.Film Score Collection V2/2. Film Score Collection V2/2. Riffs_Melodies-重复连复段_旋律音色（非速度同步）/23. Onward Piano (Minor) - 行进感钢琴（小调）/Onward Piano (F#m_Gbm).wav	11536510
Multiply Sound@影采/2.Film Score Collection V2/2. Film Score Collection V2/2. Riffs_Melodies-重复连复段_旋律音色（非速度同步）/23. Onward Piano (Minor) - 行进感钢琴（小调）/Onward Piano (D#m_Ebm).wav	11536510
Multiply Sound@影采/2.Film Score Collection V2/2. Film Score Collection V2/2. Riffs_Melodies-重复连复段_旋律音色（非速度同步）/23. Onward Piano (Minor) - 行进感钢琴（小调）/Onward Piano (Em).wav	11536510
Multiply Sound@影采/2.Film Score Collection V2/2. Film Score Collection V2/2. Riffs_Melodies-重复连复段_旋律音色（非速度同步）/23. Onward Piano (Minor) - 行进感钢琴（小调）/Onward Piano (Bm).wav	11536510
Multiply Sound@影采/2.Film Score Collection V2/2. Film Score Collection V2/2. Riffs_Melodies-重复连复段_旋律音色（非速度同步）/23. Onward Piano (Minor) - 行进感钢琴（小调）/Onward Piano (C#m_Dbm).wav	11536510
Multiply Sound@影采/2.Film Score Collection V2/2. Film Score Collection V2/2. Riffs_Melodies-重复连复段_旋律音色（非速度同步）/23. Onward Piano (Minor) - 行进感钢琴（小调）/Onward Piano (Gm).wav	11536510
Multiply Sound@影采/2.Film Score Collection V2/2. Film Score Collection V2/2. Riffs_Melodies-重复连复段_旋律音色（非速度同步）/23. Onward Piano (Minor) - 行进感钢琴（小调）/Onward Piano (Am).wav	11536512
Multiply Sound@影采/2.Film Score Collection V2/2. Film Score Collection V2/2. Riffs_Melodies-重复连复段_旋律音色（非速度同步）/23. Onward Piano (Minor) - 行进感钢琴（小调）/Onward Piano (Cm).wav	11536510
Multiply Sound@影采/2.Film Score Collection V2/2. Film Score Collection V2/2. Riffs_Melodies-重复连复段_旋律音色（非速度同步）/23. Onward Piano (Minor) - 行进感钢琴（小调）/Onward Piano (Dm).wav	11536510
Multiply Sound@影采/2.Film Score Collection V2/2. Film Score Collection V2/2. Riffs_Melodies-重复连复段_旋律音色（非速度同步）/23. Onward Piano (Minor) - 行进感钢琴（小调）/Onward Piano (Fm).wav	11536510
Multiply Sound@影采/2.Film Score Collection V2/2. Film Score Collection V2/2. Riffs_Melodies-重复连复段_旋律音色（非速度同步）/14. Violin Basic (Minor) - 基础小提琴（小调）/Violin Basic (C#m_Dbm).wav	14997122
Multiply Sound@影采/2.Film Score Collection V2/2. Film Score Collection V2/2. Riffs_Melodies-重复连复段_旋律音色（非速度同步）/14. Violin Basic (Minor) - 基础小提琴（小调）/Violin Basic (Am).wav	14997114
Multiply Sound@影采/2.Film Score Collection V2/2. Film Score Collection V2/2. Riffs_Melodies-重复连复段_旋律音色（非速度同步）/14. Violin Basic (Minor) - 基础小提琴（小调）/Violin Basic (Fm).wav	14997116
Multiply Sound@影采/2.Film Score Collection V2/2. Film Score Collection V2/2. Riffs_Melodies-重复连复段_旋律音色（非速度同步）/14. Violin Basic (Minor) - 基础小提琴（小调）/Violin Basic (Bm).wav	14997122
Multiply Sound@影采/2.Film Score Collection V2/2. Film Score Collection V2/2. Riffs_Melodies-重复连复段_旋律音色（非速度同步）/14. Violin Basic (Minor) - 基础小提琴（小调）/Violin Basic (Gm).wav	14997122
Multiply Sound@影采/2.Film Score Collection V2/2. Film Score Collection V2/2. Riffs_Melodies-重复连复段_旋律音色（非速度同步）/14. Violin Basic (Minor) - 基础小提琴（小调）/Violin Basic (D#m_Ebm).wav	14997122
Multiply Sound@影采/2.Film Score Collection V2/2. Film Score Collection V2/2. Riffs_Melodies-重复连复段_旋律音色（非速度同步）/14. Violin Basic (Minor) - 基础小提琴（小调）/Violin Basic (F#m_Gbm).wav	14997116
Multiply Sound@影采/2.Film Score Collection V2/2. Film Score Collection V2/2. Riffs_Melodies-重复连复段_旋律音色（非速度同步）/14. Violin Basic (Minor) - 基础小提琴（小调）/Violin Basic (G#m_Abm).wav	14997116
Multiply Sound@影采/2.Film Score Collection V2/2. Film Score Collection V2/2. Riffs_Melodies-重复连复段_旋律音色（非速度同步）/14. Violin Basic (Minor) - 基础小提琴（小调）/Violin Basic (Cm).wav	14997116
Multiply Sound@影采/2.Film Score Collection V2/2. Film Score Collection V2/2. Riffs_Melodies-重复连复段_旋律音色（非速度同步）/14. Violin Basic (Minor) - 基础小提琴（小调）/Violin Basic (Em).wav	14997116
Multiply Sound@影采/2.Film Score Collection V2/2. Film Score Collection V2/2. Riffs_Melodies-重复连复段_旋律音色（非速度同步）/14. Violin Basic (Minor) - 基础小提琴（小调）/Violin Basic (Dm).wav	14997116
Multiply Sound@影采/2.Film Score Collection V2/2. Film Score Collection V2/2. Riffs_Melodies-重复连复段_旋律音色（非速度同步）/14. Violin Basic (Minor) - 基础小提琴（小调）/Violin Basic (A#m_Bbm).wav	14997122
Multiply Sound@影采/2.Film Score Collection V2/2. Film Score Collection V2/2. Riffs_Melodies-重复连复段_旋律音色（非速度同步）/2. Violin Low & Long (Major_Minor) - 低音长音小提琴（大小调通用）/Violin Low & Long (F#_Gb).wav	19034490
Multiply Sound@影采/2.Film Score Collection V2/2. Film Score Collection V2/2. Riffs_Melodies-重复连复段_旋律音色（非速度同步）/2. Violin Low & Long (Major_Minor) - 低音长音小提琴（大小调通用）/Violin Low & Long (E).wav	17880946
Multiply Sound@影采/2.Film Score Collection V2/2. Film Score Collection V2/2. Riffs_Melodies-重复连复段_旋律音色（非速度同步）/2. Violin Low & Long (Major_Minor) - 低音长音小提琴（大小调通用）/Violin Low & Long (C).wav	19034492
Multiply Sound@影采/2.Film Score Collection V2/2. Film Score Collection V2/2. Riffs_Melodies-重复连复段_旋律音色（非速度同步）/2. Violin Low & Long (Major_Minor) - 低音长音小提琴（大小调通用）/Violin Low & Long (D#_Eb).wav	17880948
Multiply Sound@影采/2.Film Score Collection V2/2. Film Score Collection V2/2. Riffs_Melodies-重复连复段_旋律音色（非速度同步）/2. Violin Low & Long (Major_Minor) - 低音长音小提琴（大小调通用）/Violin Low & Long (A#_Bb).wav	19034490
Multiply Sound@影采/2.Film Score Collection V2/2. Film Score Collection V2/2. Riffs_Melodies-重复连复段_旋律音色（非速度同步）/2. Violin Low & Long (Major_Minor) - 低音长音小提琴（大小调通用）/Violin Low & Long (D).wav	17880948
Multiply Sound@影采/2.Film Score Collection V2/2. Film Score Collection V2/2. Riffs_Melodies-重复连复段_旋律音色（非速度同步）/2. Violin Low & Long (Major_Minor) - 低音长音小提琴（大小调通用）/Violin Low & Long (A).wav	19034492
Multiply Sound@影采/2.Film Score Collection V2/2. Film Score Collection V2/2. Riffs_Melodies-重复连复段_旋律音色（非速度同步）/2. Violin Low & Long (Major_Minor) - 低音长音小提琴（大小调通用）/Violin Low & Long (F).wav	17880946
Multiply Sound@影采/2.Film Score Collection V2/2. Film Score Collection V2/2. Riffs_Melodies-重复连复段_旋律音色（非速度同步）/2. Violin Low & Long (Major_Minor) - 低音长音小提琴（大小调通用）/Violin Low & Long (G#_Ab).wav	19034494
Multiply Sound@影采/2.Film Score Collection V2/2. Film Score Collection V2/2. Riffs_Melodies-重复连复段_旋律音色（非速度同步）/2. Violin Low & Long (Major_Minor) - 低音长音小提琴（大小调通用）/Violin Low & Long (G).wav	19034488
Multiply Sound@影采/2.Film Score Collection V2/2. Film Score Collection V2/2. Riffs_Melodies-重复连复段_旋律音色（非速度同步）/2. Violin Low & Long (Major_Minor) - 低音长音小提琴（大小调通用）/Violin Low & Long (B).wav	19034488
Multiply Sound@影采/2.Film Score Collection V2/2. Film Score Collection V2/2. Riffs_Melodies-重复连复段_旋律音色（非速度同步）/2. Violin Low & Long (Major_Minor) - 低音长音小提琴（大小调通用）/Violin Low & Long (C#_Db).wav	17880948
Multiply Sound@影采/2.Film Score Collection V2/2. Film Score Collection V2/2. Riffs_Melodies-重复连复段_旋律音色（非速度同步）/19. Dark Ethereal Vocals (Minor) - 幽暗空灵人声（小调）/Dark Ethereal Vocals (Cm).wav	7949828
Multiply Sound@影采/2.Film Score Collection V2/2. Film Score Collection V2/2. Riffs_Melodies-重复连复段_旋律音色（非速度同步）/19. Dark Ethereal Vocals (Minor) - 幽暗空灵人声（小调）/Dark Ethereal Vocals (G#m_Abm).wav	7949828
Multiply Sound@影采/2.Film Score Collection V2/2. Film Score Collection V2/2. Riffs_Melodies-重复连复段_旋律音色（非速度同步）/19. Dark Ethereal Vocals (Minor) - 幽暗空灵人声（小调）/Dark Ethereal Vocals (D#m_Ebm).wav	7949828
Multiply Sound@影采/2.Film Score Collection V2/2. Film Score Collection V2/2. Riffs_Melodies-重复连复段_旋律音色（非速度同步）/19. Dark Ethereal Vocals (Minor) - 幽暗空灵人声（小调）/Dark Ethereal Vocals (Em).wav	7949828
Multiply Sound@影采/2.Film Score Collection V2/2. Film Score Collection V2/2. Riffs_Melodies-重复连复段_旋律音色（非速度同步）/19. Dark Ethereal Vocals (Minor) - 幽暗空灵人声（小调）/Dark Ethereal Vocals (Fm).wav	7949828
Multiply Sound@影采/2.Film Score Collection V2/2. Film Score Collection V2/2. Riffs_Melodies-重复连复段_旋律音色（非速度同步）/19. Dark Ethereal Vocals (Minor) - 幽暗空灵人声（小调）/Dark Ethereal Vocals (Bm).wav	7949828
Multiply Sound@影采/2.Film Score Collection V2/2. Film Score Collection V2/2. Riffs_Melodies-重复连复段_旋律音色（非速度同步）/19. Dark Ethereal Vocals (Minor) - 幽暗空灵人声（小调）/Dark Ethereal Vocals (C#m_Dbm).wav	7949826
Multiply Sound@影采/2.Film Score Collection V2/2. Film Score Collection V2/2. Riffs_Melodies-重复连复段_旋律音色（非速度同步）/19. Dark Ethereal Vocals (Minor) - 幽暗空灵人声（小调）/Dark Ethereal Vocals (Am).wav	7949826
Multiply Sound@影采/2.Film Score Collection V2/2. Film Score Collection V2/2. Riffs_Melodies-重复连复段_旋律音色（非速度同步）/19. Dark Ethereal Vocals (Minor) - 幽暗空灵人声（小调）/Dark Ethereal Vocals(Gm).wav	7949828
Multiply Sound@影采/2.Film Score Collection V2/2. Film Score Collection V2/2. Riffs_Melodies-重复连复段_旋律音色（非速度同步）/19. Dark Ethereal Vocals (Minor) - 幽暗空灵人声（小调）/Dark Ethereal Vocals (A#m_Bbm).wav	7949828
Multiply Sound@影采/2.Film Score Collection V2/2. Film Score Collection V2/2. Riffs_Melodies-重复连复段_旋律音色（非速度同步）/19. Dark Ethereal Vocals (Minor) - 幽暗空灵人声（小调）/Dark Ethereal Vocals (Dm).wav	7949826
Multiply Sound@影采/2.Film Score Collection V2/2. Film Score Collection V2/2. Riffs_Melodies-重复连复段_旋律音色（非速度同步）/19. Dark Ethereal Vocals (Minor) - 幽暗空灵人声（小调）/Dark Ethereal Vocals (F#m_Gbm).wav	7949828
Multiply Sound@影采/2.Film Score Collection V2/2. Film Score Collection V2/2. Riffs_Melodies-重复连复段_旋律音色（非速度同步）/16. Violin Complex (Minor) - 复杂织体小提琴（小调）/Violin Complex (A#m_Bbm).wav	14996344
Multiply Sound@影采/2.Film Score Collection V2/2. Film Score Collection V2/2. Riffs_Melodies-重复连复段_旋律音色（非速度同步）/16. Violin Complex (Minor) - 复杂织体小提琴（小调）/Violin Complex (Cm).wav	14996344
Multiply Sound@影采/2.Film Score Collection V2/2. Film Score Collection V2/2. Riffs_Melodies-重复连复段_旋律音色（非速度同步）/16. Violin Complex (Minor) - 复杂织体小提琴（小调）/Violin Complex (D#m_Ebm).wav	14996344
Multiply Sound@影采/2.Film Score Collection V2/2. Film Score Collection V2/2. Riffs_Melodies-重复连复段_旋律音色（非速度同步）/16. Violin Complex (Minor) - 复杂织体小提琴（小调）/Violin Complex (Em).wav	14996344
Multiply Sound@影采/2.Film Score Collection V2/2. Film Score Collection V2/2. Riffs_Melodies-重复连复段_旋律音色（非速度同步）/16. Violin Complex (Minor) - 复杂织体小提琴（小调）/Violin Complex (Bm).wav	14996344
Multiply Sound@影采/2.Film Score Collection V2/2. Film Score Collection V2/2. Riffs_Melodies-重复连复段_旋律音色（非速度同步）/16. Violin Complex (Minor) - 复杂织体小提琴（小调）/Violin Complex (Dm).wav	14996344
Multiply Sound@影采/2.Film Score Collection V2/2. Film Score Collection V2/2. Riffs_Melodies-重复连复段_旋律音色（非速度同步）/16. Violin Complex (Minor) - 复杂织体小提琴（小调）/Violin Complex (Fm).wav	14996344
Multiply Sound@影采/2.Film Score Collection V2/2. Film Score Collection V2/2. Riffs_Melodies-重复连复段_旋律音色（非速度同步）/16. Violin Complex (Minor) - 复杂织体小提琴（小调）/Violin Complex (F#m_Gbm).wav	14996344
Multiply Sound@影采/2.Film Score Collection V2/2. Film Score Collection V2/2. Riffs_Melodies-重复连复段_旋律音色（非速度同步）/16. Violin Complex (Minor) - 复杂织体小提琴（小调）/Violin Complex (Am).wav	14996344
Multiply Sound@影采/2.Film Score Collection V2/2. Film Score Collection V2/2. Riffs_Melodies-重复连复段_旋律音色（非速度同步）/16. Violin Complex (Minor) - 复杂织体小提琴（小调）/Violin Complex (C#m_Dbm).wav	14996344
Multiply Sound@影采/2.Film Score Collection V2/2. Film Score Collection V2/2. Riffs_Melodies-重复连复段_旋律音色（非速度同步）/16. Violin Complex (Minor) - 复杂织体小提琴（小调）/Violin Complex (Gm).wav	14996344
Multiply Sound@影采/2.Film Score Collection V2/2. Film Score Collection V2/2. Riffs_Melodies-重复连复段_旋律音色（非速度同步）/16. Violin Complex (Minor) - 复杂织体小提琴（小调）/Violin Complex (G#m_Abm).wav	14996344
Multiply Sound@影采/2.Film Score Collection V2/2. Film Score Collection V2/2. Riffs_Melodies-重复连复段_旋律音色（非速度同步）/9. Cello Color 2 (Major) - 质感大提琴音色2（大调）/Cello Color 2 (F#_Gb).wav	20763844
Multiply Sound@影采/2.Film Score Collection V2/2. Film Score Collection V2/2. Riffs_Melodies-重复连复段_旋律音色（非速度同步）/9. Cello Color 2 (Major) - 质感大提琴音色2（大调）/Cello Color 2 (A).wav	20763844
Multiply Sound@影采/2.Film Score Collection V2/2. Film Score Collection V2/2. Riffs_Melodies-重复连复段_旋律音色（非速度同步）/9. Cello Color 2 (Major) - 质感大提琴音色2（大调）/Cello Color 2 (C#_Db).wav	28838344
Multiply Sound@影采/2.Film Score Collection V2/2. Film Score Collection V2/2. Riffs_Melodies-重复连复段_旋律音色（非速度同步）/9. Cello Color 2 (Major) - 质感大提琴音色2（大调）/Cello Color 2 (E).wav	20763844
Multiply Sound@影采/2.Film Score Collection V2/2. Film Score Collection V2/2. Riffs_Melodies-重复连复段_旋律音色（非速度同步）/9. Cello Color 2 (Major) - 质感大提琴音色2（大调）/Cello Color 2 (G#_Ab).wav	20763844
Multiply Sound@影采/2.Film Score Collection V2/2. Film Score Collection V2/2. Riffs_Melodies-重复连复段_旋律音色（非速度同步）/9. Cello Color 2 (Major) - 质感大提琴音色2（大调）/Cello Color 2 (B).wav	28838344
Multiply Sound@影采/2.Film Score Collection V2/2. Film Score Collection V2/2. Riffs_Melodies-重复连复段_旋律音色（非速度同步）/9. Cello Color 2 (Major) - 质感大提琴音色2（大调）/Cello Color 2 (F).wav	20763844
Multiply Sound@影采/2.Film Score Collection V2/2. Film Score Collection V2/2. Riffs_Melodies-重复连复段_旋律音色（非速度同步）/9. Cello Color 2 (Major) - 质感大提琴音色2（大调）/Cello Color 2 (C).wav	28838344
Multiply Sound@影采/2.Film Score Collection V2/2. Film Score Collection V2/2. Riffs_Melodies-重复连复段_旋律音色（非速度同步）/9. Cello Color 2 (Major) - 质感大提琴音色2（大调）/Cello Color 2 (A#_Bb).wav	28838344
Multiply Sound@影采/2.Film Score Collection V2/2. Film Score Collection V2/2. Riffs_Melodies-重复连复段_旋律音色（非速度同步）/9. Cello Color 2 (Major) - 质感大提琴音色2（大调）/Cello Color 2 (G).wav	20763844
Multiply Sound@影采/2.Film Score Collection V2/2. Film Score Collection V2/2. Riffs_Melodies-重复连复段_旋律音色（非速度同步）/9. Cello Color 2 (Major) - 质感大提琴音色2（大调）/Cello Color 2 (D#_Eb).wav	28838344
Multiply Sound@影采/2.Film Score Collection V2/2. Film Score Collection V2/2. Riffs_Melodies-重复连复段_旋律音色（非速度同步）/9. Cello Color 2 (Major) - 质感大提琴音色2（大调）/Cello Color 2 (D).wav	28838344
Multiply Sound@影采/2.Film Score Collection V2/2. Film Score Collection V2/2. Riffs_Melodies-重复连复段_旋律音色（非速度同步）/6. Violin Medium (Major) - 中层次小提琴（大调）/Violin Medium (E).wav	9805594
Multiply Sound@影采/2.Film Score Collection V2/2. Film Score Collection V2/2. Riffs_Melodies-重复连复段_旋律音色（非速度同步）/6. Violin Medium (Major) - 中层次小提琴（大调）/Violin Medium (F#_Gb).wav	9805594
Multiply Sound@影采/2.Film Score Collection V2/2. Film Score Collection V2/2. Riffs_Melodies-重复连复段_旋律音色（非速度同步）/6. Violin Medium (Major) - 中层次小提琴（大调）/Violin Medium (C).wav	9805594
Multiply Sound@影采/2.Film Score Collection V2/2. Film Score Collection V2/2. Riffs_Melodies-重复连复段_旋律音色（非速度同步）/6. Violin Medium (Major) - 中层次小提琴（大调）/Violin Medium (C#_Db).wav	9805594
Multiply Sound@影采/2.Film Score Collection V2/2. Film Score Collection V2/2. Riffs_Melodies-重复连复段_旋律音色（非速度同步）/6. Violin Medium (Major) - 中层次小提琴（大调）/Violin Medium (A).wav	9805594
Multiply Sound@影采/2.Film Score Collection V2/2. Film Score Collection V2/2. Riffs_Melodies-重复连复段_旋律音色（非速度同步）/6. Violin Medium (Major) - 中层次小提琴（大调）/Violin Medium (G#_Ab).wav	9805594
Multiply Sound@影采/2.Film Score Collection V2/2. Film Score Collection V2/2. Riffs_Melodies-重复连复段_旋律音色（非速度同步）/6. Violin Medium (Major) - 中层次小提琴（大调）/Violin Medium (A#_Bb).wav	9805594
Multiply Sound@影采/2.Film Score Collection V2/2. Film Score Collection V2/2. Riffs_Melodies-重复连复段_旋律音色（非速度同步）/6. Violin Medium (Major) - 中层次小提琴（大调）/Violin Medium (G).wav	9805594
Multiply Sound@影采/2.Film Score Collection V2/2. Film Score Collection V2/2. Riffs_Melodies-重复连复段_旋律音色（非速度同步）/6. Violin Medium (Major) - 中层次小提琴（大调）/Violin Medium (D#_Eb).wav	9805594
Multiply Sound@影采/2.Film Score Collection V2/2. Film Score Collection V2/2. Riffs_Melodies-重复连复段_旋律音色（非速度同步）/6. Violin Medium (Major) - 中层次小提琴（大调）/Violin Medium (F).wav	9805594
Multiply Sound@影采/2.Film Score Collection V2/2. Film Score Collection V2/2. Riffs_Melodies-重复连复段_旋律音色（非速度同步）/6. Violin Medium (Major) - 中层次小提琴（大调）/Violin Medium (B).wav	9805594
Multiply Sound@影采/2.Film Score Collection V2/2. Film Score Collection V2/2. Riffs_Melodies-重复连复段_旋律音色（非速度同步）/6. Violin Medium (Major) - 中层次小提琴（大调）/Violin Medium (D).wav	9805594
Multiply Sound@影采/2.Film Score Collection V2/2. Film Score Collection V2/2. Riffs_Melodies-重复连复段_旋律音色（非速度同步）/3. Cello High & Long (Major_Minor) - 高音长音大提琴（大小调通用）/Cello High & Long (D).wav	15573094
Multiply Sound@影采/2.Film Score Collection V2/2. Film Score Collection V2/2. Riffs_Melodies-重复连复段_旋律音色（非速度同步）/3. Cello High & Long (Major_Minor) - 高音长音大提琴（大小调通用）/Cello High & Long (B).wav	16149844
Multiply Sound@影采/2.Film Score Collection V2/2. Film Score Collection V2/2. Riffs_Melodies-重复连复段_旋律音色（非速度同步）/3. Cello High & Long (Major_Minor) - 高音长音大提琴（大小调通用）/Cello High & Long (D#_Eb).wav	15573094
Multiply Sound@影采/2.Film Score Collection V2/2. Film Score Collection V2/2. Riffs_Melodies-重复连复段_旋律音色（非速度同步）/3. Cello High & Long (Major_Minor) - 高音长音大提琴（大小调通用）/Cello High & Long (F).wav	15573094
Multiply Sound@影采/2.Film Score Collection V2/2. Film Score Collection V2/2. Riffs_Melodies-重复连复段_旋律音色（非速度同步）/3. Cello High & Long (Major_Minor) - 高音长音大提琴（大小调通用）/Cello High & Long (C).wav	16149844
Multiply Sound@影采/2.Film Score Collection V2/2. Film Score Collection V2/2. Riffs_Melodies-重复连复段_旋律音色（非速度同步）/3. Cello High & Long (Major_Minor) - 高音长音大提琴（大小调通用）/Cello High & Long (E).wav	15573094
Multiply Sound@影采/2.Film Score Collection V2/2. Film Score Collection V2/2. Riffs_Melodies-重复连复段_旋律音色（非速度同步）/3. Cello High & Long (Major_Minor) - 高音长音大提琴（大小调通用）/Cello High & Long (G#_Ab).wav	15573094
Multiply Sound@影采/2.Film Score Collection V2/2. Film Score Collection V2/2. Riffs_Melodies-重复连复段_旋律音色（非速度同步）/3. Cello High & Long (Major_Minor) - 高音长音大提琴（大小调通用）/Cello High & Long (G).wav	15573094
Multiply Sound@影采/2.Film Score Collection V2/2. Film Score Collection V2/2. Riffs_Melodies-重复连复段_旋律音色（非速度同步）/3. Cello High & Long (Major_Minor) - 高音长音大提琴（大小调通用）/Cello High & Long (A#_Bb).wav	16149844
Multiply Sound@影采/2.Film Score Collection V2/2. Film Score Collection V2/2. Riffs_Melodies-重复连复段_旋律音色（非速度同步）/3. Cello High & Long (Major_Minor) - 高音长音大提琴（大小调通用）/Cello High & Long (A).wav	16149844
Multiply Sound@影采/2.Film Score Collection V2/2. Film Score Collection V2/2. Riffs_Melodies-重复连复段_旋律音色（非速度同步）/3. Cello High & Long (Major_Minor) - 高音长音大提琴（大小调通用）/Cello High & Long (F#_Gb).wav	15573094
Multiply Sound@影采/2.Film Score Collection V2/2. Film Score Collection V2/2. Riffs_Melodies-重复连复段_旋律音色（非速度同步）/3. Cello High & Long (Major_Minor) - 高音长音大提琴（大小调通用）/Cello High & Long (C#_Db).wav	15573094
Multiply Sound@影采/2.Film Score Collection V2/2. Film Score Collection V2/2. Riffs_Melodies-重复连复段_旋律音色（非速度同步）/10. Warm Keys (Major) - 暖调键盘音色（大调）/Warm Keys (F).wav	9892108
Multiply Sound@影采/2.Film Score Collection V2/2. Film Score Collection V2/2. Riffs_Melodies-重复连复段_旋律音色（非速度同步）/10. Warm Keys (Major) - 暖调键盘音色（大调）/Warm Keys (B).wav	9892108
Multiply Sound@影采/2.Film Score Collection V2/2. Film Score Collection V2/2. Riffs_Melodies-重复连复段_旋律音色（非速度同步）/10. Warm Keys (Major) - 暖调键盘音色（大调）/Warm Keys (G).wav	9892108
Multiply Sound@影采/2.Film Score Collection V2/2. Film Score Collection V2/2. Riffs_Melodies-重复连复段_旋律音色（非速度同步）/10. Warm Keys (Major) - 暖调键盘音色（大调）/Warm Keys (F#_Gb).wav	9892108
Multiply Sound@影采/2.Film Score Collection V2/2. Film Score Collection V2/2. Riffs_Melodies-重复连复段_旋律音色（非速度同步）/10. Warm Keys (Major) - 暖调键盘音色（大调）/Warm Keys (A).wav	9892108
Multiply Sound@影采/2.Film Score Collection V2/2. Film Score Collection V2/2. Riffs_Melodies-重复连复段_旋律音色（非速度同步）/10. Warm Keys (Major) - 暖调键盘音色（大调）/Warm Keys (D#_Eb).wav	9892108
Multiply Sound@影采/2.Film Score Collection V2/2. Film Score Collection V2/2. Riffs_Melodies-重复连复段_旋律音色（非速度同步）/10. Warm Keys (Major) - 暖调键盘音色（大调）/Warm Keys (G#_Ab).wav	9892108
Multiply Sound@影采/2.Film Score Collection V2/2. Film Score Collection V2/2. Riffs_Melodies-重复连复段_旋律音色（非速度同步）/10. Warm Keys (Major) - 暖调键盘音色（大调）/Warm Keys (A#_Bb).wav	9892108
Multiply Sound@影采/2.Film Score Collection V2/2. Film Score Collection V2/2. Riffs_Melodies-重复连复段_旋律音色（非速度同步）/10. Warm Keys (Major) - 暖调键盘音色（大调）/Warm Keys (C).wav	9892108
Multiply Sound@影采/2.Film Score Collection V2/2. Film Score Collection V2/2. Riffs_Melodies-重复连复段_旋律音色（非速度同步）/10. Warm Keys (Major) - 暖调键盘音色（大调）/Warm Keys (E).wav	9892108
Multiply Sound@影采/2.Film Score Collection V2/2. Film Score Collection V2/2. Riffs_Melodies-重复连复段_旋律音色（非速度同步）/10. Warm Keys (Major) - 暖调键盘音色（大调）/Warm Keys (C#_Db).wav	9892108
Multiply Sound@影采/2.Film Score Collection V2/2. Film Score Collection V2/2. Riffs_Melodies-重复连复段_旋律音色（非速度同步）/10. Warm Keys (Major) - 暖调键盘音色（大调）/Warm Keys (D).wav	9892108
Multiply Sound@影采/2.Film Score Collection V2/2. Film Score Collection V2/2. Riffs_Melodies-重复连复段_旋律音色（非速度同步）/13. Violin Flow (Major) - 流畅连奏小提琴（大调）/Violin Flow (D#_Eb).wav	6345638
Multiply Sound@影采/2.Film Score Collection V2/2. Film Score Collection V2/2. Riffs_Melodies-重复连复段_旋律音色（非速度同步）/13. Violin Flow (Major) - 流畅连奏小提琴（大调）/Violin Flow (G#_Ab).wav	6345640
Multiply Sound@影采/2.Film Score Collection V2/2. Film Score Collection V2/2. Riffs_Melodies-重复连复段_旋律音色（非速度同步）/13. Violin Flow (Major) - 流畅连奏小提琴（大调）/Violin Flow (E).wav	6345636
Multiply Sound@影采/2.Film Score Collection V2/2. Film Score Collection V2/2. Riffs_Melodies-重复连复段_旋律音色（非速度同步）/13. Violin Flow (Major) - 流畅连奏小提琴（大调）/Violin Flow (D).wav	6345636
Multiply Sound@影采/2.Film Score Collection V2/2. Film Score Collection V2/2. Riffs_Melodies-重复连复段_旋律音色（非速度同步）/13. Violin Flow (Major) - 流畅连奏小提琴（大调）/Violin Flow (C#_Db).wav	6345638
Multiply Sound@影采/2.Film Score Collection V2/2. Film Score Collection V2/2. Riffs_Melodies-重复连复段_旋律音色（非速度同步）/13. Violin Flow (Major) - 流畅连奏小提琴（大调）/Violin Flow (B).wav	6345638
Multiply Sound@影采/2.Film Score Collection V2/2. Film Score Collection V2/2. Riffs_Melodies-重复连复段_旋律音色（非速度同步）/13. Violin Flow (Major) - 流畅连奏小提琴（大调）/Violin Flow (F#_Gb).wav	6345638
Multiply Sound@影采/2.Film Score Collection V2/2. Film Score Collection V2/2. Riffs_Melodies-重复连复段_旋律音色（非速度同步）/13. Violin Flow (Major) - 流畅连奏小提琴（大调）/Violin Flow (A).wav	6345638
Multiply Sound@影采/2.Film Score Collection V2/2. Film Score Collection V2/2. Riffs_Melodies-重复连复段_旋律音色（非速度同步）/13. Violin Flow (Major) - 流畅连奏小提琴（大调）/Violin Flow (F).wav	6345638
Multiply Sound@影采/2.Film Score Collection V2/2. Film Score Collection V2/2. Riffs_Melodies-重复连复段_旋律音色（非速度同步）/13. Violin Flow (Major) - 流畅连奏小提琴（大调）/Violin Flow (G).wav	6345638
Multiply Sound@影采/2.Film Score Collection V2/2. Film Score Collection V2/2. Riffs_Melodies-重复连复段_旋律音色（非速度同步）/13. Violin Flow (Major) - 流畅连奏小提琴（大调）/Violin Flow (C).wav	6345638
Multiply Sound@影采/2.Film Score Collection V2/2. Film Score Collection V2/2. Riffs_Melodies-重复连复段_旋律音色（非速度同步）/13. Violin Flow (Major) - 流畅连奏小提琴（大调）/Violin Flow (A#_Bb).wav	6345638
Multiply Sound@影采/2.Film Score Collection V2/2. Film Score Collection V2/2. Riffs_Melodies-重复连复段_旋律音色（非速度同步）/18. Cello Night 2 (Minor) - 暗夜大提琴音色2（小调）/Cello Night 2 (G#m_Abm).wav	9228844
Multiply Sound@影采/2.Film Score Collection V2/2. Film Score Collection V2/2. Riffs_Melodies-重复连复段_旋律音色（非速度同步）/18. Cello Night 2 (Minor) - 暗夜大提琴音色2（小调）/Cello Night 2 (A#m_Bbm).wav	9228844
Multiply Sound@影采/2.Film Score Collection V2/2. Film Score Collection V2/2. Riffs_Melodies-重复连复段_旋律音色（非速度同步）/18. Cello Night 2 (Minor) - 暗夜大提琴音色2（小调）/Cello Night 2 (Dm).wav	9805594
Multiply Sound@影采/2.Film Score Collection V2/2. Film Score Collection V2/2. Riffs_Melodies-重复连复段_旋律音色（非速度同步）/18. Cello Night 2 (Minor) - 暗夜大提琴音色2（小调）/Cello Night 2 (F#m_Gbm).wav	9228844
Multiply Sound@影采/2.Film Score Collection V2/2. Film Score Collection V2/2. Riffs_Melodies-重复连复段_旋律音色（非速度同步）/18. Cello Night 2 (Minor) - 暗夜大提琴音色2（小调）/Cello Night 2 (Bm).wav	9228844
Multiply Sound@影采/2.Film Score Collection V2/2. Film Score Collection V2/2. Riffs_Melodies-重复连复段_旋律音色（非速度同步）/18. Cello Night 2 (Minor) - 暗夜大提琴音色2（小调）/Cello Night 2 (D#m_Ebm).wav	9805594
Multiply Sound@影采/2.Film Score Collection V2/2. Film Score Collection V2/2. Riffs_Melodies-重复连复段_旋律音色（非速度同步）/18. Cello Night 2 (Minor) - 暗夜大提琴音色2（小调）/Cello Night 2 (Gm).wav	9228844
Multiply Sound@影采/2.Film Score Collection V2/2. Film Score Collection V2/2. Riffs_Melodies-重复连复段_旋律音色（非速度同步）/18. Cello Night 2 (Minor) - 暗夜大提琴音色2（小调）/Cello Night 2 (Cm).wav	9228844
Multiply Sound@影采/2.Film Score Collection V2/2. Film Score Collection V2/2. Riffs_Melodies-重复连复段_旋律音色（非速度同步）/18. Cello Night 2 (Minor) - 暗夜大提琴音色2（小调）/Cello Night 2 (Em).wav	9805594
Multiply Sound@影采/2.Film Score Collection V2/2. Film Score Collection V2/2. Riffs_Melodies-重复连复段_旋律音色（非速度同步）/18. Cello Night 2 (Minor) - 暗夜大提琴音色2（小调）/Cello Night 2 (Am).wav	9228844
Multiply Sound@影采/2.Film Score Collection V2/2. Film Score Collection V2/2. Riffs_Melodies-重复连复段_旋律音色（非速度同步）/18. Cello Night 2 (Minor) - 暗夜大提琴音色2（小调）/Cello Night 2 (C#m_Dbm).wav	9805594
Multiply Sound@影采/2.Film Score Collection V2/2. Film Score Collection V2/2. Riffs_Melodies-重复连复段_旋律音色（非速度同步）/18. Cello Night 2 (Minor) - 暗夜大提琴音色2（小调）/Cello Night 2 (Fm).wav	9805594
Multiply Sound@影采/2.Film Score Collection V2/2. Film Score Collection V2/2. Riffs_Melodies-重复连复段_旋律音色（非速度同步）/22. In My Dreams (Minor) - 梦境氛围音色（小调）/In My Dreams - Am.wav	11305144
Multiply Sound@影采/2.Film Score Collection V2/2. Film Score Collection V2/2. Riffs_Melodies-重复连复段_旋律音色（非速度同步）/22. In My Dreams (Minor) - 梦境氛围音色（小调）/In My Dreams - Cm.wav	11305144
Multiply Sound@影采/2.Film Score Collection V2/2. Film Score Collection V2/2. Riffs_Melodies-重复连复段_旋律音色（非速度同步）/22. In My Dreams (Minor) - 梦境氛围音色（小调）/In My Dreams - Fm.wav	11305144
Multiply Sound@影采/2.Film Score Collection V2/2. Film Score Collection V2/2. Riffs_Melodies-重复连复段_旋律音色（非速度同步）/22. In My Dreams (Minor) - 梦境氛围音色（小调）/In My Dreams - Gm.wav	11305144
Multiply Sound@影采/2.Film Score Collection V2/2. Film Score Collection V2/2. Riffs_Melodies-重复连复段_旋律音色（非速度同步）/22. In My Dreams (Minor) - 梦境氛围音色（小调）/In My Dreams - Dm.wav	11305144
Multiply Sound@影采/2.Film Score Collection V2/2. Film Score Collection V2/2. Riffs_Melodies-重复连复段_旋律音色（非速度同步）/22. In My Dreams (Minor) - 梦境氛围音色（小调）/In My Dreams - Bm.wav	11305144
Multiply Sound@影采/2.Film Score Collection V2/2. Film Score Collection V2/2. Riffs_Melodies-重复连复段_旋律音色（非速度同步）/22. In My Dreams (Minor) - 梦境氛围音色（小调）/In My Dreams - G#m_Abm.wav	11305144
Multiply Sound@影采/2.Film Score Collection V2/2. Film Score Collection V2/2. Riffs_Melodies-重复连复段_旋律音色（非速度同步）/22. In My Dreams (Minor) - 梦境氛围音色（小调）/In My Dreams - D#m_Ebm.wav	11305144
Multiply Sound@影采/2.Film Score Collection V2/2. Film Score Collection V2/2. Riffs_Melodies-重复连复段_旋律音色（非速度同步）/22. In My Dreams (Minor) - 梦境氛围音色（小调）/In My Dreams - A#m_Bbm.wav	11305144
Multiply Sound@影采/2.Film Score Collection V2/2. Film Score Collection V2/2. Riffs_Melodies-重复连复段_旋律音色（非速度同步）/22. In My Dreams (Minor) - 梦境氛围音色（小调）/In My Dreams - F#m_Gbm.wav	11305144
Multiply Sound@影采/2.Film Score Collection V2/2. Film Score Collection V2/2. Riffs_Melodies-重复连复段_旋律音色（非速度同步）/22. In My Dreams (Minor) - 梦境氛围音色（小调）/In My Dreams - C#m_Dbm.wav	11305144
Multiply Sound@影采/2.Film Score Collection V2/2. Film Score Collection V2/2. Riffs_Melodies-重复连复段_旋律音色（非速度同步）/22. In My Dreams (Minor) - 梦境氛围音色（小调）/In My Dreams - Em.wav	11305144
Multiply Sound@影采/2.Film Score Collection V2/2. Film Score Collection V2/2. Riffs_Melodies-重复连复段_旋律音色（非速度同步）/17. Cello Night 1 (Minor) - 暗夜大提琴音色1（小调）/Cello Night 1 (Fm).wav	12112594
Multiply Sound@影采/2.Film Score Collection V2/2. Film Score Collection V2/2. Riffs_Melodies-重复连复段_旋律音色（非速度同步）/17. Cello Night 1 (Minor) - 暗夜大提琴音色1（小调）/Cello Night 1 (Am).wav	12112594
Multiply Sound@影采/2.Film Score Collection V2/2. Film Score Collection V2/2. Riffs_Melodies-重复连复段_旋律音色（非速度同步）/17. Cello Night 1 (Minor) - 暗夜大提琴音色1（小调）/Cello Night 1 (D#m_Ebm).wav	12112594
Multiply Sound@影采/2.Film Score Collection V2/2. Film Score Collection V2/2. Riffs_Melodies-重复连复段_旋律音色（非速度同步）/17. Cello Night 1 (Minor) - 暗夜大提琴音色1（小调）/Cello Night 1 (A#m_Bbm).wav	12112594
Multiply Sound@影采/2.Film Score Collection V2/2. Film Score Collection V2/2. Riffs_Melodies-重复连复段_旋律音色（非速度同步）/17. Cello Night 1 (Minor) - 暗夜大提琴音色1（小调）/Cello Night 1 (Gm).wav	12112594
Multiply Sound@影采/2.Film Score Collection V2/2. Film Score Collection V2/2. Riffs_Melodies-重复连复段_旋律音色（非速度同步）/17. Cello Night 1 (Minor) - 暗夜大提琴音色1（小调）/Cello Night 1 (Cm).wav	12112594
Multiply Sound@影采/2.Film Score Collection V2/2. Film Score Collection V2/2. Riffs_Melodies-重复连复段_旋律音色（非速度同步）/17. Cello Night 1 (Minor) - 暗夜大提琴音色1（小调）/Cello Night 1 (Bm).wav	12112594
Multiply Sound@影采/2.Film Score Collection V2/2. Film Score Collection V2/2. Riffs_Melodies-重复连复段_旋律音色（非速度同步）/17. Cello Night 1 (Minor) - 暗夜大提琴音色1（小调）/Cello Night 1 (Em).wav	12112594
Multiply Sound@影采/2.Film Score Collection V2/2. Film Score Collection V2/2. Riffs_Melodies-重复连复段_旋律音色（非速度同步）/17. Cello Night 1 (Minor) - 暗夜大提琴音色1（小调）/Cello Night 1 (C#m_Dbm).wav	12112594
Multiply Sound@影采/2.Film Score Collection V2/2. Film Score Collection V2/2. Riffs_Melodies-重复连复段_旋律音色（非速度同步）/17. Cello Night 1 (Minor) - 暗夜大提琴音色1（小调）/Cello Night 1 (G#m_Abm).wav	12112594
Multiply Sound@影采/2.Film Score Collection V2/2. Film Score Collection V2/2. Riffs_Melodies-重复连复段_旋律音色（非速度同步）/17. Cello Night 1 (Minor) - 暗夜大提琴音色1（小调）/Cello Night 1 (F#m_Gbm).wav	12112594
Multiply Sound@影采/2.Film Score Collection V2/2. Film Score Collection V2/2. Riffs_Melodies-重复连复段_旋律音色（非速度同步）/17. Cello Night 1 (Minor) - 暗夜大提琴音色1（小调）/Cello Night 1 (Dm).wav	12112594
Multiply Sound@影采/2.Film Score Collection V2/2. Film Score Collection V2/2. Riffs_Melodies-重复连复段_旋律音色（非速度同步）/12. String Wonder (Major) - 梦幻弦乐合奏（大调）/String Wonder (B).wav	9539540
Multiply Sound@影采/2.Film Score Collection V2/2. Film Score Collection V2/2. Riffs_Melodies-重复连复段_旋律音色（非速度同步）/12. String Wonder (Major) - 梦幻弦乐合奏（大调）/String Wonder (F).wav	9539540
Multiply Sound@影采/2.Film Score Collection V2/2. Film Score Collection V2/2. Riffs_Melodies-重复连复段_旋律音色（非速度同步）/12. String Wonder (Major) - 梦幻弦乐合奏（大调）/String Wonder (G#_Ab).wav	9539542
Multiply Sound@影采/2.Film Score Collection V2/2. Film Score Collection V2/2. Riffs_Melodies-重复连复段_旋律音色（非速度同步）/12. String Wonder (Major) - 梦幻弦乐合奏（大调）/String Wonder (C).wav	9539540
Multiply Sound@影采/2.Film Score Collection V2/2. Film Score Collection V2/2. Riffs_Melodies-重复连复段_旋律音色（非速度同步）/12. String Wonder (Major) - 梦幻弦乐合奏（大调）/String Wonder (G).wav	9539540
Multiply Sound@影采/2.Film Score Collection V2/2. Film Score Collection V2/2. Riffs_Melodies-重复连复段_旋律音色（非速度同步）/12. String Wonder (Major) - 梦幻弦乐合奏（大调）/String Wonder (A#_Bb).wav	9539540
Multiply Sound@影采/2.Film Score Collection V2/2. Film Score Collection V2/2. Riffs_Melodies-重复连复段_旋律音色（非速度同步）/12. String Wonder (Major) - 梦幻弦乐合奏（大调）/String Wonder (A).wav	9539542
Multiply Sound@影采/2.Film Score Collection V2/2. Film Score Collection V2/2. Riffs_Melodies-重复连复段_旋律音色（非速度同步）/12. String Wonder (Major) - 梦幻弦乐合奏（大调）/String Wonder (C#_Db).wav	9539540
Multiply Sound@影采/2.Film Score Collection V2/2. Film Score Collection V2/2. Riffs_Melodies-重复连复段_旋律音色（非速度同步）/12. String Wonder (Major) - 梦幻弦乐合奏（大调）/String Wonder (E).wav	9539540
Multiply Sound@影采/2.Film Score Collection V2/2. Film Score Collection V2/2. Riffs_Melodies-重复连复段_旋律音色（非速度同步）/12. String Wonder (Major) - 梦幻弦乐合奏（大调）/String Wonder (F#_Gb).wav	9539540
Multiply Sound@影采/2.Film Score Collection V2/2. Film Score Collection V2/2. Riffs_Melodies-重复连复段_旋律音色（非速度同步）/12. String Wonder (Major) - 梦幻弦乐合奏（大调）/String Wonder (D).wav	9539542
Multiply Sound@影采/2.Film Score Collection V2/2. Film Score Collection V2/2. Riffs_Melodies-重复连复段_旋律音色（非速度同步）/12. String Wonder (Major) - 梦幻弦乐合奏（大调）/String Wonder (D#_Eb).wav	9539540
Multiply Sound@影采/2.Film Score Collection V2/2. Film Score Collection V2/2. Riffs_Melodies-重复连复段_旋律音色（非速度同步）/21. Harp Synth (Minor) - 合成竖琴（小调）/Harp Synth - Bm.wav	7772552
Multiply Sound@影采/2.Film Score Collection V2/2. Film Score Collection V2/2. Riffs_Melodies-重复连复段_旋律音色（非速度同步）/21. Harp Synth (Minor) - 合成竖琴（小调）/Harp Synth - A#m_Bbm.wav	7772552
Multiply Sound@影采/2.Film Score Collection V2/2. Film Score Collection V2/2. Riffs_Melodies-重复连复段_旋律音色（非速度同步）/21. Harp Synth (Minor) - 合成竖琴（小调）/Harp Synth - Dm.wav	7772552
Multiply Sound@影采/2.Film Score Collection V2/2. Film Score Collection V2/2. Riffs_Melodies-重复连复段_旋律音色（非速度同步）/21. Harp Synth (Minor) - 合成竖琴（小调）/Harp Synth - Em.wav	7772552
Multiply Sound@影采/2.Film Score Collection V2/2. Film Score Collection V2/2. Riffs_Melodies-重复连复段_旋律音色（非速度同步）/21. Harp Synth (Minor) - 合成竖琴（小调）/Harp Synth - G#m_Abm.wav	7772552
Multiply Sound@影采/2.Film Score Collection V2/2. Film Score Collection V2/2. Riffs_Melodies-重复连复段_旋律音色（非速度同步）/21. Harp Synth (Minor) - 合成竖琴（小调）/Harp Synth - Gm.wav	7772552
Multiply Sound@影采/2.Film Score Collection V2/2. Film Score Collection V2/2. Riffs_Melodies-重复连复段_旋律音色（非速度同步）/21. Harp Synth (Minor) - 合成竖琴（小调）/Harp Synth - Fm.wav	7772552
Multiply Sound@影采/2.Film Score Collection V2/2. Film Score Collection V2/2. Riffs_Melodies-重复连复段_旋律音色（非速度同步）/21. Harp Synth (Minor) - 合成竖琴（小调）/Harp Synth - C#m_Dbm.wav	7772552
Multiply Sound@影采/2.Film Score Collection V2/2. Film Score Collection V2/2. Riffs_Melodies-重复连复段_旋律音色（非速度同步）/21. Harp Synth (Minor) - 合成竖琴（小调）/Harp Synth - Am.wav	7772552
Multiply Sound@影采/2.Film Score Collection V2/2. Film Score Collection V2/2. Riffs_Melodies-重复连复段_旋律音色（非速度同步）/21. Harp Synth (Minor) - 合成竖琴（小调）/Harp Synth - D#m_Ebm.wav	7772552
Multiply Sound@影采/2.Film Score Collection V2/2. Film Score Collection V2/2. Riffs_Melodies-重复连复段_旋律音色（非速度同步）/21. Harp Synth (Minor) - 合成竖琴（小调）/Harp Synth - Cm.wav	7772552
Multiply Sound@影采/2.Film Score Collection V2/2. Film Score Collection V2/2. Riffs_Melodies-重复连复段_旋律音色（非速度同步）/21. Harp Synth (Minor) - 合成竖琴（小调）/Harp Synth - F#m_Gbm.wav	7772552
Multiply Sound@影采/2.Film Score Collection V2/2. Film Score Collection V2/2. Riffs_Melodies-重复连复段_旋律音色（非速度同步）/1. Violin High & Long (Major_Minor) - 高音长音小提琴（大小调通用）/Violin High & Long (F#_Gb).wav	13266802
Multiply Sound@影采/2.Film Score Collection V2/2. Film Score Collection V2/2. Riffs_Melodies-重复连复段_旋律音色（非速度同步）/1. Violin High & Long (Major_Minor) - 高音长音小提琴（大小调通用）/Violin High & Long (C#_Db).wav	14420326
Multiply Sound@影采/2.Film Score Collection V2/2. Film Score Collection V2/2. Riffs_Melodies-重复连复段_旋律音色（非速度同步）/1. Violin High & Long (Major_Minor) - 高音长音小提琴（大小调通用）/Violin High & Long (D).wav	14420326
Multiply Sound@影采/2.Film Score Collection V2/2. Film Score Collection V2/2. Riffs_Melodies-重复连复段_旋律音色（非速度同步）/1. Violin High & Long (Major_Minor) - 高音长音小提琴（大小调通用）/Violin High & Long (A#_Bb).wav	14420324
Multiply Sound@影采/2.Film Score Collection V2/2. Film Score Collection V2/2. Riffs_Melodies-重复连复段_旋律音色（非速度同步）/1. Violin High & Long (Major_Minor) - 高音长音小提琴（大小调通用）/Violin High & Long (G).wav	13266802
Multiply Sound@影采/2.Film Score Collection V2/2. Film Score Collection V2/2. Riffs_Melodies-重复连复段_旋律音色（非速度同步）/1. Violin High & Long (Major_Minor) - 高音长音小提琴（大小调通用）/Violin High & Long (D#_Eb).wav	13266806
Multiply Sound@影采/2.Film Score Collection V2/2. Film Score Collection V2/2. Riffs_Melodies-重复连复段_旋律音色（非速度同步）/1. Violin High & Long (Major_Minor) - 高音长音小提琴（大小调通用）/Violin High & Long (C).wav	14420326
Multiply Sound@影采/2.Film Score Collection V2/2. Film Score Collection V2/2. Riffs_Melodies-重复连复段_旋律音色（非速度同步）/1. Violin High & Long (Major_Minor) - 高音长音小提琴（大小调通用）/Violin High & Long (F).wav	13266802
Multiply Sound@影采/2.Film Score Collection V2/2. Film Score Collection V2/2. Riffs_Melodies-重复连复段_旋律音色（非速度同步）/1. Violin High & Long (Major_Minor) - 高音长音小提琴（大小调通用）/Violin High & Long (B).wav	14420330
Multiply Sound@影采/2.Film Score Collection V2/2. Film Score Collection V2/2. Riffs_Melodies-重复连复段_旋律音色（非速度同步）/1. Violin High & Long (Major_Minor) - 高音长音小提琴（大小调通用）/Violin High & Long (G#_Ab).wav	13266804
Multiply Sound@影采/2.Film Score Collection V2/2. Film Score Collection V2/2. Riffs_Melodies-重复连复段_旋律音色（非速度同步）/1. Violin High & Long (Major_Minor) - 高音长音小提琴（大小调通用）/Violin High & Long (A).wav	14420326
Multiply Sound@影采/2.Film Score Collection V2/2. Film Score Collection V2/2. Riffs_Melodies-重复连复段_旋律音色（非速度同步）/1. Violin High & Long (Major_Minor) - 高音长音小提琴（大小调通用）/Violin High & Long (E).wav	13266806
Multiply Sound@影采/2.Film Score Collection V2/2. Film Score Collection V2/2. Riffs_Melodies-重复连复段_旋律音色（非速度同步）/15. Violin Medium (Minor) - 中层次小提琴（小调）/Violin Medium (G#m_Abm).wav	14419594
Multiply Sound@影采/2.Film Score Collection V2/2. Film Score Collection V2/2. Riffs_Melodies-重复连复段_旋律音色（非速度同步）/15. Violin Medium (Minor) - 中层次小提琴（小调）/Violin Medium (F#m_Gbm).wav	14419594
Multiply Sound@影采/2.Film Score Collection V2/2. Film Score Collection V2/2. Riffs_Melodies-重复连复段_旋律音色（非速度同步）/15. Violin Medium (Minor) - 中层次小提琴（小调）/Violin Medium (A#m_Bbm).wav	14419594
Multiply Sound@影采/2.Film Score Collection V2/2. Film Score Collection V2/2. Riffs_Melodies-重复连复段_旋律音色（非速度同步）/15. Violin Medium (Minor) - 中层次小提琴（小调）/Violin Medium (Am).wav	14419594
Multiply Sound@影采/2.Film Score Collection V2/2. Film Score Collection V2/2. Riffs_Melodies-重复连复段_旋律音色（非速度同步）/15. Violin Medium (Minor) - 中层次小提琴（小调）/Violin Medium (Fm).wav	14419594
Multiply Sound@影采/2.Film Score Collection V2/2. Film Score Collection V2/2. Riffs_Melodies-重复连复段_旋律音色（非速度同步）/15. Violin Medium (Minor) - 中层次小提琴（小调）/Violin Medium (Bm).wav	14419594
Multiply Sound@影采/2.Film Score Collection V2/2. Film Score Collection V2/2. Riffs_Melodies-重复连复段_旋律音色（非速度同步）/15. Violin Medium (Minor) - 中层次小提琴（小调）/Violin Medium (D#m_Ebm).wav	14419594
Multiply Sound@影采/2.Film Score Collection V2/2. Film Score Collection V2/2. Riffs_Melodies-重复连复段_旋律音色（非速度同步）/15. Violin Medium (Minor) - 中层次小提琴（小调）/Violin Medium (Gm).wav	14419594
Multiply Sound@影采/2.Film Score Collection V2/2. Film Score Collection V2/2. Riffs_Melodies-重复连复段_旋律音色（非速度同步）/15. Violin Medium (Minor) - 中层次小提琴（小调）/Violin Medium (C#m_Dbm).wav	14419594
Multiply Sound@影采/2.Film Score Collection V2/2. Film Score Collection V2/2. Riffs_Melodies-重复连复段_旋律音色（非速度同步）/15. Violin Medium (Minor) - 中层次小提琴（小调）/Violin Medium (Em).wav	14419594
Multiply Sound@影采/2.Film Score Collection V2/2. Film Score Collection V2/2. Riffs_Melodies-重复连复段_旋律音色（非速度同步）/15. Violin Medium (Minor) - 中层次小提琴（小调）/Violin Medium (Cm).wav	14419594
Multiply Sound@影采/2.Film Score Collection V2/2. Film Score Collection V2/2. Riffs_Melodies-重复连复段_旋律音色（非速度同步）/15. Violin Medium (Minor) - 中层次小提琴（小调）/Violin Medium (Dm).wav	14419594
Multiply Sound@影采/2.Film Score Collection V2/2. Film Score Collection V2/2. Riffs_Melodies-重复连复段_旋律音色（非速度同步）/8. Cello Color 1 (Major) - 质感大提琴音色1（大调）/Cello Color 1 (F#_Gb).wav	6345094
Multiply Sound@影采/2.Film Score Collection V2/2. Film Score Collection V2/2. Riffs_Melodies-重复连复段_旋律音色（非速度同步）/8. Cello Color 1 (Major) - 质感大提琴音色1（大调）/Cello Color 1 (D#_Eb).wav	6345094
Multiply Sound@影采/2.Film Score Collection V2/2. Film Score Collection V2/2. Riffs_Melodies-重复连复段_旋律音色（非速度同步）/8. Cello Color 1 (Major) - 质感大提琴音色1（大调）/Cello Color 1 (F).wav	6345094
Multiply Sound@影采/2.Film Score Collection V2/2. Film Score Collection V2/2. Riffs_Melodies-重复连复段_旋律音色（非速度同步）/8. Cello Color 1 (Major) - 质感大提琴音色1（大调）/Cello Color 1 (G).wav	6345094
Multiply Sound@影采/2.Film Score Collection V2/2. Film Score Collection V2/2. Riffs_Melodies-重复连复段_旋律音色（非速度同步）/8. Cello Color 1 (Major) - 质感大提琴音色1（大调）/Cello Color 1 (E).wav	6345094
Multiply Sound@影采/2.Film Score Collection V2/2. Film Score Collection V2/2. Riffs_Melodies-重复连复段_旋律音色（非速度同步）/8. Cello Color 1 (Major) - 质感大提琴音色1（大调）/Cello Color 1 (A#_Bb).wav	7498594
Multiply Sound@影采/2.Film Score Collection V2/2. Film Score Collection V2/2. Riffs_Melodies-重复连复段_旋律音色（非速度同步）/8. Cello Color 1 (Major) - 质感大提琴音色1（大调）/Cello Color 1 (G#_Ab).wav	7498594
Multiply Sound@影采/2.Film Score Collection V2/2. Film Score Collection V2/2. Riffs_Melodies-重复连复段_旋律音色（非速度同步）/8. Cello Color 1 (Major) - 质感大提琴音色1（大调）/Cello Color 1 (D).wav	7498594
Multiply Sound@影采/2.Film Score Collection V2/2. Film Score Collection V2/2. Riffs_Melodies-重复连复段_旋律音色（非速度同步）/8. Cello Color 1 (Major) - 质感大提琴音色1（大调）/Cello Color 1 (C).wav	7498594
Multiply Sound@影采/2.Film Score Collection V2/2. Film Score Collection V2/2. Riffs_Melodies-重复连复段_旋律音色（非速度同步）/8. Cello Color 1 (Major) - 质感大提琴音色1（大调）/Cello Color 1 (B).wav	7498594
Multiply Sound@影采/2.Film Score Collection V2/2. Film Score Collection V2/2. Riffs_Melodies-重复连复段_旋律音色（非速度同步）/8. Cello Color 1 (Major) - 质感大提琴音色1（大调）/Cello Color 1 (A).wav	7498594
Multiply Sound@影采/2.Film Score Collection V2/2. Film Score Collection V2/2. Riffs_Melodies-重复连复段_旋律音色（非速度同步）/8. Cello Color 1 (Major) - 质感大提琴音色1（大调）/Cello Color 1 (C#_Db).wav	7498594
Multiply Sound@影采/2.Film Score Collection V2/2. Film Score Collection V2/2. Riffs_Melodies-重复连复段_旋律音色（非速度同步）/4. Piano High & Long (Major_Minor) - 高音长音钢琴（大小调通用）/Piano High & Long (B).wav	13843566
Multiply Sound@影采/2.Film Score Collection V2/2. Film Score Collection V2/2. Riffs_Melodies-重复连复段_旋律音色（非速度同步）/4. Piano High & Long (Major_Minor) - 高音长音钢琴（大小调通用）/Piano High & Long (F).wav	13843566
Multiply Sound@影采/2.Film Score Collection V2/2. Film Score Collection V2/2. Riffs_Melodies-重复连复段_旋律音色（非速度同步）/4. Piano High & Long (Major_Minor) - 高音长音钢琴（大小调通用）/Piano High & Long (A).wav	13843564
Multiply Sound@影采/2.Film Score Collection V2/2. Film Score Collection V2/2. Riffs_Melodies-重复连复段_旋律音色（非速度同步）/4. Piano High & Long (Major_Minor) - 高音长音钢琴（大小调通用）/Piano High & Long (D).wav	13843564
Multiply Sound@影采/2.Film Score Collection V2/2. Film Score Collection V2/2. Riffs_Melodies-重复连复段_旋律音色（非速度同步）/4. Piano High & Long (Major_Minor) - 高音长音钢琴（大小调通用）/Piano High & Long (G#_Ab).wav	13843562
Multiply Sound@影采/2.Film Score Collection V2/2. Film Score Collection V2/2. Riffs_Melodies-重复连复段_旋律音色（非速度同步）/4. Piano High & Long (Major_Minor) - 高音长音钢琴（大小调通用）/Piano High & Long (F#_Gb).wav	13843562
Multiply Sound@影采/2.Film Score Collection V2/2. Film Score Collection V2/2. Riffs_Melodies-重复连复段_旋律音色（非速度同步）/4. Piano High & Long (Major_Minor) - 高音长音钢琴（大小调通用）/Piano High & Long (G).wav	13843564
Multiply Sound@影采/2.Film Score Collection V2/2. Film Score Collection V2/2. Riffs_Melodies-重复连复段_旋律音色（非速度同步）/4. Piano High & Long (Major_Minor) - 高音长音钢琴（大小调通用）/Piano High & Long (D#_Eb).wav	13843566
Multiply Sound@影采/2.Film Score Collection V2/2. Film Score Collection V2/2. Riffs_Melodies-重复连复段_旋律音色（非速度同步）/4. Piano High & Long (Major_Minor) - 高音长音钢琴（大小调通用）/Piano High & Long (C#_Db).wav	13843564
Multiply Sound@影采/2.Film Score Collection V2/2. Film Score Collection V2/2. Riffs_Melodies-重复连复段_旋律音色（非速度同步）/4. Piano High & Long (Major_Minor) - 高音长音钢琴（大小调通用）/Piano High & Long (C).wav	13843564
Multiply Sound@影采/2.Film Score Collection V2/2. Film Score Collection V2/2. Riffs_Melodies-重复连复段_旋律音色（非速度同步）/4. Piano High & Long (Major_Minor) - 高音长音钢琴（大小调通用）/Piano High & Long (A#_Bb).wav	13843566
Multiply Sound@影采/2.Film Score Collection V2/2. Film Score Collection V2/2. Riffs_Melodies-重复连复段_旋律音色（非速度同步）/4. Piano High & Long (Major_Minor) - 高音长音钢琴（大小调通用）/Piano High & Long (E).wav	13843562
Multiply Sound@影采/2.Film Score Collection V2/2. Film Score Collection V2/2. Riffs_Melodies-重复连复段_旋律音色（非速度同步）/24. Piano Night (Minor) - 夜色钢琴（小调）/Piano Night (G#_Abm).txt	240
Multiply Sound@影采/2.Film Score Collection V2/2. Film Score Collection V2/2. Riffs_Melodies-重复连复段_旋律音色（非速度同步）/24. Piano Night (Minor) - 夜色钢琴（小调）/Piano Night (D#m_Ebm).wav	8075928
Multiply Sound@影采/2.Film Score Collection V2/2. Film Score Collection V2/2. Riffs_Melodies-重复连复段_旋律音色（非速度同步）/24. Piano Night (Minor) - 夜色钢琴（小调）/Piano Night (Bm).wav	8652692
Multiply Sound@影采/2.Film Score Collection V2/2. Film Score Collection V2/2. Riffs_Melodies-重复连复段_旋律音色（非速度同步）/24. Piano Night (Minor) - 夜色钢琴（小调）/Piano Night (Cm).wav	8075928
Multiply Sound@影采/2.Film Score Collection V2/2. Film Score Collection V2/2. Riffs_Melodies-重复连复段_旋律音色（非速度同步）/24. Piano Night (Minor) - 夜色钢琴（小调）/Piano Night (C#m_Dbm).wav	8075928
Multiply Sound@影采/2.Film Score Collection V2/2. Film Score Collection V2/2. Riffs_Melodies-重复连复段_旋律音色（非速度同步）/24. Piano Night (Minor) - 夜色钢琴（小调）/Piano Night (Am).wav	8652690
Multiply Sound@影采/2.Film Score Collection V2/2. Film Score Collection V2/2. Riffs_Melodies-重复连复段_旋律音色（非速度同步）/24. Piano Night (Minor) - 夜色钢琴（小调）/Piano Night (A#m_Bbm).wav	8652690
Multiply Sound@影采/2.Film Score Collection V2/2. Film Score Collection V2/2. Riffs_Melodies-重复连复段_旋律音色（非速度同步）/24. Piano Night (Minor) - 夜色钢琴（小调）/Piano Night (F#m_Gbm).wav	8652690
Multiply Sound@影采/2.Film Score Collection V2/2. Film Score Collection V2/2. Riffs_Melodies-重复连复段_旋律音色（非速度同步）/24. Piano Night (Minor) - 夜色钢琴（小调）/Piano Night (Fm).wav	8075930
Multiply Sound@影采/2.Film Score Collection V2/2. Film Score Collection V2/2. Riffs_Melodies-重复连复段_旋律音色（非速度同步）/24. Piano Night (Minor) - 夜色钢琴（小调）/Piano Night (G#_Abm).wav	8652690
Multiply Sound@影采/2.Film Score Collection V2/2. Film Score Collection V2/2. Riffs_Melodies-重复连复段_旋律音色（非速度同步）/24. Piano Night (Minor) - 夜色钢琴（小调）/Piano Night (Em).wav	8075928
Multiply Sound@影采/2.Film Score Collection V2/2. Film Score Collection V2/2. Riffs_Melodies-重复连复段_旋律音色（非速度同步）/24. Piano Night (Minor) - 夜色钢琴（小调）/Piano Night (Gm).wav	8652690
Multiply Sound@影采/2.Film Score Collection V2/2. Film Score Collection V2/2. Riffs_Melodies-重复连复段_旋律音色（非速度同步）/24. Piano Night (Minor) - 夜色钢琴（小调）/Piano Night (Dm).wav	8075928
Multiply Sound@影采/2.Film Score Collection V2/2. Film Score Collection V2/2. Riffs_Melodies-重复连复段_旋律音色（非速度同步）/5. Violin Basic (Major) - 基础小提琴（大调）/Violin Basic (C#_Db).wav	14420326
Multiply Sound@影采/2.Film Score Collection V2/2. Film Score Collection V2/2. Riffs_Melodies-重复连复段_旋律音色（非速度同步）/5. Violin Basic (Major) - 基础小提琴（大调）/Violin Basic (A).wav	16150652
Multiply Sound@影采/2.Film Score Collection V2/2. Film Score Collection V2/2. Riffs_Melodies-重复连复段_旋律音色（非速度同步）/5. Violin Basic (Major) - 基础小提琴（大调）/Violin Basic (B).wav	16150644
Multiply Sound@影采/2.Film Score Collection V2/2. Film Score Collection V2/2. Riffs_Melodies-重复连复段_旋律音色（非速度同步）/5. Violin Basic (Major) - 基础小提琴（大调）/Violin Basic (D).wav	14420332
Multiply Sound@影采/2.Film Score Collection V2/2. Film Score Collection V2/2. Riffs_Melodies-重复连复段_旋律音色（非速度同步）/5. Violin Basic (Major) - 基础小提琴（大调）/Violin Basic (G).wav	16150644
Multiply Sound@影采/2.Film Score Collection V2/2. Film Score Collection V2/2. Riffs_Melodies-重复连复段_旋律音色（非速度同步）/5. Violin Basic (Major) - 基础小提琴（大调）/Violin Basic (F#_Gb).wav	14420326
Multiply Sound@影采/2.Film Score Collection V2/2. Film Score Collection V2/2. Riffs_Melodies-重复连复段_旋律音色（非速度同步）/5. Violin Basic (Major) - 基础小提琴（大调）/Violin Basic (F).wav	14420326
Multiply Sound@影采/2.Film Score Collection V2/2. Film Score Collection V2/2. Riffs_Melodies-重复连复段_旋律音色（非速度同步）/5. Violin Basic (Major) - 基础小提琴（大调）/Violin Basic (A#_Bb).wav	16150652
Multiply Sound@影采/2.Film Score Collection V2/2. Film Score Collection V2/2. Riffs_Melodies-重复连复段_旋律音色（非速度同步）/5. Violin Basic (Major) - 基础小提琴（大调）/Violin Basic (C).wav	16150644
Multiply Sound@影采/2.Film Score Collection V2/2. Film Score Collection V2/2. Riffs_Melodies-重复连复段_旋律音色（非速度同步）/5. Violin Basic (Major) - 基础小提琴（大调）/Violin Basic (D#_Eb).wav	14420332
Multiply Sound@影采/2.Film Score Collection V2/2. Film Score Collection V2/2. Riffs_Melodies-重复连复段_旋律音色（非速度同步）/5. Violin Basic (Major) - 基础小提琴（大调）/Violin Basic (G#_Ab).wav	16150652
Multiply Sound@影采/2.Film Score Collection V2/2. Film Score Collection V2/2. Riffs_Melodies-重复连复段_旋律音色（非速度同步）/5. Violin Basic (Major) - 基础小提琴（大调）/Violin Basic (E).wav	14420326
Multiply Sound@影采/2.Film Score Collection V2/2. Film Score Collection V2/2. Riffs_Melodies-重复连复段_旋律音色（非速度同步）/20. Dreamy Vocals (Minor) - 梦幻朦胧人声（小调）/Dreamy Vocals (A#m_Bbm).wav	11305822
Multiply Sound@影采/2.Film Score Collection V2/2. Film Score Collection V2/2. Riffs_Melodies-重复连复段_旋律音色（非速度同步）/20. Dreamy Vocals (Minor) - 梦幻朦胧人声（小调）/Dreamy Vocals (G#m_Abm).wav	11305822
Multiply Sound@影采/2.Film Score Collection V2/2. Film Score Collection V2/2. Riffs_Melodies-重复连复段_旋律音色（非速度同步）/20. Dreamy Vocals (Minor) - 梦幻朦胧人声（小调）/Dreamy Vocals (Am).wav	11305824
Multiply Sound@影采/2.Film Score Collection V2/2. Film Score Collection V2/2. Riffs_Melodies-重复连复段_旋律音色（非速度同步）/20. Dreamy Vocals (Minor) - 梦幻朦胧人声（小调）/Dreamy Vocals (F#m_Gbm).wav	11305824
Multiply Sound@影采/2.Film Score Collection V2/2. Film Score Collection V2/2. Riffs_Melodies-重复连复段_旋律音色（非速度同步）/20. Dreamy Vocals (Minor) - 梦幻朦胧人声（小调）/Dreamy Vocals (Bm).wav	11305822
Multiply Sound@影采/2.Film Score Collection V2/2. Film Score Collection V2/2. Riffs_Melodies-重复连复段_旋律音色（非速度同步）/20. Dreamy Vocals (Minor) - 梦幻朦胧人声（小调）/Dreamy Vocals (Em).wav	10599280
Multiply Sound@影采/2.Film Score Collection V2/2. Film Score Collection V2/2. Riffs_Melodies-重复连复段_旋律音色（非速度同步）/20. Dreamy Vocals (Minor) - 梦幻朦胧人声（小调）/Dreamy Vocals (Fm).wav	11305822
Multiply Sound@影采/2.Film Score Collection V2/2. Film Score Collection V2/2. Riffs_Melodies-重复连复段_旋律音色（非速度同步）/20. Dreamy Vocals (Minor) - 梦幻朦胧人声（小调）/Dreamy Vocals (Cm).wav	11305818
Multiply Sound@影采/2.Film Score Collection V2/2. Film Score Collection V2/2. Riffs_Melodies-重复连复段_旋律音色（非速度同步）/20. Dreamy Vocals (Minor) - 梦幻朦胧人声（小调）/Dreamy Vocals (C#m_Dbm).wav	10599280
Multiply Sound@影采/2.Film Score Collection V2/2. Film Score Collection V2/2. Riffs_Melodies-重复连复段_旋律音色（非速度同步）/20. Dreamy Vocals (Minor) - 梦幻朦胧人声（小调）/Dreamy Vocals (D#m_Ebm).wav	10599272
Multiply Sound@影采/2.Film Score Collection V2/2. Film Score Collection V2/2. Riffs_Melodies-重复连复段_旋律音色（非速度同步）/20. Dreamy Vocals (Minor) - 梦幻朦胧人声（小调）/Dreamy Vocals (Dm).wav	10599280
Multiply Sound@影采/2.Film Score Collection V2/2. Film Score Collection V2/2. Riffs_Melodies-重复连复段_旋律音色（非速度同步）/20. Dreamy Vocals (Minor) - 梦幻朦胧人声（小调）/Dreamy Vocals (Gm).wav	11305824
Multiply Sound@影采/2.Film Score Collection V2/2. Film Score Collection V2/2. Riffs_Melodies-重复连复段_旋律音色（非速度同步）/7. Violin Complex (Major) - 复杂织体小提琴（大调）/Violin Complex (F#_Gb).wav	14997116
Multiply Sound@影采/2.Film Score Collection V2/2. Film Score Collection V2/2. Riffs_Melodies-重复连复段_旋律音色（非速度同步）/7. Violin Complex (Major) - 复杂织体小提琴（大调）/Violin Complex (D).wav	14997116
Multiply Sound@影采/2.Film Score Collection V2/2. Film Score Collection V2/2. Riffs_Melodies-重复连复段_旋律音色（非速度同步）/7. Violin Complex (Major) - 复杂织体小提琴（大调）/Violin Complex (C#_Db).wav	14997122
Multiply Sound@影采/2.Film Score Collection V2/2. Film Score Collection V2/2. Riffs_Melodies-重复连复段_旋律音色（非速度同步）/7. Violin Complex (Major) - 复杂织体小提琴（大调）/Violin Complex (D#_Eb).wav	14997122
Multiply Sound@影采/2.Film Score Collection V2/2. Film Score Collection V2/2. Riffs_Melodies-重复连复段_旋律音色（非速度同步）/7. Violin Complex (Major) - 复杂织体小提琴（大调）/Violin Complex (G#_Ab).wav	14997122
Multiply Sound@影采/2.Film Score Collection V2/2. Film Score Collection V2/2. Riffs_Melodies-重复连复段_旋律音色（非速度同步）/7. Violin Complex (Major) - 复杂织体小提琴（大调）/Violin Complex (E).wav	14997114
Multiply Sound@影采/2.Film Score Collection V2/2. Film Score Collection V2/2. Riffs_Melodies-重复连复段_旋律音色（非速度同步）/7. Violin Complex (Major) - 复杂织体小提琴（大调）/Violin Complex (C).wav	14997122
Multiply Sound@影采/2.Film Score Collection V2/2. Film Score Collection V2/2. Riffs_Melodies-重复连复段_旋律音色（非速度同步）/7. Violin Complex (Major) - 复杂织体小提琴（大调）/Violin Complex (A#_Bb).wav	14997116
Multiply Sound@影采/2.Film Score Collection V2/2. Film Score Collection V2/2. Riffs_Melodies-重复连复段_旋律音色（非速度同步）/7. Violin Complex (Major) - 复杂织体小提琴（大调）/Violin Complex (B).wav	14997116
Multiply Sound@影采/2.Film Score Collection V2/2. Film Score Collection V2/2. Riffs_Melodies-重复连复段_旋律音色（非速度同步）/7. Violin Complex (Major) - 复杂织体小提琴（大调）/Violin Complex (F).wav	14997116
Multiply Sound@影采/2.Film Score Collection V2/2. Film Score Collection V2/2. Riffs_Melodies-重复连复段_旋律音色（非速度同步）/7. Violin Complex (Major) - 复杂织体小提琴（大调）/Violin Complex (A).wav	14997122
Multiply Sound@影采/2.Film Score Collection V2/2. Film Score Collection V2/2. Riffs_Melodies-重复连复段_旋律音色（非速度同步）/7. Violin Complex (Major) - 复杂织体小提琴（大调）/Violin Complex (G).wav	14997122
Multiply Sound@影采/2.Film Score Collection V2/2. Film Score Collection V2/2. Riffs_Melodies-重复连复段_旋律音色（非速度同步）/11. Piano Color (Major) - 色彩钢琴音色（大调）/Piano Color (A).wav	11536510
Multiply Sound@影采/2.Film Score Collection V2/2. Film Score Collection V2/2. Riffs_Melodies-重复连复段_旋律音色（非速度同步）/11. Piano Color (Major) - 色彩钢琴音色（大调）/Piano Color (C#_Db).wav	11536510
Multiply Sound@影采/2.Film Score Collection V2/2. Film Score Collection V2/2. Riffs_Melodies-重复连复段_旋律音色（非速度同步）/11. Piano Color (Major) - 色彩钢琴音色（大调）/Piano Color (D#_Eb).wav	11536510
Multiply Sound@影采/2.Film Score Collection V2/2. Film Score Collection V2/2. Riffs_Melodies-重复连复段_旋律音色（非速度同步）/11. Piano Color (Major) - 色彩钢琴音色（大调）/Piano Color (G#_Ab).wav	11536510
Multiply Sound@影采/2.Film Score Collection V2/2. Film Score Collection V2/2. Riffs_Melodies-重复连复段_旋律音色（非速度同步）/11. Piano Color (Major) - 色彩钢琴音色（大调）/Piano Color (E).wav	11536510
Multiply Sound@影采/2.Film Score Collection V2/2. Film Score Collection V2/2. Riffs_Melodies-重复连复段_旋律音色（非速度同步）/11. Piano Color (Major) - 色彩钢琴音色（大调）/Piano Color (A#_Bb).wav	11536510
Multiply Sound@影采/2.Film Score Collection V2/2. Film Score Collection V2/2. Riffs_Melodies-重复连复段_旋律音色（非速度同步）/11. Piano Color (Major) - 色彩钢琴音色（大调）/Piano Color (F).wav	11536510
Multiply Sound@影采/2.Film Score Collection V2/2. Film Score Collection V2/2. Riffs_Melodies-重复连复段_旋律音色（非速度同步）/11. Piano Color (Major) - 色彩钢琴音色（大调）/Piano Color (B).wav	11536510
Multiply Sound@影采/2.Film Score Collection V2/2. Film Score Collection V2/2. Riffs_Melodies-重复连复段_旋律音色（非速度同步）/11. Piano Color (Major) - 色彩钢琴音色（大调）/Piano Color (D).wav	11536508
Multiply Sound@影采/2.Film Score Collection V2/2. Film Score Collection V2/2. Riffs_Melodies-重复连复段_旋律音色（非速度同步）/11. Piano Color (Major) - 色彩钢琴音色（大调）/Piano Color (C).wav	11536510
Multiply Sound@影采/2.Film Score Collection V2/2. Film Score Collection V2/2. Riffs_Melodies-重复连复段_旋律音色（非速度同步）/11. Piano Color (Major) - 色彩钢琴音色（大调）/Piano Color (F#_Gb).wav	11536510
Multiply Sound@影采/2.Film Score Collection V2/2. Film Score Collection V2/2. Riffs_Melodies-重复连复段_旋律音色（非速度同步）/11. Piano Color (Major) - 色彩钢琴音色（大调）/Piano Color (G).wav	11536510
Multiply Sound@影采/2.Film Score Collection V2/2. Film Score Collection V2/6.  Melodic Risers-旋律渐强上升音色（粘合效果）/10. Long Journey (Major) - 漫漫长途氛围（大调）/Long Journey (D).wav	11305822
Multiply Sound@影采/2.Film Score Collection V2/2. Film Score Collection V2/6.  Melodic Risers-旋律渐强上升音色（粘合效果）/10. Long Journey (Major) - 漫漫长途氛围（大调）/Long Journey (C).wav	11305824
Multiply Sound@影采/2.Film Score Collection V2/2. Film Score Collection V2/6.  Melodic Risers-旋律渐强上升音色（粘合效果）/10. Long Journey (Major) - 漫漫长途氛围（大调）/Long Journey (A).wav	11305822
Multiply Sound@影采/2.Film Score Collection V2/2. Film Score Collection V2/6.  Melodic Risers-旋律渐强上升音色（粘合效果）/10. Long Journey (Major) - 漫漫长途氛围（大调）/Long Journey (G).wav	11305822
Multiply Sound@影采/2.Film Score Collection V2/2. Film Score Collection V2/6.  Melodic Risers-旋律渐强上升音色（粘合效果）/10. Long Journey (Major) - 漫漫长途氛围（大调）/Long Journey (C#_Db).wav	11305822
Multiply Sound@影采/2.Film Score Collection V2/2. Film Score Collection V2/6.  Melodic Risers-旋律渐强上升音色（粘合效果）/10. Long Journey (Major) - 漫漫长途氛围（大调）/Long Journey (G#_Ab).wav	11305822
Multiply Sound@影采/2.Film Score Collection V2/2. Film Score Collection V2/6.  Melodic Risers-旋律渐强上升音色（粘合效果）/10. Long Journey (Major) - 漫漫长途氛围（大调）/Long Journey (B).wav	11305822
Multiply Sound@影采/2.Film Score Collection V2/2. Film Score Collection V2/6.  Melodic Risers-旋律渐强上升音色（粘合效果）/10. Long Journey (Major) - 漫漫长途氛围（大调）/Long Journey (D#_Eb).wav	11305822
Multiply Sound@影采/2.Film Score Collection V2/2. Film Score Collection V2/6.  Melodic Risers-旋律渐强上升音色（粘合效果）/10. Long Journey (Major) - 漫漫长途氛围（大调）/Long Journey (A#_Bb).wav	11305822
Multiply Sound@影采/2.Film Score Collection V2/2. Film Score Collection V2/6.  Melodic Risers-旋律渐强上升音色（粘合效果）/10. Long Journey (Major) - 漫漫长途氛围（大调）/Long Journey (F#_Gb).wav	11305822
Multiply Sound@影采/2.Film Score Collection V2/2. Film Score Collection V2/6.  Melodic Risers-旋律渐强上升音色（粘合效果）/10. Long Journey (Major) - 漫漫长途氛围（大调）/Long Journey (E).wav	11305822
Multiply Sound@影采/2.Film Score Collection V2/2. Film Score Collection V2/6.  Melodic Risers-旋律渐强上升音色（粘合效果）/10. Long Journey (Major) - 漫漫长途氛围（大调）/Long Journey (F).wav	11305822
Multiply Sound@影采/2.Film Score Collection V2/2. Film Score Collection V2/6.  Melodic Risers-旋律渐强上升音色（粘合效果）/2. Deep Swell (Major_Minor) - 深沉渐强氛围（大小调通用）/Deep Swell (E).wav	4240460
Multiply Sound@影采/2.Film Score Collection V2/2. Film Score Collection V2/6.  Melodic Risers-旋律渐强上升音色（粘合效果）/2. Deep Swell (Major_Minor) - 深沉渐强氛围（大小调通用）/Deep Swell (C).wav	4240462
Multiply Sound@影采/2.Film Score Collection V2/2. Film Score Collection V2/6.  Melodic Risers-旋律渐强上升音色（粘合效果）/2. Deep Swell (Major_Minor) - 深沉渐强氛围（大小调通用）/Deep Swell (G).wav	4240462
Multiply Sound@影采/2.Film Score Collection V2/2. Film Score Collection V2/6.  Melodic Risers-旋律渐强上升音色（粘合效果）/2. Deep Swell (Major_Minor) - 深沉渐强氛围（大小调通用）/Deep Swell (A).wav	4240462
Multiply Sound@影采/2.Film Score Collection V2/2. Film Score Collection V2/6.  Melodic Risers-旋律渐强上升音色（粘合效果）/2. Deep Swell (Major_Minor) - 深沉渐强氛围（大小调通用）/Deep Swell (B).wav	4240460
Multiply Sound@影采/2.Film Score Collection V2/2. Film Score Collection V2/6.  Melodic Risers-旋律渐强上升音色（粘合效果）/2. Deep Swell (Major_Minor) - 深沉渐强氛围（大小调通用）/Deep Swell (F).wav	4240460
Multiply Sound@影采/2.Film Score Collection V2/2. Film Score Collection V2/6.  Melodic Risers-旋律渐强上升音色（粘合效果）/2. Deep Swell (Major_Minor) - 深沉渐强氛围（大小调通用）/Deep Swell (D).wav	4240462
Multiply Sound@影采/2.Film Score Collection V2/2. Film Score Collection V2/6.  Melodic Risers-旋律渐强上升音色（粘合效果）/2. Deep Swell (Major_Minor) - 深沉渐强氛围（大小调通用）/Deep Swell (C#_Db).wav	4240462
Multiply Sound@影采/2.Film Score Collection V2/2. Film Score Collection V2/6.  Melodic Risers-旋律渐强上升音色（粘合效果）/2. Deep Swell (Major_Minor) - 深沉渐强氛围（大小调通用）/Deep Swell (F#_Gb).wav	4240462
Multiply Sound@影采/2.Film Score Collection V2/2. Film Score Collection V2/6.  Melodic Risers-旋律渐强上升音色（粘合效果）/2. Deep Swell (Major_Minor) - 深沉渐强氛围（大小调通用）/Deep Swell (D#_Eb).wav	4240462
Multiply Sound@影采/2.Film Score Collection V2/2. Film Score Collection V2/6.  Melodic Risers-旋律渐强上升音色（粘合效果）/2. Deep Swell (Major_Minor) - 深沉渐强氛围（大小调通用）/Deep Swell (G#_Ab).wav	4240462
Multiply Sound@影采/2.Film Score Collection V2/2. Film Score Collection V2/6.  Melodic Risers-旋律渐强上升音色（粘合效果）/2. Deep Swell (Major_Minor) - 深沉渐强氛围（大小调通用）/Deep Swell (A#_Bb).wav	4240462
Multiply Sound@影采/2.Film Score Collection V2/2. Film Score Collection V2/6.  Melodic Risers-旋律渐强上升音色（粘合效果）/8. Kingdom Come (Major) - 恢弘圣境氛围（大调）/Kingdom Come (C#_Db).wav	2827398
Multiply Sound@影采/2.Film Score Collection V2/2. Film Score Collection V2/6.  Melodic Risers-旋律渐强上升音色（粘合效果）/8. Kingdom Come (Major) - 恢弘圣境氛围（大调）/Kingdom Come (D).wav	2827398
Multiply Sound@影采/2.Film Score Collection V2/2. Film Score Collection V2/6.  Melodic Risers-旋律渐强上升音色（粘合效果）/8. Kingdom Come (Major) - 恢弘圣境氛围（大调）/Kingdom Come (G#_Ab).wav	2827398
Multiply Sound@影采/2.Film Score Collection V2/2. Film Score Collection V2/6.  Melodic Risers-旋律渐强上升音色（粘合效果）/8. Kingdom Come (Major) - 恢弘圣境氛围（大调）/Kingdom Come (G).wav	2827398
Multiply Sound@影采/2.Film Score Collection V2/2. Film Score Collection V2/6.  Melodic Risers-旋律渐强上升音色（粘合效果）/8. Kingdom Come (Major) - 恢弘圣境氛围（大调）/Kingdom Come (B).wav	2827398
Multiply Sound@影采/2.Film Score Collection V2/2. Film Score Collection V2/6.  Melodic Risers-旋律渐强上升音色（粘合效果）/8. Kingdom Come (Major) - 恢弘圣境氛围（大调）/Kingdom Come (A#_Bb).wav	2827398
Multiply Sound@影采/2.Film Score Collection V2/2. Film Score Collection V2/6.  Melodic Risers-旋律渐强上升音色（粘合效果）/8. Kingdom Come (Major) - 恢弘圣境氛围（大调）/Kingdom Come (F#_Gb).wav	2827398
Multiply Sound@影采/2.Film Score Collection V2/2. Film Score Collection V2/6.  Melodic Risers-旋律渐强上升音色（粘合效果）/8. Kingdom Come (Major) - 恢弘圣境氛围（大调）/Kingdom Come (E).wav	2827398
Multiply Sound@影采/2.Film Score Collection V2/2. Film Score Collection V2/6.  Melodic Risers-旋律渐强上升音色（粘合效果）/8. Kingdom Come (Major) - 恢弘圣境氛围（大调）/Kingdom Come (A).wav	2827398
Multiply Sound@影采/2.Film Score Collection V2/2. Film Score Collection V2/6.  Melodic Risers-旋律渐强上升音色（粘合效果）/8. Kingdom Come (Major) - 恢弘圣境氛围（大调）/Kingdom Come (D#_Eb).wav	2827398
Multiply Sound@影采/2.Film Score Collection V2/2. Film Score Collection V2/6.  Melodic Risers-旋律渐强上升音色（粘合效果）/8. Kingdom Come (Major) - 恢弘圣境氛围（大调）/Kingdom Come (C).wav	2827398
Multiply Sound@影采/2.Film Score Collection V2/2. Film Score Collection V2/6.  Melodic Risers-旋律渐强上升音色（粘合效果）/8. Kingdom Come (Major) - 恢弘圣境氛围（大调）/Kingdom Come (F).wav	2827398
Multiply Sound@影采/2.Film Score Collection V2/2. Film Score Collection V2/6.  Melodic Risers-旋律渐强上升音色（粘合效果）/12. Severance (Minor) - 割裂伤感氛围（小调）/Severance (Em).wav	5384370
Multiply Sound@影采/2.Film Score Collection V2/2. Film Score Collection V2/6.  Melodic Risers-旋律渐强上升音色（粘合效果）/12. Severance (Minor) - 割裂伤感氛围（小调）/Severance (Fm).wav	5384372
Multiply Sound@影采/2.Film Score Collection V2/2. Film Score Collection V2/6.  Melodic Risers-旋律渐强上升音色（粘合效果）/12. Severance (Minor) - 割裂伤感氛围（小调）/Severance (Gm).wav	5384372
Multiply Sound@影采/2.Film Score Collection V2/2. Film Score Collection V2/6.  Melodic Risers-旋律渐强上升音色（粘合效果）/12. Severance (Minor) - 割裂伤感氛围（小调）/Severance (G#m_Abm).wav	5384370
Multiply Sound@影采/2.Film Score Collection V2/2. Film Score Collection V2/6.  Melodic Risers-旋律渐强上升音色（粘合效果）/12. Severance (Minor) - 割裂伤感氛围（小调）/Severance (F#m_Gbm).wav	5384370
Multiply Sound@影采/2.Film Score Collection V2/2. Film Score Collection V2/6.  Melodic Risers-旋律渐强上升音色（粘合效果）/12. Severance (Minor) - 割裂伤感氛围（小调）/Severance (D#m_Ebm).wav	5384370
Multiply Sound@影采/2.Film Score Collection V2/2. Film Score Collection V2/6.  Melodic Risers-旋律渐强上升音色（粘合效果）/12. Severance (Minor) - 割裂伤感氛围（小调）/Severance (C#m_Dbm).wav	5384370
Multiply Sound@影采/2.Film Score Collection V2/2. Film Score Collection V2/6.  Melodic Risers-旋律渐强上升音色（粘合效果）/12. Severance (Minor) - 割裂伤感氛围（小调）/Severance (A#m_Bbm).wav	5384370
Multiply Sound@影采/2.Film Score Collection V2/2. Film Score Collection V2/6.  Melodic Risers-旋律渐强上升音色（粘合效果）/12. Severance (Minor) - 割裂伤感氛围（小调）/Severance (Am).wav	5384372
Multiply Sound@影采/2.Film Score Collection V2/2. Film Score Collection V2/6.  Melodic Risers-旋律渐强上升音色（粘合效果）/12. Severance (Minor) - 割裂伤感氛围（小调）/Severance (Bm).wav	5384370
Multiply Sound@影采/2.Film Score Collection V2/2. Film Score Collection V2/6.  Melodic Risers-旋律渐强上升音色（粘合效果）/12. Severance (Minor) - 割裂伤感氛围（小调）/Severance (Cm).wav	5384372
Multiply Sound@影采/2.Film Score Collection V2/2. Film Score Collection V2/6.  Melodic Risers-旋律渐强上升音色（粘合效果）/12. Severance (Minor) - 割裂伤感氛围（小调）/Severance (Dm).wav	5384370
Multiply Sound@影采/2.Film Score Collection V2/2. Film Score Collection V2/6.  Melodic Risers-旋律渐强上升音色（粘合效果）/7. Harmonic (Major) - 弦乐泛音（大调）/Harmonic (A).wav	3180180
Multiply Sound@影采/2.Film Score Collection V2/2. Film Score Collection V2/6.  Melodic Risers-旋律渐强上升音色（粘合效果）/7. Harmonic (Major) - 弦乐泛音（大调）/Harmonic (D#_Eb).wav	3180180
Multiply Sound@影采/2.Film Score Collection V2/2. Film Score Collection V2/6.  Melodic Risers-旋律渐强上升音色（粘合效果）/7. Harmonic (Major) - 弦乐泛音（大调）/Harmonic (D).wav	3180180
Multiply Sound@影采/2.Film Score Collection V2/2. Film Score Collection V2/6.  Melodic Risers-旋律渐强上升音色（粘合效果）/7. Harmonic (Major) - 弦乐泛音（大调）/Harmonic (B).wav	3180180
Multiply Sound@影采/2.Film Score Collection V2/2. Film Score Collection V2/6.  Melodic Risers-旋律渐强上升音色（粘合效果）/7. Harmonic (Major) - 弦乐泛音（大调）/Harmonic (F).wav	3180180
Multiply Sound@影采/2.Film Score Collection V2/2. Film Score Collection V2/6.  Melodic Risers-旋律渐强上升音色（粘合效果）/7. Harmonic (Major) - 弦乐泛音（大调）/Harmonic (F#_Gb).wav	3180180
Multiply Sound@影采/2.Film Score Collection V2/2. Film Score Collection V2/6.  Melodic Risers-旋律渐强上升音色（粘合效果）/7. Harmonic (Major) - 弦乐泛音（大调）/Harmonic (G#_Ab).wav	3180180
Multiply Sound@影采/2.Film Score Collection V2/2. Film Score Collection V2/6.  Melodic Risers-旋律渐强上升音色（粘合效果）/7. Harmonic (Major) - 弦乐泛音（大调）/Harmonic (C).wav	3180180
Multiply Sound@影采/2.Film Score Collection V2/2. Film Score Collection V2/6.  Melodic Risers-旋律渐强上升音色（粘合效果）/7. Harmonic (Major) - 弦乐泛音（大调）/Harmonic (A#_Bb).wav	3180180
Multiply Sound@影采/2.Film Score Collection V2/2. Film Score Collection V2/6.  Melodic Risers-旋律渐强上升音色（粘合效果）/7. Harmonic (Major) - 弦乐泛音（大调）/Harmonic (E).wav	3180180
Multiply Sound@影采/2.Film Score Collection V2/2. Film Score Collection V2/6.  Melodic Risers-旋律渐强上升音色（粘合效果）/7. Harmonic (Major) - 弦乐泛音（大调）/Harmonic (C#_Db).wav	3180180
Multiply Sound@影采/2.Film Score Collection V2/2. Film Score Collection V2/6.  Melodic Risers-旋律渐强上升音色（粘合效果）/7. Harmonic (Major) - 弦乐泛音（大调）/Harmonic (G).wav	3180180
Multiply Sound@影采/2.Film Score Collection V2/2. Film Score Collection V2/6.  Melodic Risers-旋律渐强上升音色（粘合效果）/14. Violin Trill (Minor) - 小提琴颤音（小调）/Violin Trill (Fm).wav	2885054
Multiply Sound@影采/2.Film Score Collection V2/2. Film Score Collection V2/6.  Melodic Risers-旋律渐强上升音色（粘合效果）/14. Violin Trill (Minor) - 小提琴颤音（小调）/Violin Trill (Am).wav	2885056
Multiply Sound@影采/2.Film Score Collection V2/2. Film Score Collection V2/6.  Melodic Risers-旋律渐强上升音色（粘合效果）/14. Violin Trill (Minor) - 小提琴颤音（小调）/Violin Trill (F#m_Gbm).wav	2885054
Multiply Sound@影采/2.Film Score Collection V2/2. Film Score Collection V2/6.  Melodic Risers-旋律渐强上升音色（粘合效果）/14. Violin Trill (Minor) - 小提琴颤音（小调）/Violin Trill (C#m_Dbm).wav	2885054
Multiply Sound@影采/2.Film Score Collection V2/2. Film Score Collection V2/6.  Melodic Risers-旋律渐强上升音色（粘合效果）/14. Violin Trill (Minor) - 小提琴颤音（小调）/Violin Trill (G#m_Abm).wav	2885054
Multiply Sound@影采/2.Film Score Collection V2/2. Film Score Collection V2/6.  Melodic Risers-旋律渐强上升音色（粘合效果）/14. Violin Trill (Minor) - 小提琴颤音（小调）/Violin Trill (Dm).wav	2885054
Multiply Sound@影采/2.Film Score Collection V2/2. Film Score Collection V2/6.  Melodic Risers-旋律渐强上升音色（粘合效果）/14. Violin Trill (Minor) - 小提琴颤音（小调）/Violin Trill (Gm).wav	2885054
Multiply Sound@影采/2.Film Score Collection V2/2. Film Score Collection V2/6.  Melodic Risers-旋律渐强上升音色（粘合效果）/14. Violin Trill (Minor) - 小提琴颤音（小调）/Violin Trill (Cm).wav	2885054
Multiply Sound@影采/2.Film Score Collection V2/2. Film Score Collection V2/6.  Melodic Risers-旋律渐强上升音色（粘合效果）/14. Violin Trill (Minor) - 小提琴颤音（小调）/Violin Trill (A#_m_Bbm).wav	2885056
Multiply Sound@影采/2.Film Score Collection V2/2. Film Score Collection V2/6.  Melodic Risers-旋律渐强上升音色（粘合效果）/14. Violin Trill (Minor) - 小提琴颤音（小调）/Violin Trill (Bm).wav	2885056
Multiply Sound@影采/2.Film Score Collection V2/2. Film Score Collection V2/6.  Melodic Risers-旋律渐强上升音色（粘合效果）/14. Violin Trill (Minor) - 小提琴颤音（小调）/Violin Trill (Em).wav	2885056
Multiply Sound@影采/2.Film Score Collection V2/2. Film Score Collection V2/6.  Melodic Risers-旋律渐强上升音色（粘合效果）/14. Violin Trill (Minor) - 小提琴颤音（小调）/Violin Trill (D#m_Ebm).wav	2885056
Multiply Sound@影采/2.Film Score Collection V2/2. Film Score Collection V2/6.  Melodic Risers-旋律渐强上升音色（粘合效果）/3. Low Piano Build (Major_Minor) - 低音钢琴渐强铺垫（大小调通用）/Low Piano Build (D).wav	3461818
Multiply Sound@影采/2.Film Score Collection V2/2. Film Score Collection V2/6.  Melodic Risers-旋律渐强上升音色（粘合效果）/3. Low Piano Build (Major_Minor) - 低音钢琴渐强铺垫（大小调通用）/Low Piano Build (C).wav	3461818
Multiply Sound@影采/2.Film Score Collection V2/2. Film Score Collection V2/6.  Melodic Risers-旋律渐强上升音色（粘合效果）/3. Low Piano Build (Major_Minor) - 低音钢琴渐强铺垫（大小调通用）/Low Piano Build (D#_Eb).wav	3461820
Multiply Sound@影采/2.Film Score Collection V2/2. Film Score Collection V2/6.  Melodic Risers-旋律渐强上升音色（粘合效果）/3. Low Piano Build (Major_Minor) - 低音钢琴渐强铺垫（大小调通用）/Low Piano Build (G#_Ab).wav	3461820
Multiply Sound@影采/2.Film Score Collection V2/2. Film Score Collection V2/6.  Melodic Risers-旋律渐强上升音色（粘合效果）/3. Low Piano Build (Major_Minor) - 低音钢琴渐强铺垫（大小调通用）/Low Piano Build (C#_Db).wav	3461818
Multiply Sound@影采/2.Film Score Collection V2/2. Film Score Collection V2/6.  Melodic Risers-旋律渐强上升音色（粘合效果）/3. Low Piano Build (Major_Minor) - 低音钢琴渐强铺垫（大小调通用）/Low Piano Build (F#_Gb).wav	3461818
Multiply Sound@影采/2.Film Score Collection V2/2. Film Score Collection V2/6.  Melodic Risers-旋律渐强上升音色（粘合效果）/3. Low Piano Build (Major_Minor) - 低音钢琴渐强铺垫（大小调通用）/Low Piano Build (G).wav	3461820
Multiply Sound@影采/2.Film Score Collection V2/2. Film Score Collection V2/6.  Melodic Risers-旋律渐强上升音色（粘合效果）/3. Low Piano Build (Major_Minor) - 低音钢琴渐强铺垫（大小调通用）/Low Piano Build (B).wav	3461818
Multiply Sound@影采/2.Film Score Collection V2/2. Film Score Collection V2/6.  Melodic Risers-旋律渐强上升音色（粘合效果）/3. Low Piano Build (Major_Minor) - 低音钢琴渐强铺垫（大小调通用）/Low Piano Build (A#_Bb).wav	3461818
Multiply Sound@影采/2.Film Score Collection V2/2. Film Score Collection V2/6.  Melodic Risers-旋律渐强上升音色（粘合效果）/3. Low Piano Build (Major_Minor) - 低音钢琴渐强铺垫（大小调通用）/Low Piano Build (F).wav	3461818
Multiply Sound@影采/2.Film Score Collection V2/2. Film Score Collection V2/6.  Melodic Risers-旋律渐强上升音色（粘合效果）/3. Low Piano Build (Major_Minor) - 低音钢琴渐强铺垫（大小调通用）/Low Piano Build (A).wav	3461818
Multiply Sound@影采/2.Film Score Collection V2/2. Film Score Collection V2/6.  Melodic Risers-旋律渐强上升音色（粘合效果）/3. Low Piano Build (Major_Minor) - 低音钢琴渐强铺垫（大小调通用）/Low Piano Build (E).wav	3461818
Multiply Sound@影采/2.Film Score Collection V2/2. Film Score Collection V2/6.  Melodic Risers-旋律渐强上升音色（粘合效果）/6. Cello Low Build (Major_Minor) - 低音大提琴渐强铺垫（大小调通用）/Cello Low Build (G).wav	2307844
Multiply Sound@影采/2.Film Score Collection V2/2. Film Score Collection V2/6.  Melodic Risers-旋律渐强上升音色（粘合效果）/6. Cello Low Build (Major_Minor) - 低音大提琴渐强铺垫（大小调通用）/Cello Low Build (F#_Gb).wav	2307844
Multiply Sound@影采/2.Film Score Collection V2/2. Film Score Collection V2/6.  Melodic Risers-旋律渐强上升音色（粘合效果）/6. Cello Low Build (Major_Minor) - 低音大提琴渐强铺垫（大小调通用）/Cello Low Build (C#_Db).wav	2307844
Multiply Sound@影采/2.Film Score Collection V2/2. Film Score Collection V2/6.  Melodic Risers-旋律渐强上升音色（粘合效果）/6. Cello Low Build (Major_Minor) - 低音大提琴渐强铺垫（大小调通用）/Cello Low Build (C).wav	2307844
Multiply Sound@影采/2.Film Score Collection V2/2. Film Score Collection V2/6.  Melodic Risers-旋律渐强上升音色（粘合效果）/6. Cello Low Build (Major_Minor) - 低音大提琴渐强铺垫（大小调通用）/Cello Low Build (D#_Eb).wav	2307844
Multiply Sound@影采/2.Film Score Collection V2/2. Film Score Collection V2/6.  Melodic Risers-旋律渐强上升音色（粘合效果）/6. Cello Low Build (Major_Minor) - 低音大提琴渐强铺垫（大小调通用）/Cello Low Build (F).wav	2307844
Multiply Sound@影采/2.Film Score Collection V2/2. Film Score Collection V2/6.  Melodic Risers-旋律渐强上升音色（粘合效果）/6. Cello Low Build (Major_Minor) - 低音大提琴渐强铺垫（大小调通用）/Cello Low Build (G#_Ab).wav	2307844
Multiply Sound@影采/2.Film Score Collection V2/2. Film Score Collection V2/6.  Melodic Risers-旋律渐强上升音色（粘合效果）/6. Cello Low Build (Major_Minor) - 低音大提琴渐强铺垫（大小调通用）/Cello Low Build (B).wav	2307844
Multiply Sound@影采/2.Film Score Collection V2/2. Film Score Collection V2/6.  Melodic Risers-旋律渐强上升音色（粘合效果）/6. Cello Low Build (Major_Minor) - 低音大提琴渐强铺垫（大小调通用）/Cello Low Build (A#_Bb).wav	2307844
Multiply Sound@影采/2.Film Score Collection V2/2. Film Score Collection V2/6.  Melodic Risers-旋律渐强上升音色（粘合效果）/6. Cello Low Build (Major_Minor) - 低音大提琴渐强铺垫（大小调通用）/Cello Low Build (E).wav	2307844
Multiply Sound@影采/2.Film Score Collection V2/2. Film Score Collection V2/6.  Melodic Risers-旋律渐强上升音色（粘合效果）/6. Cello Low Build (Major_Minor) - 低音大提琴渐强铺垫（大小调通用）/Cello Low Build (D).wav	2307844
Multiply Sound@影采/2.Film Score Collection V2/2. Film Score Collection V2/6.  Melodic Risers-旋律渐强上升音色（粘合效果）/6. Cello Low Build (Major_Minor) - 低音大提琴渐强铺垫（大小调通用）/Cello Low Build (A).wav	2307844
Multiply Sound@影采/2.Film Score Collection V2/2. Film Score Collection V2/6.  Melodic Risers-旋律渐强上升音色（粘合效果）/13. Chaos (Minor) - 混沌幽暗音色（小调）/Chaos (D#m_Ebm).wav	4947004
Multiply Sound@影采/2.Film Score Collection V2/2. Film Score Collection V2/6.  Melodic Risers-旋律渐强上升音色（粘合效果）/13. Chaos (Minor) - 混沌幽暗音色（小调）/Chaos (Bm).wav	4947004
Multiply Sound@影采/2.Film Score Collection V2/2. Film Score Collection V2/6.  Melodic Risers-旋律渐强上升音色（粘合效果）/13. Chaos (Minor) - 混沌幽暗音色（小调）/Chaos (Cm).wav	4947002
Multiply Sound@影采/2.Film Score Collection V2/2. Film Score Collection V2/6.  Melodic Risers-旋律渐强上升音色（粘合效果）/13. Chaos (Minor) - 混沌幽暗音色（小调）/Chaos (C#m_Dbm).wav	4947004
Multiply Sound@影采/2.Film Score Collection V2/2. Film Score Collection V2/6.  Melodic Risers-旋律渐强上升音色（粘合效果）/13. Chaos (Minor) - 混沌幽暗音色（小调）/Chaos (Am).wav	4947004
Multiply Sound@影采/2.Film Score Collection V2/2. Film Score Collection V2/6.  Melodic Risers-旋律渐强上升音色（粘合效果）/13. Chaos (Minor) - 混沌幽暗音色（小调）/Chaos (A#m_Bbm).wav	4947002
Multiply Sound@影采/2.Film Score Collection V2/2. Film Score Collection V2/6.  Melodic Risers-旋律渐强上升音色（粘合效果）/13. Chaos (Minor) - 混沌幽暗音色（小调）/Chaos (Gm).wav	4947004
Multiply Sound@影采/2.Film Score Collection V2/2. Film Score Collection V2/6.  Melodic Risers-旋律渐强上升音色（粘合效果）/13. Chaos (Minor) - 混沌幽暗音色（小调）/Chaos (Dm).wav	4947002
Multiply Sound@影采/2.Film Score Collection V2/2. Film Score Collection V2/6.  Melodic Risers-旋律渐强上升音色（粘合效果）/13. Chaos (Minor) - 混沌幽暗音色（小调）/Chaos (Em).wav	4947004
Multiply Sound@影采/2.Film Score Collection V2/2. Film Score Collection V2/6.  Melodic Risers-旋律渐强上升音色（粘合效果）/13. Chaos (Minor) - 混沌幽暗音色（小调）/Chaos (F#m_Gbm).wav	4947004
Multiply Sound@影采/2.Film Score Collection V2/2. Film Score Collection V2/6.  Melodic Risers-旋律渐强上升音色（粘合效果）/13. Chaos (Minor) - 混沌幽暗音色（小调）/Chaos (G#m_Abm).wav	4947002
Multiply Sound@影采/2.Film Score Collection V2/2. Film Score Collection V2/6.  Melodic Risers-旋律渐强上升音色（粘合效果）/13. Chaos (Minor) - 混沌幽暗音色（小调）/Chaos (Fm).wav	4947002
Multiply Sound@影采/2.Film Score Collection V2/2. Film Score Collection V2/6.  Melodic Risers-旋律渐强上升音色（粘合效果）/11. Skyfall (Minor) - 天幕坠落音色（小调）/Skyfall (C#_Dbm).wav	2650750
Multiply Sound@影采/2.Film Score Collection V2/2. Film Score Collection V2/6.  Melodic Risers-旋律渐强上升音色（粘合效果）/11. Skyfall (Minor) - 天幕坠落音色（小调）/Skyfall (G#m_Abm).wav	2650750
Multiply Sound@影采/2.Film Score Collection V2/2. Film Score Collection V2/6.  Melodic Risers-旋律渐强上升音色（粘合效果）/11. Skyfall (Minor) - 天幕坠落音色（小调）/Skyfall (F#m_Gbm).wav	2650750
Multiply Sound@影采/2.Film Score Collection V2/2. Film Score Collection V2/6.  Melodic Risers-旋律渐强上升音色（粘合效果）/11. Skyfall (Minor) - 天幕坠落音色（小调）/Skyfall (Gm).wav	2650750
Multiply Sound@影采/2.Film Score Collection V2/2. Film Score Collection V2/6.  Melodic Risers-旋律渐强上升音色（粘合效果）/11. Skyfall (Minor) - 天幕坠落音色（小调）/Skyfall (Bm).wav	2650752
Multiply Sound@影采/2.Film Score Collection V2/2. Film Score Collection V2/6.  Melodic Risers-旋律渐强上升音色（粘合效果）/11. Skyfall (Minor) - 天幕坠落音色（小调）/Skyfall (Cm).wav	2650750
Multiply Sound@影采/2.Film Score Collection V2/2. Film Score Collection V2/6.  Melodic Risers-旋律渐强上升音色（粘合效果）/11. Skyfall (Minor) - 天幕坠落音色（小调）/Skyfall (Am).wav	2650750
Multiply Sound@影采/2.Film Score Collection V2/2. Film Score Collection V2/6.  Melodic Risers-旋律渐强上升音色（粘合效果）/11. Skyfall (Minor) - 天幕坠落音色（小调）/Skyfall (D#m_Ebm).wav	2650752
Multiply Sound@影采/2.Film Score Collection V2/2. Film Score Collection V2/6.  Melodic Risers-旋律渐强上升音色（粘合效果）/11. Skyfall (Minor) - 天幕坠落音色（小调）/Skyfall (Fm).wav	2650750
Multiply Sound@影采/2.Film Score Collection V2/2. Film Score Collection V2/6.  Melodic Risers-旋律渐强上升音色（粘合效果）/11. Skyfall (Minor) - 天幕坠落音色（小调）/Skyfall (A#m_Bbm).wav	2650750
Multiply Sound@影采/2.Film Score Collection V2/2. Film Score Collection V2/6.  Melodic Risers-旋律渐强上升音色（粘合效果）/11. Skyfall (Minor) - 天幕坠落音色（小调）/Skyfall (Dm).wav	2650750
Multiply Sound@影采/2.Film Score Collection V2/2. Film Score Collection V2/6.  Melodic Risers-旋律渐强上升音色（粘合效果）/11. Skyfall (Minor) - 天幕坠落音色（小调）/Skyfall (Em).wav	2650750
Multiply Sound@影采/2.Film Score Collection V2/2. Film Score Collection V2/6.  Melodic Risers-旋律渐强上升音色（粘合效果）/9. Wonder (Major) - 奇幻空灵音色（大调）/Wonder (G).wav	2650752
Multiply Sound@影采/2.Film Score Collection V2/2. Film Score Collection V2/6.  Melodic Risers-旋律渐强上升音色（粘合效果）/9. Wonder (Major) - 奇幻空灵音色（大调）/Wonder (D#_Eb).wav	2650750
Multiply Sound@影采/2.Film Score Collection V2/2. Film Score Collection V2/6.  Melodic Risers-旋律渐强上升音色（粘合效果）/9. Wonder (Major) - 奇幻空灵音色（大调）/Wonder (F).wav	2650750
Multiply Sound@影采/2.Film Score Collection V2/2. Film Score Collection V2/6.  Melodic Risers-旋律渐强上升音色（粘合效果）/9. Wonder (Major) - 奇幻空灵音色（大调）/Wonder (B).wav	2650750
Multiply Sound@影采/2.Film Score Collection V2/2. Film Score Collection V2/6.  Melodic Risers-旋律渐强上升音色（粘合效果）/9. Wonder (Major) - 奇幻空灵音色（大调）/Wonder (D).wav	2650750
Multiply Sound@影采/2.Film Score Collection V2/2. Film Score Collection V2/6.  Melodic Risers-旋律渐强上升音色（粘合效果）/9. Wonder (Major) - 奇幻空灵音色（大调）/Wonder (C).wav	2650750
Multiply Sound@影采/2.Film Score Collection V2/2. Film Score Collection V2/6.  Melodic Risers-旋律渐强上升音色（粘合效果）/9. Wonder (Major) - 奇幻空灵音色（大调）/Wonder (F#_Gb).wav	2650750
Multiply Sound@影采/2.Film Score Collection V2/2. Film Score Collection V2/6.  Melodic Risers-旋律渐强上升音色（粘合效果）/9. Wonder (Major) - 奇幻空灵音色（大调）/Wonder (G#_Ab).wav	2650750
Multiply Sound@影采/2.Film Score Collection V2/2. Film Score Collection V2/6.  Melodic Risers-旋律渐强上升音色（粘合效果）/9. Wonder (Major) - 奇幻空灵音色（大调）/Wonder (A).wav	2650750
Multiply Sound@影采/2.Film Score Collection V2/2. Film Score Collection V2/6.  Melodic Risers-旋律渐强上升音色（粘合效果）/9. Wonder (Major) - 奇幻空灵音色（大调）/Wonder (E).wav	2650750
Multiply Sound@影采/2.Film Score Collection V2/2. Film Score Collection V2/6.  Melodic Risers-旋律渐强上升音色（粘合效果）/9. Wonder (Major) - 奇幻空灵音色（大调）/Wonder (A#_Bb).wav	2650750
Multiply Sound@影采/2.Film Score Collection V2/2. Film Score Collection V2/6.  Melodic Risers-旋律渐强上升音色（粘合效果）/9. Wonder (Major) - 奇幻空灵音色（大调）/Wonder (C#_Db).wav	2650750
Multiply Sound@影采/2.Film Score Collection V2/2. Film Score Collection V2/6.  Melodic Risers-旋律渐强上升音色（粘合效果）/15. Long Voyage (Minor) - 孤寂远航氛围（小调）/Long Voyage - Bm.wav	12011664
Multiply Sound@影采/2.Film Score Collection V2/2. Film Score Collection V2/6.  Melodic Risers-旋律渐强上升音色（粘合效果）/15. Long Voyage (Minor) - 孤寂远航氛围（小调）/Long Voyage - Am.wav	12011664
Multiply Sound@影采/2.Film Score Collection V2/2. Film Score Collection V2/6.  Melodic Risers-旋律渐强上升音色（粘合效果）/15. Long Voyage (Minor) - 孤寂远航氛围（小调）/Long Voyage - D#m_Ebm.wav	12011664
Multiply Sound@影采/2.Film Score Collection V2/2. Film Score Collection V2/6.  Melodic Risers-旋律渐强上升音色（粘合效果）/15. Long Voyage (Minor) - 孤寂远航氛围（小调）/Long Voyage - A#m_Bbm.wav	12011664
Multiply Sound@影采/2.Film Score Collection V2/2. Film Score Collection V2/6.  Melodic Risers-旋律渐强上升音色（粘合效果）/15. Long Voyage (Minor) - 孤寂远航氛围（小调）/Long Voyage - G#m_Abm.wav	12011664
Multiply Sound@影采/2.Film Score Collection V2/2. Film Score Collection V2/6.  Melodic Risers-旋律渐强上升音色（粘合效果）/15. Long Voyage (Minor) - 孤寂远航氛围（小调）/Long Voyage - Dm.wav	12011664
Multiply Sound@影采/2.Film Score Collection V2/2. Film Score Collection V2/6.  Melodic Risers-旋律渐强上升音色（粘合效果）/15. Long Voyage (Minor) - 孤寂远航氛围（小调）/Long Voyage - F#m_Gbm.wav	12011664
Multiply Sound@影采/2.Film Score Collection V2/2. Film Score Collection V2/6.  Melodic Risers-旋律渐强上升音色（粘合效果）/15. Long Voyage (Minor) - 孤寂远航氛围（小调）/Long Voyage - Gm.wav	12011664
Multiply Sound@影采/2.Film Score Collection V2/2. Film Score Collection V2/6.  Melodic Risers-旋律渐强上升音色（粘合效果）/15. Long Voyage (Minor) - 孤寂远航氛围（小调）/Long Voyage - Em.wav	12011664
Multiply Sound@影采/2.Film Score Collection V2/2. Film Score Collection V2/6.  Melodic Risers-旋律渐强上升音色（粘合效果）/15. Long Voyage (Minor) - 孤寂远航氛围（小调）/Long Voyage - Cm.wav	12011664
Multiply Sound@影采/2.Film Score Collection V2/2. Film Score Collection V2/6.  Melodic Risers-旋律渐强上升音色（粘合效果）/15. Long Voyage (Minor) - 孤寂远航氛围（小调）/Long Voyage - Fm.wav	12011664
Multiply Sound@影采/2.Film Score Collection V2/2. Film Score Collection V2/6.  Melodic Risers-旋律渐强上升音色（粘合效果）/15. Long Voyage (Minor) - 孤寂远航氛围（小调）/Long Voyage - C#m_Dbm.wav	12011664
Multiply Sound@影采/2.Film Score Collection V2/2. Film Score Collection V2/6.  Melodic Risers-旋律渐强上升音色（粘合效果）/4. High Piano Build (Major_Minor) - 高音钢琴渐强铺垫（大小调通用）/High Piano Build (D).wav	2885054
Multiply Sound@影采/2.Film Score Collection V2/2. Film Score Collection V2/6.  Melodic Risers-旋律渐强上升音色（粘合效果）/4. High Piano Build (Major_Minor) - 高音钢琴渐强铺垫（大小调通用）/High Piano Build (C).wav	2885054
Multiply Sound@影采/2.Film Score Collection V2/2. Film Score Collection V2/6.  Melodic Risers-旋律渐强上升音色（粘合效果）/4. High Piano Build (Major_Minor) - 高音钢琴渐强铺垫（大小调通用）/High Piano Build (F#_Gb).wav	2885054
Multiply Sound@影采/2.Film Score Collection V2/2. Film Score Collection V2/6.  Melodic Risers-旋律渐强上升音色（粘合效果）/4. High Piano Build (Major_Minor) - 高音钢琴渐强铺垫（大小调通用）/High Piano Build (C#_Db).wav	2885054
Multiply Sound@影采/2.Film Score Collection V2/2. Film Score Collection V2/6.  Melodic Risers-旋律渐强上升音色（粘合效果）/4. High Piano Build (Major_Minor) - 高音钢琴渐强铺垫（大小调通用）/High Piano Build (G#_Ab).wav	2885054
Multiply Sound@影采/2.Film Score Collection V2/2. Film Score Collection V2/6.  Melodic Risers-旋律渐强上升音色（粘合效果）/4. High Piano Build (Major_Minor) - 高音钢琴渐强铺垫（大小调通用）/High Piano Build (A).wav	2885054
Multiply Sound@影采/2.Film Score Collection V2/2. Film Score Collection V2/6.  Melodic Risers-旋律渐强上升音色（粘合效果）/4. High Piano Build (Major_Minor) - 高音钢琴渐强铺垫（大小调通用）/High Piano Build (B).wav	2885054
Multiply Sound@影采/2.Film Score Collection V2/2. Film Score Collection V2/6.  Melodic Risers-旋律渐强上升音色（粘合效果）/4. High Piano Build (Major_Minor) - 高音钢琴渐强铺垫（大小调通用）/High Piano Build (E).wav	2885054
Multiply Sound@影采/2.Film Score Collection V2/2. Film Score Collection V2/6.  Melodic Risers-旋律渐强上升音色（粘合效果）/4. High Piano Build (Major_Minor) - 高音钢琴渐强铺垫（大小调通用）/High Piano Build (G).wav	2885054
Multiply Sound@影采/2.Film Score Collection V2/2. Film Score Collection V2/6.  Melodic Risers-旋律渐强上升音色（粘合效果）/4. High Piano Build (Major_Minor) - 高音钢琴渐强铺垫（大小调通用）/High Piano Build (D#_Eb).wav	2885054
Multiply Sound@影采/2.Film Score Collection V2/2. Film Score Collection V2/6.  Melodic Risers-旋律渐强上升音色（粘合效果）/4. High Piano Build (Major_Minor) - 高音钢琴渐强铺垫（大小调通用）/High Piano Build (A#_Bb).wav	2885054
Multiply Sound@影采/2.Film Score Collection V2/2. Film Score Collection V2/6.  Melodic Risers-旋律渐强上升音色（粘合效果）/5. Cello High Build (Major_Minor) - 高音大提琴渐强铺垫（大小调通用）/Cello Low Build (G).wav	2307844
Multiply Sound@影采/2.Film Score Collection V2/2. Film Score Collection V2/6.  Melodic Risers-旋律渐强上升音色（粘合效果）/5. Cello High Build (Major_Minor) - 高音大提琴渐强铺垫（大小调通用）/Cello Low Build (F#_Gb).wav	2307844
Multiply Sound@影采/2.Film Score Collection V2/2. Film Score Collection V2/6.  Melodic Risers-旋律渐强上升音色（粘合效果）/5. Cello High Build (Major_Minor) - 高音大提琴渐强铺垫（大小调通用）/Cello Low Build (C#_Db).wav	2307844
Multiply Sound@影采/2.Film Score Collection V2/2. Film Score Collection V2/6.  Melodic Risers-旋律渐强上升音色（粘合效果）/5. Cello High Build (Major_Minor) - 高音大提琴渐强铺垫（大小调通用）/Cello Low Build (C).wav	2307844
Multiply Sound@影采/2.Film Score Collection V2/2. Film Score Collection V2/6.  Melodic Risers-旋律渐强上升音色（粘合效果）/5. Cello High Build (Major_Minor) - 高音大提琴渐强铺垫（大小调通用）/Cello Low Build (D#_Eb).wav	2307844
Multiply Sound@影采/2.Film Score Collection V2/2. Film Score Collection V2/6.  Melodic Risers-旋律渐强上升音色（粘合效果）/5. Cello High Build (Major_Minor) - 高音大提琴渐强铺垫（大小调通用）/Cello Low Build (F).wav	2307844
Multiply Sound@影采/2.Film Score Collection V2/2. Film Score Collection V2/6.  Melodic Risers-旋律渐强上升音色（粘合效果）/5. Cello High Build (Major_Minor) - 高音大提琴渐强铺垫（大小调通用）/Cello Low Build (G#_Ab).wav	2307844
Multiply Sound@影采/2.Film Score Collection V2/2. Film Score Collection V2/6.  Melodic Risers-旋律渐强上升音色（粘合效果）/5. Cello High Build (Major_Minor) - 高音大提琴渐强铺垫（大小调通用）/Cello Low Build (B).wav	2307844
Multiply Sound@影采/2.Film Score Collection V2/2. Film Score Collection V2/6.  Melodic Risers-旋律渐强上升音色（粘合效果）/5. Cello High Build (Major_Minor) - 高音大提琴渐强铺垫（大小调通用）/Cello Low Build (A#_Bb).wav	2307844
Multiply Sound@影采/2.Film Score Collection V2/2. Film Score Collection V2/6.  Melodic Risers-旋律渐强上升音色（粘合效果）/5. Cello High Build (Major_Minor) - 高音大提琴渐强铺垫（大小调通用）/Cello Low Build (E).wav	2307844
Multiply Sound@影采/2.Film Score Collection V2/2. Film Score Collection V2/6.  Melodic Risers-旋律渐强上升音色（粘合效果）/5. Cello High Build (Major_Minor) - 高音大提琴渐强铺垫（大小调通用）/Cello Low Build (D).wav	2307844
Multiply Sound@影采/2.Film Score Collection V2/2. Film Score Collection V2/6.  Melodic Risers-旋律渐强上升音色（粘合效果）/5. Cello High Build (Major_Minor) - 高音大提琴渐强铺垫（大小调通用）/Cello Low Build (A).wav	2307844
Multiply Sound@影采/2.Film Score Collection V2/2. Film Score Collection V2/6.  Melodic Risers-旋律渐强上升音色（粘合效果）/1. Carlity (Major_Minor) - 纯净空灵铺底（大小调通用）/Clarity (D).wav	4240462
Multiply Sound@影采/2.Film Score Collection V2/2. Film Score Collection V2/6.  Melodic Risers-旋律渐强上升音色（粘合效果）/1. Carlity (Major_Minor) - 纯净空灵铺底（大小调通用）/Clarity (G#_Ab).wav	4240462
Multiply Sound@影采/2.Film Score Collection V2/2. Film Score Collection V2/6.  Melodic Risers-旋律渐强上升音色（粘合效果）/1. Carlity (Major_Minor) - 纯净空灵铺底（大小调通用）/Clarity (E).wav	4240462
Multiply Sound@影采/2.Film Score Collection V2/2. Film Score Collection V2/6.  Melodic Risers-旋律渐强上升音色（粘合效果）/1. Carlity (Major_Minor) - 纯净空灵铺底（大小调通用）/Clarity (F).wav	4240462
Multiply Sound@影采/2.Film Score Collection V2/2. Film Score Collection V2/6.  Melodic Risers-旋律渐强上升音色（粘合效果）/1. Carlity (Major_Minor) - 纯净空灵铺底（大小调通用）/Clarity (G).wav	4240460
Multiply Sound@影采/2.Film Score Collection V2/2. Film Score Collection V2/6.  Melodic Risers-旋律渐强上升音色（粘合效果）/1. Carlity (Major_Minor) - 纯净空灵铺底（大小调通用）/Clarity (A).wav	4240462
Multiply Sound@影采/2.Film Score Collection V2/2. Film Score Collection V2/6.  Melodic Risers-旋律渐强上升音色（粘合效果）/1. Carlity (Major_Minor) - 纯净空灵铺底（大小调通用）/Clarity (C#_Db).wav	4240462
Multiply Sound@影采/2.Film Score Collection V2/2. Film Score Collection V2/6.  Melodic Risers-旋律渐强上升音色（粘合效果）/1. Carlity (Major_Minor) - 纯净空灵铺底（大小调通用）/Clarity (D#_Eb).wav	4240462
Multiply Sound@影采/2.Film Score Collection V2/2. Film Score Collection V2/6.  Melodic Risers-旋律渐强上升音色（粘合效果）/1. Carlity (Major_Minor) - 纯净空灵铺底（大小调通用）/Clarity (C).wav	4240462
Multiply Sound@影采/2.Film Score Collection V2/2. Film Score Collection V2/6.  Melodic Risers-旋律渐强上升音色（粘合效果）/1. Carlity (Major_Minor) - 纯净空灵铺底（大小调通用）/Clarity (F#_Gb).wav	4240462
Multiply Sound@影采/2.Film Score Collection V2/2. Film Score Collection V2/6.  Melodic Risers-旋律渐强上升音色（粘合效果）/1. Carlity (Major_Minor) - 纯净空灵铺底（大小调通用）/Clarity (A#_Bb).wav	4240460
Multiply Sound@影采/2.Film Score Collection V2/2. Film Score Collection V2/6.  Melodic Risers-旋律渐强上升音色（粘合效果）/1. Carlity (Major_Minor) - 纯净空灵铺底（大小调通用）/Clarity (B).wav	4240462
Multiply Sound@影采/2.Film Score Collection V2/2. Film Score Collection V2/3. Rhythms-节奏型音色（速度同步）/6. Morning Arp 90bpm (Major_Minor) - 清晨琶音 90拍（大小调通用）/Morning Arp 90bpm (A#_Bb).wav	5653578
Multiply Sound@影采/2.Film Score Collection V2/2. Film Score Collection V2/3. Rhythms-节奏型音色（速度同步）/6. Morning Arp 90bpm (Major_Minor) - 清晨琶音 90拍（大小调通用）/Morning Arp 90bpm (F).wav	5653578
Multiply Sound@影采/2.Film Score Collection V2/2. Film Score Collection V2/3. Rhythms-节奏型音色（速度同步）/6. Morning Arp 90bpm (Major_Minor) - 清晨琶音 90拍（大小调通用）/Morning Arp 90bpm (D#_Eb).wav	5653578
Multiply Sound@影采/2.Film Score Collection V2/2. Film Score Collection V2/3. Rhythms-节奏型音色（速度同步）/6. Morning Arp 90bpm (Major_Minor) - 清晨琶音 90拍（大小调通用）/Morning Arp 90bpm (G#_Ab).wav	5653578
Multiply Sound@影采/2.Film Score Collection V2/2. Film Score Collection V2/3. Rhythms-节奏型音色（速度同步）/6. Morning Arp 90bpm (Major_Minor) - 清晨琶音 90拍（大小调通用）/Morning Arp 90bpm (F#_Gb).wav	5653578
Multiply Sound@影采/2.Film Score Collection V2/2. Film Score Collection V2/3. Rhythms-节奏型音色（速度同步）/6. Morning Arp 90bpm (Major_Minor) - 清晨琶音 90拍（大小调通用）/Morning Arp 90bpm (C).wav	5653578
Multiply Sound@影采/2.Film Score Collection V2/2. Film Score Collection V2/3. Rhythms-节奏型音色（速度同步）/6. Morning Arp 90bpm (Major_Minor) - 清晨琶音 90拍（大小调通用）/Morning Arp 90bpm (D).wav	5653578
Multiply Sound@影采/2.Film Score Collection V2/2. Film Score Collection V2/3. Rhythms-节奏型音色（速度同步）/6. Morning Arp 90bpm (Major_Minor) - 清晨琶音 90拍（大小调通用）/Morning Arp 90bpm (E).wav	5653578
Multiply Sound@影采/2.Film Score Collection V2/2. Film Score Collection V2/3. Rhythms-节奏型音色（速度同步）/6. Morning Arp 90bpm (Major_Minor) - 清晨琶音 90拍（大小调通用）/Morning Arp 90bpm (G).wav	5653578
Multiply Sound@影采/2.Film Score Collection V2/2. Film Score Collection V2/3. Rhythms-节奏型音色（速度同步）/6. Morning Arp 90bpm (Major_Minor) - 清晨琶音 90拍（大小调通用）/Morning Arp 90bpm (A).wav	5653578
Multiply Sound@影采/2.Film Score Collection V2/2. Film Score Collection V2/3. Rhythms-节奏型音色（速度同步）/6. Morning Arp 90bpm (Major_Minor) - 清晨琶音 90拍（大小调通用）/Morning Arp 90bpm (C#_Db).wav	5653578
Multiply Sound@影采/2.Film Score Collection V2/2. Film Score Collection V2/3. Rhythms-节奏型音色（速度同步）/6. Morning Arp 90bpm (Major_Minor) - 清晨琶音 90拍（大小调通用）/Morning Arp 90bpm (B).wav	5653578
Multiply Sound@影采/2.Film Score Collection V2/2. Film Score Collection V2/3. Rhythms-节奏型音色（速度同步）/10. Time 120bpm (Major_Minor) - 时光氛围音色 120拍（大小调通用）/Time 120bpm (D).wav	4240460
Multiply Sound@影采/2.Film Score Collection V2/2. Film Score Collection V2/3. Rhythms-节奏型音色（速度同步）/10. Time 120bpm (Major_Minor) - 时光氛围音色 120拍（大小调通用）/Time 120bpm (D#_Eb).wav	4240462
Multiply Sound@影采/2.Film Score Collection V2/2. Film Score Collection V2/3. Rhythms-节奏型音色（速度同步）/10. Time 120bpm (Major_Minor) - 时光氛围音色 120拍（大小调通用）/Time 120bpm (G#_Ab).wav	4240462
Multiply Sound@影采/2.Film Score Collection V2/2. Film Score Collection V2/3. Rhythms-节奏型音色（速度同步）/10. Time 120bpm (Major_Minor) - 时光氛围音色 120拍（大小调通用）/Time 120bpm (A).wav	4240462
Multiply Sound@影采/2.Film Score Collection V2/2. Film Score Collection V2/3. Rhythms-节奏型音色（速度同步）/10. Time 120bpm (Major_Minor) - 时光氛围音色 120拍（大小调通用）/Time 120bpm (B).wav	4240462
Multiply Sound@影采/2.Film Score Collection V2/2. Film Score Collection V2/3. Rhythms-节奏型音色（速度同步）/10. Time 120bpm (Major_Minor) - 时光氛围音色 120拍（大小调通用）/Time 120bpm (F).wav	4240462
Multiply Sound@影采/2.Film Score Collection V2/2. Film Score Collection V2/3. Rhythms-节奏型音色（速度同步）/10. Time 120bpm (Major_Minor) - 时光氛围音色 120拍（大小调通用）/Time 120bpm (C#_Db).wav	4240462
Multiply Sound@影采/2.Film Score Collection V2/2. Film Score Collection V2/3. Rhythms-节奏型音色（速度同步）/10. Time 120bpm (Major_Minor) - 时光氛围音色 120拍（大小调通用）/Time 120bpm (A#_Bb).wav	4240462
Multiply Sound@影采/2.Film Score Collection V2/2. Film Score Collection V2/3. Rhythms-节奏型音色（速度同步）/10. Time 120bpm (Major_Minor) - 时光氛围音色 120拍（大小调通用）/Time 120bpm (G).wav	4240462
Multiply Sound@影采/2.Film Score Collection V2/2. Film Score Collection V2/3. Rhythms-节奏型音色（速度同步）/10. Time 120bpm (Major_Minor) - 时光氛围音色 120拍（大小调通用）/Time 120bpm (E).wav	4240462
Multiply Sound@影采/2.Film Score Collection V2/2. Film Score Collection V2/3. Rhythms-节奏型音色（速度同步）/10. Time 120bpm (Major_Minor) - 时光氛围音色 120拍（大小调通用）/Time 120bpm (F#_Gb).wav	4240462
Multiply Sound@影采/2.Film Score Collection V2/2. Film Score Collection V2/3. Rhythms-节奏型音色（速度同步）/10. Time 120bpm (Major_Minor) - 时光氛围音色 120拍（大小调通用）/Time 120bpm (C).wav	4240462
Multiply Sound@影采/2.Film Score Collection V2/2. Film Score Collection V2/3. Rhythms-节奏型音色（速度同步）/13. String Lullaby 120bpm (Major) - 摇篮曲弦乐 120拍（大调）/String Lullaby 120bpm (D).wav	4240510
Multiply Sound@影采/2.Film Score Collection V2/2. Film Score Collection V2/3. Rhythms-节奏型音色（速度同步）/13. String Lullaby 120bpm (Major) - 摇篮曲弦乐 120拍（大调）/String Lullaby 120bpm (G).wav	4240512
Multiply Sound@影采/2.Film Score Collection V2/2. Film Score Collection V2/3. Rhythms-节奏型音色（速度同步）/13. String Lullaby 120bpm (Major) - 摇篮曲弦乐 120拍（大调）/String Lullaby 120bpm (A#_Bb).wav	4240512
Multiply Sound@影采/2.Film Score Collection V2/2. Film Score Collection V2/3. Rhythms-节奏型音色（速度同步）/13. String Lullaby 120bpm (Major) - 摇篮曲弦乐 120拍（大调）/String Lullaby 120bpm (G#_Ab).wav	4240512
Multiply Sound@影采/2.Film Score Collection V2/2. Film Score Collection V2/3. Rhythms-节奏型音色（速度同步）/13. String Lullaby 120bpm (Major) - 摇篮曲弦乐 120拍（大调）/String Lullaby 120bpm (D#_Eb).wav	4240510
Multiply Sound@影采/2.Film Score Collection V2/2. Film Score Collection V2/3. Rhythms-节奏型音色（速度同步）/13. String Lullaby 120bpm (Major) - 摇篮曲弦乐 120拍（大调）/String Lullaby 120bpm (A).wav	4240512
Multiply Sound@影采/2.Film Score Collection V2/2. Film Score Collection V2/3. Rhythms-节奏型音色（速度同步）/13. String Lullaby 120bpm (Major) - 摇篮曲弦乐 120拍（大调）/String Lullaby 120bpm (E).wav	4240512
Multiply Sound@影采/2.Film Score Collection V2/2. Film Score Collection V2/3. Rhythms-节奏型音色（速度同步）/13. String Lullaby 120bpm (Major) - 摇篮曲弦乐 120拍（大调）/String Lullaby 120bpm (C#_Db).wav	4240512
Multiply Sound@影采/2.Film Score Collection V2/2. Film Score Collection V2/3. Rhythms-节奏型音色（速度同步）/13. String Lullaby 120bpm (Major) - 摇篮曲弦乐 120拍（大调）/String Lullaby 120bpm (C).wav	4240512
Multiply Sound@影采/2.Film Score Collection V2/2. Film Score Collection V2/3. Rhythms-节奏型音色（速度同步）/13. String Lullaby 120bpm (Major) - 摇篮曲弦乐 120拍（大调）/String Lullaby 120bpm (F).wav	4240512
Multiply Sound@影采/2.Film Score Collection V2/2. Film Score Collection V2/3. Rhythms-节奏型音色（速度同步）/13. String Lullaby 120bpm (Major) - 摇篮曲弦乐 120拍（大调）/String Lullaby 120bpm (B).wav	4240512
Multiply Sound@影采/2.Film Score Collection V2/2. Film Score Collection V2/3. Rhythms-节奏型音色（速度同步）/13. String Lullaby 120bpm (Major) - 摇篮曲弦乐 120拍（大调）/String Lullaby 120bpm (F#_Gb).wav	4240512
Multiply Sound@影采/2.Film Score Collection V2/2. Film Score Collection V2/3. Rhythms-节奏型音色（速度同步）/5. Bass Eclipse 90bpm (Minor) - 月食低音合成器 90拍（小调）/Bass Eclipse 90bpm (Bm).wav	5653530
Multiply Sound@影采/2.Film Score Collection V2/2. Film Score Collection V2/3. Rhythms-节奏型音色（速度同步）/5. Bass Eclipse 90bpm (Minor) - 月食低音合成器 90拍（小调）/Bass Eclipse 90bpm (Em).wav	5653530
Multiply Sound@影采/2.Film Score Collection V2/2. Film Score Collection V2/3. Rhythms-节奏型音色（速度同步）/5. Bass Eclipse 90bpm (Minor) - 月食低音合成器 90拍（小调）/Bass Eclipse 90bpm (Dm).wav	5653530
Multiply Sound@影采/2.Film Score Collection V2/2. Film Score Collection V2/3. Rhythms-节奏型音色（速度同步）/5. Bass Eclipse 90bpm (Minor) - 月食低音合成器 90拍（小调）/Bass Eclipse 90bpm (A#m_Bbm).wav	5653528
Multiply Sound@影采/2.Film Score Collection V2/2. Film Score Collection V2/3. Rhythms-节奏型音色（速度同步）/5. Bass Eclipse 90bpm (Minor) - 月食低音合成器 90拍（小调）/Bass Eclipse 90bpm (C#m_Dbm).wav	5653530
Multiply Sound@影采/2.Film Score Collection V2/2. Film Score Collection V2/3. Rhythms-节奏型音色（速度同步）/5. Bass Eclipse 90bpm (Minor) - 月食低音合成器 90拍（小调）/Bass Eclipse 90bpm (Fm).wav	5653530
Multiply Sound@影采/2.Film Score Collection V2/2. Film Score Collection V2/3. Rhythms-节奏型音色（速度同步）/5. Bass Eclipse 90bpm (Minor) - 月食低音合成器 90拍（小调）/Bass Eclipse 90bpm (Am).wav	5653530
Multiply Sound@影采/2.Film Score Collection V2/2. Film Score Collection V2/3. Rhythms-节奏型音色（速度同步）/5. Bass Eclipse 90bpm (Minor) - 月食低音合成器 90拍（小调）/Bass Eclipse 90bpm (Gm).wav	5653530
Multiply Sound@影采/2.Film Score Collection V2/2. Film Score Collection V2/3. Rhythms-节奏型音色（速度同步）/5. Bass Eclipse 90bpm (Minor) - 月食低音合成器 90拍（小调）/Bass Eclipse 90bpm (G#m_Abm).wav	5653530
Multiply Sound@影采/2.Film Score Collection V2/2. Film Score Collection V2/3. Rhythms-节奏型音色（速度同步）/5. Bass Eclipse 90bpm (Minor) - 月食低音合成器 90拍（小调）/Bass Eclipse 90bpm (F#m_Gbm).wav	5653530
Multiply Sound@影采/2.Film Score Collection V2/2. Film Score Collection V2/3. Rhythms-节奏型音色（速度同步）/5. Bass Eclipse 90bpm (Minor) - 月食低音合成器 90拍（小调）/Bass Eclipse 90bpm (D#m_Ebm).wav	5653528
Multiply Sound@影采/2.Film Score Collection V2/2. Film Score Collection V2/3. Rhythms-节奏型音色（速度同步）/5. Bass Eclipse 90bpm (Minor) - 月食低音合成器 90拍（小调）/Bass Eclipse 90bpm (Cm).wav	5653528
Multiply Sound@影采/2.Film Score Collection V2/2. Film Score Collection V2/3. Rhythms-节奏型音色（速度同步）/16. Dream Wave 120bpm (Minor) - 梦幻波浪音色 120拍（小调）/Dream Wave 120bpm (Gm).wav	4240462
Multiply Sound@影采/2.Film Score Collection V2/2. Film Score Collection V2/3. Rhythms-节奏型音色（速度同步）/16. Dream Wave 120bpm (Minor) - 梦幻波浪音色 120拍（小调）/Dream Wave 120bpm (Bm).wav	4240462
Multiply Sound@影采/2.Film Score Collection V2/2. Film Score Collection V2/3. Rhythms-节奏型音色（速度同步）/16. Dream Wave 120bpm (Minor) - 梦幻波浪音色 120拍（小调）/Dream Wave 120bpm (G#m_Abm).wav	4240462
Multiply Sound@影采/2.Film Score Collection V2/2. Film Score Collection V2/3. Rhythms-节奏型音色（速度同步）/16. Dream Wave 120bpm (Minor) - 梦幻波浪音色 120拍（小调）/Dream Wave 120bpm (Fm).wav	4240462
Multiply Sound@影采/2.Film Score Collection V2/2. Film Score Collection V2/3. Rhythms-节奏型音色（速度同步）/16. Dream Wave 120bpm (Minor) - 梦幻波浪音色 120拍（小调）/Dream Wave 120bpm (D#m_Ebm).wav	4240462
Multiply Sound@影采/2.Film Score Collection V2/2. Film Score Collection V2/3. Rhythms-节奏型音色（速度同步）/16. Dream Wave 120bpm (Minor) - 梦幻波浪音色 120拍（小调）/Dream Wave 120bpm (Am).wav	4240462
Multiply Sound@影采/2.Film Score Collection V2/2. Film Score Collection V2/3. Rhythms-节奏型音色（速度同步）/16. Dream Wave 120bpm (Minor) - 梦幻波浪音色 120拍（小调）/Dream Wave 120bpm (A#m_Bbm).wav	4240462
Multiply Sound@影采/2.Film Score Collection V2/2. Film Score Collection V2/3. Rhythms-节奏型音色（速度同步）/16. Dream Wave 120bpm (Minor) - 梦幻波浪音色 120拍（小调）/Dream Wave 120bpm (Em).wav	4240462
Multiply Sound@影采/2.Film Score Collection V2/2. Film Score Collection V2/3. Rhythms-节奏型音色（速度同步）/16. Dream Wave 120bpm (Minor) - 梦幻波浪音色 120拍（小调）/Dream Wave 120bpm (C#m_Dbm).wav	4240460
Multiply Sound@影采/2.Film Score Collection V2/2. Film Score Collection V2/3. Rhythms-节奏型音色（速度同步）/16. Dream Wave 120bpm (Minor) - 梦幻波浪音色 120拍（小调）/Dream Wave 120bpm (Dm).wav	4240460
Multiply Sound@影采/2.Film Score Collection V2/2. Film Score Collection V2/3. Rhythms-节奏型音色（速度同步）/16. Dream Wave 120bpm (Minor) - 梦幻波浪音色 120拍（小调）/Dream Wave 120bpm (F#m_Gbm).wav	4240462
Multiply Sound@影采/2.Film Score Collection V2/2. Film Score Collection V2/3. Rhythms-节奏型音色（速度同步）/16. Dream Wave 120bpm (Minor) - 梦幻波浪音色 120拍（小调）/Dream Wave 120bpm (Cm).wav	4240462
Multiply Sound@影采/2.Film Score Collection V2/2. Film Score Collection V2/3. Rhythms-节奏型音色（速度同步）/2. Bounce Synth 90bpm (Minor) - 弹跳合成器 90拍（小调）/Bounce Synth 90bpm (Fm).wav	5653578
Multiply Sound@影采/2.Film Score Collection V2/2. Film Score Collection V2/3. Rhythms-节奏型音色（速度同步）/2. Bounce Synth 90bpm (Minor) - 弹跳合成器 90拍（小调）/Bounce Synth 90bpm (G#m_Abm).wav	5653578
Multiply Sound@影采/2.Film Score Collection V2/2. Film Score Collection V2/3. Rhythms-节奏型音色（速度同步）/2. Bounce Synth 90bpm (Minor) - 弹跳合成器 90拍（小调）/Bounce Synth 90bpm (Em).wav	5653578
Multiply Sound@影采/2.Film Score Collection V2/2. Film Score Collection V2/3. Rhythms-节奏型音色（速度同步）/2. Bounce Synth 90bpm (Minor) - 弹跳合成器 90拍（小调）/Bounce Synth 90bpm (Cm).wav	5653578
Multiply Sound@影采/2.Film Score Collection V2/2. Film Score Collection V2/3. Rhythms-节奏型音色（速度同步）/2. Bounce Synth 90bpm (Minor) - 弹跳合成器 90拍（小调）/Bounce Synth 90bpm (A#m_Bbm).wav	5653578
Multiply Sound@影采/2.Film Score Collection V2/2. Film Score Collection V2/3. Rhythms-节奏型音色（速度同步）/2. Bounce Synth 90bpm (Minor) - 弹跳合成器 90拍（小调）/Bounce Synth 90bpm (Gm).wav	5653578
Multiply Sound@影采/2.Film Score Collection V2/2. Film Score Collection V2/3. Rhythms-节奏型音色（速度同步）/2. Bounce Synth 90bpm (Minor) - 弹跳合成器 90拍（小调）/Bounce Synth 90bpm (D#m_Ebm).wav	5653578
Multiply Sound@影采/2.Film Score Collection V2/2. Film Score Collection V2/3. Rhythms-节奏型音色（速度同步）/2. Bounce Synth 90bpm (Minor) - 弹跳合成器 90拍（小调）/Bounce Synth 90bpm (Am).wav	5653578
Multiply Sound@影采/2.Film Score Collection V2/2. Film Score Collection V2/3. Rhythms-节奏型音色（速度同步）/2. Bounce Synth 90bpm (Minor) - 弹跳合成器 90拍（小调）/Bounce Synth 90bpm (Dm).wav	5653578
Multiply Sound@影采/2.Film Score Collection V2/2. Film Score Collection V2/3. Rhythms-节奏型音色（速度同步）/2. Bounce Synth 90bpm (Minor) - 弹跳合成器 90拍（小调）/Bounce Synth 90bpm (F#m_Gbm).wav	5653578
Multiply Sound@影采/2.Film Score Collection V2/2. Film Score Collection V2/3. Rhythms-节奏型音色（速度同步）/2. Bounce Synth 90bpm (Minor) - 弹跳合成器 90拍（小调）/Bounce Synth 90bpm (Bm).wav	5653578
Multiply Sound@影采/2.Film Score Collection V2/2. Film Score Collection V2/3. Rhythms-节奏型音色（速度同步）/2. Bounce Synth 90bpm (Minor) - 弹跳合成器 90拍（小调）/Bounce Synth 90bpm (C#m_Dbm).wav	5653578
Multiply Sound@影采/2.Film Score Collection V2/2. Film Score Collection V2/3. Rhythms-节奏型音色（速度同步）/1. Tik Tok Bell 90bpm (Major_Minor) - 滴答钟音 90拍（大小调通用）/Tik Tok Bell 90bpm (G#_Ab).wav	2827398
Multiply Sound@影采/2.Film Score Collection V2/2. Film Score Collection V2/3. Rhythms-节奏型音色（速度同步）/1. Tik Tok Bell 90bpm (Major_Minor) - 滴答钟音 90拍（大小调通用）/Tik Tok Bell 90bpm (F).wav	2767262
Multiply Sound@影采/2.Film Score Collection V2/2. Film Score Collection V2/3. Rhythms-节奏型音色（速度同步）/1. Tik Tok Bell 90bpm (Major_Minor) - 滴答钟音 90拍（大小调通用）/Tik Tok Bell 90bpm (D).wav	2827398
Multiply Sound@影采/2.Film Score Collection V2/2. Film Score Collection V2/3. Rhythms-节奏型音色（速度同步）/1. Tik Tok Bell 90bpm (Major_Minor) - 滴答钟音 90拍（大小调通用）/Tik Tok Bell 90bpm (A#_Bb).wav	2827398
Multiply Sound@影采/2.Film Score Collection V2/2. Film Score Collection V2/3. Rhythms-节奏型音色（速度同步）/1. Tik Tok Bell 90bpm (Major_Minor) - 滴答钟音 90拍（大小调通用）/Tik Tok Bell 90bpm (A).wav	2827398
Multiply Sound@影采/2.Film Score Collection V2/2. Film Score Collection V2/3. Rhythms-节奏型音色（速度同步）/1. Tik Tok Bell 90bpm (Major_Minor) - 滴答钟音 90拍（大小调通用）/Tik Tok Bell 90bpm (E).wav	2827398
Multiply Sound@影采/2.Film Score Collection V2/2. Film Score Collection V2/3. Rhythms-节奏型音色（速度同步）/1. Tik Tok Bell 90bpm (Major_Minor) - 滴答钟音 90拍（大小调通用）/Tik Tok Bell 90bpm (C).wav	2827398
Multiply Sound@影采/2.Film Score Collection V2/2. Film Score Collection V2/3. Rhythms-节奏型音色（速度同步）/1. Tik Tok Bell 90bpm (Major_Minor) - 滴答钟音 90拍（大小调通用）/Tik Tok Bell 90bpm (G).wav	2827398
Multiply Sound@影采/2.Film Score Collection V2/2. Film Score Collection V2/3. Rhythms-节奏型音色（速度同步）/1. Tik Tok Bell 90bpm (Major_Minor) - 滴答钟音 90拍（大小调通用）/Tik Tok Bell 90bpm (C#_Db).wav	2827398
Multiply Sound@影采/2.Film Score Collection V2/2. Film Score Collection V2/3. Rhythms-节奏型音色（速度同步）/1. Tik Tok Bell 90bpm (Major_Minor) - 滴答钟音 90拍（大小调通用）/Tik Tok Bell 90bpm (D#_Eb).wav	2827398
Multiply Sound@影采/2.Film Score Collection V2/2. Film Score Collection V2/3. Rhythms-节奏型音色（速度同步）/1. Tik Tok Bell 90bpm (Major_Minor) - 滴答钟音 90拍（大小调通用）/Tik Tok Bell 90bpm (F#_Gb).wav	2827398
Multiply Sound@影采/2.Film Score Collection V2/2. Film Score Collection V2/3. Rhythms-节奏型音色（速度同步）/1. Tik Tok Bell 90bpm (Major_Minor) - 滴答钟音 90拍（大小调通用）/Tik Tok Bell 90bpm (B).wav	2827398
Multiply Sound@影采/2.Film Score Collection V2/2. Film Score Collection V2/3. Rhythms-节奏型音色（速度同步）/4. Guitar Delay 90bpm (Minor) - 延时吉他 90拍（小调）/Guitar Delay 90bpm (C#m_Dbm).wav	5653530
Multiply Sound@影采/2.Film Score Collection V2/2. Film Score Collection V2/3. Rhythms-节奏型音色（速度同步）/4. Guitar Delay 90bpm (Minor) - 延时吉他 90拍（小调）/Guitar Delay 90bpm (Cm).wav	5653530
Multiply Sound@影采/2.Film Score Collection V2/2. Film Score Collection V2/3. Rhythms-节奏型音色（速度同步）/4. Guitar Delay 90bpm (Minor) - 延时吉他 90拍（小调）/Guitar Delay 90bpm (Am).wav	5653528
Multiply Sound@影采/2.Film Score Collection V2/2. Film Score Collection V2/3. Rhythms-节奏型音色（速度同步）/4. Guitar Delay 90bpm (Minor) - 延时吉他 90拍（小调）/Guitar Delay 90bpm (Dm).wav	5653530
Multiply Sound@影采/2.Film Score Collection V2/2. Film Score Collection V2/3. Rhythms-节奏型音色（速度同步）/4. Guitar Delay 90bpm (Minor) - 延时吉他 90拍（小调）/Guitar Delay 90bpm (Bm).wav	5653530
Multiply Sound@影采/2.Film Score Collection V2/2. Film Score Collection V2/3. Rhythms-节奏型音色（速度同步）/4. Guitar Delay 90bpm (Minor) - 延时吉他 90拍（小调）/Guitar Delay 90bpm (Fm).wav	5653530
Multiply Sound@影采/2.Film Score Collection V2/2. Film Score Collection V2/3. Rhythms-节奏型音色（速度同步）/4. Guitar Delay 90bpm (Minor) - 延时吉他 90拍（小调）/Guitar Delay 90bpm (F#m_Gbm).wav	5653530
Multiply Sound@影采/2.Film Score Collection V2/2. Film Score Collection V2/3. Rhythms-节奏型音色（速度同步）/4. Guitar Delay 90bpm (Minor) - 延时吉他 90拍（小调）/Guitar Delay 90bpm (Gm).wav	5653530
Multiply Sound@影采/2.Film Score Collection V2/2. Film Score Collection V2/3. Rhythms-节奏型音色（速度同步）/4. Guitar Delay 90bpm (Minor) - 延时吉他 90拍（小调）/Guitar Delay 90bpm (D#m_Ebm).wav	5653530
Multiply Sound@影采/2.Film Score Collection V2/2. Film Score Collection V2/3. Rhythms-节奏型音色（速度同步）/4. Guitar Delay 90bpm (Minor) - 延时吉他 90拍（小调）/Guitar Delay 90bpm (G#m_Abm).wav	5653528
Multiply Sound@影采/2.Film Score Collection V2/2. Film Score Collection V2/3. Rhythms-节奏型音色（速度同步）/4. Guitar Delay 90bpm (Minor) - 延时吉他 90拍（小调）/Guitar Delay 90bpm (A#m_Bbm).wav	5653530
Multiply Sound@影采/2.Film Score Collection V2/2. Film Score Collection V2/3. Rhythms-节奏型音色（速度同步）/4. Guitar Delay 90bpm (Minor) - 延时吉他 90拍（小调）/Guitar Delay 90bpm (Em).wav	5653530
Multiply Sound@影采/2.Film Score Collection V2/2. Film Score Collection V2/3. Rhythms-节奏型音色（速度同步）/15. Equalizer Synth 120bpm (Minor) - 均衡质感合成器 120拍（小调）/Equalizer Synth 120bpm (Cm).wav	4240512
Multiply Sound@影采/2.Film Score Collection V2/2. Film Score Collection V2/3. Rhythms-节奏型音色（速度同步）/15. Equalizer Synth 120bpm (Minor) - 均衡质感合成器 120拍（小调）/Equalizer Synth 120bpm (Am).wav	4240510
Multiply Sound@影采/2.Film Score Collection V2/2. Film Score Collection V2/3. Rhythms-节奏型音色（速度同步）/15. Equalizer Synth 120bpm (Minor) - 均衡质感合成器 120拍（小调）/Equalizer Synth 120bpm (Bm).wav	4240512
Multiply Sound@影采/2.Film Score Collection V2/2. Film Score Collection V2/3. Rhythms-节奏型音色（速度同步）/15. Equalizer Synth 120bpm (Minor) - 均衡质感合成器 120拍（小调）/Equalizer Synth 120bpm (F#m_Gbm).wav	4240512
Multiply Sound@影采/2.Film Score Collection V2/2. Film Score Collection V2/3. Rhythms-节奏型音色（速度同步）/15. Equalizer Synth 120bpm (Minor) - 均衡质感合成器 120拍（小调）/Equalizer Synth 120bpm (Gm).wav	4240512
Multiply Sound@影采/2.Film Score Collection V2/2. Film Score Collection V2/3. Rhythms-节奏型音色（速度同步）/15. Equalizer Synth 120bpm (Minor) - 均衡质感合成器 120拍（小调）/Equalizer Synth 120bpm (Fm).wav	4240512
Multiply Sound@影采/2.Film Score Collection V2/2. Film Score Collection V2/3. Rhythms-节奏型音色（速度同步）/15. Equalizer Synth 120bpm (Minor) - 均衡质感合成器 120拍（小调）/Equalizer Synth 120bpm (Em).wav	4240512
Multiply Sound@影采/2.Film Score Collection V2/2. Film Score Collection V2/3. Rhythms-节奏型音色（速度同步）/15. Equalizer Synth 120bpm (Minor) - 均衡质感合成器 120拍（小调）/Equalizer Synth 120bpm (G#m_Abm).wav	4240512
Multiply Sound@影采/2.Film Score Collection V2/2. Film Score Collection V2/3. Rhythms-节奏型音色（速度同步）/15. Equalizer Synth 120bpm (Minor) - 均衡质感合成器 120拍（小调）/Equalizer Synth 120bpm (C#m_Dbm).wav	4240510
Multiply Sound@影采/2.Film Score Collection V2/2. Film Score Collection V2/3. Rhythms-节奏型音色（速度同步）/15. Equalizer Synth 120bpm (Minor) - 均衡质感合成器 120拍（小调）/Equalizer Synth 120bpm (D#m_Ebm).wav	4240512
Multiply Sound@影采/2.Film Score Collection V2/2. Film Score Collection V2/3. Rhythms-节奏型音色（速度同步）/15. Equalizer Synth 120bpm (Minor) - 均衡质感合成器 120拍（小调）/Equalizer Synth 120bpm (A#m_Bbm).wav	4240512
Multiply Sound@影采/2.Film Score Collection V2/2. Film Score Collection V2/3. Rhythms-节奏型音色（速度同步）/15. Equalizer Synth 120bpm (Minor) - 均衡质感合成器 120拍（小调）/Equalizer Synth 120bpm (Dm).wav	4240512
Multiply Sound@影采/2.Film Score Collection V2/2. Film Score Collection V2/3. Rhythms-节奏型音色（速度同步）/14. Whispering Winds 120bpm (Major_Minor) - 轻吟风吟音色 120拍（大小调通用）/Whispering Winds 120bpm (E).wav	2120900
Multiply Sound@影采/2.Film Score Collection V2/2. Film Score Collection V2/3. Rhythms-节奏型音色（速度同步）/14. Whispering Winds 120bpm (Major_Minor) - 轻吟风吟音色 120拍（大小调通用）/Whispering Winds 120bpm (G#_Ab).wav	2120900
Multiply Sound@影采/2.Film Score Collection V2/2. Film Score Collection V2/3. Rhythms-节奏型音色（速度同步）/14. Whispering Winds 120bpm (Major_Minor) - 轻吟风吟音色 120拍（大小调通用）/Whispering Winds 120bpm (C#_Db).wav	2120900
Multiply Sound@影采/2.Film Score Collection V2/2. Film Score Collection V2/3. Rhythms-节奏型音色（速度同步）/14. Whispering Winds 120bpm (Major_Minor) - 轻吟风吟音色 120拍（大小调通用）/Whispering Winds 120bpm (G).wav	2120900
Multiply Sound@影采/2.Film Score Collection V2/2. Film Score Collection V2/3. Rhythms-节奏型音色（速度同步）/14. Whispering Winds 120bpm (Major_Minor) - 轻吟风吟音色 120拍（大小调通用）/Whispering Winds 120bpm (A#_Bb).wav	2120900
Multiply Sound@影采/2.Film Score Collection V2/2. Film Score Collection V2/3. Rhythms-节奏型音色（速度同步）/14. Whispering Winds 120bpm (Major_Minor) - 轻吟风吟音色 120拍（大小调通用）/Whispering Winds 120bpm (D).wav	2120900
Multiply Sound@影采/2.Film Score Collection V2/2. Film Score Collection V2/3. Rhythms-节奏型音色（速度同步）/14. Whispering Winds 120bpm (Major_Minor) - 轻吟风吟音色 120拍（大小调通用）/Whispering Winds 120bpm (C).wav	2120900
Multiply Sound@影采/2.Film Score Collection V2/2. Film Score Collection V2/3. Rhythms-节奏型音色（速度同步）/14. Whispering Winds 120bpm (Major_Minor) - 轻吟风吟音色 120拍（大小调通用）/Whispering Winds 120bpm (F#_Gb).wav	2120900
Multiply Sound@影采/2.Film Score Collection V2/2. Film Score Collection V2/3. Rhythms-节奏型音色（速度同步）/14. Whispering Winds 120bpm (Major_Minor) - 轻吟风吟音色 120拍（大小调通用）/Whispering Winds 120bpm (D#_Eb).wav	2120900
Multiply Sound@影采/2.Film Score Collection V2/2. Film Score Collection V2/3. Rhythms-节奏型音色（速度同步）/14. Whispering Winds 120bpm (Major_Minor) - 轻吟风吟音色 120拍（大小调通用）/Whispering Winds 120bpm (F).wav	2120900
Multiply Sound@影采/2.Film Score Collection V2/2. Film Score Collection V2/3. Rhythms-节奏型音色（速度同步）/14. Whispering Winds 120bpm (Major_Minor) - 轻吟风吟音色 120拍（大小调通用）/Whispering Winds 120bpm (B).wav	2120900
Multiply Sound@影采/2.Film Score Collection V2/2. Film Score Collection V2/3. Rhythms-节奏型音色（速度同步）/14. Whispering Winds 120bpm (Major_Minor) - 轻吟风吟音色 120拍（大小调通用）/Whispering Winds 120bpm (A).wav	2120900
Multiply Sound@影采/2.Film Score Collection V2/2. Film Score Collection V2/3. Rhythms-节奏型音色（速度同步）/7. Arp Synth 90bpm (Major) - 琶音合成器 90拍（大调）/Arp Synth 90bpm (E).wav	5653530
Multiply Sound@影采/2.Film Score Collection V2/2. Film Score Collection V2/3. Rhythms-节奏型音色（速度同步）/7. Arp Synth 90bpm (Major) - 琶音合成器 90拍（大调）/Arp Synth 90bpm (C).wav	5653530
Multiply Sound@影采/2.Film Score Collection V2/2. Film Score Collection V2/3. Rhythms-节奏型音色（速度同步）/7. Arp Synth 90bpm (Major) - 琶音合成器 90拍（大调）/Arp Synth 90bpm (C#_Db).wav	5653530
Multiply Sound@影采/2.Film Score Collection V2/2. Film Score Collection V2/3. Rhythms-节奏型音色（速度同步）/7. Arp Synth 90bpm (Major) - 琶音合成器 90拍（大调）/Arp Synth 90bpm (F#_Gb).wav	5653530
Multiply Sound@影采/2.Film Score Collection V2/2. Film Score Collection V2/3. Rhythms-节奏型音色（速度同步）/7. Arp Synth 90bpm (Major) - 琶音合成器 90拍（大调）/Arp Synth 90bpm (A).wav	5653530
Multiply Sound@影采/2.Film Score Collection V2/2. Film Score Collection V2/3. Rhythms-节奏型音色（速度同步）/7. Arp Synth 90bpm (Major) - 琶音合成器 90拍（大调）/Arp Synth 90bpm (D#_Eb).wav	5653530
Multiply Sound@影采/2.Film Score Collection V2/2. Film Score Collection V2/3. Rhythms-节奏型音色（速度同步）/7. Arp Synth 90bpm (Major) - 琶音合成器 90拍（大调）/Arp Synth 90bpm (G).wav	5653530
Multiply Sound@影采/2.Film Score Collection V2/2. Film Score Collection V2/3. Rhythms-节奏型音色（速度同步）/7. Arp Synth 90bpm (Major) - 琶音合成器 90拍（大调）/Arp Synth 90bpm (A#_Bb).wav	5653530
Multiply Sound@影采/2.Film Score Collection V2/2. Film Score Collection V2/3. Rhythms-节奏型音色（速度同步）/7. Arp Synth 90bpm (Major) - 琶音合成器 90拍（大调）/Arp Synth 90bpm (G#_Ab).wav	5653530
Multiply Sound@影采/2.Film Score Collection V2/2. Film Score Collection V2/3. Rhythms-节奏型音色（速度同步）/7. Arp Synth 90bpm (Major) - 琶音合成器 90拍（大调）/Arp Synth 90bpm (D).wav	5653530
Multiply Sound@影采/2.Film Score Collection V2/2. Film Score Collection V2/3. Rhythms-节奏型音色（速度同步）/7. Arp Synth 90bpm (Major) - 琶音合成器 90拍（大调）/Arp Synth 90bpm (F).wav	5653530
Multiply Sound@影采/2.Film Score Collection V2/2. Film Score Collection V2/3. Rhythms-节奏型音色（速度同步）/7. Arp Synth 90bpm (Major) - 琶音合成器 90拍（大调）/Arp Synth 90bpm (B).wav	5653528
Multiply Sound@影采/2.Film Score Collection V2/2. Film Score Collection V2/3. Rhythms-节奏型音色（速度同步）/11. Arp Synth 120bpm (Major) - 琶音合成器 120拍（大调）/Arp Synth 120bpm (C#_Db).wav	4240510
Multiply Sound@影采/2.Film Score Collection V2/2. Film Score Collection V2/3. Rhythms-节奏型音色（速度同步）/11. Arp Synth 120bpm (Major) - 琶音合成器 120拍（大调）/Arp Synth 120bpm (B).wav	4240512
Multiply Sound@影采/2.Film Score Collection V2/2. Film Score Collection V2/3. Rhythms-节奏型音色（速度同步）/11. Arp Synth 120bpm (Major) - 琶音合成器 120拍（大调）/Arp Synth 120bpm (F).wav	4240512
Multiply Sound@影采/2.Film Score Collection V2/2. Film Score Collection V2/3. Rhythms-节奏型音色（速度同步）/11. Arp Synth 120bpm (Major) - 琶音合成器 120拍（大调）/Arp Synth 120bpm (G#_Ab).wav	4240512
Multiply Sound@影采/2.Film Score Collection V2/2. Film Score Collection V2/3. Rhythms-节奏型音色（速度同步）/11. Arp Synth 120bpm (Major) - 琶音合成器 120拍（大调）/Arp Synth 120bpm (A).wav	4240512
Multiply Sound@影采/2.Film Score Collection V2/2. Film Score Collection V2/3. Rhythms-节奏型音色（速度同步）/11. Arp Synth 120bpm (Major) - 琶音合成器 120拍（大调）/Arp Synth 120bpm (E).wav	4240512
Multiply Sound@影采/2.Film Score Collection V2/2. Film Score Collection V2/3. Rhythms-节奏型音色（速度同步）/11. Arp Synth 120bpm (Major) - 琶音合成器 120拍（大调）/Arp Synth 120bpm (G).wav	4240512
Multiply Sound@影采/2.Film Score Collection V2/2. Film Score Collection V2/3. Rhythms-节奏型音色（速度同步）/11. Arp Synth 120bpm (Major) - 琶音合成器 120拍（大调）/Arp Synth 120bpm (A#_Bb).wav	4240512
Multiply Sound@影采/2.Film Score Collection V2/2. Film Score Collection V2/3. Rhythms-节奏型音色（速度同步）/11. Arp Synth 120bpm (Major) - 琶音合成器 120拍（大调）/Arp Synth 120bpm (D).wav	4240512
Multiply Sound@影采/2.Film Score Collection V2/2. Film Score Collection V2/3. Rhythms-节奏型音色（速度同步）/11. Arp Synth 120bpm (Major) - 琶音合成器 120拍（大调）/Arp Synth 120bpm (F#_Gb).wav	4240512
Multiply Sound@影采/2.Film Score Collection V2/2. Film Score Collection V2/3. Rhythms-节奏型音色（速度同步）/11. Arp Synth 120bpm (Major) - 琶音合成器 120拍（大调）/Arp Synth 120bpm (D#_Eb).wav	4240512
Multiply Sound@影采/2.Film Score Collection V2/2. Film Score Collection V2/3. Rhythms-节奏型音色（速度同步）/11. Arp Synth 120bpm (Major) - 琶音合成器 120拍（大调）/Arp Synth 120bpm (C).wav	4240512
Multiply Sound@影采/2.Film Score Collection V2/2. Film Score Collection V2/3. Rhythms-节奏型音色（速度同步）/3. Bell Delay 90bpm (Major_Minor) - 延时钟音 90拍（大小调通用）/Bell Delay 90bpm (G).wav	5653578
Multiply Sound@影采/2.Film Score Collection V2/2. Film Score Collection V2/3. Rhythms-节奏型音色（速度同步）/3. Bell Delay 90bpm (Major_Minor) - 延时钟音 90拍（大小调通用）/Bell Delay 90bpm (A).wav	5653578
Multiply Sound@影采/2.Film Score Collection V2/2. Film Score Collection V2/3. Rhythms-节奏型音色（速度同步）/3. Bell Delay 90bpm (Major_Minor) - 延时钟音 90拍（大小调通用）/Bell Delay 90bpm (G#_Ab).wav	5653576
Multiply Sound@影采/2.Film Score Collection V2/2. Film Score Collection V2/3. Rhythms-节奏型音色（速度同步）/3. Bell Delay 90bpm (Major_Minor) - 延时钟音 90拍（大小调通用）/Bell Delay 90bpm (F).wav	5653578
Multiply Sound@影采/2.Film Score Collection V2/2. Film Score Collection V2/3. Rhythms-节奏型音色（速度同步）/3. Bell Delay 90bpm (Major_Minor) - 延时钟音 90拍（大小调通用）/Bell Delay 90bpm (C).wav	5653578
Multiply Sound@影采/2.Film Score Collection V2/2. Film Score Collection V2/3. Rhythms-节奏型音色（速度同步）/3. Bell Delay 90bpm (Major_Minor) - 延时钟音 90拍（大小调通用）/Bell Delay 90bpm (F#_Gb).wav	5653578
Multiply Sound@影采/2.Film Score Collection V2/2. Film Score Collection V2/3. Rhythms-节奏型音色（速度同步）/3. Bell Delay 90bpm (Major_Minor) - 延时钟音 90拍（大小调通用）/Bell Delay 90bpm (D).wav	5653578
Multiply Sound@影采/2.Film Score Collection V2/2. Film Score Collection V2/3. Rhythms-节奏型音色（速度同步）/3. Bell Delay 90bpm (Major_Minor) - 延时钟音 90拍（大小调通用）/Bell Delay 90bpm (A#_Bb).wav	5653576
Multiply Sound@影采/2.Film Score Collection V2/2. Film Score Collection V2/3. Rhythms-节奏型音色（速度同步）/3. Bell Delay 90bpm (Major_Minor) - 延时钟音 90拍（大小调通用）/Bell Delay 90bpm (C#_Db).wav	5653576
Multiply Sound@影采/2.Film Score Collection V2/2. Film Score Collection V2/3. Rhythms-节奏型音色（速度同步）/3. Bell Delay 90bpm (Major_Minor) - 延时钟音 90拍（大小调通用）/Bell Delay 90bpm (D#_Eb).wav	5653578
Multiply Sound@影采/2.Film Score Collection V2/2. Film Score Collection V2/3. Rhythms-节奏型音色（速度同步）/3. Bell Delay 90bpm (Major_Minor) - 延时钟音 90拍（大小调通用）/Bell Delay 90bpm (E).wav	5653578
Multiply Sound@影采/2.Film Score Collection V2/2. Film Score Collection V2/3. Rhythms-节奏型音色（速度同步）/3. Bell Delay 90bpm (Major_Minor) - 延时钟音 90拍（大小调通用）/Bell Delay 90bpm (B).wav	5653578
Multiply Sound@影采/2.Film Score Collection V2/2. Film Score Collection V2/3. Rhythms-节奏型音色（速度同步）/8. Clock Bell 120bpm (Major_Minor) - 时钟铃音 120拍（大小调通用）/Clock Bell 120bpm (C#_Db).wav	4240460
Multiply Sound@影采/2.Film Score Collection V2/2. Film Score Collection V2/3. Rhythms-节奏型音色（速度同步）/8. Clock Bell 120bpm (Major_Minor) - 时钟铃音 120拍（大小调通用）/Clock Bell 120bpm (F).wav	4240462
Multiply Sound@影采/2.Film Score Collection V2/2. Film Score Collection V2/3. Rhythms-节奏型音色（速度同步）/8. Clock Bell 120bpm (Major_Minor) - 时钟铃音 120拍（大小调通用）/Clock Bell 120bpm (A).wav	4240462
Multiply Sound@影采/2.Film Score Collection V2/2. Film Score Collection V2/3. Rhythms-节奏型音色（速度同步）/8. Clock Bell 120bpm (Major_Minor) - 时钟铃音 120拍（大小调通用）/Clock Bell 120bpm (C).wav	4240462
Multiply Sound@影采/2.Film Score Collection V2/2. Film Score Collection V2/3. Rhythms-节奏型音色（速度同步）/8. Clock Bell 120bpm (Major_Minor) - 时钟铃音 120拍（大小调通用）/Clock Bell 120bpm (D#_Eb).wav	4240462
Multiply Sound@影采/2.Film Score Collection V2/2. Film Score Collection V2/3. Rhythms-节奏型音色（速度同步）/8. Clock Bell 120bpm (Major_Minor) - 时钟铃音 120拍（大小调通用）/Clock Bell 120bpm (A#_Bb).wav	4240462
Multiply Sound@影采/2.Film Score Collection V2/2. Film Score Collection V2/3. Rhythms-节奏型音色（速度同步）/8. Clock Bell 120bpm (Major_Minor) - 时钟铃音 120拍（大小调通用）/Clock Bell 120bpm (G#_Ab).wav	4240462
Multiply Sound@影采/2.Film Score Collection V2/2. Film Score Collection V2/3. Rhythms-节奏型音色（速度同步）/8. Clock Bell 120bpm (Major_Minor) - 时钟铃音 120拍（大小调通用）/Clock Bell 120bpm (F#_Gb).wav	4240462
Multiply Sound@影采/2.Film Score Collection V2/2. Film Score Collection V2/3. Rhythms-节奏型音色（速度同步）/8. Clock Bell 120bpm (Major_Minor) - 时钟铃音 120拍（大小调通用）/Clock Bell 120bpm (B).wav	4240462
Multiply Sound@影采/2.Film Score Collection V2/2. Film Score Collection V2/3. Rhythms-节奏型音色（速度同步）/8. Clock Bell 120bpm (Major_Minor) - 时钟铃音 120拍（大小调通用）/Clock Bell 120bpm (D).wav	4240460
Multiply Sound@影采/2.Film Score Collection V2/2. Film Score Collection V2/3. Rhythms-节奏型音色（速度同步）/8. Clock Bell 120bpm (Major_Minor) - 时钟铃音 120拍（大小调通用）/Clock Bell 120bpm (G).wav	4240462
Multiply Sound@影采/2.Film Score Collection V2/2. Film Score Collection V2/3. Rhythms-节奏型音色（速度同步）/8. Clock Bell 120bpm (Major_Minor) - 时钟铃音 120拍（大小调通用）/Clock Bell 120bpm (E).wav	4240462
Multiply Sound@影采/2.Film Score Collection V2/2. Film Score Collection V2/3. Rhythms-节奏型音色（速度同步）/12. String Echos 120bpm (Major) - 回声弦乐 120拍（大调）/String Echos 120bpm (G).wav	2120900
Multiply Sound@影采/2.Film Score Collection V2/2. Film Score Collection V2/3. Rhythms-节奏型音色（速度同步）/12. String Echos 120bpm (Major) - 回声弦乐 120拍（大调）/String Echos 120bpm (F).wav	2120898
Multiply Sound@影采/2.Film Score Collection V2/2. Film Score Collection V2/3. Rhythms-节奏型音色（速度同步）/12. String Echos 120bpm (Major) - 回声弦乐 120拍（大调）/String Echos 120bpm (G#_Ab).wav	2120900
Multiply Sound@影采/2.Film Score Collection V2/2. Film Score Collection V2/3. Rhythms-节奏型音色（速度同步）/12. String Echos 120bpm (Major) - 回声弦乐 120拍（大调）/String Echos 120bpm (E).wav	2120900
Multiply Sound@影采/2.Film Score Collection V2/2. Film Score Collection V2/3. Rhythms-节奏型音色（速度同步）/12. String Echos 120bpm (Major) - 回声弦乐 120拍（大调）/String Echos 120bpm (C).wav	2120900
Multiply Sound@影采/2.Film Score Collection V2/2. Film Score Collection V2/3. Rhythms-节奏型音色（速度同步）/12. String Echos 120bpm (Major) - 回声弦乐 120拍（大调）/String Echos 120bpm (B).wav	2120900
Multiply Sound@影采/2.Film Score Collection V2/2. Film Score Collection V2/3. Rhythms-节奏型音色（速度同步）/12. String Echos 120bpm (Major) - 回声弦乐 120拍（大调）/String Echos 120bpm (A).wav	2120900
Multiply Sound@影采/2.Film Score Collection V2/2. Film Score Collection V2/3. Rhythms-节奏型音色（速度同步）/12. String Echos 120bpm (Major) - 回声弦乐 120拍（大调）/String Echos 120bpm (D).wav	2120900
Multiply Sound@影采/2.Film Score Collection V2/2. Film Score Collection V2/3. Rhythms-节奏型音色（速度同步）/12. String Echos 120bpm (Major) - 回声弦乐 120拍（大调）/String Echos 120bpm (D#_Eb).wav	2120900
Multiply Sound@影采/2.Film Score Collection V2/2. Film Score Collection V2/3. Rhythms-节奏型音色（速度同步）/12. String Echos 120bpm (Major) - 回声弦乐 120拍（大调）/String Echos 120bpm (F#_Gb).wav	2120900
Multiply Sound@影采/2.Film Score Collection V2/2. Film Score Collection V2/3. Rhythms-节奏型音色（速度同步）/12. String Echos 120bpm (Major) - 回声弦乐 120拍（大调）/String Echos 120bpm (C#_Db).wav	2120900
Multiply Sound@影采/2.Film Score Collection V2/2. Film Score Collection V2/3. Rhythms-节奏型音色（速度同步）/12. String Echos 120bpm (Major) - 回声弦乐 120拍（大调）/String Echos 120bpm (A#_Bb).wav	2120900
Multiply Sound@影采/2.Film Score Collection V2/2. Film Score Collection V2/3. Rhythms-节奏型音色（速度同步）/9. Dark Synth 120bpm (Minor) - 幽暗合成器 120拍（小调）/Dark Synth 120bpm (C#m_Dbm).wav	4240510
Multiply Sound@影采/2.Film Score Collection V2/2. Film Score Collection V2/3. Rhythms-节奏型音色（速度同步）/9. Dark Synth 120bpm (Minor) - 幽暗合成器 120拍（小调）/Dark Synth 120bpm (Bm).wav	4240512
Multiply Sound@影采/2.Film Score Collection V2/2. Film Score Collection V2/3. Rhythms-节奏型音色（速度同步）/9. Dark Synth 120bpm (Minor) - 幽暗合成器 120拍（小调）/Dark Synth 120bpm (D#m_Ebm).wav	4240510
Multiply Sound@影采/2.Film Score Collection V2/2. Film Score Collection V2/3. Rhythms-节奏型音色（速度同步）/9. Dark Synth 120bpm (Minor) - 幽暗合成器 120拍（小调）/Dark Synth 120bpm (Em).wav	4240512
Multiply Sound@影采/2.Film Score Collection V2/2. Film Score Collection V2/3. Rhythms-节奏型音色（速度同步）/9. Dark Synth 120bpm (Minor) - 幽暗合成器 120拍（小调）/Dark Synth 120bpm (G#m_Abm).wav	4240512
Multiply Sound@影采/2.Film Score Collection V2/2. Film Score Collection V2/3. Rhythms-节奏型音色（速度同步）/9. Dark Synth 120bpm (Minor) - 幽暗合成器 120拍（小调）/Dark Synth 120bpm (Am).wav	4240512
Multiply Sound@影采/2.Film Score Collection V2/2. Film Score Collection V2/3. Rhythms-节奏型音色（速度同步）/9. Dark Synth 120bpm (Minor) - 幽暗合成器 120拍（小调）/Dark Synth 120bpm (Cm).wav	4240512
Multiply Sound@影采/2.Film Score Collection V2/2. Film Score Collection V2/3. Rhythms-节奏型音色（速度同步）/9. Dark Synth 120bpm (Minor) - 幽暗合成器 120拍（小调）/Dark Synth 120bpm (A#m_Bbm).wav	4240512
Multiply Sound@影采/2.Film Score Collection V2/2. Film Score Collection V2/3. Rhythms-节奏型音色（速度同步）/9. Dark Synth 120bpm (Minor) - 幽暗合成器 120拍（小调）/Dark Synth 120bpm (Gm).wav	4240512
Multiply Sound@影采/2.Film Score Collection V2/2. Film Score Collection V2/3. Rhythms-节奏型音色（速度同步）/9. Dark Synth 120bpm (Minor) - 幽暗合成器 120拍（小调）/Dark Synth 120bpm (Dm).wav	4240512
Multiply Sound@影采/2.Film Score Collection V2/2. Film Score Collection V2/3. Rhythms-节奏型音色（速度同步）/9. Dark Synth 120bpm (Minor) - 幽暗合成器 120拍（小调）/Dark Synth 120bpm (F#m_Gbm).wav	4240512
Multiply Sound@影采/2.Film Score Collection V2/2. Film Score Collection V2/3. Rhythms-节奏型音色（速度同步）/9. Dark Synth 120bpm (Minor) - 幽暗合成器 120拍（小调）/Dark Synth 120bpm (Fm).wav	4240512
Multiply Sound@影采/2.Film Score Collection V2/2. Film Score Collection V2/4. Drums-鼓组音色（速度同步）/One Shots/10. Dungeon Drop.wav	2120850
Multiply Sound@影采/2.Film Score Collection V2/2. Film Score Collection V2/4. Drums-鼓组音色（速度同步）/One Shots/14. Frostbite Snare.wav	1061046
Multiply Sound@影采/2.Film Score Collection V2/2. Film Score Collection V2/4. Drums-鼓组音色（速度同步）/One Shots/11. Crash Volt.wav	2120850
Multiply Sound@影采/2.Film Score Collection V2/2. Film Score Collection V2/4. Drums-鼓组音色（速度同步）/One Shots/13. Delay Snare.wav	1590948
Multiply Sound@影采/2.Film Score Collection V2/2. Film Score Collection V2/4. Drums-鼓组音色（速度同步）/One Shots/9. Undertone Hit.wav	1591000
Multiply Sound@影采/2.Film Score Collection V2/2. Film Score Collection V2/4. Drums-鼓组音色（速度同步）/One Shots/18. Ethnic Sticks.wav	2650750
Multiply Sound@影采/2.Film Score Collection V2/2. Film Score Collection V2/4. Drums-鼓组音色（速度同步）/One Shots/3. Whoosh Pound.wav	2120850
Multiply Sound@影采/2.Film Score Collection V2/2. Film Score Collection V2/4. Drums-鼓组音色（速度同步）/One Shots/5. Echo Smash.wav	2120848
Multiply Sound@影采/2.Film Score Collection V2/2. Film Score Collection V2/4. Drums-鼓组音色（速度同步）/One Shots/19. Chalk Board Nighmare.wav	3180654
Multiply Sound@影采/2.Film Score Collection V2/2. Film Score Collection V2/4. Drums-鼓组音色（速度同步）/One Shots/4. Bite Factory.wav	1414316
Multiply Sound@影采/2.Film Score Collection V2/2. Film Score Collection V2/4. Drums-鼓组音色（速度同步）/One Shots/6. Iron Boom.wav	2120850
Multiply Sound@影采/2.Film Score Collection V2/2. Film Score Collection V2/4. Drums-鼓组音色（速度同步）/One Shots/2. Tom Roll Fast.wav	1590948
Multiply Sound@影采/2.Film Score Collection V2/2. Film Score Collection V2/4. Drums-鼓组音色（速度同步）/One Shots/7. Kick Weaving.wav	2827398
Multiply Sound@影采/2.Film Score Collection V2/2. Film Score Collection V2/4. Drums-鼓组音色（速度同步）/One Shots/1. Tom Roll Smash.wav	1590950
Multiply Sound@影采/2.Film Score Collection V2/2. Film Score Collection V2/4. Drums-鼓组音色（速度同步）/One Shots/16. Stealth Snare.wav	1061048
Multiply Sound@影采/2.Film Score Collection V2/2. Film Score Collection V2/4. Drums-鼓组音色（速度同步）/One Shots/17. Clip Snap.wav	1061046
Multiply Sound@影采/2.Film Score Collection V2/2. Film Score Collection V2/4. Drums-鼓组音色（速度同步）/One Shots/15. Ghost Snare.wav	1061048
Multiply Sound@影采/2.Film Score Collection V2/2. Film Score Collection V2/4. Drums-鼓组音色（速度同步）/One Shots/12. Bell Snare.wav	1061048
Multiply Sound@影采/2.Film Score Collection V2/2. Film Score Collection V2/4. Drums-鼓组音色（速度同步）/One Shots/8. Metallic Boom.wav	2120850
Multiply Sound@影采/2.Film Score Collection V2/2. Film Score Collection V2/4. Drums-鼓组音色（速度同步）/120 BPM/13. Gritty Hats (120bpm).wav	4240462
Multiply Sound@影采/2.Film Score Collection V2/2. Film Score Collection V2/4. Drums-鼓组音色（速度同步）/120 BPM/15. Sticks Rhythm (120bpm).wav	4240462
Multiply Sound@影采/2.Film Score Collection V2/2. Film Score Collection V2/4. Drums-鼓组音色（速度同步）/120 BPM/14. Metal Undertone (120bpm).wav	4240462
Multiply Sound@影采/2.Film Score Collection V2/2. Film Score Collection V2/4. Drums-鼓组音色（速度同步）/120 BPM/2. Ironwork Groove (120bpm).wav	4240462
Multiply Sound@影采/2.Film Score Collection V2/2. Film Score Collection V2/4. Drums-鼓组音色（速度同步）/120 BPM/11. Phasing (120bpm).wav	4240462
Multiply Sound@影采/2.Film Score Collection V2/2. Film Score Collection V2/4. Drums-鼓组音色（速度同步）/120 BPM/6. Trailer Toms (120bpm).wav	4240462
Multiply Sound@影采/2.Film Score Collection V2/2. Film Score Collection V2/4. Drums-鼓组音色（速度同步）/120 BPM/10. Night Navigator (120bpm).wav	4240462
Multiply Sound@影采/2.Film Score Collection V2/2. Film Score Collection V2/4. Drums-鼓组音色（速度同步）/120 BPM/5. Mystic Toms (120bpm).wav	4240462
Multiply Sound@影采/2.Film Score Collection V2/2. Film Score Collection V2/4. Drums-鼓组音色（速度同步）/120 BPM/12. Cymbal Groove (120bpm).wav	4240460
Multiply Sound@影采/2.Film Score Collection V2/2. Film Score Collection V2/4. Drums-鼓组音色（速度同步）/120 BPM/9. Industrial Clatter (120bpm).wav	4240462
Multiply Sound@影采/2.Film Score Collection V2/2. Film Score Collection V2/4. Drums-鼓组音色（速度同步）/120 BPM/7. Urban Flow (120bpm).wav	4240462
Multiply Sound@影采/2.Film Score Collection V2/2. Film Score Collection V2/4. Drums-鼓组音色（速度同步）/120 BPM/4. Low Tunnel (120bpm).wav	4240462
Multiply Sound@影采/2.Film Score Collection V2/2. Film Score Collection V2/4. Drums-鼓组音色（速度同步）/120 BPM/8. Focus Kick (120bpm).wav	4240462
Multiply Sound@影采/2.Film Score Collection V2/2. Film Score Collection V2/4. Drums-鼓组音色（速度同步）/120 BPM/3. Low Toms (120bpm).wav	4240462
Multiply Sound@影采/2.Film Score Collection V2/2. Film Score Collection V2/4. Drums-鼓组音色（速度同步）/120 BPM/1. Battle March (120bpm).wav	4240462
Multiply Sound@影采/2.Film Score Collection V2/2. Film Score Collection V2/4. Drums-鼓组音色（速度同步）/90 BPM/9. Frames (90bpm).wav	5653524
Multiply Sound@影采/2.Film Score Collection V2/2. Film Score Collection V2/4. Drums-鼓组音色（速度同步）/90 BPM/8. Sticks Rhythm (90bpm).wav	5653524
Multiply Sound@影采/2.Film Score Collection V2/2. Film Score Collection V2/4. Drums-鼓组音色（速度同步）/90 BPM/15. Mellow Tapes (90bpm).wav	5653524
Multiply Sound@影采/2.Film Score Collection V2/2. Film Score Collection V2/4. Drums-鼓组音色（速度同步）/90 BPM/7. Glitch Stutter (90bpm).wav	5653524
Multiply Sound@影采/2.Film Score Collection V2/2. Film Score Collection V2/4. Drums-鼓组音色（速度同步）/90 BPM/4. Drive Groove (90bpm).wav	5653524
Multiply Sound@影采/2.Film Score Collection V2/2. Film Score Collection V2/4. Drums-鼓组音色（速度同步）/90 BPM/3. 4 on Floor Toms (90bpm).wav	5653524
Multiply Sound@影采/2.Film Score Collection V2/2. Film Score Collection V2/4. Drums-鼓组音色（速度同步）/90 BPM/1. Railroad Rhythms (90bpm).wav	5653524
Multiply Sound@影采/2.Film Score Collection V2/2. Film Score Collection V2/4. Drums-鼓组音色（速度同步）/90 BPM/12. Urban Hats (90bpm).wav	5653522
Multiply Sound@影采/2.Film Score Collection V2/2. Film Score Collection V2/4. Drums-鼓组音色（速度同步）/90 BPM/2. Tunnel Clicks (90bpm).wav	5653524
Multiply Sound@影采/2.Film Score Collection V2/2. Film Score Collection V2/4. Drums-鼓组音色（速度同步）/90 BPM/11. Reverse Shells (90bpm).wav	5653524
Multiply Sound@影采/2.Film Score Collection V2/2. Film Score Collection V2/4. Drums-鼓组音色（速度同步）/90 BPM/6. Blip Snare (90bpm).wav	5653522
Multiply Sound@影采/2.Film Score Collection V2/2. Film Score Collection V2/4. Drums-鼓组音色（速度同步）/90 BPM/5. Aluminum (90bpm).wav	5653524
Multiply Sound@影采/2.Film Score Collection V2/2. Film Score Collection V2/4. Drums-鼓组音色（速度同步）/90 BPM/10. High-Hat Shutter (90bpm).wav	5653524
Multiply Sound@影采/2.Film Score Collection V2/2. Film Score Collection V2/4. Drums-鼓组音色（速度同步）/90 BPM/14. Cool Breeze (90bpm).wav	5653524
Multiply Sound@影采/2.Film Score Collection V2/2. Film Score Collection V2/4. Drums-鼓组音色（速度同步）/90 BPM/13. Slick Hats (90bpm).wav	5653522
