zip,member,size,crc32,status,matched_path
Cinetools Witchcraft【黑暗魔法巫术风火雷电咒语游戏技能音效素材】655544319933.zip,Cinetools Witchcraft/Designed/Conjure/WC_Conjure_BlindFury_CT.wav,4518458,90c73cf2,OK,/volume1/主目录/Collection/素材&模板&音库/音效/02_中文音效合集/魔法法术咒语技能释放音效/Cinetools Witchcraft/Designed/Conjure/WC_Conjure_BlindFury_CT.wav
Cinetools Witchcraft【黑暗魔法巫术风火雷电咒语游戏技能音效素材】655544319933.zip,Cinetools Witchcraft/Designed/Conjure/WC_Conjure_CleanseConjure_CT.wav,4032124,41076bd5,OK,/volume1/主目录/Collection/素材&模板&音库/音效/02_中文音效合集/魔法法术咒语技能释放音效/Cinetools Witchcraft/Designed/Conjure/WC_Conjure_CleanseConjure_CT.wav
Cinetools Witchcraft【黑暗魔法巫术风火雷电咒语游戏技能音效素材】655544319933.zip,Cinetools Witchcraft/Designed/Conjure/WC_Conjure_CurseSpell2_CT.wav,3456124,e1341086,OK,/volume1/主目录/Collection/素材&模板&音库/音效/02_中文音效合集/魔法法术咒语技能释放音效/Cinetools Witchcraft/Designed/Conjure/WC_Conjure_CurseSpell2_CT.wav
Cinetools Witchcraft【黑暗魔法巫术风火雷电咒语游戏技能音效素材】655544319933.zip,Cinetools Witchcraft/Designed/Conjure/WC_Conjure_CurseSpell3_CT.wav,3456124,fd869aa5,OK,/volume1/主目录/Collection/素材&模板&音库/音效/02_中文音效合集/魔法法术咒语技能释放音效/Cinetools Witchcraft/Designed/Conjure/WC_Conjure_CurseSpell3_CT.wav
Cinetools Witchcraft【黑暗魔法巫术风火雷电咒语游戏技能音效素材】655544319933.zip,Cinetools Witchcraft/Designed/Conjure/WC_Conjure_CurseSpell_CT.wav,2880124,e6a99ffd,OK,/volume1/主目录/Collection/素材&模板&音库/音效/02_中文音效合集/魔法法术咒语技能释放音效/Cinetools Witchcraft/Designed/Conjure/WC_Conjure_CurseSpell_CT.wav
Cinetools Witchcraft【黑暗魔法巫术风火雷电咒语游戏技能音效素材】655544319933.zip,Cinetools Witchcraft/Designed/Conjure/WC_Conjure_DemonicInfusion2_CT.wav,3628844,c1332919,OK,/volume1/主目录/Collection/素材&模板&音库/音效/03_项目素材/LTT_V30All/WC_Conjure_DemonicInfusion2_CT.wav
Cinetools Witchcraft【黑暗魔法巫术风火雷电咒语游戏技能音效素材】655544319933.zip,Cinetools Witchcraft/Designed/Conjure/WC_Conjure_DemonicInfusion_CT.wav,2975450,78cd7032,OK,/volume1/主目录/Collection/素材&模板&音库/音效/02_中文音效合集/魔法法术咒语技能释放音效/Cinetools Witchcraft/Designed/Conjure/WC_Conjure_DemonicInfusion_CT.wav
Cinetools Witchcraft【黑暗魔法巫术风火雷电咒语游戏技能音效素材】655544319933.zip,Cinetools Witchcraft/Designed/Conjure/WC_Conjure_EvilBreath2_CT.wav,6336124,988713d1,OK,/volume1/主目录/Collection/素材&模板&音库/音效/03_项目素材/LTT_V30All/WC_Conjure_EvilBreath2_CT.wav
Cinetools Witchcraft【黑暗魔法巫术风火雷电咒语游戏技能音效素材】655544319933.zip,Cinetools Witchcraft/Designed/Conjure/WC_Conjure_EvilBreath3_CT.wav,3523660,c76139c7,OK,/volume1/主目录/Collection/素材&模板&音库/音效/02_中文音效合集/魔法法术咒语技能释放音效/Cinetools Witchcraft/Designed/Conjure/WC_Conjure_EvilBreath3_CT.wav
Cinetools Witchcraft【黑暗魔法巫术风火雷电咒语游戏技能音效素材】655544319933.zip,Cinetools Witchcraft/Designed/Conjure/WC_Conjure_EvilBreath4_CT.wav,4320044,5ceaed1a,OK,/volume1/主目录/Collection/素材&模板&音库/音效/02_中文音效合集/魔法法术咒语技能释放音效/Cinetools Witchcraft/Designed/Conjure/WC_Conjure_EvilBreath4_CT.wav
Cinetools Witchcraft【黑暗魔法巫术风火雷电咒语游戏技能音效素材】655544319933.zip,Cinetools Witchcraft/Designed/Conjure/WC_Conjure_EvilBreath_CT.wav,11520124,e789b2a7,OK,/volume1/主目录/Collection/素材&模板&音库/音效/02_中文音效合集/魔法法术咒语技能释放音效/Cinetools Witchcraft/Designed/Conjure/WC_Conjure_EvilBreath_CT.wav
Cinetools Witchcraft【黑暗魔法巫术风火雷电咒语游戏技能音效素材】655544319933.zip,Cinetools Witchcraft/Designed/Conjure/WC_Conjure_HealingSurge2_CT.wav,4896124,a19d86fb,OK,/volume1/主目录/Collection/素材&模板&音库/音效/02_中文音效合集/魔法法术咒语技能释放音效/Cinetools Witchcraft/Designed/Conjure/WC_Conjure_HealingSurge2_CT.wav
Cinetools Witchcraft【黑暗魔法巫术风火雷电咒语游戏技能音效素材】655544319933.zip,Cinetools Witchcraft/Designed/Conjure/WC_Conjure_HealingSurge_CT.wav,4032124,ea31381d,OK,/volume1/主目录/Collection/素材&模板&音库/音效/02_中文音效合集/魔法法术咒语技能释放音效/Cinetools Witchcraft/Designed/Conjure/WC_Conjure_HealingSurge_CT.wav
Cinetools Witchcraft【黑暗魔法巫术风火雷电咒语游戏技能音效素材】655544319933.zip,Cinetools Witchcraft/Designed/Conjure/WC_Conjure_LifeTap_CT.wav,3456124,5a3826b4,OK,/volume1/主目录/Collection/素材&模板&音库/音效/02_中文音效合集/魔法法术咒语技能释放音效/Cinetools Witchcraft/Designed/Conjure/WC_Conjure_LifeTap_CT.wav
Cinetools Witchcraft【黑暗魔法巫术风火雷电咒语游戏技能音效素材】655544319933.zip,Cinetools Witchcraft/Designed/Conjure/WC_Conjure_Paralyze2_CT.wav,4147244,bfd6593c,OK,/volume1/主目录/Collection/素材&模板&音库/音效/02_中文音效合集/魔法法术咒语技能释放音效/Cinetools Witchcraft/Designed/Conjure/WC_Conjure_Paralyze2_CT.wav
Cinetools Witchcraft【黑暗魔法巫术风火雷电咒语游戏技能音效素材】655544319933.zip,Cinetools Witchcraft/Designed/Conjure/WC_Conjure_Paralyze_CT.wav,6393644,de0514f5,OK,/volume1/主目录/Collection/素材&模板&音库/音效/02_中文音效合集/魔法法术咒语技能释放音效/Cinetools Witchcraft/Designed/Conjure/WC_Conjure_Paralyze_CT.wav
Cinetools Witchcraft【黑暗魔法巫术风火雷电咒语游戏技能音效素材】655544319933.zip,Cinetools Witchcraft/Designed/Conjure/WC_Conjure_SoulRending_CT.wav,5184044,5159b741,OK,/volume1/主目录/Collection/素材&模板&音库/音效/02_中文音效合集/魔法法术咒语技能释放音效/Cinetools Witchcraft/Designed/Conjure/WC_Conjure_SoulRending_CT.wav
Cinetools Witchcraft【黑暗魔法巫术风火雷电咒语游戏技能音效素材】655544319933.zip,Cinetools Witchcraft/Designed/Conjure/WC_Conjure_Voodoo_CT.wav,10160224,ecf35150,OK,/volume1/主目录/Collection/素材&模板&音库/音效/02_中文音效合集/魔法法术咒语技能释放音效/Cinetools Witchcraft/Designed/Conjure/WC_Conjure_Voodoo_CT.wav
Cinetools Witchcraft【黑暗魔法巫术风火雷电咒语游戏技能音效素材】655544319933.zip,Cinetools Witchcraft/Designed/Elemental/Acid Cast/WC_Acid_AcidArrow2_CT.wav,2419244,44018870,OK,/volume1/主目录/Collection/素材&模板&音库/音效/02_中文音效合集/魔法法术咒语技能释放音效/Cinetools Witchcraft/Designed/Elemental/Acid Cast/WC_Acid_AcidArrow2_CT.wav
Cinetools Witchcraft【黑暗魔法巫术风火雷电咒语游戏技能音效素材】655544319933.zip,Cinetools Witchcraft/Designed/Elemental/Acid Cast/WC_Acid_AcidArrow3_CT.wav,3278320,8d0816fb,OK,/volume1/主目录/Collection/素材&模板&音库/音效/02_中文音效合集/魔法法术咒语技能释放音效/Cinetools Witchcraft/Designed/Elemental/Acid Cast/WC_Acid_AcidArrow3_CT.wav
Cinetools Witchcraft【黑暗魔法巫术风火雷电咒语游戏技能音效素材】655544319933.zip,Cinetools Witchcraft/Designed/Elemental/Acid Cast/WC_Acid_AcidArrow4_CT.wav,3288334,9a0278af,OK,/volume1/主目录/Collection/素材&模板&音库/音效/02_中文音效合集/魔法法术咒语技能释放音效/Cinetools Witchcraft/Designed/Elemental/Acid Cast/WC_Acid_AcidArrow4_CT.wav
Cinetools Witchcraft【黑暗魔法巫术风火雷电咒语游戏技能音效素材】655544319933.zip,Cinetools Witchcraft/Designed/Elemental/Acid Cast/WC_Acid_AcidArrow5_CT.wav,3224428,ac7e51b3,OK,/volume1/主目录/Collection/素材&模板&音库/音效/02_中文音效合集/魔法法术咒语技能释放音效/Cinetools Witchcraft/Designed/Elemental/Acid Cast/WC_Acid_AcidArrow5_CT.wav
Cinetools Witchcraft【黑暗魔法巫术风火雷电咒语游戏技能音效素材】655544319933.zip,Cinetools Witchcraft/Designed/Elemental/Acid Cast/WC_Acid_AcidArrow_CT.wav,2829352,0fb31ca9,OK,/volume1/主目录/Collection/素材&模板&音库/音效/02_中文音效合集/魔法法术咒语技能释放音效/Cinetools Witchcraft/Designed/Elemental/Acid Cast/WC_Acid_AcidArrow_CT.wav
Cinetools Witchcraft【黑暗魔法巫术风火雷电咒语游戏技能音效素材】655544319933.zip,Cinetools Witchcraft/Designed/Elemental/Acid Cast/WC_Acid_AcidBall2_CT.wav,2937644,bf595900,OK,/volume1/主目录/Collection/素材&模板&音库/音效/02_中文音效合集/魔法法术咒语技能释放音效/Cinetools Witchcraft/Designed/Elemental/Acid Cast/WC_Acid_AcidBall2_CT.wav
Cinetools Witchcraft【黑暗魔法巫术风火雷电咒语游戏技能音效素材】655544319933.zip,Cinetools Witchcraft/Designed/Elemental/Acid Cast/WC_Acid_AcidBall3_CT.wav,3251150,40882b0a,OK,/volume1/主目录/Collection/素材&模板&音库/音效/02_中文音效合集/魔法法术咒语技能释放音效/Cinetools Witchcraft/Designed/Elemental/Acid Cast/WC_Acid_AcidBall3_CT.wav
Cinetools Witchcraft【黑暗魔法巫术风火雷电咒语游戏技能音效素材】655544319933.zip,Cinetools Witchcraft/Designed/Elemental/Acid Cast/WC_Acid_AcidBall4_CT.wav,3532006,4482d1a7,OK,/volume1/主目录/Collection/素材&模板&音库/音效/02_中文音效合集/魔法法术咒语技能释放音效/Cinetools Witchcraft/Designed/Elemental/Acid Cast/WC_Acid_AcidBall4_CT.wav
Cinetools Witchcraft【黑暗魔法巫术风火雷电咒语游戏技能音效素材】655544319933.zip,Cinetools Witchcraft/Designed/Elemental/Acid Cast/WC_Acid_AcidBall5_CT.wav,3014428,07c78218,OK,/volume1/主目录/Collection/素材&模板&音库/音效/02_中文音效合集/魔法法术咒语技能释放音效/Cinetools Witchcraft/Designed/Elemental/Acid Cast/WC_Acid_AcidBall5_CT.wav
Cinetools Witchcraft【黑暗魔法巫术风火雷电咒语游戏技能音效素材】655544319933.zip,Cinetools Witchcraft/Designed/Elemental/Acid Cast/WC_Acid_AcidBall6_CT.wav,2311942,59bce70e,OK,/volume1/主目录/Collection/素材&模板&音库/音效/02_中文音效合集/魔法法术咒语技能释放音效/Cinetools Witchcraft/Designed/Elemental/Acid Cast/WC_Acid_AcidBall6_CT.wav
Cinetools Witchcraft【黑暗魔法巫术风火雷电咒语游戏技能音效素材】655544319933.zip,Cinetools Witchcraft/Designed/Elemental/Acid Cast/WC_Acid_AcidBall7_CT.wav,4464124,218ef74b,OK,/volume1/主目录/Collection/素材&模板&音库/音效/02_中文音效合集/魔法法术咒语技能释放音效/Cinetools Witchcraft/Designed/Elemental/Acid Cast/WC_Acid_AcidBall7_CT.wav
Cinetools Witchcraft【黑暗魔法巫术风火雷电咒语游戏技能音效素材】655544319933.zip,Cinetools Witchcraft/Designed/Elemental/Acid Cast/WC_Acid_AcidBall8_CT.wav,1991060,9e704bec,OK,/volume1/主目录/Collection/素材&模板&音库/音效/02_中文音效合集/魔法法术咒语技能释放音效/Cinetools Witchcraft/Designed/Elemental/Acid Cast/WC_Acid_AcidBall8_CT.wav
Cinetools Witchcraft【黑暗魔法巫术风火雷电咒语游戏技能音效素材】655544319933.zip,Cinetools Witchcraft/Designed/Elemental/Acid Cast/WC_Acid_AcidBall9_CT.wav,2933318,a4beb58a,OK,/volume1/主目录/Collection/素材&模板&音库/音效/02_中文音效合集/魔法法术咒语技能释放音效/Cinetools Witchcraft/Designed/Elemental/Acid Cast/WC_Acid_AcidBall9_CT.wav
Cinetools Witchcraft【黑暗魔法巫术风火雷电咒语游戏技能音效素材】655544319933.zip,Cinetools Witchcraft/Designed/Elemental/Acid Cast/WC_Acid_AcidBall_CT.wav,4835248,8aaad591,OK,/volume1/主目录/Collection/素材&模板&音库/音效/02_中文音效合集/魔法法术咒语技能释放音效/Cinetools Witchcraft/Designed/Elemental/Acid Cast/WC_Acid_AcidBall_CT.wav
Cinetools Witchcraft【黑暗魔法巫术风火雷电咒语游戏技能音效素材】655544319933.zip,Cinetools Witchcraft/Designed/Elemental/Acid Cast/WC_Acid_AcidBomb2_CT.wav,2661856,4672fe22,OK,/volume1/主目录/Collection/素材&模板&音库/音效/02_中文音效合集/魔法法术咒语技能释放音效/Cinetools Witchcraft/Designed/Elemental/Acid Cast/WC_Acid_AcidBomb2_CT.wav
Cinetools Witchcraft【黑暗魔法巫术风火雷电咒语游戏技能音效素材】655544319933.zip,Cinetools Witchcraft/Designed/Elemental/Acid Cast/WC_Acid_AcidBomb3_CT.wav,1402696,45aba690,OK,/volume1/主目录/Collection/素材&模板&音库/音效/02_中文音效合集/魔法法术咒语技能释放音效/Cinetools Witchcraft/Designed/Elemental/Acid Cast/WC_Acid_AcidBomb3_CT.wav
Cinetools Witchcraft【黑暗魔法巫术风火雷电咒语游戏技能音效素材】655544319933.zip,Cinetools Witchcraft/Designed/Elemental/Acid Cast/WC_Acid_AcidBomb4_CT.wav,4146484,817f835f,OK,/volume1/主目录/Collection/素材&模板&音库/音效/03_项目素材/LTT_V30All/WC_Acid_AcidBomb4_CT.wav
Cinetools Witchcraft【黑暗魔法巫术风火雷电咒语游戏技能音效素材】655544319933.zip,Cinetools Witchcraft/Designed/Elemental/Acid Cast/WC_Acid_AcidBomb5_CT.wav,2135134,cf042885,OK,/volume1/主目录/Collection/素材&模板&音库/音效/02_中文音效合集/魔法法术咒语技能释放音效/Cinetools Witchcraft/Designed/Elemental/Acid Cast/WC_Acid_AcidBomb5_CT.wav
Cinetools Witchcraft【黑暗魔法巫术风火雷电咒语游戏技能音效素材】655544319933.zip,Cinetools Witchcraft/Designed/Elemental/Acid Cast/WC_Acid_AcidBomb_CT.wav,2247424,3cd63ed8,OK,/volume1/主目录/Collection/素材&模板&音库/音效/02_中文音效合集/魔法法术咒语技能释放音效/Cinetools Witchcraft/Designed/Elemental/Acid Cast/WC_Acid_AcidBomb_CT.wav
Cinetools Witchcraft【黑暗魔法巫术风火雷电咒语游戏技能音效素材】655544319933.zip,Cinetools Witchcraft/Designed/Elemental/Acid Cast/WC_Acid_AcidLance2_CT.wav,6912044,10a39316,OK,/volume1/主目录/Collection/素材&模板&音库/音效/02_中文音效合集/魔法法术咒语技能释放音效/Cinetools Witchcraft/Designed/Elemental/Acid Cast/WC_Acid_AcidLance2_CT.wav
Cinetools Witchcraft【黑暗魔法巫术风火雷电咒语游戏技能音效素材】655544319933.zip,Cinetools Witchcraft/Designed/Elemental/Acid Cast/WC_Acid_AcidLance3_CT.wav,3866242,31398674,OK,/volume1/主目录/Collection/素材&模板&音库/音效/02_中文音效合集/魔法法术咒语技能释放音效/Cinetools Witchcraft/Designed/Elemental/Acid Cast/WC_Acid_AcidLance3_CT.wav
Cinetools Witchcraft【黑暗魔法巫术风火雷电咒语游戏技能音效素材】655544319933.zip,Cinetools Witchcraft/Designed/Elemental/Acid Cast/WC_Acid_AcidLance4_CT.wav,5066428,feb7dea1,OK,/volume1/主目录/Collection/素材&模板&音库/音效/02_中文音效合集/魔法法术咒语技能释放音效/Cinetools Witchcraft/Designed/Elemental/Acid Cast/WC_Acid_AcidLance4_CT.wav
Cinetools Witchcraft【黑暗魔法巫术风火雷电咒语游戏技能音效素材】655544319933.zip,Cinetools Witchcraft/Designed/Elemental/Acid Cast/WC_Acid_AcidLance5_CT.wav,2346706,738336f0,OK,/volume1/主目录/Collection/素材&模板&音库/音效/02_中文音效合集/魔法法术咒语技能释放音效/Cinetools Witchcraft/Designed/Elemental/Acid Cast/WC_Acid_AcidLance5_CT.wav
Cinetools Witchcraft【黑暗魔法巫术风火雷电咒语游戏技能音效素材】655544319933.zip,Cinetools Witchcraft/Designed/Elemental/Acid Cast/WC_Acid_AcidLance6_CT.wav,5265988,2198863b,OK,/volume1/主目录/Collection/素材&模板&音库/音效/02_中文音效合集/魔法法术咒语技能释放音效/Cinetools Witchcraft/Designed/Elemental/Acid Cast/WC_Acid_AcidLance6_CT.wav
Cinetools Witchcraft【黑暗魔法巫术风火雷电咒语游戏技能音效素材】655544319933.zip,Cinetools Witchcraft/Designed/Elemental/Acid Cast/WC_Acid_AcidLance7_CT.wav,10575272,b2a7f6d9,OK,/volume1/主目录/Collection/素材&模板&音库/音效/02_中文音效合集/魔法法术咒语技能释放音效/Cinetools Witchcraft/Designed/Elemental/Acid Cast/WC_Acid_AcidLance7_CT.wav
Cinetools Witchcraft【黑暗魔法巫术风火雷电咒语游戏技能音效素材】655544319933.zip,Cinetools Witchcraft/Designed/Elemental/Acid Cast/WC_Acid_AcidLance_CT.wav,6912124,1a672aa0,OK,/volume1/主目录/Collection/素材&模板&音库/音效/02_中文音效合集/魔法法术咒语技能释放音效/Cinetools Witchcraft/Designed/Elemental/Acid Cast/WC_Acid_AcidLance_CT.wav
Cinetools Witchcraft【黑暗魔法巫术风火雷电咒语游戏技能音效素材】655544319933.zip,Cinetools Witchcraft/Designed/Elemental/Acid Cast/WC_Acid_AcidRain_CT.wav,6220850,db4a8030,OK,/volume1/主目录/Collection/素材&模板&音库/音效/02_中文音效合集/魔法法术咒语技能释放音效/Cinetools Witchcraft/Designed/Elemental/Acid Cast/WC_Acid_AcidRain_CT.wav
Cinetools Witchcraft【黑暗魔法巫术风火雷电咒语游戏技能音效素材】655544319933.zip,Cinetools Witchcraft/Designed/Elemental/Acid Cast/WC_Acid_AcidThrow2_CT.wav,3816124,a07e084c,OK,/volume1/主目录/Collection/素材&模板&音库/音效/02_中文音效合集/魔法法术咒语技能释放音效/Cinetools Witchcraft/Designed/Elemental/Acid Cast/WC_Acid_AcidThrow2_CT.wav
Cinetools Witchcraft【黑暗魔法巫术风火雷电咒语游戏技能音效素材】655544319933.zip,Cinetools Witchcraft/Designed/Elemental/Acid Cast/WC_Acid_AcidThrow3_CT.wav,2807882,adaf7299,OK,/volume1/主目录/Collection/素材&模板&音库/音效/02_中文音效合集/魔法法术咒语技能释放音效/Cinetools Witchcraft/Designed/Elemental/Acid Cast/WC_Acid_AcidThrow3_CT.wav
Cinetools Witchcraft【黑暗魔法巫术风火雷电咒语游戏技能音效素材】655544319933.zip,Cinetools Witchcraft/Designed/Elemental/Acid Cast/WC_Acid_AcidThrow4_CT.wav,1525670,0c745cb4,OK,/volume1/主目录/Collection/素材&模板&音库/音效/02_中文音效合集/魔法法术咒语技能释放音效/Cinetools Witchcraft/Designed/Elemental/Acid Cast/WC_Acid_AcidThrow4_CT.wav
Cinetools Witchcraft【黑暗魔法巫术风火雷电咒语游戏技能音效素材】655544319933.zip,Cinetools Witchcraft/Designed/Elemental/Acid Cast/WC_Acid_AcidThrow_CT.wav,1944050,bca6f0d4,OK,/volume1/主目录/Collection/素材&模板&音库/音效/02_中文音效合集/魔法法术咒语技能释放音效/Cinetools Witchcraft/Designed/Elemental/Acid Cast/WC_Acid_AcidThrow_CT.wav
Cinetools Witchcraft【黑暗魔法巫术风火雷电咒语游戏技能音效素材】655544319933.zip,Cinetools Witchcraft/Designed/Elemental/Acid Cast/WC_Acid_Acidbolt2_CT.wav,2526010,912ae7eb,OK,/volume1/主目录/Collection/素材&模板&音库/音效/02_中文音效合集/魔法法术咒语技能释放音效/Cinetools Witchcraft/Designed/Elemental/Acid Cast/WC_Acid_Acidbolt2_CT.wav
Cinetools Witchcraft【黑暗魔法巫术风火雷电咒语游戏技能音效素材】655544319933.zip,Cinetools Witchcraft/Designed/Elemental/Acid Cast/WC_Acid_Acidbolt_CT.wav,3016756,5639df7b,OK,/volume1/主目录/Collection/素材&模板&音库/音效/02_中文音效合集/魔法法术咒语技能释放音效/Cinetools Witchcraft/Designed/Elemental/Acid Cast/WC_Acid_Acidbolt_CT.wav
Cinetools Witchcraft【黑暗魔法巫术风火雷电咒语游戏技能音效素材】655544319933.zip,Cinetools Witchcraft/Designed/Elemental/Acid Cast/WC_Acid_CurseSpell2_CT.wav,4950044,d43a0e00,OK,/volume1/主目录/Collection/素材&模板&音库/音效/02_中文音效合集/魔法法术咒语技能释放音效/Cinetools Witchcraft/Designed/Elemental/Acid Cast/WC_Acid_CurseSpell2_CT.wav
Cinetools Witchcraft【黑暗魔法巫术风火雷电咒语游戏技能音效素材】655544319933.zip,Cinetools Witchcraft/Designed/Elemental/Acid Cast/WC_Acid_CurseSpell_CT.wav,3542444,ef99f2aa,OK,/volume1/主目录/Collection/素材&模板&音库/音效/02_中文音效合集/魔法法术咒语技能释放音效/Cinetools Witchcraft/Designed/Elemental/Acid Cast/WC_Acid_CurseSpell_CT.wav
Cinetools Witchcraft【黑暗魔法巫术风火雷电咒语游戏技能音效素材】655544319933.zip,Cinetools Witchcraft/Designed/Elemental/Acid Cast/WC_Acid_Immolation2_CT.wav,3550360,c2c773d3,OK,/volume1/主目录/Collection/素材&模板&音库/音效/02_中文音效合集/魔法法术咒语技能释放音效/Cinetools Witchcraft/Designed/Elemental/Acid Cast/WC_Acid_Immolation2_CT.wav
Cinetools Witchcraft【黑暗魔法巫术风火雷电咒语游戏技能音效素材】655544319933.zip,Cinetools Witchcraft/Designed/Elemental/Acid Cast/WC_Acid_Immolation3_CT.wav,3283244,4afc215e,OK,/volume1/主目录/Collection/素材&模板&音库/音效/02_中文音效合集/魔法法术咒语技能释放音效/Cinetools Witchcraft/Designed/Elemental/Acid Cast/WC_Acid_Immolation3_CT.wav
Cinetools Witchcraft【黑暗魔法巫术风火雷电咒语游戏技能音效素材】655544319933.zip,Cinetools Witchcraft/Designed/Elemental/Acid Cast/WC_Acid_Immolation_CT.wav,6158002,4bf5c78e,OK,/volume1/主目录/Collection/素材&模板&音库/音效/02_中文音效合集/魔法法术咒语技能释放音效/Cinetools Witchcraft/Designed/Elemental/Acid Cast/WC_Acid_Immolation_CT.wav
Cinetools Witchcraft【黑暗魔法巫术风火雷电咒语游戏技能音效素材】655544319933.zip,Cinetools Witchcraft/Designed/Elemental/Acid Cast/WC_Acid_KillCast2_CT.wav,2769836,18327292,OK,/volume1/主目录/Collection/素材&模板&音库/音效/02_中文音效合集/魔法法术咒语技能释放音效/Cinetools Witchcraft/Designed/Elemental/Acid Cast/WC_Acid_KillCast2_CT.wav
Cinetools Witchcraft【黑暗魔法巫术风火雷电咒语游戏技能音效素材】655544319933.zip,Cinetools Witchcraft/Designed/Elemental/Acid Cast/WC_Acid_KillCast3_CT.wav,4426342,95ef90cc,OK,/volume1/主目录/Collection/素材&模板&音库/音效/02_中文音效合集/魔法法术咒语技能释放音效/Cinetools Witchcraft/Designed/Elemental/Acid Cast/WC_Acid_KillCast3_CT.wav
Cinetools Witchcraft【黑暗魔法巫术风火雷电咒语游戏技能音效素材】655544319933.zip,Cinetools Witchcraft/Designed/Elemental/Acid Cast/WC_Acid_KillCast_CT.wav,2980588,06f5003f,OK,/volume1/主目录/Collection/素材&模板&音库/音效/02_中文音效合集/魔法法术咒语技能释放音效/Cinetools Witchcraft/Designed/Elemental/Acid Cast/WC_Acid_KillCast_CT.wav
Cinetools Witchcraft【黑暗魔法巫术风火雷电咒语游戏技能音效素材】655544319933.zip,Cinetools Witchcraft/Designed/Elemental/Acid Cast/WC_Acid_Paralyze2_CT.wav,5876338,31596086,OK,/volume1/主目录/Collection/素材&模板&音库/音效/02_中文音效合集/魔法法术咒语技能释放音效/Cinetools Witchcraft/Designed/Elemental/Acid Cast/WC_Acid_Paralyze2_CT.wav
Cinetools Witchcraft【黑暗魔法巫术风火雷电咒语游戏技能音效素材】655544319933.zip,Cinetools Witchcraft/Designed/Elemental/Acid Cast/WC_Acid_Paralyze3_CT.wav,2897092,bae8e375,OK,/volume1/主目录/Collection/素材&模板&音库/音效/02_中文音效合集/魔法法术咒语技能释放音效/Cinetools Witchcraft/Designed/Elemental/Acid Cast/WC_Acid_Paralyze3_CT.wav
Cinetools Witchcraft【黑暗魔法巫术风火雷电咒语游戏技能音效素材】655544319933.zip,Cinetools Witchcraft/Designed/Elemental/Acid Cast/WC_Acid_Paralyze_CT.wav,4147244,974e3efb,OK,/volume1/主目录/Collection/素材&模板&音库/音效/02_中文音效合集/魔法法术咒语技能释放音效/Cinetools Witchcraft/Designed/Elemental/Acid Cast/WC_Acid_Paralyze_CT.wav
Cinetools Witchcraft【黑暗魔法巫术风火雷电咒语游戏技能音效素材】655544319933.zip,Cinetools Witchcraft/Designed/Elemental/Acid Cast/WC_Acid_Torment2_CT.wav,6934190,00759203,OK,/volume1/主目录/Collection/素材&模板&音库/音效/02_中文音效合集/魔法法术咒语技能释放音效/Cinetools Witchcraft/Designed/Elemental/Acid Cast/WC_Acid_Torment2_CT.wav
Cinetools Witchcraft【黑暗魔法巫术风火雷电咒语游戏技能音效素材】655544319933.zip,Cinetools Witchcraft/Designed/Elemental/Acid Cast/WC_Acid_Torment3_CT.wav,5055238,3cd3a3dc,OK,/volume1/主目录/Collection/素材&模板&音库/音效/02_中文音效合集/魔法法术咒语技能释放音效/Cinetools Witchcraft/Designed/Elemental/Acid Cast/WC_Acid_Torment3_CT.wav
Cinetools Witchcraft【黑暗魔法巫术风火雷电咒语游戏技能音效素材】655544319933.zip,Cinetools Witchcraft/Designed/Elemental/Acid Cast/WC_Acid_Torment4_CT.wav,6061396,cd9f3eb9,OK,/volume1/主目录/Collection/素材&模板&音库/音效/02_中文音效合集/魔法法术咒语技能释放音效/Cinetools Witchcraft/Designed/Elemental/Acid Cast/WC_Acid_Torment4_CT.wav
Cinetools Witchcraft【黑暗魔法巫术风火雷电咒语游戏技能音效素材】655544319933.zip,Cinetools Witchcraft/Designed/Elemental/Acid Cast/WC_Acid_Torment_CT.wav,7603244,fd5ea666,OK,/volume1/主目录/Collection/素材&模板&音库/音效/02_中文音效合集/魔法法术咒语技能释放音效/Cinetools Witchcraft/Designed/Elemental/Acid Cast/WC_Acid_Torment_CT.wav
Cinetools Witchcraft【黑暗魔法巫术风火雷电咒语游戏技能音效素材】655544319933.zip,Cinetools Witchcraft/Designed/Elemental/Earth Cast/WC_Earth_BoulderCast2_CT.wav,10309778,31688e56,NAME_ONLY,/volume1/主目录/Collection/素材&模板&音库/音效/02_中文音效合集/魔法法术咒语技能释放音效/Cinetools Witchcraft/Designed/Elemental/Earth Cast/WC_Earth_BoulderCast2_CT.wav
Cinetools Witchcraft【黑暗魔法巫术风火雷电咒语游戏技能音效素材】655544319933.zip,Cinetools Witchcraft/Designed/Elemental/Earth Cast/WC_Earth_BoulderCast3_CT.wav,2461534,1cc48af2,OK,/volume1/主目录/Collection/素材&模板&音库/音效/02_中文音效合集/魔法法术咒语技能释放音效/Cinetools Witchcraft/Designed/Elemental/Earth Cast/WC_Earth_BoulderCast3_CT.wav
Cinetools Witchcraft【黑暗魔法巫术风火雷电咒语游戏技能音效素材】655544319933.zip,Cinetools Witchcraft/Designed/Elemental/Earth Cast/WC_Earth_BoulderCast4_CT.wav,3352810,e8097bf5,OK,/volume1/主目录/Collection/素材&模板&音库/音效/02_中文音效合集/魔法法术咒语技能释放音效/Cinetools Witchcraft/Designed/Elemental/Earth Cast/WC_Earth_BoulderCast4_CT.wav
Cinetools Witchcraft【黑暗魔法巫术风火雷电咒语游戏技能音效素材】655544319933.zip,Cinetools Witchcraft/Designed/Elemental/Earth Cast/WC_Earth_BoulderCast_CT.wav,2845994,52067dd0,OK,/volume1/主目录/Collection/素材&模板&音库/音效/02_中文音效合集/魔法法术咒语技能释放音效/Cinetools Witchcraft/Designed/Elemental/Earth Cast/WC_Earth_BoulderCast_CT.wav
Cinetools Witchcraft【黑暗魔法巫术风火雷电咒语游戏技能音效素材】655544319933.zip,Cinetools Witchcraft/Designed/Elemental/Earth Cast/WC_Earth_BoulderRainCast_CT.wav,3961870,e8b7f81e,OK,/volume1/主目录/Collection/素材&模板&音库/音效/02_中文音效合集/魔法法术咒语技能释放音效/Cinetools Witchcraft/Designed/Elemental/Earth Cast/WC_Earth_BoulderRainCast_CT.wav
Cinetools Witchcraft【黑暗魔法巫术风火雷电咒语游戏技能音效素材】655544319933.zip,Cinetools Witchcraft/Designed/Elemental/Earth Cast/WC_Earth_CurseSpell2_CT.wav,4158748,93364ead,OK,/volume1/主目录/Collection/素材&模板&音库/音效/02_中文音效合集/魔法法术咒语技能释放音效/Cinetools Witchcraft/Designed/Elemental/Earth Cast/WC_Earth_CurseSpell2_CT.wav
Cinetools Witchcraft【黑暗魔法巫术风火雷电咒语游戏技能音效素材】655544319933.zip,Cinetools Witchcraft/Designed/Elemental/Earth Cast/WC_Earth_CurseSpell3_CT.wav,5215870,dc553655,OK,/volume1/主目录/Collection/素材&模板&音库/音效/02_中文音效合集/魔法法术咒语技能释放音效/Cinetools Witchcraft/Designed/Elemental/Earth Cast/WC_Earth_CurseSpell3_CT.wav
Cinetools Witchcraft【黑暗魔法巫术风火雷电咒语游戏技能音效素材】655544319933.zip,Cinetools Witchcraft/Designed/Elemental/Earth Cast/WC_Earth_CurseSpell_CT.wav,8119216,a51a867f,OK,/volume1/主目录/Collection/素材&模板&音库/音效/02_中文音效合集/魔法法术咒语技能释放音效/Cinetools Witchcraft/Designed/Elemental/Earth Cast/WC_Earth_CurseSpell_CT.wav
Cinetools Witchcraft【黑暗魔法巫术风火雷电咒语游戏技能音效素材】655544319933.zip,Cinetools Witchcraft/Designed/Elemental/Earth Cast/WC_Earth_CurseSpell_beast2_CT.wav,3283250,65ddc73a,OK,/volume1/主目录/Collection/素材&模板&音库/音效/02_中文音效合集/魔法法术咒语技能释放音效/Cinetools Witchcraft/Designed/Elemental/Earth Cast/WC_Earth_CurseSpell_beast2_CT.wav
Cinetools Witchcraft【黑暗魔法巫术风火雷电咒语游戏技能音效素材】655544319933.zip,Cinetools Witchcraft/Designed/Elemental/Earth Cast/WC_Earth_CurseSpell_beast_CT.wav,5702444,4ebcca90,OK,/volume1/主目录/Collection/素材&模板&音库/音效/02_中文音效合集/魔法法术咒语技能释放音效/Cinetools Witchcraft/Designed/Elemental/Earth Cast/WC_Earth_CurseSpell_beast_CT.wav
Cinetools Witchcraft【黑暗魔法巫术风火雷电咒语游戏技能音效素材】655544319933.zip,Cinetools Witchcraft/Designed/Elemental/Earth Cast/WC_Earth_DestructionSpell2_CT.wav,8963674,1ed2fcf9,OK,/volume1/主目录/Collection/素材&模板&音库/音效/02_中文音效合集/魔法法术咒语技能释放音效/Cinetools Witchcraft/Designed/Elemental/Earth Cast/WC_Earth_DestructionSpell2_CT.wav
Cinetools Witchcraft【黑暗魔法巫术风火雷电咒语游戏技能音效素材】655544319933.zip,Cinetools Witchcraft/Designed/Elemental/Earth Cast/WC_Earth_DestructionSpell3_CT.wav,3935092,5c94316e,OK,/volume1/主目录/Collection/素材&模板&音库/音效/02_中文音效合集/魔法法术咒语技能释放音效/Cinetools Witchcraft/Designed/Elemental/Earth Cast/WC_Earth_DestructionSpell3_CT.wav
Cinetools Witchcraft【黑暗魔法巫术风火雷电咒语游戏技能音效素材】655544319933.zip,Cinetools Witchcraft/Designed/Elemental/Earth Cast/WC_Earth_DestructionSpell4_CT.wav,2946902,aae1f246,OK,/volume1/主目录/Collection/素材&模板&音库/音效/02_中文音效合集/魔法法术咒语技能释放音效/Cinetools Witchcraft/Designed/Elemental/Earth Cast/WC_Earth_DestructionSpell4_CT.wav
Cinetools Witchcraft【黑暗魔法巫术风火雷电咒语游戏技能音效素材】655544319933.zip,Cinetools Witchcraft/Designed/Elemental/Earth Cast/WC_Earth_DestructionSpell5_CT.wav,6619934,f1ccfb71,NAME_ONLY,/volume1/主目录/Collection/素材&模板&音库/音效/02_中文音效合集/魔法法术咒语技能释放音效/Cinetools Witchcraft/Designed/Elemental/Earth Cast/WC_Earth_DestructionSpell5_CT.wav
Cinetools Witchcraft【黑暗魔法巫术风火雷电咒语游戏技能音效素材】655544319933.zip,Cinetools Witchcraft/Designed/Elemental/Earth Cast/WC_Earth_DestructionSpell6_CT.wav,5474638,8ff33a40,OK,/volume1/主目录/Collection/素材&模板&音库/音效/02_中文音效合集/魔法法术咒语技能释放音效/Cinetools Witchcraft/Designed/Elemental/Earth Cast/WC_Earth_DestructionSpell6_CT.wav
Cinetools Witchcraft【黑暗魔法巫术风火雷电咒语游戏技能音效素材】655544319933.zip,Cinetools Witchcraft/Designed/Elemental/Earth Cast/WC_Earth_DestructionSpell_CT.wav,10022444,36d4f6ba,OK,/volume1/主目录/Collection/素材&模板&音库/音效/02_中文音效合集/魔法法术咒语技能释放音效/Cinetools Witchcraft/Designed/Elemental/Earth Cast/WC_Earth_DestructionSpell_CT.wav
Cinetools Witchcraft【黑暗魔法巫术风火雷电咒语游戏技能音效素材】655544319933.zip,Cinetools Witchcraft/Designed/Elemental/Earth Cast/WC_Earth_DestructionSpell_beast_CT.wav,8963674,82393f2b,OK,/volume1/主目录/Collection/素材&模板&音库/音效/02_中文音效合集/魔法法术咒语技能释放音效/Cinetools Witchcraft/Designed/Elemental/Earth Cast/WC_Earth_DestructionSpell_beast_CT.wav
Cinetools Witchcraft【黑暗魔法巫术风火雷电咒语游戏技能音效素材】655544319933.zip,Cinetools Witchcraft/Designed/Elemental/Earth Cast/WC_Earth_DustSpell2_CT.wav,2425448,fc5c3ae0,OK,/volume1/主目录/Collection/素材&模板&音库/音效/02_中文音效合集/魔法法术咒语技能释放音效/Cinetools Witchcraft/Designed/Elemental/Earth Cast/WC_Earth_DustSpell2_CT.wav
Cinetools Witchcraft【黑暗魔法巫术风火雷电咒语游戏技能音效素材】655544319933.zip,Cinetools Witchcraft/Designed/Elemental/Earth Cast/WC_Earth_DustSpell3_CT.wav,3573656,9eca9e45,OK,/volume1/主目录/Collection/素材&模板&音库/音效/02_中文音效合集/魔法法术咒语技能释放音效/Cinetools Witchcraft/Designed/Elemental/Earth Cast/WC_Earth_DustSpell3_CT.wav
Cinetools Witchcraft【黑暗魔法巫术风火雷电咒语游戏技能音效素材】655544319933.zip,Cinetools Witchcraft/Designed/Elemental/Earth Cast/WC_Earth_DustSpell_CT.wav,3114752,db9de66d,OK,/volume1/主目录/Collection/素材&模板&音库/音效/02_中文音效合集/魔法法术咒语技能释放音效/Cinetools Witchcraft/Designed/Elemental/Earth Cast/WC_Earth_DustSpell_CT.wav
Cinetools Witchcraft【黑暗魔法巫术风火雷电咒语游戏技能音效素材】655544319933.zip,Cinetools Witchcraft/Designed/Elemental/Earth Cast/WC_Earth_EarthShock2_CT.wav,4032124,9fe48f6f,OK,/volume1/主目录/Collection/素材&模板&音库/音效/02_中文音效合集/魔法法术咒语技能释放音效/Cinetools Witchcraft/Designed/Elemental/Earth Cast/WC_Earth_EarthShock2_CT.wav
Cinetools Witchcraft【黑暗魔法巫术风火雷电咒语游戏技能音效素材】655544319933.zip,Cinetools Witchcraft/Designed/Elemental/Earth Cast/WC_Earth_EarthShock_CT.wav,3168124,230a6ad7,OK,/volume1/主目录/Collection/素材&模板&音库/音效/02_中文音效合集/魔法法术咒语技能释放音效/Cinetools Witchcraft/Designed/Elemental/Earth Cast/WC_Earth_EarthShock_CT.wav
Cinetools Witchcraft【黑暗魔法巫术风火雷电咒语游戏技能音效素材】655544319933.zip,Cinetools Witchcraft/Designed/Elemental/Earth Cast/WC_Earth_GroundOpeningSpell2_CT.wav,6504424,a4ebc3ef,OK,/volume1/主目录/Collection/素材&模板&音库/音效/02_中文音效合集/魔法法术咒语技能释放音效/Cinetools Witchcraft/Designed/Elemental/Earth Cast/WC_Earth_GroundOpeningSpell2_CT.wav
Cinetools Witchcraft【黑暗魔法巫术风火雷电咒语游戏技能音效素材】655544319933.zip,Cinetools Witchcraft/Designed/Elemental/Earth Cast/WC_Earth_GroundOpeningSpell3_CT.wav,14566102,6841b94e,OK,/volume1/主目录/Collection/素材&模板&音库/音效/02_中文音效合集/魔法法术咒语技能释放音效/Cinetools Witchcraft/Designed/Elemental/Earth Cast/WC_Earth_GroundOpeningSpell3_CT.wav
Cinetools Witchcraft【黑暗魔法巫术风火雷电咒语游戏技能音效素材】655544319933.zip,Cinetools Witchcraft/Designed/Elemental/Earth Cast/WC_Earth_GroundOpeningSpell4_CT.wav,14508484,dec8c212,OK,/volume1/主目录/Collection/素材&模板&音库/音效/02_中文音效合集/魔法法术咒语技能释放音效/Cinetools Witchcraft/Designed/Elemental/Earth Cast/WC_Earth_GroundOpeningSpell4_CT.wav
Cinetools Witchcraft【黑暗魔法巫术风火雷电咒语游戏技能音效素材】655544319933.zip,Cinetools Witchcraft/Designed/Elemental/Earth Cast/WC_Earth_GroundOpeningSpell_CT.wav,7810342,c25e4aaf,OK,/volume1/主目录/Collection/素材&模板&音库/音效/02_中文音效合集/魔法法术咒语技能释放音效/Cinetools Witchcraft/Designed/Elemental/Earth Cast/WC_Earth_GroundOpeningSpell_CT.wav
Cinetools Witchcraft【黑暗魔法巫术风火雷电咒语游戏技能音效素材】655544319933.zip,Cinetools Witchcraft/Designed/Elemental/Earth Cast/WC_Earth_Imprison2_CT.wav,3612104,f2742cf6,OK,/volume1/主目录/Collection/素材&模板&音库/音效/02_中文音效合集/魔法法术咒语技能释放音效/Cinetools Witchcraft/Designed/Elemental/Earth Cast/WC_Earth_Imprison2_CT.wav
Cinetools Witchcraft【黑暗魔法巫术风火雷电咒语游戏技能音效素材】655544319933.zip,Cinetools Witchcraft/Designed/Elemental/Earth Cast/WC_Earth_Imprison3_CT.wav,3777932,2c673e04,OK,/volume1/主目录/Collection/素材&模板&音库/音效/02_中文音效合集/魔法法术咒语技能释放音效/Cinetools Witchcraft/Designed/Elemental/Earth Cast/WC_Earth_Imprison3_CT.wav
Cinetools Witchcraft【黑暗魔法巫术风火雷电咒语游戏技能音效素材】655544319933.zip,Cinetools Witchcraft/Designed/Elemental/Earth Cast/WC_Earth_Imprison4_CT.wav,4079392,d0da2691,OK,/volume1/主目录/Collection/素材&模板&音库/音效/02_中文音效合集/魔法法术咒语技能释放音效/Cinetools Witchcraft/Designed/Elemental/Earth Cast/WC_Earth_Imprison4_CT.wav
Cinetools Witchcraft【黑暗魔法巫术风火雷电咒语游戏技能音效素材】655544319933.zip,Cinetools Witchcraft/Designed/Elemental/Earth Cast/WC_Earth_Imprison5_CT.wav,5079352,d133968c,OK,/volume1/主目录/Collection/素材&模板&音库/音效/02_中文音效合集/魔法法术咒语技能释放音效/Cinetools Witchcraft/Designed/Elemental/Earth Cast/WC_Earth_Imprison5_CT.wav
Cinetools Witchcraft【黑暗魔法巫术风火雷电咒语游戏技能音效素材】655544319933.zip,Cinetools Witchcraft/Designed/Elemental/Earth Cast/WC_Earth_Imprison6_CT.wav,6717388,5e61fcaa,OK,/volume1/主目录/Collection/素材&模板&音库/音效/02_中文音效合集/魔法法术咒语技能释放音效/Cinetools Witchcraft/Designed/Elemental/Earth Cast/WC_Earth_Imprison6_CT.wav
Cinetools Witchcraft【黑暗魔法巫术风火雷电咒语游戏技能音效素材】655544319933.zip,Cinetools Witchcraft/Designed/Elemental/Earth Cast/WC_Earth_Imprison7_CT.wav,4209202,8394bcac,OK,/volume1/主目录/Collection/素材&模板&音库/音效/02_中文音效合集/魔法法术咒语技能释放音效/Cinetools Witchcraft/Designed/Elemental/Earth Cast/WC_Earth_Imprison7_CT.wav
Cinetools Witchcraft【黑暗魔法巫术风火雷电咒语游戏技能音效素材】655544319933.zip,Cinetools Witchcraft/Designed/Elemental/Earth Cast/WC_Earth_Imprison_CT.wav,2770250,c32285e6,OK,/volume1/主目录/Collection/素材&模板&音库/音效/02_中文音效合集/魔法法术咒语技能释放音效/Cinetools Witchcraft/Designed/Elemental/Earth Cast/WC_Earth_Imprison_CT.wav
Cinetools Witchcraft【黑暗魔法巫术风火雷电咒语游戏技能音效素材】655544319933.zip,Cinetools Witchcraft/Designed/Elemental/Earth Cast/WC_Earth_Imprison_beast_CT.wav,3237878,2d25e79b,OK,/volume1/主目录/Collection/素材&模板&音库/音效/02_中文音效合集/魔法法术咒语技能释放音效/Cinetools Witchcraft/Designed/Elemental/Earth Cast/WC_Earth_Imprison_beast_CT.wav
Cinetools Witchcraft【黑暗魔法巫术风火雷电咒语游戏技能音效素材】655544319933.zip,Cinetools Witchcraft/Designed/Elemental/Earth Cast/WC_Earth_KillCast2_CT.wav,2975450,bc4e0bcf,OK,/volume1/主目录/Collection/素材&模板&音库/音效/02_中文音效合集/魔法法术咒语技能释放音效/Cinetools Witchcraft/Designed/Elemental/Earth Cast/WC_Earth_KillCast2_CT.wav
Cinetools Witchcraft【黑暗魔法巫术风火雷电咒语游戏技能音效素材】655544319933.zip,Cinetools Witchcraft/Designed/Elemental/Earth Cast/WC_Earth_KillCast3_CT.wav,3601816,42daf4f1,OK,/volume1/主目录/Collection/素材&模板&音库/音效/02_中文音效合集/魔法法术咒语技能释放音效/Cinetools Witchcraft/Designed/Elemental/Earth Cast/WC_Earth_KillCast3_CT.wav
Cinetools Witchcraft【黑暗魔法巫术风火雷电咒语游戏技能音效素材】655544319933.zip,Cinetools Witchcraft/Designed/Elemental/Earth Cast/WC_Earth_KillCast4_CT.wav,2618770,68ecf21d,OK,/volume1/主目录/Collection/素材&模板&音库/音效/02_中文音效合集/魔法法术咒语技能释放音效/Cinetools Witchcraft/Designed/Elemental/Earth Cast/WC_Earth_KillCast4_CT.wav
Cinetools Witchcraft【黑暗魔法巫术风火雷电咒语游戏技能音效素材】655544319933.zip,Cinetools Witchcraft/Designed/Elemental/Earth Cast/WC_Earth_KillCast_CT.wav,3466378,fc11f755,OK,/volume1/主目录/Collection/素材&模板&音库/音效/02_中文音效合集/魔法法术咒语技能释放音效/Cinetools Witchcraft/Designed/Elemental/Earth Cast/WC_Earth_KillCast_CT.wav
Cinetools Witchcraft【黑暗魔法巫术风火雷电咒语游戏技能音效素材】655544319933.zip,Cinetools Witchcraft/Designed/Elemental/Earth Cast/WC_Earth_KillCast_beast2_CT.wav,3110444,4e52861a,OK,/volume1/主目录/Collection/素材&模板&音库/音效/02_中文音效合集/魔法法术咒语技能释放音效/Cinetools Witchcraft/Designed/Elemental/Earth Cast/WC_Earth_KillCast_beast2_CT.wav
Cinetools Witchcraft【黑暗魔法巫术风火雷电咒语游戏技能音效素材】655544319933.zip,Cinetools Witchcraft/Designed/Elemental/Earth Cast/WC_Earth_KillCast_beast_CT.wav,4838444,6e465453,OK,/volume1/主目录/Collection/素材&模板&音库/音效/02_中文音效合集/魔法法术咒语技能释放音效/Cinetools Witchcraft/Designed/Elemental/Earth Cast/WC_Earth_KillCast_beast_CT.wav
Cinetools Witchcraft【黑暗魔法巫术风火雷电咒语游戏技能音效素材】655544319933.zip,Cinetools Witchcraft/Designed/Elemental/Earth Cast/WC_Earth_Paralyze2_CT.wav,2246444,a21d4093,OK,/volume1/主目录/Collection/素材&模板&音库/音效/02_中文音效合集/魔法法术咒语技能释放音效/Cinetools Witchcraft/Designed/Elemental/Earth Cast/WC_Earth_Paralyze2_CT.wav
Cinetools Witchcraft【黑暗魔法巫术风火雷电咒语游戏技能音效素材】655544319933.zip,Cinetools Witchcraft/Designed/Elemental/Earth Cast/WC_Earth_Paralyze_CT.wav,3470092,5dc9f8a6,OK,/volume1/主目录/Collection/素材&模板&音库/音效/02_中文音效合集/魔法法术咒语技能释放音效/Cinetools Witchcraft/Designed/Elemental/Earth Cast/WC_Earth_Paralyze_CT.wav
Cinetools Witchcraft【黑暗魔法巫术风火雷电咒语游戏技能音效素材】655544319933.zip,Cinetools Witchcraft/Designed/Elemental/Earth Cast/WC_Earth_Paralyze_beast2_CT.wav,2764844,91ec2b9f,OK,/volume1/主目录/Collection/素材&模板&音库/音效/02_中文音效合集/魔法法术咒语技能释放音效/Cinetools Witchcraft/Designed/Elemental/Earth Cast/WC_Earth_Paralyze_beast2_CT.wav
Cinetools Witchcraft【黑暗魔法巫术风火雷电咒语游戏技能音效素材】655544319933.zip,Cinetools Witchcraft/Designed/Elemental/Earth Cast/WC_Earth_Paralyze_beast_CT.wav,4498604,515a674c,OK,/volume1/主目录/Collection/素材&模板&音库/音效/02_中文音效合集/魔法法术咒语技能释放音效/Cinetools Witchcraft/Designed/Elemental/Earth Cast/WC_Earth_Paralyze_beast_CT.wav
Cinetools Witchcraft【黑暗魔法巫术风火雷电咒语游戏技能音效素材】655544319933.zip,Cinetools Witchcraft/Designed/Elemental/Earth Cast/WC_Earth_Petrification2_CT.wav,4104050,c8393d91,OK,/volume1/主目录/Collection/素材&模板&音库/音效/02_中文音效合集/魔法法术咒语技能释放音效/Cinetools Witchcraft/Designed/Elemental/Earth Cast/WC_Earth_Petrification2_CT.wav
Cinetools Witchcraft【黑暗魔法巫术风火雷电咒语游戏技能音效素材】655544319933.zip,Cinetools Witchcraft/Designed/Elemental/Earth Cast/WC_Earth_Petrification3_CT.wav,4838444,e07ce52d,OK,/volume1/主目录/Collection/素材&模板&音库/音效/02_中文音效合集/魔法法术咒语技能释放音效/Cinetools Witchcraft/Designed/Elemental/Earth Cast/WC_Earth_Petrification3_CT.wav
Cinetools Witchcraft【黑暗魔法巫术风火雷电咒语游戏技能音效素材】655544319933.zip,Cinetools Witchcraft/Designed/Elemental/Earth Cast/WC_Earth_Petrification4_CT.wav,2462450,8a415789,OK,/volume1/主目录/Collection/素材&模板&音库/音效/02_中文音效合集/魔法法术咒语技能释放音效/Cinetools Witchcraft/Designed/Elemental/Earth Cast/WC_Earth_Petrification4_CT.wav
Cinetools Witchcraft【黑暗魔法巫术风火雷电咒语游戏技能音效素材】655544319933.zip,Cinetools Witchcraft/Designed/Elemental/Earth Cast/WC_Earth_Petrification5_CT.wav,3735346,1f529d25,OK,/volume1/主目录/Collection/素材&模板&音库/音效/02_中文音效合集/魔法法术咒语技能释放音效/Cinetools Witchcraft/Designed/Elemental/Earth Cast/WC_Earth_Petrification5_CT.wav
Cinetools Witchcraft【黑暗魔法巫术风火雷电咒语游戏技能音效素材】655544319933.zip,Cinetools Witchcraft/Designed/Elemental/Earth Cast/WC_Earth_Petrification_CT.wav,3110444,0d4ca127,OK,/volume1/主目录/Collection/素材&模板&音库/音效/02_中文音效合集/魔法法术咒语技能释放音效/Cinetools Witchcraft/Designed/Elemental/Earth Cast/WC_Earth_Petrification_CT.wav
Cinetools Witchcraft【黑暗魔法巫术风火雷电咒语游戏技能音效素材】655544319933.zip,Cinetools Witchcraft/Designed/Elemental/Earth Cast/WC_Earth_RockCrumbleSpell2_CT.wav,3980566,dbd5a5b3,OK,/volume1/主目录/Collection/素材&模板&音库/音效/02_中文音效合集/魔法法术咒语技能释放音效/Cinetools Witchcraft/Designed/Elemental/Earth Cast/WC_Earth_RockCrumbleSpell2_CT.wav
Cinetools Witchcraft【黑暗魔法巫术风火雷电咒语游戏技能音效素材】655544319933.zip,Cinetools Witchcraft/Designed/Elemental/Earth Cast/WC_Earth_RockCrumbleSpell_CT.wav,3291178,c516e97f,OK,/volume1/主目录/Collection/素材&模板&音库/音效/02_中文音效合集/魔法法术咒语技能释放音效/Cinetools Witchcraft/Designed/Elemental/Earth Cast/WC_Earth_RockCrumbleSpell_CT.wav
Cinetools Witchcraft【黑暗魔法巫术风火雷电咒语游戏技能音效素材】655544319933.zip,Cinetools Witchcraft/Designed/Elemental/Earth Cast/WC_Earth_RockSpell2_CT.wav,4104050,1464493d,OK,/volume1/主目录/Collection/素材&模板&音库/音效/02_中文音效合集/魔法法术咒语技能释放音效/Cinetools Witchcraft/Designed/Elemental/Earth Cast/WC_Earth_RockSpell2_CT.wav
Cinetools Witchcraft【黑暗魔法巫术风火雷电咒语游戏技能音效素材】655544319933.zip,Cinetools Witchcraft/Designed/Elemental/Earth Cast/WC_Earth_RockSpell_CT.wav,4492844,f3fc9612,OK,/volume1/主目录/Collection/素材&模板&音库/音效/02_中文音效合集/魔法法术咒语技能释放音效/Cinetools Witchcraft/Designed/Elemental/Earth Cast/WC_Earth_RockSpell_CT.wav
Cinetools Witchcraft【黑暗魔法巫术风火雷电咒语游戏技能音效素材】655544319933.zip,Cinetools Witchcraft/Designed/Elemental/Earth Cast/WC_Earth_RockThrow2_CT.wav,2883134,f260fb2f,OK,/volume1/主目录/Collection/素材&模板&音库/音效/02_中文音效合集/魔法法术咒语技能释放音效/Cinetools Witchcraft/Designed/Elemental/Earth Cast/WC_Earth_RockThrow2_CT.wav
Cinetools Witchcraft【黑暗魔法巫术风火雷电咒语游戏技能音效素材】655544319933.zip,Cinetools Witchcraft/Designed/Elemental/Earth Cast/WC_Earth_RockThrow_CT.wav,4514450,d72f5f4c,OK,/volume1/主目录/Collection/素材&模板&音库/音效/02_中文音效合集/魔法法术咒语技能释放音效/Cinetools Witchcraft/Designed/Elemental/Earth Cast/WC_Earth_RockThrow_CT.wav
Cinetools Witchcraft【黑暗魔法巫术风火雷电咒语游戏技能音效素材】655544319933.zip,Cinetools Witchcraft/Designed/Elemental/Earth Cast/WC_Earth_SoulStone_beast_CT.wav,2528684,3664b176,OK,/volume1/主目录/Collection/素材&模板&音库/音效/02_中文音效合集/魔法法术咒语技能释放音效/Cinetools Witchcraft/Designed/Elemental/Earth Cast/WC_Earth_SoulStone_beast_CT.wav
Cinetools Witchcraft【黑暗魔法巫术风火雷电咒语游戏技能音效素材】655544319933.zip,Cinetools Witchcraft/Designed/Elemental/Earth Cast/WC_Earth_StoneBarrier2_CT.wav,3420052,c466d81f,OK,/volume1/主目录/Collection/素材&模板&音库/音效/02_中文音效合集/魔法法术咒语技能释放音效/Cinetools Witchcraft/Designed/Elemental/Earth Cast/WC_Earth_StoneBarrier2_CT.wav
Cinetools Witchcraft【黑暗魔法巫术风火雷电咒语游戏技能音效素材】655544319933.zip,Cinetools Witchcraft/Designed/Elemental/Earth Cast/WC_Earth_StoneBarrier_CT.wav,3110444,dc747e3d,OK,/volume1/主目录/Collection/素材&模板&音库/音效/02_中文音效合集/魔法法术咒语技能释放音效/Cinetools Witchcraft/Designed/Elemental/Earth Cast/WC_Earth_StoneBarrier_CT.wav
Cinetools Witchcraft【黑暗魔法巫术风火雷电咒语游戏技能音效素材】655544319933.zip,Cinetools Witchcraft/Designed/Elemental/Earth Cast/WC_Earth_StoneBurst_CT.wav,4877992,fd0985a1,OK,/volume1/主目录/Collection/素材&模板&音库/音效/02_中文音效合集/魔法法术咒语技能释放音效/Cinetools Witchcraft/Designed/Elemental/Earth Cast/WC_Earth_StoneBurst_CT.wav
Cinetools Witchcraft【黑暗魔法巫术风火雷电咒语游戏技能音效素材】655544319933.zip,Cinetools Witchcraft/Designed/Elemental/Earth Cast/WC_Earth_StoneRain_CT.wav,2339996,b15d7e3a,OK,/volume1/主目录/Collection/素材&模板&音库/音效/02_中文音效合集/魔法法术咒语技能释放音效/Cinetools Witchcraft/Designed/Elemental/Earth Cast/WC_Earth_StoneRain_CT.wav
Cinetools Witchcraft【黑暗魔法巫术风火雷电咒语游戏技能音效素材】655544319933.zip,Cinetools Witchcraft/Designed/Elemental/Earth Cast/WC_Earth_StoneShield_CT.wav,4029458,407ac6bc,OK,/volume1/主目录/Collection/素材&模板&音库/音效/02_中文音效合集/魔法法术咒语技能释放音效/Cinetools Witchcraft/Designed/Elemental/Earth Cast/WC_Earth_StoneShield_CT.wav
Cinetools Witchcraft【黑暗魔法巫术风火雷电咒语游戏技能音效素材】655544319933.zip,Cinetools Witchcraft/Designed/Elemental/Earth Cast/WC_Earth_StoneThrow2_CT.wav,1888988,71e23499,OK,/volume1/主目录/Collection/素材&模板&音库/音效/02_中文音效合集/魔法法术咒语技能释放音效/Cinetools Witchcraft/Designed/Elemental/Earth Cast/WC_Earth_StoneThrow2_CT.wav
Cinetools Witchcraft【黑暗魔法巫术风火雷电咒语游戏技能音效素材】655544319933.zip,Cinetools Witchcraft/Designed/Elemental/Earth Cast/WC_Earth_StoneThrow_CT.wav,1533644,c4857036,OK,/volume1/主目录/Collection/素材&模板&音库/音效/03_项目素材/LTT_V30All/WC_Earth_StoneThrow_CT.wav
Cinetools Witchcraft【黑暗魔法巫术风火雷电咒语游戏技能音效素材】655544319933.zip,Cinetools Witchcraft/Designed/Elemental/Earth Cast/WC_Earth_Telekinesis2_CT.wav,3117344,ac3cb727,OK,/volume1/主目录/Collection/素材&模板&音库/音效/02_中文音效合集/魔法法术咒语技能释放音效/Cinetools Witchcraft/Designed/Elemental/Earth Cast/WC_Earth_Telekinesis2_CT.wav
Cinetools Witchcraft【黑暗魔法巫术风火雷电咒语游戏技能音效素材】655544319933.zip,Cinetools Witchcraft/Designed/Elemental/Earth Cast/WC_Earth_Telekinesis_CT.wav,3456124,7417d989,OK,/volume1/主目录/Collection/素材&模板&音库/音效/02_中文音效合集/魔法法术咒语技能释放音效/Cinetools Witchcraft/Designed/Elemental/Earth Cast/WC_Earth_Telekinesis_CT.wav
Cinetools Witchcraft【黑暗魔法巫术风火雷电咒语游戏技能音效素材】655544319933.zip,Cinetools Witchcraft/Designed/Elemental/Earth Cast/WC_Earth_Torment_CT.wav,3855650,0f28d9b7,OK,/volume1/主目录/Collection/素材&模板&音库/音效/02_中文音效合集/魔法法术咒语技能释放音效/Cinetools Witchcraft/Designed/Elemental/Earth Cast/WC_Earth_Torment_CT.wav
Cinetools Witchcraft【黑暗魔法巫术风火雷电咒语游戏技能音效素材】655544319933.zip,Cinetools Witchcraft/Designed/Elemental/Earth Cast/WC_Earth_Torment_beast2_CT.wav,8985644,ab00f6d9,OK,/volume1/主目录/Collection/素材&模板&音库/音效/02_中文音效合集/魔法法术咒语技能释放音效/Cinetools Witchcraft/Designed/Elemental/Earth Cast/WC_Earth_Torment_beast2_CT.wav
Cinetools Witchcraft【黑暗魔法巫术风火雷电咒语游戏技能音效素材】655544319933.zip,Cinetools Witchcraft/Designed/Elemental/Earth Cast/WC_Earth_Torment_beast_CT.wav,5130050,d6e25d73,OK,/volume1/主目录/Collection/素材&模板&音库/音效/02_中文音效合集/魔法法术咒语技能释放音效/Cinetools Witchcraft/Designed/Elemental/Earth Cast/WC_Earth_Torment_beast_CT.wav
Cinetools Witchcraft【黑暗魔法巫术风火雷电咒语游戏技能音效素材】655544319933.zip,Cinetools Witchcraft/Designed/Elemental/Earth Cast/WC_Earth_WiggleRock_CT.wav,3358172,525ea531,OK,/volume1/主目录/Collection/素材&模板&音库/音效/02_中文音效合集/魔法法术咒语技能释放音效/Cinetools Witchcraft/Designed/Elemental/Earth Cast/WC_Earth_WiggleRock_CT.wav
Cinetools Witchcraft【黑暗魔法巫术风火雷电咒语游戏技能音效素材】655544319933.zip,Cinetools Witchcraft/Designed/Elemental/Electricity Cast/WC_Electricity_CurseSpell2_CT.wav,3567218,31ac0210,OK,/volume1/主目录/Collection/素材&模板&音库/音效/02_中文音效合集/魔法法术咒语技能释放音效/Cinetools Witchcraft/Designed/Elemental/Electricity Cast/WC_Electricity_CurseSpell2_CT.wav
Cinetools Witchcraft【黑暗魔法巫术风火雷电咒语游戏技能音效素材】655544319933.zip,Cinetools Witchcraft/Designed/Elemental/Electricity Cast/WC_Electricity_CurseSpell_CT.wav,5664074,6f2c95d3,OK,/volume1/主目录/Collection/素材&模板&音库/音效/02_中文音效合集/魔法法术咒语技能释放音效/Cinetools Witchcraft/Designed/Elemental/Electricity Cast/WC_Electricity_CurseSpell_CT.wav
Cinetools Witchcraft【黑暗魔法巫术风火雷电咒语游戏技能音效素材】655544319933.zip,Cinetools Witchcraft/Designed/Elemental/Electricity Cast/WC_Electricity_ElectricArrow2_CT.wav,4383620,861b651c,OK,/volume1/主目录/Collection/素材&模板&音库/音效/02_中文音效合集/魔法法术咒语技能释放音效/Cinetools Witchcraft/Designed/Elemental/Electricity Cast/WC_Electricity_ElectricArrow2_CT.wav
Cinetools Witchcraft【黑暗魔法巫术风火雷电咒语游戏技能音效素材】655544319933.zip,Cinetools Witchcraft/Designed/Elemental/Electricity Cast/WC_Electricity_ElectricArrow3_CT.wav,2809298,921255df,OK,/volume1/主目录/Collection/素材&模板&音库/音效/02_中文音效合集/魔法法术咒语技能释放音效/Cinetools Witchcraft/Designed/Elemental/Electricity Cast/WC_Electricity_ElectricArrow3_CT.wav
Cinetools Witchcraft【黑暗魔法巫术风火雷电咒语游戏技能音效素材】655544319933.zip,Cinetools Witchcraft/Designed/Elemental/Electricity Cast/WC_Electricity_ElectricArrow_CT.wav,4355938,b486bf4f,OK,/volume1/主目录/Collection/素材&模板&音库/音效/02_中文音效合集/魔法法术咒语技能释放音效/Cinetools Witchcraft/Designed/Elemental/Electricity Cast/WC_Electricity_ElectricArrow_CT.wav
Cinetools Witchcraft【黑暗魔法巫术风火雷电咒语游戏技能音效素材】655544319933.zip,Cinetools Witchcraft/Designed/Elemental/Electricity Cast/WC_Electricity_ElectricBall2_CT.wav,6386210,5348de47,OK,/volume1/主目录/Collection/素材&模板&音库/音效/02_中文音效合集/魔法法术咒语技能释放音效/Cinetools Witchcraft/Designed/Elemental/Electricity Cast/WC_Electricity_ElectricBall2_CT.wav
Cinetools Witchcraft【黑暗魔法巫术风火雷电咒语游戏技能音效素材】655544319933.zip,Cinetools Witchcraft/Designed/Elemental/Electricity Cast/WC_Electricity_ElectricBall3_CT.wav,3456124,d9d09062,OK,/volume1/主目录/Collection/素材&模板&音库/音效/02_中文音效合集/魔法法术咒语技能释放音效/Cinetools Witchcraft/Designed/Elemental/Electricity Cast/WC_Electricity_ElectricBall3_CT.wav
Cinetools Witchcraft【黑暗魔法巫术风火雷电咒语游戏技能音效素材】655544319933.zip,Cinetools Witchcraft/Designed/Elemental/Electricity Cast/WC_Electricity_ElectricBall_CT.wav,4257256,a33a967d,OK,/volume1/主目录/Collection/素材&模板&音库/音效/02_中文音效合集/魔法法术咒语技能释放音效/Cinetools Witchcraft/Designed/Elemental/Electricity Cast/WC_Electricity_ElectricBall_CT.wav
Cinetools Witchcraft【黑暗魔法巫术风火雷电咒语游戏技能音效素材】655544319933.zip,Cinetools Witchcraft/Designed/Elemental/Electricity Cast/WC_Electricity_ElectricLance2_CT.wav,3258044,452c08e8,OK,/volume1/主目录/Collection/素材&模板&音库/音效/02_中文音效合集/魔法法术咒语技能释放音效/Cinetools Witchcraft/Designed/Elemental/Electricity Cast/WC_Electricity_ElectricLance2_CT.wav
Cinetools Witchcraft【黑暗魔法巫术风火雷电咒语游戏技能音效素材】655544319933.zip,Cinetools Witchcraft/Designed/Elemental/Electricity Cast/WC_Electricity_ElectricLance3_CT.wav,4089650,c47279a4,OK,/volume1/主目录/Collection/素材&模板&音库/音效/02_中文音效合集/魔法法术咒语技能释放音效/Cinetools Witchcraft/Designed/Elemental/Electricity Cast/WC_Electricity_ElectricLance3_CT.wav
Cinetools Witchcraft【黑暗魔法巫术风火雷电咒语游戏技能音效素材】655544319933.zip,Cinetools Witchcraft/Designed/Elemental/Electricity Cast/WC_Electricity_ElectricLance4_CT.wav,3168124,f7eb0007,OK,/volume1/主目录/Collection/素材&模板&音库/音效/02_中文音效合集/魔法法术咒语技能释放音效/Cinetools Witchcraft/Designed/Elemental/Electricity Cast/WC_Electricity_ElectricLance4_CT.wav
Cinetools Witchcraft【黑暗魔法巫术风火雷电咒语游戏技能音效素材】655544319933.zip,Cinetools Witchcraft/Designed/Elemental/Electricity Cast/WC_Electricity_ElectricLance_CT.wav,4389362,f0421999,OK,/volume1/主目录/Collection/素材&模板&音库/音效/02_中文音效合集/魔法法术咒语技能释放音效/Cinetools Witchcraft/Designed/Elemental/Electricity Cast/WC_Electricity_ElectricLance_CT.wav
Cinetools Witchcraft【黑暗魔法巫术风火雷电咒语游戏技能音效素材】655544319933.zip,Cinetools Witchcraft/Designed/Elemental/Electricity Cast/WC_Electricity_ElectricShock2_CT.wav,2042108,cd9002e4,OK,/volume1/主目录/Collection/素材&模板&音库/音效/02_中文音效合集/魔法法术咒语技能释放音效/Cinetools Witchcraft/Designed/Elemental/Electricity Cast/WC_Electricity_ElectricShock2_CT.wav
Cinetools Witchcraft【黑暗魔法巫术风火雷电咒语游戏技能音效素材】655544319933.zip,Cinetools Witchcraft/Designed/Elemental/Electricity Cast/WC_Electricity_ElectricShock_CT.wav,2103970,7a88fef0,OK,/volume1/主目录/Collection/素材&模板&音库/音效/02_中文音效合集/魔法法术咒语技能释放音效/Cinetools Witchcraft/Designed/Elemental/Electricity Cast/WC_Electricity_ElectricShock_CT.wav
Cinetools Witchcraft【黑暗魔法巫术风火雷电咒语游戏技能音效素材】655544319933.zip,Cinetools Witchcraft/Designed/Elemental/Electricity Cast/WC_Electricity_Electricbold_CT.wav,4107274,fbf5fd7d,OK,/volume1/主目录/Collection/素材&模板&音库/音效/02_中文音效合集/魔法法术咒语技能释放音效/Cinetools Witchcraft/Designed/Elemental/Electricity Cast/WC_Electricity_Electricbold_CT.wav
Cinetools Witchcraft【黑暗魔法巫术风火雷电咒语游戏技能音效素材】655544319933.zip,Cinetools Witchcraft/Designed/Elemental/Electricity Cast/WC_Electricity_ElectroSpears2_CT.wav,2683850,df96a287,OK,/volume1/主目录/Collection/素材&模板&音库/音效/02_中文音效合集/魔法法术咒语技能释放音效/Cinetools Witchcraft/Designed/Elemental/Electricity Cast/WC_Electricity_ElectroSpears2_CT.wav
Cinetools Witchcraft【黑暗魔法巫术风火雷电咒语游戏技能音效素材】655544319933.zip,Cinetools Witchcraft/Designed/Elemental/Electricity Cast/WC_Electricity_ElectroSpears_CT.wav,4070134,b52503b5,OK,/volume1/主目录/Collection/素材&模板&音库/音效/02_中文音效合集/魔法法术咒语技能释放音效/Cinetools Witchcraft/Designed/Elemental/Electricity Cast/WC_Electricity_ElectroSpears_CT.wav
Cinetools Witchcraft【黑暗魔法巫术风火雷电咒语游戏技能音效素材】655544319933.zip,Cinetools Witchcraft/Designed/Elemental/Electricity Cast/WC_Electricity_EnergyBurst_CT.wav,6336044,800eb73f,OK,/volume1/主目录/Collection/素材&模板&音库/音效/02_中文音效合集/魔法法术咒语技能释放音效/Cinetools Witchcraft/Designed/Elemental/Electricity Cast/WC_Electricity_EnergyBurst_CT.wav
Cinetools Witchcraft【黑暗魔法巫术风火雷电咒语游戏技能音效素材】655544319933.zip,Cinetools Witchcraft/Designed/Elemental/Electricity Cast/WC_Electricity_EnergyShield_CT.wav,7999490,9ae38bac,OK,/volume1/主目录/Collection/素材&模板&音库/音效/02_中文音效合集/魔法法术咒语技能释放音效/Cinetools Witchcraft/Designed/Elemental/Electricity Cast/WC_Electricity_EnergyShield_CT.wav
Cinetools Witchcraft【黑暗魔法巫术风火雷电咒语游戏技能音效素材】655544319933.zip,Cinetools Witchcraft/Designed/Elemental/Electricity Cast/WC_Electricity_KillCast2_CT.wav,2883010,84bce252,OK,/volume1/主目录/Collection/素材&模板&音库/音效/02_中文音效合集/魔法法术咒语技能释放音效/Cinetools Witchcraft/Designed/Elemental/Electricity Cast/WC_Electricity_KillCast2_CT.wav
Cinetools Witchcraft【黑暗魔法巫术风火雷电咒语游戏技能音效素材】655544319933.zip,Cinetools Witchcraft/Designed/Elemental/Electricity Cast/WC_Electricity_KillCast3_CT.wav,3600124,f13bfaab,OK,/volume1/主目录/Collection/素材&模板&音库/音效/02_中文音效合集/魔法法术咒语技能释放音效/Cinetools Witchcraft/Designed/Elemental/Electricity Cast/WC_Electricity_KillCast3_CT.wav
Cinetools Witchcraft【黑暗魔法巫术风火雷电咒语游戏技能音效素材】655544319933.zip,Cinetools Witchcraft/Designed/Elemental/Electricity Cast/WC_Electricity_KillCast4_CT.wav,3106042,fafd7c04,OK,/volume1/主目录/Collection/素材&模板&音库/音效/02_中文音效合集/魔法法术咒语技能释放音效/Cinetools Witchcraft/Designed/Elemental/Electricity Cast/WC_Electricity_KillCast4_CT.wav
Cinetools Witchcraft【黑暗魔法巫术风火雷电咒语游戏技能音效素材】655544319933.zip,Cinetools Witchcraft/Designed/Elemental/Electricity Cast/WC_Electricity_KillCast_CT.wav,2805256,30a30fd2,OK,/volume1/主目录/Collection/素材&模板&音库/音效/02_中文音效合集/魔法法术咒语技能释放音效/Cinetools Witchcraft/Designed/Elemental/Electricity Cast/WC_Electricity_KillCast_CT.wav
Cinetools Witchcraft【黑暗魔法巫术风火雷电咒语游戏技能音效素材】655544319933.zip,Cinetools Witchcraft/Designed/Elemental/Electricity Cast/WC_Electricity_Paralyze2_CT.wav,3206956,345841b4,OK,/volume1/主目录/Collection/素材&模板&音库/音效/02_中文音效合集/魔法法术咒语技能释放音效/Cinetools Witchcraft/Designed/Elemental/Electricity Cast/WC_Electricity_Paralyze2_CT.wav
Cinetools Witchcraft【黑暗魔法巫术风火雷电咒语游戏技能音效素材】655544319933.zip,Cinetools Witchcraft/Designed/Elemental/Electricity Cast/WC_Electricity_Paralyze3_CT.wav,3422002,e871b572,OK,/volume1/主目录/Collection/素材&模板&音库/音效/02_中文音效合集/魔法法术咒语技能释放音效/Cinetools Witchcraft/Designed/Elemental/Electricity Cast/WC_Electricity_Paralyze3_CT.wav
Cinetools Witchcraft【黑暗魔法巫术风火雷电咒语游戏技能音效素材】655544319933.zip,Cinetools Witchcraft/Designed/Elemental/Electricity Cast/WC_Electricity_Paralyze_CT.wav,3271730,2ea9e5c8,OK,/volume1/主目录/Collection/素材&模板&音库/音效/02_中文音效合集/魔法法术咒语技能释放音效/Cinetools Witchcraft/Designed/Elemental/Electricity Cast/WC_Electricity_Paralyze_CT.wav
Cinetools Witchcraft【黑暗魔法巫术风火雷电咒语游戏技能音效素材】655544319933.zip,Cinetools Witchcraft/Designed/Elemental/Electricity Cast/WC_Electricity_PowerSpell2_CT.wav,3471554,7ce9dd5f,OK,/volume1/主目录/Collection/素材&模板&音库/音效/02_中文音效合集/魔法法术咒语技能释放音效/Cinetools Witchcraft/Designed/Elemental/Electricity Cast/WC_Electricity_PowerSpell2_CT.wav
Cinetools Witchcraft【黑暗魔法巫术风火雷电咒语游戏技能音效素材】655544319933.zip,Cinetools Witchcraft/Designed/Elemental/Electricity Cast/WC_Electricity_PowerSpell_CT.wav,3675758,9ddc367f,OK,/volume1/主目录/Collection/素材&模板&音库/音效/02_中文音效合集/魔法法术咒语技能释放音效/Cinetools Witchcraft/Designed/Elemental/Electricity Cast/WC_Electricity_PowerSpell_CT.wav
Cinetools Witchcraft【黑暗魔法巫术风火雷电咒语游戏技能音效素材】655544319933.zip,Cinetools Witchcraft/Designed/Elemental/Electricity Cast/WC_Electricity_PrismaticBarrier_CT.wav,3312044,579c130b,OK,/volume1/主目录/Collection/素材&模板&音库/音效/02_中文音效合集/魔法法术咒语技能释放音效/Cinetools Witchcraft/Designed/Elemental/Electricity Cast/WC_Electricity_PrismaticBarrier_CT.wav
Cinetools Witchcraft【黑暗魔法巫术风火雷电咒语游戏技能音效素材】655544319933.zip,Cinetools Witchcraft/Designed/Elemental/Electricity Cast/WC_Electricity_Torment_CT.wav,2776870,3acc2e7f,OK,/volume1/主目录/Collection/素材&模板&音库/音效/02_中文音效合集/魔法法术咒语技能释放音效/Cinetools Witchcraft/Designed/Elemental/Electricity Cast/WC_Electricity_Torment_CT.wav
Cinetools Witchcraft【黑暗魔法巫术风火雷电咒语游戏技能音效素材】655544319933.zip,Cinetools Witchcraft/Designed/Elemental/Fire Cast/WC_Fire_Cauterize_CT.wav,1846850,c693fc59,OK,/volume1/主目录/Collection/素材&模板&音库/音效/02_中文音效合集/魔法法术咒语技能释放音效/Cinetools Witchcraft/Designed/Elemental/Fire Cast/WC_Fire_Cauterize_CT.wav
Cinetools Witchcraft【黑暗魔法巫术风火雷电咒语游戏技能音效素材】655544319933.zip,Cinetools Witchcraft/Designed/Elemental/Fire Cast/WC_Fire_FireArrow2_CT.wav,4176124,68bed80a,OK,/volume1/主目录/Collection/素材&模板&音库/音效/02_中文音效合集/魔法法术咒语技能释放音效/Cinetools Witchcraft/Designed/Elemental/Fire Cast/WC_Fire_FireArrow2_CT.wav
Cinetools Witchcraft【黑暗魔法巫术风火雷电咒语游戏技能音效素材】655544319933.zip,Cinetools Witchcraft/Designed/Elemental/Fire Cast/WC_Fire_FireArrow_CT.wav,2754200,f501e295,OK,/volume1/主目录/Collection/素材&模板&音库/音效/02_中文音效合集/魔法法术咒语技能释放音效/Cinetools Witchcraft/Designed/Elemental/Fire Cast/WC_Fire_FireArrow_CT.wav
Cinetools Witchcraft【黑暗魔法巫术风火雷电咒语游戏技能音效素材】655544319933.zip,Cinetools Witchcraft/Designed/Elemental/Fire Cast/WC_Fire_FireBall2_CT.wav,4608124,e7720daf,OK,/volume1/主目录/Collection/素材&模板&音库/音效/02_中文音效合集/魔法法术咒语技能释放音效/Cinetools Witchcraft/Designed/Elemental/Fire Cast/WC_Fire_FireBall2_CT.wav
Cinetools Witchcraft【黑暗魔法巫术风火雷电咒语游戏技能音效素材】655544319933.zip,Cinetools Witchcraft/Designed/Elemental/Fire Cast/WC_Fire_FireBall3_CT.wav,2160124,b02b8e49,OK,/volume1/主目录/Collection/素材&模板&音库/音效/02_中文音效合集/魔法法术咒语技能释放音效/Cinetools Witchcraft/Designed/Elemental/Fire Cast/WC_Fire_FireBall3_CT.wav
Cinetools Witchcraft【黑暗魔法巫术风火雷电咒语游戏技能音效素材】655544319933.zip,Cinetools Witchcraft/Designed/Elemental/Fire Cast/WC_Fire_FireBall4_CT.wav,4735844,7a86ade9,OK,/volume1/主目录/Collection/素材&模板&音库/音效/02_中文音效合集/魔法法术咒语技能释放音效/Cinetools Witchcraft/Designed/Elemental/Fire Cast/WC_Fire_FireBall4_CT.wav
Cinetools Witchcraft【黑暗魔法巫术风火雷电咒语游戏技能音效素材】655544319933.zip,Cinetools Witchcraft/Designed/Elemental/Fire Cast/WC_Fire_FireBall_CT.wav,5472044,87eba014,NAME_ONLY,/volume1/主目录/Collection/素材&模板&音库/音效/02_中文音效合集/魔法法术咒语技能释放音效/Cinetools Witchcraft/Designed/Elemental/Fire Cast/WC_Fire_FireBall_CT.wav
Cinetools Witchcraft【黑暗魔法巫术风火雷电咒语游戏技能音效素材】655544319933.zip,Cinetools Witchcraft/Designed/Elemental/Fire Cast/WC_Fire_FireBarrier_CT.wav,2423162,163d5215,OK,/volume1/主目录/Collection/素材&模板&音库/音效/02_中文音效合集/魔法法术咒语技能释放音效/Cinetools Witchcraft/Designed/Elemental/Fire Cast/WC_Fire_FireBarrier_CT.wav
Cinetools Witchcraft【黑暗魔法巫术风火雷电咒语游戏技能音效素材】655544319933.zip,Cinetools Witchcraft/Designed/Elemental/Fire Cast/WC_Fire_FireBlast_CT.wav,4879064,3dd16c51,OK,/volume1/主目录/Collection/素材&模板&音库/音效/02_中文音效合集/魔法法术咒语技能释放音效/Cinetools Witchcraft/Designed/Elemental/Fire Cast/WC_Fire_FireBlast_CT.wav
Cinetools Witchcraft【黑暗魔法巫术风火雷电咒语游戏技能音效素材】655544319933.zip,Cinetools Witchcraft/Designed/Elemental/Fire Cast/WC_Fire_FireBomb2_CT.wav,4983952,646133cf,OK,/volume1/主目录/Collection/素材&模板&音库/音效/02_中文音效合集/魔法法术咒语技能释放音效/Cinetools Witchcraft/Designed/Elemental/Fire Cast/WC_Fire_FireBomb2_CT.wav
Cinetools Witchcraft【黑暗魔法巫术风火雷电咒语游戏技能音效素材】655544319933.zip,Cinetools Witchcraft/Designed/Elemental/Fire Cast/WC_Fire_FireBomb3_CT.wav,4695952,02d67f1e,OK,/volume1/主目录/Collection/素材&模板&音库/音效/02_中文音效合集/魔法法术咒语技能释放音效/Cinetools Witchcraft/Designed/Elemental/Fire Cast/WC_Fire_FireBomb3_CT.wav
Cinetools Witchcraft【黑暗魔法巫术风火雷电咒语游戏技能音效素材】655544319933.zip,Cinetools Witchcraft/Designed/Elemental/Fire Cast/WC_Fire_FireBomb4_CT.wav,4385428,fa8bb513,OK,/volume1/主目录/Collection/素材&模板&音库/音效/02_中文音效合集/魔法法术咒语技能释放音效/Cinetools Witchcraft/Designed/Elemental/Fire Cast/WC_Fire_FireBomb4_CT.wav
Cinetools Witchcraft【黑暗魔法巫术风火雷电咒语游戏技能音效素材】655544319933.zip,Cinetools Witchcraft/Designed/Elemental/Fire Cast/WC_Fire_FireBomb_CT.wav,1872124,2f88d703,OK,/volume1/主目录/Collection/素材&模板&音库/音效/02_中文音效合集/魔法法术咒语技能释放音效/Cinetools Witchcraft/Designed/Elemental/Fire Cast/WC_Fire_FireBomb_CT.wav
Cinetools Witchcraft【黑暗魔法巫术风火雷电咒语游戏技能音效素材】655544319933.zip,Cinetools Witchcraft/Designed/Elemental/Fire Cast/WC_Fire_FireLance2_CT.wav,4057424,a66baf61,OK,/volume1/主目录/Collection/素材&模板&音库/音效/02_中文音效合集/魔法法术咒语技能释放音效/Cinetools Witchcraft/Designed/Elemental/Fire Cast/WC_Fire_FireLance2_CT.wav
Cinetools Witchcraft【黑暗魔法巫术风火雷电咒语游戏技能音效素材】655544319933.zip,Cinetools Witchcraft/Designed/Elemental/Fire Cast/WC_Fire_FireLance3_CT.wav,5616124,f78a0af2,OK,/volume1/主目录/Collection/素材&模板&音库/音效/02_中文音效合集/魔法法术咒语技能释放音效/Cinetools Witchcraft/Designed/Elemental/Fire Cast/WC_Fire_FireLance3_CT.wav
Cinetools Witchcraft【黑暗魔法巫术风火雷电咒语游戏技能音效素材】655544319933.zip,Cinetools Witchcraft/Designed/Elemental/Fire Cast/WC_Fire_FireLance4_CT.wav,3570950,726b3866,OK,/volume1/主目录/Collection/素材&模板&音库/音效/02_中文音效合集/魔法法术咒语技能释放音效/Cinetools Witchcraft/Designed/Elemental/Fire Cast/WC_Fire_FireLance4_CT.wav
Cinetools Witchcraft【黑暗魔法巫术风火雷电咒语游戏技能音效素材】655544319933.zip,Cinetools Witchcraft/Designed/Elemental/Fire Cast/WC_Fire_FireLance_CT.wav,4176124,cbd25cda,OK,/volume1/主目录/Collection/素材&模板&音库/音效/02_中文音效合集/魔法法术咒语技能释放音效/Cinetools Witchcraft/Designed/Elemental/Fire Cast/WC_Fire_FireLance_CT.wav
Cinetools Witchcraft【黑暗魔法巫术风火雷电咒语游戏技能音效素材】655544319933.zip,Cinetools Witchcraft/Designed/Elemental/Fire Cast/WC_Fire_Firebender_CT.wav,2924900,2060349b,OK,/volume1/主目录/Collection/素材&模板&音库/音效/02_中文音效合集/魔法法术咒语技能释放音效/Cinetools Witchcraft/Designed/Elemental/Fire Cast/WC_Fire_Firebender_CT.wav
Cinetools Witchcraft【黑暗魔法巫术风火雷电咒语游戏技能音效素材】655544319933.zip,Cinetools Witchcraft/Designed/Elemental/Fire Cast/WC_Fire_Firebolt2_CT.wav,3755714,8c86ef72,OK,/volume1/主目录/Collection/素材&模板&音库/音效/02_中文音效合集/魔法法术咒语技能释放音效/Cinetools Witchcraft/Designed/Elemental/Fire Cast/WC_Fire_Firebolt2_CT.wav
Cinetools Witchcraft【黑暗魔法巫术风火雷电咒语游戏技能音效素材】655544319933.zip,Cinetools Witchcraft/Designed/Elemental/Fire Cast/WC_Fire_Firebolt_CT.wav,5465866,41cb4df5,NAME_ONLY,/volume1/主目录/Collection/素材&模板&音库/音效/02_中文音效合集/魔法法术咒语技能释放音效/Cinetools Witchcraft/Designed/Elemental/Fire Cast/WC_Fire_Firebolt_CT.wav
Cinetools Witchcraft【黑暗魔法巫术风火雷电咒语游戏技能音效素材】655544319933.zip,Cinetools Witchcraft/Designed/Elemental/Fire Cast/WC_Fire_FlameBomb2_CT.wav,1660484,e0a5515b,OK,/volume1/主目录/Collection/素材&模板&音库/音效/02_中文音效合集/魔法法术咒语技能释放音效/Cinetools Witchcraft/Designed/Elemental/Fire Cast/WC_Fire_FlameBomb2_CT.wav
Cinetools Witchcraft【黑暗魔法巫术风火雷电咒语游戏技能音效素材】655544319933.zip,Cinetools Witchcraft/Designed/Elemental/Fire Cast/WC_Fire_FlameBomb_CT.wav,1836356,7c7ce1a7,OK,/volume1/主目录/Collection/素材&模板&音库/音效/02_中文音效合集/魔法法术咒语技能释放音效/Cinetools Witchcraft/Designed/Elemental/Fire Cast/WC_Fire_FlameBomb_CT.wav
Cinetools Witchcraft【黑暗魔法巫术风火雷电咒语游戏技能音效素材】655544319933.zip,Cinetools Witchcraft/Designed/Elemental/Fire Cast/WC_Fire_FlameCast_CT.wav,3971108,cff459c7,OK,/volume1/主目录/Collection/素材&模板&音库/音效/02_中文音效合集/魔法法术咒语技能释放音效/Cinetools Witchcraft/Designed/Elemental/Fire Cast/WC_Fire_FlameCast_CT.wav
Cinetools Witchcraft【黑暗魔法巫术风火雷电咒语游戏技能音效素材】655544319933.zip,Cinetools Witchcraft/Designed/Elemental/Fire Cast/WC_Fire_FlameCrash_CT.wav,4713248,9b4fcc31,NAME_ONLY,/volume1/主目录/Collection/素材&模板&音库/音效/02_中文音效合集/魔法法术咒语技能释放音效/Cinetools Witchcraft/Designed/Elemental/Fire Cast/WC_Fire_FlameCrash_CT.wav
Cinetools Witchcraft【黑暗魔法巫术风火雷电咒语游戏技能音效素材】655544319933.zip,Cinetools Witchcraft/Designed/Elemental/Fire Cast/WC_Fire_FlameStreak_CT.wav,3260678,6f6da6a3,OK,/volume1/主目录/Collection/素材&模板&音库/音效/02_中文音效合集/魔法法术咒语技能释放音效/Cinetools Witchcraft/Designed/Elemental/Fire Cast/WC_Fire_FlameStreak_CT.wav
Cinetools Witchcraft【黑暗魔法巫术风火雷电咒语游戏技能音效素材】655544319933.zip,Cinetools Witchcraft/Designed/Elemental/Fire Cast/WC_Fire_FlameStrike_CT.wav,6760244,aea2713b,OK,/volume1/主目录/Collection/素材&模板&音库/音效/02_中文音效合集/魔法法术咒语技能释放音效/Cinetools Witchcraft/Designed/Elemental/Fire Cast/WC_Fire_FlameStrike_CT.wav
Cinetools Witchcraft【黑暗魔法巫术风火雷电咒语游戏技能音效素材】655544319933.zip,Cinetools Witchcraft/Designed/Elemental/Fire Cast/WC_Fire_Fulmination2_CT.wav,4506848,8d486fd5,OK,/volume1/主目录/Collection/素材&模板&音库/音效/02_中文音效合集/魔法法术咒语技能释放音效/Cinetools Witchcraft/Designed/Elemental/Fire Cast/WC_Fire_Fulmination2_CT.wav
Cinetools Witchcraft【黑暗魔法巫术风火雷电咒语游戏技能音效素材】655544319933.zip,Cinetools Witchcraft/Designed/Elemental/Fire Cast/WC_Fire_Fulmination3_CT.wav,1925152,993ab6dc,OK,/volume1/主目录/Collection/素材&模板&音库/音效/02_中文音效合集/魔法法术咒语技能释放音效/Cinetools Witchcraft/Designed/Elemental/Fire Cast/WC_Fire_Fulmination3_CT.wav
Cinetools Witchcraft【黑暗魔法巫术风火雷电咒语游戏技能音效素材】655544319933.zip,Cinetools Witchcraft/Designed/Elemental/Fire Cast/WC_Fire_Fulmination_CT.wav,4694630,c65078dc,NAME_ONLY,/volume1/主目录/Collection/素材&模板&音库/音效/02_中文音效合集/魔法法术咒语技能释放音效/Cinetools Witchcraft/Designed/Elemental/Fire Cast/WC_Fire_Fulmination_CT.wav
Cinetools Witchcraft【黑暗魔法巫术风火雷电咒语游戏技能音效素材】655544319933.zip,Cinetools Witchcraft/Designed/Elemental/Fire Cast/WC_Fire_IceMelting2_CT.wav,3991846,be4102de,OK,/volume1/主目录/Collection/素材&模板&音库/音效/02_中文音效合集/魔法法术咒语技能释放音效/Cinetools Witchcraft/Designed/Elemental/Fire Cast/WC_Fire_IceMelting2_CT.wav
Cinetools Witchcraft【黑暗魔法巫术风火雷电咒语游戏技能音效素材】655544319933.zip,Cinetools Witchcraft/Designed/Elemental/Fire Cast/WC_Fire_IceMelting_CT.wav,15952772,7a394de2,NAME_ONLY,/volume1/主目录/Collection/素材&模板&音库/音效/02_中文音效合集/魔法法术咒语技能释放音效/Cinetools Witchcraft/Designed/Elemental/Fire Cast/WC_Fire_IceMelting_CT.wav
Cinetools Witchcraft【黑暗魔法巫术风火雷电咒语游戏技能音效素材】655544319933.zip,Cinetools Witchcraft/Designed/Elemental/Fire Cast/WC_Fire_Ignition2_CT.wav,1373746,0476b735,OK,/volume1/主目录/Collection/素材&模板&音库/音效/02_中文音效合集/魔法法术咒语技能释放音效/Cinetools Witchcraft/Designed/Elemental/Fire Cast/WC_Fire_Ignition2_CT.wav
Cinetools Witchcraft【黑暗魔法巫术风火雷电咒语游戏技能音效素材】655544319933.zip,Cinetools Witchcraft/Designed/Elemental/Fire Cast/WC_Fire_Ignition3_CT.wav,1232842,1bb88e9f,OK,/volume1/主目录/Collection/素材&模板&音库/音效/02_中文音效合集/魔法法术咒语技能释放音效/Cinetools Witchcraft/Designed/Elemental/Fire Cast/WC_Fire_Ignition3_CT.wav
Cinetools Witchcraft【黑暗魔法巫术风火雷电咒语游戏技能音效素材】655544319933.zip,Cinetools Witchcraft/Designed/Elemental/Fire Cast/WC_Fire_Ignition4_CT.wav,2847274,ac950ba2,OK,/volume1/主目录/Collection/素材&模板&音库/音效/02_中文音效合集/魔法法术咒语技能释放音效/Cinetools Witchcraft/Designed/Elemental/Fire Cast/WC_Fire_Ignition4_CT.wav
Cinetools Witchcraft【黑暗魔法巫术风火雷电咒语游戏技能音效素材】655544319933.zip,Cinetools Witchcraft/Designed/Elemental/Fire Cast/WC_Fire_Ignition_CT.wav,1132774,3c817916,OK,/volume1/主目录/Collection/素材&模板&音库/音效/02_中文音效合集/魔法法术咒语技能释放音效/Cinetools Witchcraft/Designed/Elemental/Fire Cast/WC_Fire_Ignition_CT.wav
Cinetools Witchcraft【黑暗魔法巫术风火雷电咒语游戏技能音效素材】655544319933.zip,Cinetools Witchcraft/Designed/Elemental/Fire Cast/WC_Fire_Immolation_CT.wav,4896124,e69d9fef,OK,/volume1/主目录/Collection/素材&模板&音库/音效/02_中文音效合集/魔法法术咒语技能释放音效/Cinetools Witchcraft/Designed/Elemental/Fire Cast/WC_Fire_Immolation_CT.wav
Cinetools Witchcraft【黑暗魔法巫术风火雷电咒语游戏技能音效素材】655544319933.zip,Cinetools Witchcraft/Designed/Elemental/Fire Cast/WC_Fire_IncinerationCast_CT.wav,4407554,354456bf,OK,/volume1/主目录/Collection/素材&模板&音库/音效/02_中文音效合集/魔法法术咒语技能释放音效/Cinetools Witchcraft/Designed/Elemental/Fire Cast/WC_Fire_IncinerationCast_CT.wav
Cinetools Witchcraft【黑暗魔法巫术风火雷电咒语游戏技能音效素材】655544319933.zip,Cinetools Witchcraft/Designed/Elemental/Fire Cast/WC_Fire_LavaBurst2_CT.wav,1209644,ac008a29,OK,/volume1/主目录/Collection/素材&模板&音库/音效/02_中文音效合集/魔法法术咒语技能释放音效/Cinetools Witchcraft/Designed/Elemental/Fire Cast/WC_Fire_LavaBurst2_CT.wav
Cinetools Witchcraft【黑暗魔法巫术风火雷电咒语游戏技能音效素材】655544319933.zip,Cinetools Witchcraft/Designed/Elemental/Fire Cast/WC_Fire_LavaBurst_CT.wav,2592044,be99966e,OK,/volume1/主目录/Collection/素材&模板&音库/音效/02_中文音效合集/魔法法术咒语技能释放音效/Cinetools Witchcraft/Designed/Elemental/Fire Cast/WC_Fire_LavaBurst_CT.wav
Cinetools Witchcraft【黑暗魔法巫术风火雷电咒语游戏技能音效素材】655544319933.zip,Cinetools Witchcraft/Designed/Elemental/Fire Cast/WC_Fire_RainOfFire_CT.wav,3009860,0f41f046,OK,/volume1/主目录/Collection/素材&模板&音库/音效/02_中文音效合集/魔法法术咒语技能释放音效/Cinetools Witchcraft/Designed/Elemental/Fire Cast/WC_Fire_RainOfFire_CT.wav
Cinetools Witchcraft【黑暗魔法巫术风火雷电咒语游戏技能音效素材】655544319933.zip,Cinetools Witchcraft/Designed/Elemental/Fire Cast/WC_Fire_Scorch2_CT.wav,2700346,f395e082,OK,/volume1/主目录/Collection/素材&模板&音库/音效/02_中文音效合集/魔法法术咒语技能释放音效/Cinetools Witchcraft/Designed/Elemental/Fire Cast/WC_Fire_Scorch2_CT.wav
Cinetools Witchcraft【黑暗魔法巫术风火雷电咒语游戏技能音效素材】655544319933.zip,Cinetools Witchcraft/Designed/Elemental/Fire Cast/WC_Fire_Scorch_CT.wav,4013132,6767cc4f,OK,/volume1/主目录/Collection/素材&模板&音库/音效/02_中文音效合集/魔法法术咒语技能释放音效/Cinetools Witchcraft/Designed/Elemental/Fire Cast/WC_Fire_Scorch_CT.wav
Cinetools Witchcraft【黑暗魔法巫术风火雷电咒语游戏技能音效素材】655544319933.zip,Cinetools Witchcraft/Designed/Elemental/Ice Cast/WC_Ice_CurseSpell2_CT.wav,2358214,b6891aa8,OK,/volume1/主目录/Collection/素材&模板&音库/音效/02_中文音效合集/魔法法术咒语技能释放音效/Cinetools Witchcraft/Designed/Elemental/Ice Cast/WC_Ice_CurseSpell2_CT.wav
Cinetools Witchcraft【黑暗魔法巫术风火雷电咒语游戏技能音效素材】655544319933.zip,Cinetools Witchcraft/Designed/Elemental/Ice Cast/WC_Ice_CurseSpell3_CT.wav,3880498,90351b2f,OK,/volume1/主目录/Collection/素材&模板&音库/音效/02_中文音效合集/魔法法术咒语技能释放音效/Cinetools Witchcraft/Designed/Elemental/Ice Cast/WC_Ice_CurseSpell3_CT.wav
Cinetools Witchcraft【黑暗魔法巫术风火雷电咒语游戏技能音效素材】655544319933.zip,Cinetools Witchcraft/Designed/Elemental/Ice Cast/WC_Ice_CurseSpell4_CT.wav,2831434,0f3bdc4a,OK,/volume1/主目录/Collection/素材&模板&音库/音效/02_中文音效合集/魔法法术咒语技能释放音效/Cinetools Witchcraft/Designed/Elemental/Ice Cast/WC_Ice_CurseSpell4_CT.wav
Cinetools Witchcraft【黑暗魔法巫术风火雷电咒语游戏技能音效素材】655544319933.zip,Cinetools Witchcraft/Designed/Elemental/Ice Cast/WC_Ice_CurseSpell5_CT.wav,3073078,2dc7e39e,OK,/volume1/主目录/Collection/素材&模板&音库/音效/02_中文音效合集/魔法法术咒语技能释放音效/Cinetools Witchcraft/Designed/Elemental/Ice Cast/WC_Ice_CurseSpell5_CT.wav
Cinetools Witchcraft【黑暗魔法巫术风火雷电咒语游戏技能音效素材】655544319933.zip,Cinetools Witchcraft/Designed/Elemental/Ice Cast/WC_Ice_CurseSpell_CT.wav,5068106,57693626,OK,/volume1/主目录/Collection/素材&模板&音库/音效/02_中文音效合集/魔法法术咒语技能释放音效/Cinetools Witchcraft/Designed/Elemental/Ice Cast/WC_Ice_CurseSpell_CT.wav
Cinetools Witchcraft【黑暗魔法巫术风火雷电咒语游戏技能音效素材】655544319933.zip,Cinetools Witchcraft/Designed/Elemental/Ice Cast/WC_Ice_FreezingSpell2_CT.wav,3456044,e3fd3ff9,OK,/volume1/主目录/Collection/素材&模板&音库/音效/02_中文音效合集/魔法法术咒语技能释放音效/Cinetools Witchcraft/Designed/Elemental/Ice Cast/WC_Ice_FreezingSpell2_CT.wav
Cinetools Witchcraft【黑暗魔法巫术风火雷电咒语游戏技能音效素材】655544319933.zip,Cinetools Witchcraft/Designed/Elemental/Ice Cast/WC_Ice_FreezingSpell3_CT.wav,3168896,5a0bdab5,OK,/volume1/主目录/Collection/素材&模板&音库/音效/02_中文音效合集/魔法法术咒语技能释放音效/Cinetools Witchcraft/Designed/Elemental/Ice Cast/WC_Ice_FreezingSpell3_CT.wav
Cinetools Witchcraft【黑暗魔法巫术风火雷电咒语游戏技能音效素材】655544319933.zip,Cinetools Witchcraft/Designed/Elemental/Ice Cast/WC_Ice_FreezingSpell4_CT.wav,5309408,38a82e9d,OK,/volume1/主目录/Collection/素材&模板&音库/音效/02_中文音效合集/魔法法术咒语技能释放音效/Cinetools Witchcraft/Designed/Elemental/Ice Cast/WC_Ice_FreezingSpell4_CT.wav
Cinetools Witchcraft【黑暗魔法巫术风火雷电咒语游戏技能音效素材】655544319933.zip,Cinetools Witchcraft/Designed/Elemental/Ice Cast/WC_Ice_FreezingSpell_CT.wav,3583574,c30e882f,OK,/volume1/主目录/Collection/素材&模板&音库/音效/02_中文音效合集/魔法法术咒语技能释放音效/Cinetools Witchcraft/Designed/Elemental/Ice Cast/WC_Ice_FreezingSpell_CT.wav
Cinetools Witchcraft【黑暗魔法巫术风火雷电咒语游戏技能音效素材】655544319933.zip,Cinetools Witchcraft/Designed/Elemental/Ice Cast/WC_Ice_FrostBomb2_CT.wav,3573388,4fa0340c,OK,/volume1/主目录/Collection/素材&模板&音库/音效/02_中文音效合集/魔法法术咒语技能释放音效/Cinetools Witchcraft/Designed/Elemental/Ice Cast/WC_Ice_FrostBomb2_CT.wav
Cinetools Witchcraft【黑暗魔法巫术风火雷电咒语游戏技能音效素材】655544319933.zip,Cinetools Witchcraft/Designed/Elemental/Ice Cast/WC_Ice_FrostBomb_CT.wav,4206650,2e275885,OK,/volume1/主目录/Collection/素材&模板&音库/音效/02_中文音效合集/魔法法术咒语技能释放音效/Cinetools Witchcraft/Designed/Elemental/Ice Cast/WC_Ice_FrostBomb_CT.wav
Cinetools Witchcraft【黑暗魔法巫术风火雷电咒语游戏技能音效素材】655544319933.zip,Cinetools Witchcraft/Designed/Elemental/Ice Cast/WC_Ice_FrostShock_CT.wav,2462450,d5ae5d86,OK,/volume1/主目录/Collection/素材&模板&音库/音效/02_中文音效合集/魔法法术咒语技能释放音效/Cinetools Witchcraft/Designed/Elemental/Ice Cast/WC_Ice_FrostShock_CT.wav
Cinetools Witchcraft【黑暗魔法巫术风火雷电咒语游戏技能音效素材】655544319933.zip,Cinetools Witchcraft/Designed/Elemental/Ice Cast/WC_Ice_Frostbolt2_CT.wav,2177582,20978028,OK,/volume1/主目录/Collection/素材&模板&音库/音效/02_中文音效合集/魔法法术咒语技能释放音效/Cinetools Witchcraft/Designed/Elemental/Ice Cast/WC_Ice_Frostbolt2_CT.wav
Cinetools Witchcraft【黑暗魔法巫术风火雷电咒语游戏技能音效素材】655544319933.zip,Cinetools Witchcraft/Designed/Elemental/Ice Cast/WC_Ice_Frostbolt_CT.wav,2837248,c74deab9,OK,/volume1/主目录/Collection/素材&模板&音库/音效/02_中文音效合集/魔法法术咒语技能释放音效/Cinetools Witchcraft/Designed/Elemental/Ice Cast/WC_Ice_Frostbolt_CT.wav
Cinetools Witchcraft【黑暗魔法巫术风火雷电咒语游戏技能音效素材】655544319933.zip,Cinetools Witchcraft/Designed/Elemental/Ice Cast/WC_Ice_FrozenOrb_CT.wav,28832318,760cc302,OK,/volume1/主目录/Collection/素材&模板&音库/音效/02_中文音效合集/魔法法术咒语技能释放音效/Cinetools Witchcraft/Designed/Elemental/Ice Cast/WC_Ice_FrozenOrb_CT.wav
Cinetools Witchcraft【黑暗魔法巫术风火雷电咒语游戏技能音效素材】655544319933.zip,Cinetools Witchcraft/Designed/Elemental/Ice Cast/WC_Ice_FrozenStrike_CT.wav,3078050,725e7018,OK,/volume1/主目录/Collection/素材&模板&音库/音效/03_项目素材/LTT_V30All/WC_Ice_FrozenStrike_CT.wav
Cinetools Witchcraft【黑暗魔法巫术风火雷电咒语游戏技能音效素材】655544319933.zip,Cinetools Witchcraft/Designed/Elemental/Ice Cast/WC_Ice_FrozenTouch_CT.wav,4139996,e0c6992d,OK,/volume1/主目录/Collection/素材&模板&音库/音效/02_中文音效合集/魔法法术咒语技能释放音效/Cinetools Witchcraft/Designed/Elemental/Ice Cast/WC_Ice_FrozenTouch_CT.wav
Cinetools Witchcraft【黑暗魔法巫术风火雷电咒语游戏技能音效素材】655544319933.zip,Cinetools Witchcraft/Designed/Elemental/Ice Cast/WC_Ice_GlacialSpike2_CT.wav,11160124,791e401c,OK,/volume1/主目录/Collection/素材&模板&音库/音效/02_中文音效合集/魔法法术咒语技能释放音效/Cinetools Witchcraft/Designed/Elemental/Ice Cast/WC_Ice_GlacialSpike2_CT.wav
Cinetools Witchcraft【黑暗魔法巫术风火雷电咒语游戏技能音效素材】655544319933.zip,Cinetools Witchcraft/Designed/Elemental/Ice Cast/WC_Ice_GlacialSpike3_CT.wav,5310670,d3b5e209,OK,/volume1/主目录/Collection/素材&模板&音库/音效/02_中文音效合集/魔法法术咒语技能释放音效/Cinetools Witchcraft/Designed/Elemental/Ice Cast/WC_Ice_GlacialSpike3_CT.wav
Cinetools Witchcraft【黑暗魔法巫术风火雷电咒语游戏技能音效素材】655544319933.zip,Cinetools Witchcraft/Designed/Elemental/Ice Cast/WC_Ice_GlacialSpike4_CT.wav,5174710,dac927d7,OK,/volume1/主目录/Collection/素材&模板&音库/音效/02_中文音效合集/魔法法术咒语技能释放音效/Cinetools Witchcraft/Designed/Elemental/Ice Cast/WC_Ice_GlacialSpike4_CT.wav
Cinetools Witchcraft【黑暗魔法巫术风火雷电咒语游戏技能音效素材】655544319933.zip,Cinetools Witchcraft/Designed/Elemental/Ice Cast/WC_Ice_GlacialSpike5_CT.wav,3594946,f265695a,OK,/volume1/主目录/Collection/素材&模板&音库/音效/02_中文音效合集/魔法法术咒语技能释放音效/Cinetools Witchcraft/Designed/Elemental/Ice Cast/WC_Ice_GlacialSpike5_CT.wav
Cinetools Witchcraft【黑暗魔法巫术风火雷电咒语游戏技能音效素材】655544319933.zip,Cinetools Witchcraft/Designed/Elemental/Ice Cast/WC_Ice_GlacialSpike6_CT.wav,4325824,35892c61,OK,/volume1/主目录/Collection/素材&模板&音库/音效/02_中文音效合集/魔法法术咒语技能释放音效/Cinetools Witchcraft/Designed/Elemental/Ice Cast/WC_Ice_GlacialSpike6_CT.wav
Cinetools Witchcraft【黑暗魔法巫术风火雷电咒语游戏技能音效素材】655544319933.zip,Cinetools Witchcraft/Designed/Elemental/Ice Cast/WC_Ice_GlacialSpike_CT.wav,5256124,92770f10,OK,/volume1/主目录/Collection/素材&模板&音库/音效/02_中文音效合集/魔法法术咒语技能释放音效/Cinetools Witchcraft/Designed/Elemental/Ice Cast/WC_Ice_GlacialSpike_CT.wav
Cinetools Witchcraft【黑暗魔法巫术风火雷电咒语游戏技能音效素材】655544319933.zip,Cinetools Witchcraft/Designed/Elemental/Ice Cast/WC_Ice_IceArrow2_CT.wav,1944124,6fc0443d,OK,/volume1/主目录/Collection/素材&模板&音库/音效/03_项目素材/LTT_V30All/WC_Ice_IceArrow2_CT.wav
Cinetools Witchcraft【黑暗魔法巫术风火雷电咒语游戏技能音效素材】655544319933.zip,Cinetools Witchcraft/Designed/Elemental/Ice Cast/WC_Ice_IceArrow3_CT.wav,2961706,29d1b6e5,OK,/volume1/主目录/Collection/素材&模板&音库/音效/02_中文音效合集/魔法法术咒语技能释放音效/Cinetools Witchcraft/Designed/Elemental/Ice Cast/WC_Ice_IceArrow3_CT.wav
Cinetools Witchcraft【黑暗魔法巫术风火雷电咒语游戏技能音效素材】655544319933.zip,Cinetools Witchcraft/Designed/Elemental/Ice Cast/WC_Ice_IceArrow_CT.wav,2088124,0e361213,OK,/volume1/主目录/Collection/素材&模板&音库/音效/03_项目素材/LTT_V30All/WC_Ice_IceArrow_CT.wav
Cinetools Witchcraft【黑暗魔法巫术风火雷电咒语游戏技能音效素材】655544319933.zip,Cinetools Witchcraft/Designed/Elemental/Ice Cast/WC_Ice_IceBall2_CT.wav,6386284,4e15f50e,OK,/volume1/主目录/Collection/素材&模板&音库/音效/02_中文音效合集/魔法法术咒语技能释放音效/Cinetools Witchcraft/Designed/Elemental/Ice Cast/WC_Ice_IceBall2_CT.wav
Cinetools Witchcraft【黑暗魔法巫术风火雷电咒语游戏技能音效素材】655544319933.zip,Cinetools Witchcraft/Designed/Elemental/Ice Cast/WC_Ice_IceBall_CT.wav,4929760,35a0ac01,OK,/volume1/主目录/Collection/素材&模板&音库/音效/02_中文音效合集/魔法法术咒语技能释放音效/Cinetools Witchcraft/Designed/Elemental/Ice Cast/WC_Ice_IceBall_CT.wav
Cinetools Witchcraft【黑暗魔法巫术风火雷电咒语游戏技能音效素材】655544319933.zip,Cinetools Witchcraft/Designed/Elemental/Ice Cast/WC_Ice_IceBarrier2_CT.wav,5555452,c1c12f55,OK,/volume1/主目录/Collection/素材&模板&音库/音效/02_中文音效合集/魔法法术咒语技能释放音效/Cinetools Witchcraft/Designed/Elemental/Ice Cast/WC_Ice_IceBarrier2_CT.wav
Cinetools Witchcraft【黑暗魔法巫术风火雷电咒语游戏技能音效素材】655544319933.zip,Cinetools Witchcraft/Designed/Elemental/Ice Cast/WC_Ice_IceBarrier_CT.wav,1008124,be17da67,OK,/volume1/主目录/Collection/素材&模板&音库/音效/02_中文音效合集/魔法法术咒语技能释放音效/Cinetools Witchcraft/Designed/Elemental/Ice Cast/WC_Ice_IceBarrier_CT.wav
Cinetools Witchcraft【黑暗魔法巫术风火雷电咒语游戏技能音效素材】655544319933.zip,Cinetools Witchcraft/Designed/Elemental/Ice Cast/WC_Ice_IceFloes2_CT.wav,2462450,334e1a8b,OK,/volume1/主目录/Collection/素材&模板&音库/音效/02_中文音效合集/魔法法术咒语技能释放音效/Cinetools Witchcraft/Designed/Elemental/Ice Cast/WC_Ice_IceFloes2_CT.wav
Cinetools Witchcraft【黑暗魔法巫术风火雷电咒语游戏技能音效素材】655544319933.zip,Cinetools Witchcraft/Designed/Elemental/Ice Cast/WC_Ice_IceFloes3_CT.wav,3190948,7bdc70d7,OK,/volume1/主目录/Collection/素材&模板&音库/音效/02_中文音效合集/魔法法术咒语技能释放音效/Cinetools Witchcraft/Designed/Elemental/Ice Cast/WC_Ice_IceFloes3_CT.wav
Cinetools Witchcraft【黑暗魔法巫术风火雷电咒语游戏技能音效素材】655544319933.zip,Cinetools Witchcraft/Designed/Elemental/Ice Cast/WC_Ice_IceFloes_CT.wav,2118452,69bfd936,OK,/volume1/主目录/Collection/素材&模板&音库/音效/02_中文音效合集/魔法法术咒语技能释放音效/Cinetools Witchcraft/Designed/Elemental/Ice Cast/WC_Ice_IceFloes_CT.wav
Cinetools Witchcraft【黑暗魔法巫术风火雷电咒语游戏技能音效素材】655544319933.zip,Cinetools Witchcraft/Designed/Elemental/Ice Cast/WC_Ice_IceLance_CT.wav,3623032,c3f02e47,OK,/volume1/主目录/Collection/素材&模板&音库/音效/02_中文音效合集/魔法法术咒语技能释放音效/Cinetools Witchcraft/Designed/Elemental/Ice Cast/WC_Ice_IceLance_CT.wav
Cinetools Witchcraft【黑暗魔法巫术风火雷电咒语游戏技能音效素材】655544319933.zip,Cinetools Witchcraft/Designed/Elemental/Ice Cast/WC_Ice_IceRay_CT.wav,4320044,e847d836,OK,/volume1/主目录/Collection/素材&模板&音库/音效/02_中文音效合集/魔法法术咒语技能释放音效/Cinetools Witchcraft/Designed/Elemental/Ice Cast/WC_Ice_IceRay_CT.wav
Cinetools Witchcraft【黑暗魔法巫术风火雷电咒语游戏技能音效素材】655544319933.zip,Cinetools Witchcraft/Designed/Elemental/Ice Cast/WC_Ice_IceSpike2_CT.wav,2390956,0711f6d4,OK,/volume1/主目录/Collection/素材&模板&音库/音效/02_中文音效合集/魔法法术咒语技能释放音效/Cinetools Witchcraft/Designed/Elemental/Ice Cast/WC_Ice_IceSpike2_CT.wav
Cinetools Witchcraft【黑暗魔法巫术风火雷电咒语游戏技能音效素材】655544319933.zip,Cinetools Witchcraft/Designed/Elemental/Ice Cast/WC_Ice_IceSpike3_CT.wav,2656498,72cabf2c,OK,/volume1/主目录/Collection/素材&模板&音库/音效/02_中文音效合集/魔法法术咒语技能释放音效/Cinetools Witchcraft/Designed/Elemental/Ice Cast/WC_Ice_IceSpike3_CT.wav
Cinetools Witchcraft【黑暗魔法巫术风火雷电咒语游戏技能音效素材】655544319933.zip,Cinetools Witchcraft/Designed/Elemental/Ice Cast/WC_Ice_IceSpike_CT.wav,2462450,08ddcc55,OK,/volume1/主目录/Collection/素材&模板&音库/音效/02_中文音效合集/魔法法术咒语技能释放音效/Cinetools Witchcraft/Designed/Elemental/Ice Cast/WC_Ice_IceSpike_CT.wav
Cinetools Witchcraft【黑暗魔法巫术风火雷电咒语游戏技能音效素材】655544319933.zip,Cinetools Witchcraft/Designed/Elemental/Ice Cast/WC_Ice_IceWard2_CT.wav,3110444,613596e2,OK,/volume1/主目录/Collection/素材&模板&音库/音效/02_中文音效合集/魔法法术咒语技能释放音效/Cinetools Witchcraft/Designed/Elemental/Ice Cast/WC_Ice_IceWard2_CT.wav
Cinetools Witchcraft【黑暗魔法巫术风火雷电咒语游戏技能音效素材】655544319933.zip,Cinetools Witchcraft/Designed/Elemental/Ice Cast/WC_Ice_IceWard_CT.wav,3021442,8b7d2fe0,OK,/volume1/主目录/Collection/素材&模板&音库/音效/02_中文音效合集/魔法法术咒语技能释放音效/Cinetools Witchcraft/Designed/Elemental/Ice Cast/WC_Ice_IceWard_CT.wav
Cinetools Witchcraft【黑暗魔法巫术风火雷电咒语游戏技能音效素材】655544319933.zip,Cinetools Witchcraft/Designed/Elemental/Ice Cast/WC_Ice_Icecap_CT.wav,3019832,392e4f2e,OK,/volume1/主目录/Collection/素材&模板&音库/音效/02_中文音效合集/魔法法术咒语技能释放音效/Cinetools Witchcraft/Designed/Elemental/Ice Cast/WC_Ice_Icecap_CT.wav
Cinetools Witchcraft【黑暗魔法巫术风火雷电咒语游戏技能音效素材】655544319933.zip,Cinetools Witchcraft/Designed/Elemental/Ice Cast/WC_Ice_IcyTalons2_CT.wav,1975966,3fae625a,OK,/volume1/主目录/Collection/素材&模板&音库/音效/02_中文音效合集/魔法法术咒语技能释放音效/Cinetools Witchcraft/Designed/Elemental/Ice Cast/WC_Ice_IcyTalons2_CT.wav
Cinetools Witchcraft【黑暗魔法巫术风火雷电咒语游戏技能音效素材】655544319933.zip,Cinetools Witchcraft/Designed/Elemental/Ice Cast/WC_Ice_IcyTalons_CT.wav,2372860,895ac96d,OK,/volume1/主目录/Collection/素材&模板&音库/音效/02_中文音效合集/魔法法术咒语技能释放音效/Cinetools Witchcraft/Designed/Elemental/Ice Cast/WC_Ice_IcyTalons_CT.wav
Cinetools Witchcraft【黑暗魔法巫术风火雷电咒语游戏技能音效素材】655544319933.zip,Cinetools Witchcraft/Designed/Elemental/Ice Cast/WC_Ice_Immolation2_CT.wav,3657328,bd018d8a,OK,/volume1/主目录/Collection/素材&模板&音库/音效/02_中文音效合集/魔法法术咒语技能释放音效/Cinetools Witchcraft/Designed/Elemental/Ice Cast/WC_Ice_Immolation2_CT.wav
Cinetools Witchcraft【黑暗魔法巫术风火雷电咒语游戏技能音效素材】655544319933.zip,Cinetools Witchcraft/Designed/Elemental/Ice Cast/WC_Ice_Immolation3_CT.wav,3312574,c42203c7,OK,/volume1/主目录/Collection/素材&模板&音库/音效/02_中文音效合集/魔法法术咒语技能释放音效/Cinetools Witchcraft/Designed/Elemental/Ice Cast/WC_Ice_Immolation3_CT.wav
Cinetools Witchcraft【黑暗魔法巫术风火雷电咒语游戏技能音效素材】655544319933.zip,Cinetools Witchcraft/Designed/Elemental/Ice Cast/WC_Ice_Immolation4_CT.wav,2965306,d0e2ffed,OK,/volume1/主目录/Collection/素材&模板&音库/音效/02_中文音效合集/魔法法术咒语技能释放音效/Cinetools Witchcraft/Designed/Elemental/Ice Cast/WC_Ice_Immolation4_CT.wav
Cinetools Witchcraft【黑暗魔法巫术风火雷电咒语游戏技能音效素材】655544319933.zip,Cinetools Witchcraft/Designed/Elemental/Ice Cast/WC_Ice_Immolation_CT.wav,2735224,08c73016,OK,/volume1/主目录/Collection/素材&模板&音库/音效/02_中文音效合集/魔法法术咒语技能释放音效/Cinetools Witchcraft/Designed/Elemental/Ice Cast/WC_Ice_Immolation_CT.wav
Cinetools Witchcraft【黑暗魔法巫术风火雷电咒语游戏技能音效素材】655544319933.zip,Cinetools Witchcraft/Designed/Elemental/Ice Cast/WC_Ice_KillCast2_CT.wav,3638824,fa4a4809,OK,/volume1/主目录/Collection/素材&模板&音库/音效/02_中文音效合集/魔法法术咒语技能释放音效/Cinetools Witchcraft/Designed/Elemental/Ice Cast/WC_Ice_KillCast2_CT.wav
Cinetools Witchcraft【黑暗魔法巫术风火雷电咒语游戏技能音效素材】655544319933.zip,Cinetools Witchcraft/Designed/Elemental/Ice Cast/WC_Ice_KillCast3_CT.wav,9495428,be810184,OK,/volume1/主目录/Collection/素材&模板&音库/音效/02_中文音效合集/魔法法术咒语技能释放音效/Cinetools Witchcraft/Designed/Elemental/Ice Cast/WC_Ice_KillCast3_CT.wav
Cinetools Witchcraft【黑暗魔法巫术风火雷电咒语游戏技能音效素材】655544319933.zip,Cinetools Witchcraft/Designed/Elemental/Ice Cast/WC_Ice_KillCast4_CT.wav,4457374,dfa6ee81,OK,/volume1/主目录/Collection/素材&模板&音库/音效/02_中文音效合集/魔法法术咒语技能释放音效/Cinetools Witchcraft/Designed/Elemental/Ice Cast/WC_Ice_KillCast4_CT.wav
Cinetools Witchcraft【黑暗魔法巫术风火雷电咒语游戏技能音效素材】655544319933.zip,Cinetools Witchcraft/Designed/Elemental/Ice Cast/WC_Ice_KillCast_CT.wav,4311796,8b2352f9,OK,/volume1/主目录/Collection/素材&模板&音库/音效/02_中文音效合集/魔法法术咒语技能释放音效/Cinetools Witchcraft/Designed/Elemental/Ice Cast/WC_Ice_KillCast_CT.wav
Cinetools Witchcraft【黑暗魔法巫术风火雷电咒语游戏技能音效素材】655544319933.zip,Cinetools Witchcraft/Designed/Elemental/Ice Cast/WC_Ice_Paralyze2_CT.wav,3355534,264e902d,OK,/volume1/主目录/Collection/素材&模板&音库/音效/02_中文音效合集/魔法法术咒语技能释放音效/Cinetools Witchcraft/Designed/Elemental/Ice Cast/WC_Ice_Paralyze2_CT.wav
Cinetools Witchcraft【黑暗魔法巫术风火雷电咒语游戏技能音效素材】655544319933.zip,Cinetools Witchcraft/Designed/Elemental/Ice Cast/WC_Ice_Paralyze3_CT.wav,3269752,88d77472,OK,/volume1/主目录/Collection/素材&模板&音库/音效/02_中文音效合集/魔法法术咒语技能释放音效/Cinetools Witchcraft/Designed/Elemental/Ice Cast/WC_Ice_Paralyze3_CT.wav
Cinetools Witchcraft【黑暗魔法巫术风火雷电咒语游戏技能音效素材】655544319933.zip,Cinetools Witchcraft/Designed/Elemental/Ice Cast/WC_Ice_Paralyze4_CT.wav,5031010,c5f67949,OK,/volume1/主目录/Collection/素材&模板&音库/音效/02_中文音效合集/魔法法术咒语技能释放音效/Cinetools Witchcraft/Designed/Elemental/Ice Cast/WC_Ice_Paralyze4_CT.wav
Cinetools Witchcraft【黑暗魔法巫术风火雷电咒语游戏技能音效素材】655544319933.zip,Cinetools Witchcraft/Designed/Elemental/Ice Cast/WC_Ice_Paralyze_CT.wav,5665514,984adac4,OK,/volume1/主目录/Collection/素材&模板&音库/音效/02_中文音效合集/魔法法术咒语技能释放音效/Cinetools Witchcraft/Designed/Elemental/Ice Cast/WC_Ice_Paralyze_CT.wav
Cinetools Witchcraft【黑暗魔法巫术风火雷电咒语游戏技能音效素材】655544319933.zip,Cinetools Witchcraft/Designed/Elemental/Ice Cast/WC_Ice_PunishmentSpell_CT.wav,6698020,0316ae40,OK,/volume1/主目录/Collection/素材&模板&音库/音效/02_中文音效合集/魔法法术咒语技能释放音效/Cinetools Witchcraft/Designed/Elemental/Ice Cast/WC_Ice_PunishmentSpell_CT.wav
Cinetools Witchcraft【黑暗魔法巫术风火雷电咒语游戏技能音效素材】655544319933.zip,Cinetools Witchcraft/Designed/Elemental/Ice Cast/WC_Ice_RevengeSpell_CT.wav,3727246,aa04794e,OK,/volume1/主目录/Collection/素材&模板&音库/音效/02_中文音效合集/魔法法术咒语技能释放音效/Cinetools Witchcraft/Designed/Elemental/Ice Cast/WC_Ice_RevengeSpell_CT.wav
Cinetools Witchcraft【黑暗魔法巫术风火雷电咒语游戏技能音效素材】655544319933.zip,Cinetools Witchcraft/Designed/Elemental/Ice Cast/WC_Ice_ShatterSpell_CT.wav,3006752,b8d163e9,OK,/volume1/主目录/Collection/素材&模板&音库/音效/02_中文音效合集/魔法法术咒语技能释放音效/Cinetools Witchcraft/Designed/Elemental/Ice Cast/WC_Ice_ShatterSpell_CT.wav
Cinetools Witchcraft【黑暗魔法巫术风火雷电咒语游戏技能音效素材】655544319933.zip,Cinetools Witchcraft/Designed/Elemental/Ice Cast/WC_Ice_Torment2_CT.wav,4001450,b92d6a93,OK,/volume1/主目录/Collection/素材&模板&音库/音效/02_中文音效合集/魔法法术咒语技能释放音效/Cinetools Witchcraft/Designed/Elemental/Ice Cast/WC_Ice_Torment2_CT.wav
Cinetools Witchcraft【黑暗魔法巫术风火雷电咒语游戏技能音效素材】655544319933.zip,Cinetools Witchcraft/Designed/Elemental/Ice Cast/WC_Ice_Torment3_CT.wav,3681856,d9e5f682,OK,/volume1/主目录/Collection/素材&模板&音库/音效/02_中文音效合集/魔法法术咒语技能释放音效/Cinetools Witchcraft/Designed/Elemental/Ice Cast/WC_Ice_Torment3_CT.wav
Cinetools Witchcraft【黑暗魔法巫术风火雷电咒语游戏技能音效素材】655544319933.zip,Cinetools Witchcraft/Designed/Elemental/Ice Cast/WC_Ice_Torment4_CT.wav,3623314,c94c11bb,OK,/volume1/主目录/Collection/素材&模板&音库/音效/02_中文音效合集/魔法法术咒语技能释放音效/Cinetools Witchcraft/Designed/Elemental/Ice Cast/WC_Ice_Torment4_CT.wav
Cinetools Witchcraft【黑暗魔法巫术风火雷电咒语游戏技能音效素材】655544319933.zip,Cinetools Witchcraft/Designed/Elemental/Ice Cast/WC_Ice_Torment_CT.wav,4144040,46d61114,OK,/volume1/主目录/Collection/素材&模板&音库/音效/02_中文音效合集/魔法法术咒语技能释放音效/Cinetools Witchcraft/Designed/Elemental/Ice Cast/WC_Ice_Torment_CT.wav
Cinetools Witchcraft【黑暗魔法巫术风火雷电咒语游戏技能音效素材】655544319933.zip,Cinetools Witchcraft/Designed/Elemental/Nature Cast/WC_Nature_BlizzardSpell2_CT.wav,17280124,245ab512,OK,/volume1/主目录/Collection/素材&模板&音库/音效/02_中文音效合集/魔法法术咒语技能释放音效/Cinetools Witchcraft/Designed/Elemental/Nature Cast/WC_Nature_BlizzardSpell2_CT.wav
Cinetools Witchcraft【黑暗魔法巫术风火雷电咒语游戏技能音效素材】655544319933.zip,Cinetools Witchcraft/Designed/Elemental/Nature Cast/WC_Nature_BlizzardSpell_CT.wav,22334884,f91f2148,OK,/volume1/主目录/Collection/素材&模板&音库/音效/02_中文音效合集/魔法法术咒语技能释放音效/Cinetools Witchcraft/Designed/Elemental/Nature Cast/WC_Nature_BlizzardSpell_CT.wav
Cinetools Witchcraft【黑暗魔法巫术风火雷电咒语游戏技能音效素材】655544319933.zip,Cinetools Witchcraft/Designed/Elemental/Nature Cast/WC_Nature_BreezeCast2_CT.wav,10368124,2b36108e,OK,/volume1/主目录/Collection/素材&模板&音库/音效/02_中文音效合集/魔法法术咒语技能释放音效/Cinetools Witchcraft/Designed/Elemental/Nature Cast/WC_Nature_BreezeCast2_CT.wav
Cinetools Witchcraft【黑暗魔法巫术风火雷电咒语游戏技能音效素材】655544319933.zip,Cinetools Witchcraft/Designed/Elemental/Nature Cast/WC_Nature_BreezeCast_CT.wav,10368124,7e45b96e,OK,/volume1/主目录/Collection/素材&模板&音库/音效/02_中文音效合集/魔法法术咒语技能释放音效/Cinetools Witchcraft/Designed/Elemental/Nature Cast/WC_Nature_BreezeCast_CT.wav
Cinetools Witchcraft【黑暗魔法巫术风火雷电咒语游戏技能音效素材】655544319933.zip,Cinetools Witchcraft/Designed/Elemental/Nature Cast/WC_Nature_DuststormCast2_CT.wav,5760088,99454028,OK,/volume1/主目录/Collection/素材&模板&音库/音效/02_中文音效合集/魔法法术咒语技能释放音效/Cinetools Witchcraft/Designed/Elemental/Nature Cast/WC_Nature_DuststormCast2_CT.wav
Cinetools Witchcraft【黑暗魔法巫术风火雷电咒语游戏技能音效素材】655544319933.zip,Cinetools Witchcraft/Designed/Elemental/Nature Cast/WC_Nature_DuststormCast_CT.wav,18432124,3e8c51ba,OK,/volume1/主目录/Collection/素材&模板&音库/音效/02_中文音效合集/魔法法术咒语技能释放音效/Cinetools Witchcraft/Designed/Elemental/Nature Cast/WC_Nature_DuststormCast_CT.wav
Cinetools Witchcraft【黑暗魔法巫术风火雷电咒语游戏技能音效素材】655544319933.zip,Cinetools Witchcraft/Designed/Elemental/Nature Cast/WC_Nature_EarthquakeCast2_CT.wav,13236688,e2f0959e,OK,/volume1/主目录/Collection/素材&模板&音库/音效/02_中文音效合集/魔法法术咒语技能释放音效/Cinetools Witchcraft/Designed/Elemental/Nature Cast/WC_Nature_EarthquakeCast2_CT.wav
Cinetools Witchcraft【黑暗魔法巫术风火雷电咒语游戏技能音效素材】655544319933.zip,Cinetools Witchcraft/Designed/Elemental/Nature Cast/WC_Nature_EarthquakeCast3_CT.wav,27212752,275045e6,OK,/volume1/主目录/Collection/素材&模板&音库/音效/03_项目素材/LTT_V30All/WC_Nature_EarthquakeCast3_CT.wav
Cinetools Witchcraft【黑暗魔法巫术风火雷电咒语游戏技能音效素材】655544319933.zip,Cinetools Witchcraft/Designed/Elemental/Nature Cast/WC_Nature_EarthquakeCast4_CT.wav,19005592,c7a64a42,OK,/volume1/主目录/Collection/素材&模板&音库/音效/02_中文音效合集/魔法法术咒语技能释放音效/Cinetools Witchcraft/Designed/Elemental/Nature Cast/WC_Nature_EarthquakeCast4_CT.wav
Cinetools Witchcraft【黑暗魔法巫术风火雷电咒语游戏技能音效素材】655544319933.zip,Cinetools Witchcraft/Designed/Elemental/Nature Cast/WC_Nature_EarthquakeCast5_CT.wav,11622232,1b35a8d5,OK,/volume1/主目录/Collection/素材&模板&音库/音效/02_中文音效合集/魔法法术咒语技能释放音效/Cinetools Witchcraft/Designed/Elemental/Nature Cast/WC_Nature_EarthquakeCast5_CT.wav
Cinetools Witchcraft【黑暗魔法巫术风火雷电咒语游戏技能音效素材】655544319933.zip,Cinetools Witchcraft/Designed/Elemental/Nature Cast/WC_Nature_EarthquakeCast6_CT.wav,16264120,a9f8005b,OK,/volume1/主目录/Collection/素材&模板&音库/音效/02_中文音效合集/魔法法术咒语技能释放音效/Cinetools Witchcraft/Designed/Elemental/Nature Cast/WC_Nature_EarthquakeCast6_CT.wav
Cinetools Witchcraft【黑暗魔法巫术风火雷电咒语游戏技能音效素材】655544319933.zip,Cinetools Witchcraft/Designed/Elemental/Nature Cast/WC_Nature_EarthquakeCast_CT.wav,15840124,e282b803,OK,/volume1/主目录/Collection/素材&模板&音库/音效/03_项目素材/LTT_V30All/WC_Nature_EarthquakeCast_CT.wav
Cinetools Witchcraft【黑暗魔法巫术风火雷电咒语游戏技能音效素材】655544319933.zip,Cinetools Witchcraft/Designed/Elemental/Nature Cast/WC_Nature_GustnadoCast_CT.wav,17669992,6cccbc82,OK,/volume1/主目录/Collection/素材&模板&音库/音效/02_中文音效合集/魔法法术咒语技能释放音效/Cinetools Witchcraft/Designed/Elemental/Nature Cast/WC_Nature_GustnadoCast_CT.wav
Cinetools Witchcraft【黑暗魔法巫术风火雷电咒语游戏技能音效素材】655544319933.zip,Cinetools Witchcraft/Designed/Elemental/Nature Cast/WC_Nature_HurricaneSpell_CT.wav,41805706,f944118c,OK,/volume1/主目录/Collection/素材&模板&音库/音效/02_中文音效合集/魔法法术咒语技能释放音效/Cinetools Witchcraft/Designed/Elemental/Nature Cast/WC_Nature_HurricaneSpell_CT.wav
Cinetools Witchcraft【黑暗魔法巫术风火雷电咒语游戏技能音效素材】655544319933.zip,Cinetools Witchcraft/Designed/Elemental/Nature Cast/WC_Nature_IcebergFracturingCast2_CT.wav,11106070,5012dd44,OK,/volume1/主目录/Collection/素材&模板&音库/音效/02_中文音效合集/魔法法术咒语技能释放音效/Cinetools Witchcraft/Designed/Elemental/Nature Cast/WC_Nature_IcebergFracturingCast2_CT.wav
Cinetools Witchcraft【黑暗魔法巫术风火雷电咒语游戏技能音效素材】655544319933.zip,Cinetools Witchcraft/Designed/Elemental/Nature Cast/WC_Nature_IcebergFracturingCast_CT.wav,16772116,77e9872c,OK,/volume1/主目录/Collection/素材&模板&音库/音效/02_中文音效合集/魔法法术咒语技能释放音效/Cinetools Witchcraft/Designed/Elemental/Nature Cast/WC_Nature_IcebergFracturingCast_CT.wav
Cinetools Witchcraft【黑暗魔法巫术风火雷电咒语游戏技能音效素材】655544319933.zip,Cinetools Witchcraft/Designed/Elemental/Nature Cast/WC_Nature_IcequakeCast2_CT.wav,4979656,d15306c6,OK,/volume1/主目录/Collection/素材&模板&音库/音效/02_中文音效合集/魔法法术咒语技能释放音效/Cinetools Witchcraft/Designed/Elemental/Nature Cast/WC_Nature_IcequakeCast2_CT.wav
Cinetools Witchcraft【黑暗魔法巫术风火雷电咒语游戏技能音效素材】655544319933.zip,Cinetools Witchcraft/Designed/Elemental/Nature Cast/WC_Nature_IcequakeCast3_CT.wav,4896124,b1ad81a7,OK,/volume1/主目录/Collection/素材&模板&音库/音效/02_中文音效合集/魔法法术咒语技能释放音效/Cinetools Witchcraft/Designed/Elemental/Nature Cast/WC_Nature_IcequakeCast3_CT.wav
Cinetools Witchcraft【黑暗魔法巫术风火雷电咒语游戏技能音效素材】655544319933.zip,Cinetools Witchcraft/Designed/Elemental/Nature Cast/WC_Nature_IcequakeCast4_CT.wav,8512552,b58f895a,OK,/volume1/主目录/Collection/素材&模板&音库/音效/02_中文音效合集/魔法法术咒语技能释放音效/Cinetools Witchcraft/Designed/Elemental/Nature Cast/WC_Nature_IcequakeCast4_CT.wav
Cinetools Witchcraft【黑暗魔法巫术风火雷电咒语游戏技能音效素材】655544319933.zip,Cinetools Witchcraft/Designed/Elemental/Nature Cast/WC_Nature_IcequakeCast_CT.wav,9950318,0f93ae30,OK,/volume1/主目录/Collection/素材&模板&音库/音效/02_中文音效合集/魔法法术咒语技能释放音效/Cinetools Witchcraft/Designed/Elemental/Nature Cast/WC_Nature_IcequakeCast_CT.wav
Cinetools Witchcraft【黑暗魔法巫术风火雷电咒语游戏技能音效素材】655544319933.zip,Cinetools Witchcraft/Designed/Elemental/Nature Cast/WC_Nature_IcyAvalancheCast_CT.wav,11587450,7223d0b8,OK,/volume1/主目录/Collection/素材&模板&音库/音效/02_中文音效合集/魔法法术咒语技能释放音效/Cinetools Witchcraft/Designed/Elemental/Nature Cast/WC_Nature_IcyAvalancheCast_CT.wav
Cinetools Witchcraft【黑暗魔法巫术风火雷电咒语游戏技能音效素材】655544319933.zip,Cinetools Witchcraft/Designed/Elemental/Nature Cast/WC_Nature_RainBall_CT.wav,6264044,0f19627d,OK,/volume1/主目录/Collection/素材&模板&音库/音效/02_中文音效合集/魔法法术咒语技能释放音效/Cinetools Witchcraft/Designed/Elemental/Nature Cast/WC_Nature_RainBall_CT.wav
Cinetools Witchcraft【黑暗魔法巫术风火雷电咒语游戏技能音效素材】655544319933.zip,Cinetools Witchcraft/Designed/Elemental/Nature Cast/WC_Nature_Rainstorm_CT.wav,13824124,62fa630b,OK,/volume1/主目录/Collection/素材&模板&音库/音效/02_中文音效合集/魔法法术咒语技能释放音效/Cinetools Witchcraft/Designed/Elemental/Nature Cast/WC_Nature_Rainstorm_CT.wav
Cinetools Witchcraft【黑暗魔法巫术风火雷电咒语游戏技能音效素材】655544319933.zip,Cinetools Witchcraft/Designed/Elemental/Nature Cast/WC_Nature_SandstormCast_CT.wav,8316044,27d41ef5,OK,/volume1/主目录/Collection/素材&模板&音库/音效/03_项目素材/LTT_V30All/WC_Nature_SandstormCast_CT.wav
Cinetools Witchcraft【黑暗魔法巫术风火雷电咒语游戏技能音效素材】655544319933.zip,Cinetools Witchcraft/Designed/Elemental/Nature Cast/WC_Nature_SimoomCast2_CT.wav,8064124,c7afc532,OK,/volume1/主目录/Collection/素材&模板&音库/音效/02_中文音效合集/魔法法术咒语技能释放音效/Cinetools Witchcraft/Designed/Elemental/Nature Cast/WC_Nature_SimoomCast2_CT.wav
Cinetools Witchcraft【黑暗魔法巫术风火雷电咒语游戏技能音效素材】655544319933.zip,Cinetools Witchcraft/Designed/Elemental/Nature Cast/WC_Nature_SimoomCast_CT.wav,17280124,642ed524,OK,/volume1/主目录/Collection/素材&模板&音库/音效/02_中文音效合集/魔法法术咒语技能释放音效/Cinetools Witchcraft/Designed/Elemental/Nature Cast/WC_Nature_SimoomCast_CT.wav
Cinetools Witchcraft【黑暗魔法巫术风火雷电咒语游戏技能音效素材】655544319933.zip,Cinetools Witchcraft/Designed/Elemental/Nature Cast/WC_Nature_SnowsquallCast_CT.wav,17280124,3ba5b82b,OK,/volume1/主目录/Collection/素材&模板&音库/音效/02_中文音效合集/魔法法术咒语技能释放音效/Cinetools Witchcraft/Designed/Elemental/Nature Cast/WC_Nature_SnowsquallCast_CT.wav
Cinetools Witchcraft【黑暗魔法巫术风火雷电咒语游戏技能音效素材】655544319933.zip,Cinetools Witchcraft/Designed/Elemental/Nature Cast/WC_Nature_ThunderBall_CT.wav,7396510,11fb3fcd,OK,/volume1/主目录/Collection/素材&模板&音库/音效/02_中文音效合集/魔法法术咒语技能释放音效/Cinetools Witchcraft/Designed/Elemental/Nature Cast/WC_Nature_ThunderBall_CT.wav
Cinetools Witchcraft【黑暗魔法巫术风火雷电咒语游戏技能音效素材】655544319933.zip,Cinetools Witchcraft/Designed/Elemental/Nature Cast/WC_Nature_ThunderCast_CT.wav,6386210,b3f7f6d7,OK,/volume1/主目录/Collection/素材&模板&音库/音效/02_中文音效合集/魔法法术咒语技能释放音效/Cinetools Witchcraft/Designed/Elemental/Nature Cast/WC_Nature_ThunderCast_CT.wav
Cinetools Witchcraft【黑暗魔法巫术风火雷电咒语游戏技能音效素材】655544319933.zip,Cinetools Witchcraft/Designed/Elemental/Nature Cast/WC_Nature_ThunderstormCast_CT.wav,12672124,dd3d28cf,OK,/volume1/主目录/Collection/素材&模板&音库/音效/02_中文音效合集/魔法法术咒语技能释放音效/Cinetools Witchcraft/Designed/Elemental/Nature Cast/WC_Nature_ThunderstormCast_CT.wav
Cinetools Witchcraft【黑暗魔法巫术风火雷电咒语游戏技能音效素材】655544319933.zip,Cinetools Witchcraft/Designed/Elemental/Nature Cast/WC_Nature_TornadoSpell_CT.wav,14144150,4141f4ac,OK,/volume1/主目录/Collection/素材&模板&音库/音效/03_项目素材/LTT_V30All/WC_Nature_TornadoSpell_CT.wav
Cinetools Witchcraft【黑暗魔法巫术风火雷电咒语游戏技能音效素材】655544319933.zip,Cinetools Witchcraft/Designed/Elemental/Nature Cast/WC_Nature_TwisterSpell_CT.wav,6912044,c56f5a19,OK,/volume1/主目录/Collection/素材&模板&音库/音效/02_中文音效合集/魔法法术咒语技能释放音效/Cinetools Witchcraft/Designed/Elemental/Nature Cast/WC_Nature_TwisterSpell_CT.wav
Cinetools Witchcraft【黑暗魔法巫术风火雷电咒语游戏技能音效素材】655544319933.zip,Cinetools Witchcraft/Designed/Elemental/Nature Cast/WC_Nature_Waterspout_CT.wav,42624124,e5169305,OK,/volume1/主目录/Collection/素材&模板&音库/音效/02_中文音效合集/魔法法术咒语技能释放音效/Cinetools Witchcraft/Designed/Elemental/Nature Cast/WC_Nature_Waterspout_CT.wav
Cinetools Witchcraft【黑暗魔法巫术风火雷电咒语游戏技能音效素材】655544319933.zip,Cinetools Witchcraft/Designed/Elemental/Nature Cast/WC_Nature_WindBall_CT.wav,4608044,dabb9d8b,OK,/volume1/主目录/Collection/素材&模板&音库/音效/02_中文音效合集/魔法法术咒语技能释放音效/Cinetools Witchcraft/Designed/Elemental/Nature Cast/WC_Nature_WindBall_CT.wav
Cinetools Witchcraft【黑暗魔法巫术风火雷电咒语游戏技能音效素材】655544319933.zip,Cinetools Witchcraft/Designed/Elemental/Nature Cast/WC_Nature_WindBlow2_CT.wav,3809866,5947f70d,OK,/volume1/主目录/Collection/素材&模板&音库/音效/03_项目素材/LTT_V30All/WC_Nature_WindBlow2_CT.wav
Cinetools Witchcraft【黑暗魔法巫术风火雷电咒语游戏技能音效素材】655544319933.zip,Cinetools Witchcraft/Designed/Elemental/Nature Cast/WC_Nature_WindBlow_CT.wav,6912088,7f295c41,OK,/volume1/主目录/Collection/素材&模板&音库/音效/02_中文音效合集/魔法法术咒语技能释放音效/Cinetools Witchcraft/Designed/Elemental/Nature Cast/WC_Nature_WindBlow_CT.wav
Cinetools Witchcraft【黑暗魔法巫术风火雷电咒语游戏技能音效素材】655544319933.zip,Cinetools Witchcraft/Designed/Elemental/Nature Cast/WC_Nature_WindstormCast2_CT.wav,14976124,9fcb05f5,OK,/volume1/主目录/Collection/素材&模板&音库/音效/03_项目素材/LTT_V30All/WC_Nature_WindstormCast2_CT.wav
Cinetools Witchcraft【黑暗魔法巫术风火雷电咒语游戏技能音效素材】655544319933.zip,Cinetools Witchcraft/Designed/Elemental/Nature Cast/WC_Nature_WindstormCast_CT.wav,10368124,2922f8b6,OK,/volume1/主目录/Collection/素材&模板&音库/音效/02_中文音效合集/魔法法术咒语技能释放音效/Cinetools Witchcraft/Designed/Elemental/Nature Cast/WC_Nature_WindstormCast_CT.wav
Cinetools Witchcraft【黑暗魔法巫术风火雷电咒语游戏技能音效素材】655544319933.zip,Cinetools Witchcraft/Designed/Elemental/Water Cast/WC_Water_CurseSpell2_CT.wav,3950728,e78e3574,OK,/volume1/主目录/Collection/素材&模板&音库/音效/02_中文音效合集/魔法法术咒语技能释放音效/Cinetools Witchcraft/Designed/Elemental/Water Cast/WC_Water_CurseSpell2_CT.wav
Cinetools Witchcraft【黑暗魔法巫术风火雷电咒语游戏技能音效素材】655544319933.zip,Cinetools Witchcraft/Designed/Elemental/Water Cast/WC_Water_CurseSpell3_CT.wav,6912124,395376da,OK,/volume1/主目录/Collection/素材&模板&音库/音效/02_中文音效合集/魔法法术咒语技能释放音效/Cinetools Witchcraft/Designed/Elemental/Water Cast/WC_Water_CurseSpell3_CT.wav
Cinetools Witchcraft【黑暗魔法巫术风火雷电咒语游戏技能音效素材】655544319933.zip,Cinetools Witchcraft/Designed/Elemental/Water Cast/WC_Water_CurseSpell_CT.wav,8064124,8c2c8e32,OK,/volume1/主目录/Collection/素材&模板&音库/音效/02_中文音效合集/魔法法术咒语技能释放音效/Cinetools Witchcraft/Designed/Elemental/Water Cast/WC_Water_CurseSpell_CT.wav
Cinetools Witchcraft【黑暗魔法巫术风火雷电咒语游戏技能音效素材】655544319933.zip,Cinetools Witchcraft/Designed/Elemental/Water Cast/WC_Water_Immolation2_CT.wav,6912088,b0050035,OK,/volume1/主目录/Collection/素材&模板&音库/音效/03_项目素材/LTT_V30All/WC_Water_Immolation2_CT.wav
Cinetools Witchcraft【黑暗魔法巫术风火雷电咒语游戏技能音效素材】655544319933.zip,Cinetools Witchcraft/Designed/Elemental/Water Cast/WC_Water_Immolation3_CT.wav,3479014,eaf26a44,OK,/volume1/主目录/Collection/素材&模板&音库/音效/02_中文音效合集/魔法法术咒语技能释放音效/Cinetools Witchcraft/Designed/Elemental/Water Cast/WC_Water_Immolation3_CT.wav
Cinetools Witchcraft【黑暗魔法巫术风火雷电咒语游戏技能音效素材】655544319933.zip,Cinetools Witchcraft/Designed/Elemental/Water Cast/WC_Water_Immolation_CT.wav,6624124,afab8891,OK,/volume1/主目录/Collection/素材&模板&音库/音效/02_中文音效合集/魔法法术咒语技能释放音效/Cinetools Witchcraft/Designed/Elemental/Water Cast/WC_Water_Immolation_CT.wav
Cinetools Witchcraft【黑暗魔法巫术风火雷电咒语游戏技能音效素材】655544319933.zip,Cinetools Witchcraft/Designed/Elemental/Water Cast/WC_Water_Imprison2_CT.wav,3154516,d66e9ab2,OK,/volume1/主目录/Collection/素材&模板&音库/音效/02_中文音效合集/魔法法术咒语技能释放音效/Cinetools Witchcraft/Designed/Elemental/Water Cast/WC_Water_Imprison2_CT.wav
Cinetools Witchcraft【黑暗魔法巫术风火雷电咒语游戏技能音效素材】655544319933.zip,Cinetools Witchcraft/Designed/Elemental/Water Cast/WC_Water_Imprison3_CT.wav,3498178,be21d6c8,OK,/volume1/主目录/Collection/素材&模板&音库/音效/02_中文音效合集/魔法法术咒语技能释放音效/Cinetools Witchcraft/Designed/Elemental/Water Cast/WC_Water_Imprison3_CT.wav
Cinetools Witchcraft【黑暗魔法巫术风火雷电咒语游戏技能音效素材】655544319933.zip,Cinetools Witchcraft/Designed/Elemental/Water Cast/WC_Water_Imprison_CT.wav,2919988,3e03ca2d,OK,/volume1/主目录/Collection/素材&模板&音库/音效/02_中文音效合集/魔法法术咒语技能释放音效/Cinetools Witchcraft/Designed/Elemental/Water Cast/WC_Water_Imprison_CT.wav
Cinetools Witchcraft【黑暗魔法巫术风火雷电咒语游戏技能音效素材】655544319933.zip,Cinetools Witchcraft/Designed/Elemental/Water Cast/WC_Water_KillCast_CT.wav,2997148,b4196553,OK,/volume1/主目录/Collection/素材&模板&音库/音效/02_中文音效合集/魔法法术咒语技能释放音效/Cinetools Witchcraft/Designed/Elemental/Water Cast/WC_Water_KillCast_CT.wav
Cinetools Witchcraft【黑暗魔法巫术风火雷电咒语游戏技能音效素材】655544319933.zip,Cinetools Witchcraft/Designed/Elemental/Water Cast/WC_Water_Paralyze2_CT.wav,3456124,2cdbca84,OK,/volume1/主目录/Collection/素材&模板&音库/音效/02_中文音效合集/魔法法术咒语技能释放音效/Cinetools Witchcraft/Designed/Elemental/Water Cast/WC_Water_Paralyze2_CT.wav
Cinetools Witchcraft【黑暗魔法巫术风火雷电咒语游戏技能音效素材】655544319933.zip,Cinetools Witchcraft/Designed/Elemental/Water Cast/WC_Water_Paralyze_CT.wav,3761650,85e37573,OK,/volume1/主目录/Collection/素材&模板&音库/音效/02_中文音效合集/魔法法术咒语技能释放音效/Cinetools Witchcraft/Designed/Elemental/Water Cast/WC_Water_Paralyze_CT.wav
Cinetools Witchcraft【黑暗魔法巫术风火雷电咒语游戏技能音效素材】655544319933.zip,Cinetools Witchcraft/Designed/Elemental/Water Cast/WC_Water_Throw_CT.wav,1728124,bee27c74,OK,/volume1/主目录/Collection/素材&模板&音库/音效/02_中文音效合集/魔法法术咒语技能释放音效/Cinetools Witchcraft/Designed/Elemental/Water Cast/WC_Water_Throw_CT.wav
Cinetools Witchcraft【黑暗魔法巫术风火雷电咒语游戏技能音效素材】655544319933.zip,Cinetools Witchcraft/Designed/Elemental/Water Cast/WC_Water_Torment2_CT.wav,3168124,607a17a4,OK,/volume1/主目录/Collection/素材&模板&音库/音效/02_中文音效合集/魔法法术咒语技能释放音效/Cinetools Witchcraft/Designed/Elemental/Water Cast/WC_Water_Torment2_CT.wav
Cinetools Witchcraft【黑暗魔法巫术风火雷电咒语游戏技能音效素材】655544319933.zip,Cinetools Witchcraft/Designed/Elemental/Water Cast/WC_Water_Torment_CT.wav,2419244,08014b25,OK,/volume1/主目录/Collection/素材&模板&音库/音效/02_中文音效合集/魔法法术咒语技能释放音效/Cinetools Witchcraft/Designed/Elemental/Water Cast/WC_Water_Torment_CT.wav
Cinetools Witchcraft【黑暗魔法巫术风火雷电咒语游戏技能音效素材】655544319933.zip,Cinetools Witchcraft/Designed/Elemental/Water Cast/WC_Water_WaterArrow2_CT.wav,2837222,5babef5e,OK,/volume1/主目录/Collection/素材&模板&音库/音效/02_中文音效合集/魔法法术咒语技能释放音效/Cinetools Witchcraft/Designed/Elemental/Water Cast/WC_Water_WaterArrow2_CT.wav
Cinetools Witchcraft【黑暗魔法巫术风火雷电咒语游戏技能音效素材】655544319933.zip,Cinetools Witchcraft/Designed/Elemental/Water Cast/WC_Water_WaterArrow3_CT.wav,2880124,6b703288,OK,/volume1/主目录/Collection/素材&模板&音库/音效/02_中文音效合集/魔法法术咒语技能释放音效/Cinetools Witchcraft/Designed/Elemental/Water Cast/WC_Water_WaterArrow3_CT.wav
Cinetools Witchcraft【黑暗魔法巫术风火雷电咒语游戏技能音效素材】655544319933.zip,Cinetools Witchcraft/Designed/Elemental/Water Cast/WC_Water_WaterArrow4_CT.wav,3456124,25e70724,OK,/volume1/主目录/Collection/素材&模板&音库/音效/02_中文音效合集/魔法法术咒语技能释放音效/Cinetools Witchcraft/Designed/Elemental/Water Cast/WC_Water_WaterArrow4_CT.wav
Cinetools Witchcraft【黑暗魔法巫术风火雷电咒语游戏技能音效素材】655544319933.zip,Cinetools Witchcraft/Designed/Elemental/Water Cast/WC_Water_WaterArrow_CT.wav,3307366,5859c328,OK,/volume1/主目录/Collection/素材&模板&音库/音效/02_中文音效合集/魔法法术咒语技能释放音效/Cinetools Witchcraft/Designed/Elemental/Water Cast/WC_Water_WaterArrow_CT.wav
Cinetools Witchcraft【黑暗魔法巫术风火雷电咒语游戏技能音效素材】655544319933.zip,Cinetools Witchcraft/Designed/Elemental/Water Cast/WC_Water_WaterBall2_CT.wav,3015052,227d08d4,OK,/volume1/主目录/Collection/素材&模板&音库/音效/02_中文音效合集/魔法法术咒语技能释放音效/Cinetools Witchcraft/Designed/Elemental/Water Cast/WC_Water_WaterBall2_CT.wav
Cinetools Witchcraft【黑暗魔法巫术风火雷电咒语游戏技能音效素材】655544319933.zip,Cinetools Witchcraft/Designed/Elemental/Water Cast/WC_Water_WaterBall3_CT.wav,7184480,40049729,OK,/volume1/主目录/Collection/素材&模板&音库/音效/02_中文音效合集/魔法法术咒语技能释放音效/Cinetools Witchcraft/Designed/Elemental/Water Cast/WC_Water_WaterBall3_CT.wav
Cinetools Witchcraft【黑暗魔法巫术风火雷电咒语游戏技能音效素材】655544319933.zip,Cinetools Witchcraft/Designed/Elemental/Water Cast/WC_Water_WaterBall_CT.wav,2903650,97121283,OK,/volume1/主目录/Collection/素材&模板&音库/音效/02_中文音效合集/魔法法术咒语技能释放音效/Cinetools Witchcraft/Designed/Elemental/Water Cast/WC_Water_WaterBall_CT.wav
Cinetools Witchcraft【黑暗魔法巫术风火雷电咒语游戏技能音效素材】655544319933.zip,Cinetools Witchcraft/Designed/Elemental/Water Cast/WC_Water_WaterBomb2_CT.wav,3168124,27c2d56e,OK,/volume1/主目录/Collection/素材&模板&音库/音效/02_中文音效合集/魔法法术咒语技能释放音效/Cinetools Witchcraft/Designed/Elemental/Water Cast/WC_Water_WaterBomb2_CT.wav
Cinetools Witchcraft【黑暗魔法巫术风火雷电咒语游戏技能音效素材】655544319933.zip,Cinetools Witchcraft/Designed/Elemental/Water Cast/WC_Water_WaterBomb_CT.wav,2409778,730d37e6,OK,/volume1/主目录/Collection/素材&模板&音库/音效/03_项目素材/LTT_V30All/WC_Water_WaterBomb_CT.wav
Cinetools Witchcraft【黑暗魔法巫术风火雷电咒语游戏技能音效素材】655544319933.zip,Cinetools Witchcraft/Designed/Elemental/Water Cast/WC_Water_WaterLance2_CT.wav,4896124,c211512a,OK,/volume1/主目录/Collection/素材&模板&音库/音效/02_中文音效合集/魔法法术咒语技能释放音效/Cinetools Witchcraft/Designed/Elemental/Water Cast/WC_Water_WaterLance2_CT.wav
Cinetools Witchcraft【黑暗魔法巫术风火雷电咒语游戏技能音效素材】655544319933.zip,Cinetools Witchcraft/Designed/Elemental/Water Cast/WC_Water_WaterLance3_CT.wav,4608124,9b2cb4a8,OK,/volume1/主目录/Collection/素材&模板&音库/音效/03_项目素材/LTT_V30All/WC_Water_WaterLance3_CT.wav
Cinetools Witchcraft【黑暗魔法巫术风火雷电咒语游戏技能音效素材】655544319933.zip,Cinetools Witchcraft/Designed/Elemental/Water Cast/WC_Water_WaterLance4_CT.wav,3695128,d4dcc8c8,OK,/volume1/主目录/Collection/素材&模板&音库/音效/02_中文音效合集/魔法法术咒语技能释放音效/Cinetools Witchcraft/Designed/Elemental/Water Cast/WC_Water_WaterLance4_CT.wav
Cinetools Witchcraft【黑暗魔法巫术风火雷电咒语游戏技能音效素材】655544319933.zip,Cinetools Witchcraft/Designed/Elemental/Water Cast/WC_Water_WaterLance5_CT.wav,4608124,5131db91,OK,/volume1/主目录/Collection/素材&模板&音库/音效/02_中文音效合集/魔法法术咒语技能释放音效/Cinetools Witchcraft/Designed/Elemental/Water Cast/WC_Water_WaterLance5_CT.wav
Cinetools Witchcraft【黑暗魔法巫术风火雷电咒语游戏技能音效素材】655544319933.zip,Cinetools Witchcraft/Designed/Elemental/Water Cast/WC_Water_WaterLance_CT.wav,3110444,4fcebaf0,OK,/volume1/主目录/Collection/素材&模板&音库/音效/02_中文音效合集/魔法法术咒语技能释放音效/Cinetools Witchcraft/Designed/Elemental/Water Cast/WC_Water_WaterLance_CT.wav
Cinetools Witchcraft【黑暗魔法巫术风火雷电咒语游戏技能音效素材】655544319933.zip,Cinetools Witchcraft/Designed/Elemental/Water Cast/WC_Water_WaterStrike_CT.wav,3899728,6a5e01d9,OK,/volume1/主目录/Collection/素材&模板&音库/音效/02_中文音效合集/魔法法术咒语技能释放音效/Cinetools Witchcraft/Designed/Elemental/Water Cast/WC_Water_WaterStrike_CT.wav
Cinetools Witchcraft【黑暗魔法巫术风火雷电咒语游戏技能音效素材】655544319933.zip,Cinetools Witchcraft/Designed/Elemental/Water Cast/WC_Water_Waterspout_CT.wav,3542444,37a91719,OK,/volume1/主目录/Collection/素材&模板&音库/音效/02_中文音效合集/魔法法术咒语技能释放音效/Cinetools Witchcraft/Designed/Elemental/Water Cast/WC_Water_Waterspout_CT.wav
Cinetools Witchcraft【黑暗魔法巫术风火雷电咒语游戏技能音效素材】655544319933.zip,Cinetools Witchcraft/Designed/Sphere/WC_Sphere_ControlWater_CT.wav,28800124,6df32c4f,OK,/volume1/主目录/Collection/素材&模板&音库/音效/03_项目素材/LTT_V30All/WC_Sphere_ControlWater_CT.wav
Cinetools Witchcraft【黑暗魔法巫术风火雷电咒语游戏技能音效素材】655544319933.zip,Cinetools Witchcraft/Designed/Sphere/WC_Sphere_DarkForest_CT.wav,33830234,31bc523a,OK,/volume1/主目录/Collection/素材&模板&音库/音效/02_中文音效合集/魔法法术咒语技能释放音效/Cinetools Witchcraft/Designed/Sphere/WC_Sphere_DarkForest_CT.wav
Cinetools Witchcraft【黑暗魔法巫术风火雷电咒语游戏技能音效素材】655544319933.zip,Cinetools Witchcraft/Designed/Sphere/WC_Sphere_DarkWaters_CT.wav,27648124,163621c7,OK,/volume1/主目录/Collection/素材&模板&音库/音效/03_项目素材/LTT_V30All/WC_Sphere_DarkWaters_CT.wav
Cinetools Witchcraft【黑暗魔法巫术风火雷电咒语游戏技能音效素材】655544319933.zip,Cinetools Witchcraft/Designed/Sphere/WC_Sphere_Death_CT.wav,33408124,8c511494,OK,/volume1/主目录/Collection/素材&模板&音库/音效/02_中文音效合集/魔法法术咒语技能释放音效/Cinetools Witchcraft/Designed/Sphere/WC_Sphere_Death_CT.wav
Cinetools Witchcraft【黑暗魔法巫术风火雷电咒语游戏技能音效素材】655544319933.zip,Cinetools Witchcraft/Designed/Sphere/WC_Sphere_DevilsNDemons_CT.wav,10377560,2a9aff7b,OK,/volume1/主目录/Collection/素材&模板&音库/音效/03_项目素材/LTT_V30All/WC_Sphere_DevilsNDemons_CT.wav
Cinetools Witchcraft【黑暗魔法巫术风火雷电咒语游戏技能音效素材】655544319933.zip,Cinetools Witchcraft/Designed/Sphere/WC_Sphere_Healing_CT.wav,27648124,c8abba52,OK,/volume1/主目录/Collection/素材&模板&音库/音效/02_中文音效合集/魔法法术咒语技能释放音效/Cinetools Witchcraft/Designed/Sphere/WC_Sphere_Healing_CT.wav
Cinetools Witchcraft【黑暗魔法巫术风火雷电咒语游戏技能音效素材】655544319933.zip,Cinetools Witchcraft/Designed/Sphere/WC_Sphere_IceWorld_CT.wav,21888124,43830a58,OK,/volume1/主目录/Collection/素材&模板&音库/音效/02_中文音效合集/魔法法术咒语技能释放音效/Cinetools Witchcraft/Designed/Sphere/WC_Sphere_IceWorld_CT.wav
Cinetools Witchcraft【黑暗魔法巫术风火雷电咒语游戏技能音效素材】655544319933.zip,Cinetools Witchcraft/Designed/Sphere/WC_Sphere_Protection2_CT.wav,28839458,07863d99,OK,/volume1/主目录/Collection/素材&模板&音库/音效/02_中文音效合集/魔法法术咒语技能释放音效/Cinetools Witchcraft/Designed/Sphere/WC_Sphere_Protection2_CT.wav
Cinetools Witchcraft【黑暗魔法巫术风火雷电咒语游戏技能音效素材】655544319933.zip,Cinetools Witchcraft/Designed/Sphere/WC_Sphere_Protection_CT.wav,27664226,89160274,OK,/volume1/主目录/Collection/素材&模板&音库/音效/02_中文音效合集/魔法法术咒语技能释放音效/Cinetools Witchcraft/Designed/Sphere/WC_Sphere_Protection_CT.wav
Cinetools Witchcraft【黑暗魔法巫术风火雷电咒语游戏技能音效素材】655544319933.zip,Cinetools Witchcraft/Designed/Sphere/WC_Sphere_Spiritual_CT.wav,36864124,c9057df6,OK,/volume1/主目录/Collection/素材&模板&音库/音效/03_项目素材/LTT_V30All/WC_Sphere_Spiritual_CT.wav
Cinetools Witchcraft【黑暗魔法巫术风火雷电咒语游戏技能音效素材】655544319933.zip,Cinetools Witchcraft/Designed/Sphere/WC_Sphere_WitchBoiler_CT.wav,20736124,13acf3b7,OK,/volume1/主目录/Collection/素材&模板&音库/音效/03_项目素材/LTT_V30All/WC_Sphere_WitchBoiler_CT.wav
Cinetools Witchcraft【黑暗魔法巫术风火雷电咒语游戏技能音效素材】655544319933.zip,Cinetools Witchcraft/Designed/Summon/WC_Summon_CurseOfIce_CT.wav,28800124,e6894d71,OK,/volume1/主目录/Collection/素材&模板&音库/音效/02_中文音效合集/魔法法术咒语技能释放音效/Cinetools Witchcraft/Designed/Summon/WC_Summon_CurseOfIce_CT.wav
Cinetools Witchcraft【黑暗魔法巫术风火雷电咒语游戏技能音效素材】655544319933.zip,Cinetools Witchcraft/Designed/Summon/WC_Summon_Death_CT.wav,14332456,7f9bf84b,OK,/volume1/主目录/Collection/素材&模板&音库/音效/02_中文音效合集/魔法法术咒语技能释放音效/Cinetools Witchcraft/Designed/Summon/WC_Summon_Death_CT.wav
Cinetools Witchcraft【黑暗魔法巫术风火雷电咒语游戏技能音效素材】655544319933.zip,Cinetools Witchcraft/Designed/Summon/WC_Summon_Demon_CT.wav,13171514,3b454aa2,OK,/volume1/主目录/Collection/素材&模板&音库/音效/03_项目素材/LTT_V30All/WC_Summon_Demon_CT.wav
Cinetools Witchcraft【黑暗魔法巫术风火雷电咒语游戏技能音效素材】655544319933.zip,Cinetools Witchcraft/Designed/Summon/WC_Summon_Doom_CT.wav,36864124,a483456c,OK,/volume1/主目录/Collection/素材&模板&音库/音效/03_项目素材/LTT_V30All/WC_Summon_Doom_CT.wav
Cinetools Witchcraft【黑暗魔法巫术风火雷电咒语游戏技能音效素材】655544319933.zip,Cinetools Witchcraft/Designed/Summon/WC_Summon_Earth_CT.wav,7596424,ebc0f789,OK,/volume1/主目录/Collection/素材&模板&音库/音效/02_中文音效合集/魔法法术咒语技能释放音效/Cinetools Witchcraft/Designed/Summon/WC_Summon_Earth_CT.wav
Cinetools Witchcraft【黑暗魔法巫术风火雷电咒语游戏技能音效素材】655544319933.zip,Cinetools Witchcraft/Designed/Summon/WC_Summon_EvilMonster_CT.wav,10171570,2eda7100,OK,/volume1/主目录/Collection/素材&模板&音库/音效/03_项目素材/LTT_V30All/WC_Summon_EvilMonster_CT.wav
Cinetools Witchcraft【黑暗魔法巫术风火雷电咒语游戏技能音效素材】655544319933.zip,Cinetools Witchcraft/Designed/Summon/WC_Summon_EvilSpirits_CT.wav,18432124,51408cbe,OK,/volume1/主目录/Collection/素材&模板&音库/音效/02_中文音效合集/魔法法术咒语技能释放音效/Cinetools Witchcraft/Designed/Summon/WC_Summon_EvilSpirits_CT.wav
Cinetools Witchcraft【黑暗魔法巫术风火雷电咒语游戏技能音效素材】655544319933.zip,Cinetools Witchcraft/Designed/Summon/WC_Summon_Ghost_CT.wav,5400088,d9ac1b12,OK,/volume1/主目录/Collection/素材&模板&音库/音效/02_中文音效合集/魔法法术咒语技能释放音效/Cinetools Witchcraft/Designed/Summon/WC_Summon_Ghost_CT.wav
Cinetools Witchcraft【黑暗魔法巫术风火雷电咒语游戏技能音效素材】655544319933.zip,Cinetools Witchcraft/Designed/Summon/WC_Summon_Ice_CT.wav,11520124,ab3921bb,OK,/volume1/主目录/Collection/素材&模板&音库/音效/03_项目素材/LTT_V30All/WC_Summon_Ice_CT.wav
Cinetools Witchcraft【黑暗魔法巫术风火雷电咒语游戏技能音效素材】655544319933.zip,Cinetools Witchcraft/Designed/Summon/WC_Summon_Storm_CT.wav,43189670,7f458fe3,OK,/volume1/主目录/Collection/素材&模板&音库/音效/02_中文音效合集/魔法法术咒语技能释放音效/Cinetools Witchcraft/Designed/Summon/WC_Summon_Storm_CT.wav
Cinetools Witchcraft【黑暗魔法巫术风火雷电咒语游戏技能音效素材】655544319933.zip,Cinetools Witchcraft/Designed/Summon/WC_Summon_Water_CT.wav,14594620,4505a6fa,OK,/volume1/主目录/Collection/素材&模板&音库/音效/03_项目素材/LTT_V30All/WC_Summon_Water_CT.wav
Cinetools Witchcraft【黑暗魔法巫术风火雷电咒语游戏技能音效素材】655544319933.zip,Cinetools Witchcraft/Designed/Various Cast/WC_Various_Alteration_CT.wav,5472124,24e1e98e,OK,/volume1/主目录/Collection/素材&模板&音库/音效/02_中文音效合集/魔法法术咒语技能释放音效/Cinetools Witchcraft/Designed/Various Cast/WC_Various_Alteration_CT.wav
Cinetools Witchcraft【黑暗魔法巫术风火雷电咒语游戏技能音效素材】655544319933.zip,Cinetools Witchcraft/Designed/Various Cast/WC_Various_Appearing2_CT.wav,4086256,a507eab1,OK,/volume1/主目录/Collection/素材&模板&音库/音效/02_中文音效合集/魔法法术咒语技能释放音效/Cinetools Witchcraft/Designed/Various Cast/WC_Various_Appearing2_CT.wav
Cinetools Witchcraft【黑暗魔法巫术风火雷电咒语游戏技能音效素材】655544319933.zip,Cinetools Witchcraft/Designed/Various Cast/WC_Various_Appearing3_CT.wav,3456124,8717e353,OK,/volume1/主目录/Collection/素材&模板&音库/音效/02_中文音效合集/魔法法术咒语技能释放音效/Cinetools Witchcraft/Designed/Various Cast/WC_Various_Appearing3_CT.wav
Cinetools Witchcraft【黑暗魔法巫术风火雷电咒语游戏技能音效素材】655544319933.zip,Cinetools Witchcraft/Designed/Various Cast/WC_Various_Appearing_CT.wav,2898044,2980ace0,OK,/volume1/主目录/Collection/素材&模板&音库/音效/02_中文音效合集/魔法法术咒语技能释放音效/Cinetools Witchcraft/Designed/Various Cast/WC_Various_Appearing_CT.wav
Cinetools Witchcraft【黑暗魔法巫术风火雷电咒语游戏技能音效素材】655544319933.zip,Cinetools Witchcraft/Designed/Various Cast/WC_Various_Disappearing2_CT.wav,2985310,77542503,OK,/volume1/主目录/Collection/素材&模板&音库/音效/02_中文音效合集/魔法法术咒语技能释放音效/Cinetools Witchcraft/Designed/Various Cast/WC_Various_Disappearing2_CT.wav
Cinetools Witchcraft【黑暗魔法巫术风火雷电咒语游戏技能音效素材】655544319933.zip,Cinetools Witchcraft/Designed/Various Cast/WC_Various_Disappearing_CT.wav,1728124,3315a4f2,OK,/volume1/主目录/Collection/素材&模板&音库/音效/02_中文音效合集/魔法法术咒语技能释放音效/Cinetools Witchcraft/Designed/Various Cast/WC_Various_Disappearing_CT.wav
Cinetools Witchcraft【黑暗魔法巫术风火雷电咒语游戏技能音效素材】655544319933.zip,Cinetools Witchcraft/Designed/Various Cast/WC_Various_Immolation_CT.wav,2392136,91103210,OK,/volume1/主目录/Collection/素材&模板&音库/音效/02_中文音效合集/魔法法术咒语技能释放音效/Cinetools Witchcraft/Designed/Various Cast/WC_Various_Immolation_CT.wav
Cinetools Witchcraft【黑暗魔法巫术风火雷电咒语游戏技能音效素材】655544319933.zip,Cinetools Witchcraft/Designed/Various Cast/WC_Various_Incarnation_CT.wav,5408050,68a5854b,OK,/volume1/主目录/Collection/素材&模板&音库/音效/02_中文音效合集/魔法法术咒语技能释放音效/Cinetools Witchcraft/Designed/Various Cast/WC_Various_Incarnation_CT.wav
Cinetools Witchcraft【黑暗魔法巫术风火雷电咒语游戏技能音效素材】655544319933.zip,Cinetools Witchcraft/Designed/Various Cast/WC_Various_KillCast_CT.wav,1128968,84381415,OK,/volume1/主目录/Collection/素材&模板&音库/音效/02_中文音效合集/魔法法术咒语技能释放音效/Cinetools Witchcraft/Designed/Various Cast/WC_Various_KillCast_CT.wav
Cinetools Witchcraft【黑暗魔法巫术风火雷电咒语游戏技能音效素材】655544319933.zip,Cinetools Witchcraft/Designed/Various Cast/WC_Various_LifeExtraction2_CT.wav,4320124,9ed30ff7,OK,/volume1/主目录/Collection/素材&模板&音库/音效/02_中文音效合集/魔法法术咒语技能释放音效/Cinetools Witchcraft/Designed/Various Cast/WC_Various_LifeExtraction2_CT.wav
Cinetools Witchcraft【黑暗魔法巫术风火雷电咒语游戏技能音效素材】655544319933.zip,Cinetools Witchcraft/Designed/Various Cast/WC_Various_LifeExtraction_CT.wav,4338350,61e51cdb,OK,/volume1/主目录/Collection/素材&模板&音库/音效/02_中文音效合集/魔法法术咒语技能释放音效/Cinetools Witchcraft/Designed/Various Cast/WC_Various_LifeExtraction_CT.wav
Cinetools Witchcraft【黑暗魔法巫术风火雷电咒语游戏技能音效素材】655544319933.zip,Cinetools Witchcraft/Designed/Various Cast/WC_Various_Metamorphosis_CT.wav,3506224,169fdaef,OK,/volume1/主目录/Collection/素材&模板&音库/音效/02_中文音效合集/魔法法术咒语技能释放音效/Cinetools Witchcraft/Designed/Various Cast/WC_Various_Metamorphosis_CT.wav
Cinetools Witchcraft【黑暗魔法巫术风火雷电咒语游戏技能音效素材】655544319933.zip,Cinetools Witchcraft/Designed/Various Cast/WC_Various_Protection_CT.wav,3744124,c9c35459,OK,/volume1/主目录/Collection/素材&模板&音库/音效/02_中文音效合集/魔法法术咒语技能释放音效/Cinetools Witchcraft/Designed/Various Cast/WC_Various_Protection_CT.wav
Cinetools Witchcraft【黑暗魔法巫术风火雷电咒语游戏技能音效素材】655544319933.zip,Cinetools Witchcraft/Designed/Various Cast/WC_Various_RazorSpikes2_CT.wav,4896124,2e08aa23,OK,/volume1/主目录/Collection/素材&模板&音库/音效/02_中文音效合集/魔法法术咒语技能释放音效/Cinetools Witchcraft/Designed/Various Cast/WC_Various_RazorSpikes2_CT.wav
Cinetools Witchcraft【黑暗魔法巫术风火雷电咒语游戏技能音效素材】655544319933.zip,Cinetools Witchcraft/Designed/Various Cast/WC_Various_RazorSpikes_CT.wav,7776124,f1585aff,OK,/volume1/主目录/Collection/素材&模板&音库/音效/02_中文音效合集/魔法法术咒语技能释放音效/Cinetools Witchcraft/Designed/Various Cast/WC_Various_RazorSpikes_CT.wav
Cinetools Witchcraft【黑暗魔法巫术风火雷电咒语游戏技能音效素材】655544319933.zip,Cinetools Witchcraft/Designed/Various Cast/WC_Various_Recall2_CT.wav,5382044,4dab198d,OK,/volume1/主目录/Collection/素材&模板&音库/音效/02_中文音效合集/魔法法术咒语技能释放音效/Cinetools Witchcraft/Designed/Various Cast/WC_Various_Recall2_CT.wav
Cinetools Witchcraft【黑暗魔法巫术风火雷电咒语游戏技能音效素材】655544319933.zip,Cinetools Witchcraft/Designed/Various Cast/WC_Various_Recall3_CT.wav,4608124,22007eea,OK,/volume1/主目录/Collection/素材&模板&音库/音效/02_中文音效合集/魔法法术咒语技能释放音效/Cinetools Witchcraft/Designed/Various Cast/WC_Various_Recall3_CT.wav
Cinetools Witchcraft【黑暗魔法巫术风火雷电咒语游戏技能音效素材】655544319933.zip,Cinetools Witchcraft/Designed/Various Cast/WC_Various_Recall4_CT.wav,3168124,8fdc2711,OK,/volume1/主目录/Collection/素材&模板&音库/音效/02_中文音效合集/魔法法术咒语技能释放音效/Cinetools Witchcraft/Designed/Various Cast/WC_Various_Recall4_CT.wav
Cinetools Witchcraft【黑暗魔法巫术风火雷电咒语游戏技能音效素材】655544319933.zip,Cinetools Witchcraft/Designed/Various Cast/WC_Various_Recall5_CT.wav,4608124,63d9e86e,OK,/volume1/主目录/Collection/素材&模板&音库/音效/02_中文音效合集/魔法法术咒语技能释放音效/Cinetools Witchcraft/Designed/Various Cast/WC_Various_Recall5_CT.wav
Cinetools Witchcraft【黑暗魔法巫术风火雷电咒语游戏技能音效素材】655544319933.zip,Cinetools Witchcraft/Designed/Various Cast/WC_Various_Recall_CT.wav,10377566,3f03f4bd,OK,/volume1/主目录/Collection/素材&模板&音库/音效/02_中文音效合集/魔法法术咒语技能释放音效/Cinetools Witchcraft/Designed/Various Cast/WC_Various_Recall_CT.wav
Cinetools Witchcraft【黑暗魔法巫术风火雷电咒语游戏技能音效素材】655544319933.zip,Cinetools Witchcraft/Designed/Various Cast/WC_Various_Teleport2_CT.wav,3383056,e7782425,OK,/volume1/主目录/Collection/素材&模板&音库/音效/02_中文音效合集/魔法法术咒语技能释放音效/Cinetools Witchcraft/Designed/Various Cast/WC_Various_Teleport2_CT.wav
Cinetools Witchcraft【黑暗魔法巫术风火雷电咒语游戏技能音效素材】655544319933.zip,Cinetools Witchcraft/Designed/Various Cast/WC_Various_Teleport_CT.wav,2664124,2cc3c321,OK,/volume1/主目录/Collection/素材&模板&音库/音效/02_中文音效合集/魔法法术咒语技能释放音效/Cinetools Witchcraft/Designed/Various Cast/WC_Various_Teleport_CT.wav
Cinetools Witchcraft【黑暗魔法巫术风火雷电咒语游戏技能音效素材】655544319933.zip,Cinetools Witchcraft/Designer Tools/Atmosphere/WC_Atmos_Crane_CT.wav,64143460,4e173c96,OK,/volume1/主目录/Collection/素材&模板&音库/音效/02_中文音效合集/魔法法术咒语技能释放音效/Cinetools Witchcraft/Designer Tools/Atmosphere/WC_Atmos_Crane_CT.wav
Cinetools Witchcraft【黑暗魔法巫术风火雷电咒语游戏技能音效素材】655544319933.zip,Cinetools Witchcraft/Designer Tools/Atmosphere/WC_Atmos_CreepyNightlife_CT.wav,30724790,dce213e5,OK,/volume1/主目录/Collection/素材&模板&音库/音效/02_中文音效合集/魔法法术咒语技能释放音效/Cinetools Witchcraft/Designer Tools/Atmosphere/WC_Atmos_CreepyNightlife_CT.wav
Cinetools Witchcraft【黑暗魔法巫术风火雷电咒语游戏技能音效素材】655544319933.zip,Cinetools Witchcraft/Designer Tools/Atmosphere/WC_Atmos_DarkForest_CT.wav,68465992,f1423c84,OK,/volume1/主目录/Collection/素材&模板&音库/音效/02_中文音效合集/魔法法术咒语技能释放音效/Cinetools Witchcraft/Designer Tools/Atmosphere/WC_Atmos_DarkForest_CT.wav
Cinetools Witchcraft【黑暗魔法巫术风火雷电咒语游戏技能音效素材】655544319933.zip,Cinetools Witchcraft/Designer Tools/Atmosphere/WC_Atmos_Factory_CT.wav,57840878,583158ec,OK,/volume1/主目录/Collection/素材&模板&音库/音效/02_中文音效合集/魔法法术咒语技能释放音效/Cinetools Witchcraft/Designer Tools/Atmosphere/WC_Atmos_Factory_CT.wav
Cinetools Witchcraft【黑暗魔法巫术风火雷电咒语游戏技能音效素材】655544319933.zip,Cinetools Witchcraft/Designer Tools/Atmosphere/WC_Atmos_FatFall_CT.wav,64929044,04cf29c2,NAME_ONLY,/volume1/主目录/Collection/素材&模板&音库/音效/02_中文音效合集/魔法法术咒语技能释放音效/Cinetools Witchcraft/Designer Tools/Atmosphere/WC_Atmos_FatFall_CT.wav
Cinetools Witchcraft【黑暗魔法巫术风火雷电咒语游戏技能音效素材】655544319933.zip,Cinetools Witchcraft/Designer Tools/Atmosphere/WC_Atmos_Fluctuations_CT.wav,58247298,1d6860f1,OK,/volume1/主目录/Collection/素材&模板&音库/音效/02_中文音效合集/魔法法术咒语技能释放音效/Cinetools Witchcraft/Designer Tools/Atmosphere/WC_Atmos_Fluctuations_CT.wav
Cinetools Witchcraft【黑暗魔法巫术风火雷电咒语游戏技能音效素材】655544319933.zip,Cinetools Witchcraft/Designer Tools/Atmosphere/WC_Atmos_Forge_CT.wav,71885216,faf736b1,OK,/volume1/主目录/Collection/素材&模板&音库/音效/02_中文音效合集/魔法法术咒语技能释放音效/Cinetools Witchcraft/Designer Tools/Atmosphere/WC_Atmos_Forge_CT.wav
Cinetools Witchcraft【黑暗魔法巫术风火雷电咒语游戏技能音效素材】655544319933.zip,Cinetools Witchcraft/Designer Tools/Atmosphere/WC_Atmos_GlassOverdrive_CT.wav,116082326,527f95b4,OK,/volume1/主目录/Collection/素材&模板&音库/音效/02_中文音效合集/魔法法术咒语技能释放音效/Cinetools Witchcraft/Designer Tools/Atmosphere/WC_Atmos_GlassOverdrive_CT.wav
Cinetools Witchcraft【黑暗魔法巫术风火雷电咒语游戏技能音效素材】655544319933.zip,Cinetools Witchcraft/Designer Tools/Atmosphere/WC_Atmos_HauntedChapel_CT.wav,60334902,47c9a71b,OK,/volume1/主目录/Collection/素材&模板&音库/音效/02_中文音效合集/魔法法术咒语技能释放音效/Cinetools Witchcraft/Designer Tools/Atmosphere/WC_Atmos_HauntedChapel_CT.wav
Cinetools Witchcraft【黑暗魔法巫术风火雷电咒语游戏技能音效素材】655544319933.zip,Cinetools Witchcraft/Designer Tools/Atmosphere/WC_Atmos_Lab_CT.wav,19286148,24931fbd,OK,/volume1/主目录/Collection/素材&模板&音库/音效/02_中文音效合集/魔法法术咒语技能释放音效/Cinetools Witchcraft/Designer Tools/Atmosphere/WC_Atmos_Lab_CT.wav
Cinetools Witchcraft【黑暗魔法巫术风火雷电咒语游戏技能音效素材】655544319933.zip,Cinetools Witchcraft/Designer Tools/Atmosphere/WC_Atmos_PostApo_CT.wav,41773780,8d7c6889,NAME_ONLY,/volume1/主目录/Collection/素材&模板&音库/音效/02_中文音效合集/魔法法术咒语技能释放音效/Cinetools Witchcraft/Designer Tools/Atmosphere/WC_Atmos_PostApo_CT.wav
Cinetools Witchcraft【黑暗魔法巫术风火雷电咒语游戏技能音效素材】655544319933.zip,Cinetools Witchcraft/Designer Tools/Atmosphere/WC_Atmos_Pulsing_CT.wav,25581844,addbd58f,OK,/volume1/主目录/Collection/素材&模板&音库/音效/02_中文音效合集/魔法法术咒语技能释放音效/Cinetools Witchcraft/Designer Tools/Atmosphere/WC_Atmos_Pulsing_CT.wav
Cinetools Witchcraft【黑暗魔法巫术风火雷电咒语游戏技能音效素材】655544319933.zip,Cinetools Witchcraft/Designer Tools/Atmosphere/WC_Atmos_RattleWind_CT.wav,71621598,1928464a,OK,/volume1/主目录/Collection/素材&模板&音库/音效/02_中文音效合集/魔法法术咒语技能释放音效/Cinetools Witchcraft/Designer Tools/Atmosphere/WC_Atmos_RattleWind_CT.wav
Cinetools Witchcraft【黑暗魔法巫术风火雷电咒语游戏技能音效素材】655544319933.zip,Cinetools Witchcraft/Designer Tools/Atmosphere/WC_Atmos_Station_CT.wav,62143832,f2c96749,OK,/volume1/主目录/Collection/素材&模板&音库/音效/02_中文音效合集/魔法法术咒语技能释放音效/Cinetools Witchcraft/Designer Tools/Atmosphere/WC_Atmos_Station_CT.wav
Cinetools Witchcraft【黑暗魔法巫术风火雷电咒语游戏技能音效素材】655544319933.zip,Cinetools Witchcraft/Designer Tools/Atmosphere/WC_Atmos_Subway_CT.wav,70432270,dae242f2,OK,/volume1/主目录/Collection/素材&模板&音库/音效/02_中文音效合集/魔法法术咒语技能释放音效/Cinetools Witchcraft/Designer Tools/Atmosphere/WC_Atmos_Subway_CT.wav
Cinetools Witchcraft【黑暗魔法巫术风火雷电咒语游戏技能音效素材】655544319933.zip,Cinetools Witchcraft/Designer Tools/Atmosphere/WC_Atmos_TheTunnel_CT.wav,74367230,f8ad4767,OK,/volume1/主目录/Collection/素材&模板&音库/音效/02_中文音效合集/魔法法术咒语技能释放音效/Cinetools Witchcraft/Designer Tools/Atmosphere/WC_Atmos_TheTunnel_CT.wav
Cinetools Witchcraft【黑暗魔法巫术风火雷电咒语游戏技能音效素材】655544319933.zip,Cinetools Witchcraft/Designer Tools/Atmosphere/WC_Atmos_TimeChimes_CT.wav,57059724,e4ff3f31,OK,/volume1/主目录/Collection/素材&模板&音库/音效/02_中文音效合集/魔法法术咒语技能释放音效/Cinetools Witchcraft/Designer Tools/Atmosphere/WC_Atmos_TimeChimes_CT.wav
Cinetools Witchcraft【黑暗魔法巫术风火雷电咒语游戏技能音效素材】655544319933.zip,Cinetools Witchcraft/Designer Tools/Atmosphere/WC_Atmos_Wastelands_CT.wav,65410558,7b19a810,OK,/volume1/主目录/Collection/素材&模板&音库/音效/02_中文音效合集/魔法法术咒语技能释放音效/Cinetools Witchcraft/Designer Tools/Atmosphere/WC_Atmos_Wastelands_CT.wav
Cinetools Witchcraft【黑暗魔法巫术风火雷电咒语游戏技能音效素材】655544319933.zip,Cinetools Witchcraft/Designer Tools/Atmosphere/WC_Atmos_WindyHalls_CT.wav,26559280,c1cd9ed4,NAME_ONLY,/volume1/主目录/Collection/素材&模板&音库/音效/02_中文音效合集/魔法法术咒语技能释放音效/Cinetools Witchcraft/Designer Tools/Atmosphere/WC_Atmos_WindyHalls_CT.wav
Cinetools Witchcraft【黑暗魔法巫术风火雷电咒语游戏技能音效素材】655544319933.zip,Cinetools Witchcraft/Designer Tools/Bonus/Ambience & Field Recordings/EON_Ambience_Brook_close_CT.wav,21024124,d73a9415,OK,/volume1/主目录/Collection/素材&模板&音库/音效/02_中文音效合集/魔法法术咒语技能释放音效/Cinetools Witchcraft/Designer Tools/Bonus/Ambience & Field Recordings/EON_Ambience_Brook_close_CT.wav
Cinetools Witchcraft【黑暗魔法巫术风火雷电咒语游戏技能音效素材】655544319933.zip,Cinetools Witchcraft/Designer Tools/Bonus/Ambience & Field Recordings/EON_Ambience_Brook_moderatelydistant2_CT.wav,5472124,c143603b,OK,/volume1/主目录/Collection/素材&模板&音库/音效/02_中文音效合集/魔法法术咒语技能释放音效/Cinetools Witchcraft/Designer Tools/Bonus/Ambience & Field Recordings/EON_Ambience_Brook_moderatelydistant2_CT.wav
Cinetools Witchcraft【黑暗魔法巫术风火雷电咒语游戏技能音效素材】655544319933.zip,Cinetools Witchcraft/Designer Tools/Bonus/Ambience & Field Recordings/EON_Ambience_Brook_veryclose2_CT.wav,6912124,1e1deceb,OK,/volume1/主目录/Collection/素材&模板&音库/音效/02_中文音效合集/魔法法术咒语技能释放音效/Cinetools Witchcraft/Designer Tools/Bonus/Ambience & Field Recordings/EON_Ambience_Brook_veryclose2_CT.wav
Cinetools Witchcraft【黑暗魔法巫术风火雷电咒语游戏技能音效素材】655544319933.zip,Cinetools Witchcraft/Designer Tools/Bonus/Ambience & Field Recordings/EON_Ambience_CreekCave_stony_CT.wav,26939452,107dccf2,OK,/volume1/主目录/Collection/素材&模板&音库/音效/02_中文音效合集/魔法法术咒语技能释放音效/Cinetools Witchcraft/Designer Tools/Bonus/Ambience & Field Recordings/EON_Ambience_CreekCave_stony_CT.wav
Cinetools Witchcraft【黑暗魔法巫术风火雷电咒语游戏技能音效素材】655544319933.zip,Cinetools Witchcraft/Designer Tools/Bonus/Ambience & Field Recordings/EON_Ambience_Rain_City_fluctuate_drips_CT.wav,10929448,1854a172,OK,/volume1/主目录/Collection/素材&模板&音库/音效/02_中文音效合集/魔法法术咒语技能释放音效/Cinetools Witchcraft/Designer Tools/Bonus/Ambience & Field Recordings/EON_Ambience_Rain_City_fluctuate_drips_CT.wav
Cinetools Witchcraft【黑暗魔法巫术风火雷电咒语游戏技能音效素材】655544319933.zip,Cinetools Witchcraft/Designer Tools/Bonus/Ambience & Field Recordings/EON_Ambience_Rain_City_patters3_CT.wav,37152124,9ed9a9f1,OK,/volume1/主目录/Collection/素材&模板&音库/音效/02_中文音效合集/魔法法术咒语技能释放音效/Cinetools Witchcraft/Designer Tools/Bonus/Ambience & Field Recordings/EON_Ambience_Rain_City_patters3_CT.wav
Cinetools Witchcraft【黑暗魔法巫术风火雷电咒语游戏技能音效素材】655544319933.zip,Cinetools Witchcraft/Designer Tools/Bonus/Ambience & Field Recordings/EON_Ambience_Rain_Forest_consistently3_CT.wav,20859298,06843062,OK,/volume1/主目录/Collection/素材&模板&音库/音效/02_中文音效合集/魔法法术咒语技能释放音效/Cinetools Witchcraft/Designer Tools/Bonus/Ambience & Field Recordings/EON_Ambience_Rain_Forest_consistently3_CT.wav
Cinetools Witchcraft【黑暗魔法巫术风火雷电咒语游戏技能音效素材】655544319933.zip,Cinetools Witchcraft/Designer Tools/Bonus/Ambience & Field Recordings/EON_Ambience_Rain_Forest_patters_consistently_CT.wav,9717016,e5c973e2,OK,/volume1/主目录/Collection/素材&模板&音库/音效/02_中文音效合集/魔法法术咒语技能释放音效/Cinetools Witchcraft/Designer Tools/Bonus/Ambience & Field Recordings/EON_Ambience_Rain_Forest_patters_consistently_CT.wav
Cinetools Witchcraft【黑暗魔法巫术风火雷电咒语游戏技能音效素材】655544319933.zip,Cinetools Witchcraft/Designer Tools/Bonus/Ambience & Field Recordings/EON_Ambience_Rain_Forest_puddle3_CT.wav,29952044,0c169cfc,OK,/volume1/主目录/Collection/素材&模板&音库/音效/02_中文音效合集/魔法法术咒语技能释放音效/Cinetools Witchcraft/Designer Tools/Bonus/Ambience & Field Recordings/EON_Ambience_Rain_Forest_puddle3_CT.wav
Cinetools Witchcraft【黑暗魔法巫术风火雷电咒语游戏技能音效素材】655544319933.zip,Cinetools Witchcraft/Designer Tools/Bonus/Ambience & Field Recordings/EON_Ambience_River_moderatelydistant_CT.wav,25632124,9599e1b2,OK,/volume1/主目录/Collection/素材&模板&音库/音效/02_中文音效合集/魔法法术咒语技能释放音效/Cinetools Witchcraft/Designer Tools/Bonus/Ambience & Field Recordings/EON_Ambience_River_moderatelydistant_CT.wav
Cinetools Witchcraft【黑暗魔法巫术风火雷电咒语游戏技能音效素材】655544319933.zip,Cinetools Witchcraft/Designer Tools/Bonus/Ambience & Field Recordings/EON_Ambience_Sea_Seashore_boulders_windy_moderatelyclose_CT.wav,15264124,0bf9152d,OK,/volume1/主目录/Collection/素材&模板&音库/音效/02_中文音效合集/魔法法术咒语技能释放音效/Cinetools Witchcraft/Designer Tools/Bonus/Ambience & Field Recordings/EON_Ambience_Sea_Seashore_boulders_windy_moderatelyclose_CT.wav
Cinetools Witchcraft【黑暗魔法巫术风火雷电咒语游戏技能音效素材】655544319933.zip,Cinetools Witchcraft/Designer Tools/Bonus/Ambience & Field Recordings/EON_Ambience_Sea_Seashore_sand_windy_moderatelyclose_CT.wav,39168088,a72bba77,OK,/volume1/主目录/Collection/素材&模板&音库/音效/02_中文音效合集/魔法法术咒语技能释放音效/Cinetools Witchcraft/Designer Tools/Bonus/Ambience & Field Recordings/EON_Ambience_Sea_Seashore_sand_windy_moderatelyclose_CT.wav
Cinetools Witchcraft【黑暗魔法巫术风火雷电咒语游戏技能音效素材】655544319933.zip,Cinetools Witchcraft/Designer Tools/Bonus/Ambience & Field Recordings/EON_Ambience_Sea_Surf_jetty_moderatelyclose2_CT.wav,26208124,674dce02,OK,/volume1/主目录/Collection/素材&模板&音库/音效/02_中文音效合集/魔法法术咒语技能释放音效/Cinetools Witchcraft/Designer Tools/Bonus/Ambience & Field Recordings/EON_Ambience_Sea_Surf_jetty_moderatelyclose2_CT.wav
Cinetools Witchcraft【黑暗魔法巫术风火雷电咒语游戏技能音效素材】655544319933.zip,Cinetools Witchcraft/Designer Tools/Bonus/Ambience & Field Recordings/EON_Ambience_Sea_Surf_rocks_splashy_close2_CT.wav,11520124,48622133,OK,/volume1/主目录/Collection/素材&模板&音库/音效/02_中文音效合集/魔法法术咒语技能释放音效/Cinetools Witchcraft/Designer Tools/Bonus/Ambience & Field Recordings/EON_Ambience_Sea_Surf_rocks_splashy_close2_CT.wav
Cinetools Witchcraft【黑暗魔法巫术风火雷电咒语游戏技能音效素材】655544319933.zip,Cinetools Witchcraft/Designer Tools/Bonus/Ambience & Field Recordings/EON_Ambience_Sea_Surf_sand_close_CT.wav,19872124,462073b7,OK,/volume1/主目录/Collection/素材&模板&音库/音效/02_中文音效合集/魔法法术咒语技能释放音效/Cinetools Witchcraft/Designer Tools/Bonus/Ambience & Field Recordings/EON_Ambience_Sea_Surf_sand_close_CT.wav
Cinetools Witchcraft【黑暗魔法巫术风火雷电咒语游戏技能音效素材】655544319933.zip,Cinetools Witchcraft/Designer Tools/Bonus/Ambience & Field Recordings/EON_Ambience_Sea_Surf_sand_moderatelyclose2_CT.wav,22464124,a16d7d3c,OK,/volume1/主目录/Collection/素材&模板&音库/音效/02_中文音效合集/魔法法术咒语技能释放音效/Cinetools Witchcraft/Designer Tools/Bonus/Ambience & Field Recordings/EON_Ambience_Sea_Surf_sand_moderatelyclose2_CT.wav
Cinetools Witchcraft【黑暗魔法巫术风火雷电咒语游戏技能音效素材】655544319933.zip,Cinetools Witchcraft/Designer Tools/Bonus/Ambience & Field Recordings/EON_Ambience_Sea_Surf_sweeping_moderatelyclose_CT.wav,5328124,6394fe4f,OK,/volume1/主目录/Collection/素材&模板&音库/音效/02_中文音效合集/魔法法术咒语技能释放音效/Cinetools Witchcraft/Designer Tools/Bonus/Ambience & Field Recordings/EON_Ambience_Sea_Surf_sweeping_moderatelyclose_CT.wav
Cinetools Witchcraft【黑暗魔法巫术风火雷电咒语游戏技能音效素材】655544319933.zip,Cinetools Witchcraft/Designer Tools/Bonus/Ambience & Field Recordings/EON_Ambience_Thunder&Rain_City_shower_CT.wav,4608124,103c4f78,OK,/volume1/主目录/Collection/素材&模板&音库/音效/02_中文音效合集/魔法法术咒语技能释放音效/Cinetools Witchcraft/Designer Tools/Bonus/Ambience & Field Recordings/EON_Ambience_Thunder&Rain_City_shower_CT.wav
Cinetools Witchcraft【黑暗魔法巫术风火雷电咒语游戏技能音效素材】655544319933.zip,Cinetools Witchcraft/Designer Tools/Bonus/Ambience & Field Recordings/EON_Ambience_Thunderstorm_City_distant_deep_CT.wav,14990524,5104127a,OK,/volume1/主目录/Collection/素材&模板&音库/音效/02_中文音效合集/魔法法术咒语技能释放音效/Cinetools Witchcraft/Designer Tools/Bonus/Ambience & Field Recordings/EON_Ambience_Thunderstorm_City_distant_deep_CT.wav
Cinetools Witchcraft【黑暗魔法巫术风火雷电咒语游戏技能音效素材】655544319933.zip,Cinetools Witchcraft/Designer Tools/Bonus/Ambience & Field Recordings/EON_Ambience_Thunderstorm_City_moderatelyclose_booming_CT.wav,12458710,4eed23ce,OK,/volume1/主目录/Collection/素材&模板&音库/音效/02_中文音效合集/魔法法术咒语技能释放音效/Cinetools Witchcraft/Designer Tools/Bonus/Ambience & Field Recordings/EON_Ambience_Thunderstorm_City_moderatelyclose_booming_CT.wav
Cinetools Witchcraft【黑暗魔法巫术风火雷电咒语游戏技能音效素材】655544319933.zip,Cinetools Witchcraft/Designer Tools/Bonus/Ambience & Field Recordings/EON_Ambience_Thunderstorm_City_moderatelydistant_furious2_CT.wav,10542760,a8ec37c5,OK,/volume1/主目录/Collection/素材&模板&音库/音效/02_中文音效合集/魔法法术咒语技能释放音效/Cinetools Witchcraft/Designer Tools/Bonus/Ambience & Field Recordings/EON_Ambience_Thunderstorm_City_moderatelydistant_furious2_CT.wav
Cinetools Witchcraft【黑暗魔法巫术风火雷电咒语游戏技能音效素材】655544319933.zip,Cinetools Witchcraft/Designer Tools/Bonus/Ambience & Field Recordings/EON_Ambience_Thunderstorm_City_moderatelydistant_furious_CT.wav,9105298,724c3d45,OK,/volume1/主目录/Collection/素材&模板&音库/音效/02_中文音效合集/魔法法术咒语技能释放音效/Cinetools Witchcraft/Designer Tools/Bonus/Ambience & Field Recordings/EON_Ambience_Thunderstorm_City_moderatelydistant_furious_CT.wav
Cinetools Witchcraft【黑暗魔法巫术风火雷电咒语游戏技能音效素材】655544319933.zip,Cinetools Witchcraft/Designer Tools/Bonus/Ambience & Field Recordings/EON_Ambience_Town_BeforeThunderstorm_CT.wav,35136124,641efd96,OK,/volume1/主目录/Collection/素材&模板&音库/音效/02_中文音效合集/魔法法术咒语技能释放音效/Cinetools Witchcraft/Designer Tools/Bonus/Ambience & Field Recordings/EON_Ambience_Town_BeforeThunderstorm_CT.wav
Cinetools Witchcraft【黑暗魔法巫术风火雷电咒语游戏技能音效素材】655544319933.zip,Cinetools Witchcraft/Designer Tools/Bonus/Ambience & Field Recordings/EON_Ambience_Waterfall_furious_moderatelyclose_CT.wav,15552124,a7208c09,OK,/volume1/主目录/Collection/素材&模板&音库/音效/03_项目素材/LTT_V30All/EON_Ambience_Waterfall_furious_moderatelyclose_CT.wav
Cinetools Witchcraft【黑暗魔法巫术风火雷电咒语游戏技能音效素材】655544319933.zip,Cinetools Witchcraft/Designer Tools/Bonus/Ambience & Field Recordings/EON_Ambience_Waterfall_lightrain_moderatelydistant_CT.wav,25632124,8bafe162,OK,/volume1/主目录/Collection/素材&模板&音库/音效/02_中文音效合集/魔法法术咒语技能释放音效/Cinetools Witchcraft/Designer Tools/Bonus/Ambience & Field Recordings/EON_Ambience_Waterfall_lightrain_moderatelydistant_CT.wav
Cinetools Witchcraft【黑暗魔法巫术风火雷电咒语游戏技能音效素材】655544319933.zip,Cinetools Witchcraft/Designer Tools/Bonus/Monsters & Creatures/MO_Basilisk2_CT.wav,1584044,e729d41c,OK,/volume1/主目录/Collection/素材&模板&音库/音效/02_中文音效合集/魔法法术咒语技能释放音效/Cinetools Witchcraft/Designer Tools/Bonus/Monsters & Creatures/MO_Basilisk2_CT.wav
Cinetools Witchcraft【黑暗魔法巫术风火雷电咒语游戏技能音效素材】655544319933.zip,Cinetools Witchcraft/Designer Tools/Bonus/Monsters & Creatures/MO_Basilisk_CT.wav,1637510,889a2bdb,OK,/volume1/主目录/Collection/素材&模板&音库/音效/02_中文音效合集/魔法法术咒语技能释放音效/Cinetools Witchcraft/Designer Tools/Bonus/Monsters & Creatures/MO_Basilisk_CT.wav
Cinetools Witchcraft【黑暗魔法巫术风火雷电咒语游戏技能音效素材】655544319933.zip,Cinetools Witchcraft/Designer Tools/Bonus/Monsters & Creatures/MO_Bellow_aggressive_long3_CT.wav,8062964,de4ebff5,OK,/volume1/主目录/Collection/素材&模板&音库/音效/02_中文音效合集/魔法法术咒语技能释放音效/Cinetools Witchcraft/Designer Tools/Bonus/Monsters & Creatures/MO_Bellow_aggressive_long3_CT.wav
Cinetools Witchcraft【黑暗魔法巫术风火雷电咒语游戏技能音效素材】655544319933.zip,Cinetools Witchcraft/Designer Tools/Bonus/Monsters & Creatures/MO_Bellow_aggressive_long6_CT.wav,3522748,1cc43979,OK,/volume1/主目录/Collection/素材&模板&音库/音效/02_中文音效合集/魔法法术咒语技能释放音效/Cinetools Witchcraft/Designer Tools/Bonus/Monsters & Creatures/MO_Bellow_aggressive_long6_CT.wav
Cinetools Witchcraft【黑暗魔法巫术风火雷电咒语游戏技能音效素材】655544319933.zip,Cinetools Witchcraft/Designer Tools/Bonus/Monsters & Creatures/MO_Bellow_aggressive_long_CT.wav,7229348,12fd3945,OK,/volume1/主目录/Collection/素材&模板&音库/音效/02_中文音效合集/魔法法术咒语技能释放音效/Cinetools Witchcraft/Designer Tools/Bonus/Monsters & Creatures/MO_Bellow_aggressive_long_CT.wav
Cinetools Witchcraft【黑暗魔法巫术风火雷电咒语游戏技能音效素材】655544319933.zip,Cinetools Witchcraft/Designer Tools/Bonus/Monsters & Creatures/MO_Bellow_aggressive_short2_CT.wav,1417010,70914f29,OK,/volume1/主目录/Collection/素材&模板&音库/音效/02_中文音效合集/魔法法术咒语技能释放音效/Cinetools Witchcraft/Designer Tools/Bonus/Monsters & Creatures/MO_Bellow_aggressive_short2_CT.wav
Cinetools Witchcraft【黑暗魔法巫术风火雷电咒语游戏技能音效素材】655544319933.zip,Cinetools Witchcraft/Designer Tools/Bonus/Monsters & Creatures/MO_Bellow_soft_average9_CT.wav,3011770,2e8af1a5,OK,/volume1/主目录/Collection/素材&模板&音库/音效/02_中文音效合集/魔法法术咒语技能释放音效/Cinetools Witchcraft/Designer Tools/Bonus/Monsters & Creatures/MO_Bellow_soft_average9_CT.wav
Cinetools Witchcraft【黑暗魔法巫术风火雷电咒语游戏技能音效素材】655544319933.zip,Cinetools Witchcraft/Designer Tools/Bonus/Monsters & Creatures/MO_Bellow_soft_long2_CT.wav,5470174,3df9625b,OK,/volume1/主目录/Collection/素材&模板&音库/音效/02_中文音效合集/魔法法术咒语技能释放音效/Cinetools Witchcraft/Designer Tools/Bonus/Monsters & Creatures/MO_Bellow_soft_long2_CT.wav
Cinetools Witchcraft【黑暗魔法巫术风火雷电咒语游戏技能音效素材】655544319933.zip,Cinetools Witchcraft/Designer Tools/Bonus/Monsters & Creatures/MO_Bellow_soft_long9_CT.wav,5400044,50c4bb34,OK,/volume1/主目录/Collection/素材&模板&音库/音效/02_中文音效合集/魔法法术咒语技能释放音效/Cinetools Witchcraft/Designer Tools/Bonus/Monsters & Creatures/MO_Bellow_soft_long9_CT.wav
Cinetools Witchcraft【黑暗魔法巫术风火雷电咒语游戏技能音效素材】655544319933.zip,Cinetools Witchcraft/Designer Tools/Bonus/Monsters & Creatures/MO_BestDinnerForOgre_CT.wav,70632044,c5b35d49,OK,/volume1/主目录/Collection/素材&模板&音库/音效/02_中文音效合集/魔法法术咒语技能释放音效/Cinetools Witchcraft/Designer Tools/Bonus/Monsters & Creatures/MO_BestDinnerForOgre_CT.wav
Cinetools Witchcraft【黑暗魔法巫术风火雷电咒语游戏技能音效素材】655544319933.zip,Cinetools Witchcraft/Designer Tools/Bonus/Monsters & Creatures/MO_Bleat_aggressive_average5_CT.wav,2360036,2bfbd752,OK,/volume1/主目录/Collection/素材&模板&音库/音效/02_中文音效合集/魔法法术咒语技能释放音效/Cinetools Witchcraft/Designer Tools/Bonus/Monsters & Creatures/MO_Bleat_aggressive_average5_CT.wav
Cinetools Witchcraft【黑暗魔法巫术风火雷电咒语游戏技能音效素材】655544319933.zip,Cinetools Witchcraft/Designer Tools/Bonus/Monsters & Creatures/MO_Bleat_aggressive_short2_CT.wav,1500988,89466863,OK,/volume1/主目录/Collection/素材&模板&音库/音效/02_中文音效合集/魔法法术咒语技能释放音效/Cinetools Witchcraft/Designer Tools/Bonus/Monsters & Creatures/MO_Bleat_aggressive_short2_CT.wav
Cinetools Witchcraft【黑暗魔法巫术风火雷电咒语游戏技能音效素材】655544319933.zip,Cinetools Witchcraft/Designer Tools/Bonus/Monsters & Creatures/MO_Bleat_soft_average4_CT.wav,1771720,8b4da162,OK,/volume1/主目录/Collection/素材&模板&音库/音效/02_中文音效合集/魔法法术咒语技能释放音效/Cinetools Witchcraft/Designer Tools/Bonus/Monsters & Creatures/MO_Bleat_soft_average4_CT.wav
Cinetools Witchcraft【黑暗魔法巫术风火雷电咒语游戏技能音效素材】655544319933.zip,Cinetools Witchcraft/Designer Tools/Bonus/Monsters & Creatures/MO_Bleat_soft_long4_CT.wav,7200044,7d3964bc,OK,/volume1/主目录/Collection/素材&模板&音库/音效/02_中文音效合集/魔法法术咒语技能释放音效/Cinetools Witchcraft/Designer Tools/Bonus/Monsters & Creatures/MO_Bleat_soft_long4_CT.wav
Cinetools Witchcraft【黑暗魔法巫术风火雷电咒语游戏技能音效素材】655544319933.zip,Cinetools Witchcraft/Designer Tools/Bonus/Monsters & Creatures/MO_Bleat_soft_short3_CT.wav,1613638,35028596,OK,/volume1/主目录/Collection/素材&模板&音库/音效/02_中文音效合集/魔法法术咒语技能释放音效/Cinetools Witchcraft/Designer Tools/Bonus/Monsters & Creatures/MO_Bleat_soft_short3_CT.wav
Cinetools Witchcraft【黑暗魔法巫术风火雷电咒语游戏技能音效素材】655544319933.zip,Cinetools Witchcraft/Designer Tools/Bonus/Monsters & Creatures/MO_Blow_aggressive_average5_CT.wav,1489474,6091a581,OK,/volume1/主目录/Collection/素材&模板&音库/音效/02_中文音效合集/魔法法术咒语技能释放音效/Cinetools Witchcraft/Designer Tools/Bonus/Monsters & Creatures/MO_Blow_aggressive_average5_CT.wav
Cinetools Witchcraft【黑暗魔法巫术风火雷电咒语游戏技能音效素材】655544319933.zip,Cinetools Witchcraft/Designer Tools/Bonus/Monsters & Creatures/MO_Blow_aggressive_short_CT.wav,1680410,ea78c500,OK,/volume1/主目录/Collection/素材&模板&音库/音效/02_中文音效合集/魔法法术咒语技能释放音效/Cinetools Witchcraft/Designer Tools/Bonus/Monsters & Creatures/MO_Blow_aggressive_short_CT.wav
Cinetools Witchcraft【黑暗魔法巫术风火雷电咒语游戏技能音效素材】655544319933.zip,Cinetools Witchcraft/Designer Tools/Bonus/Monsters & Creatures/MO_CaveMonster6_CT.wav,3027722,085f537d,OK,/volume1/主目录/Collection/素材&模板&音库/音效/02_中文音效合集/魔法法术咒语技能释放音效/Cinetools Witchcraft/Designer Tools/Bonus/Monsters & Creatures/MO_CaveMonster6_CT.wav
Cinetools Witchcraft【黑暗魔法巫术风火雷电咒语游戏技能音效素材】655544319933.zip,Cinetools Witchcraft/Designer Tools/Bonus/Monsters & Creatures/MO_Choke_aggressive_long5_CT.wav,5634206,afc2297b,OK,/volume1/主目录/Collection/素材&模板&音库/音效/02_中文音效合集/魔法法术咒语技能释放音效/Cinetools Witchcraft/Designer Tools/Bonus/Monsters & Creatures/MO_Choke_aggressive_long5_CT.wav
Cinetools Witchcraft【黑暗魔法巫术风火雷电咒语游戏技能音效素材】655544319933.zip,Cinetools Witchcraft/Designer Tools/Bonus/Monsters & Creatures/MO_CruelCyclop_CT.wav,1413890,d54bc752,OK,/volume1/主目录/Collection/素材&模板&音库/音效/02_中文音效合集/魔法法术咒语技能释放音效/Cinetools Witchcraft/Designer Tools/Bonus/Monsters & Creatures/MO_CruelCyclop_CT.wav
Cinetools Witchcraft【黑暗魔法巫术风火雷电咒语游戏技能音效素材】655544319933.zip,Cinetools Witchcraft/Designer Tools/Bonus/Monsters & Creatures/MO_DraconicMonster_CT.wav,2463518,c458836a,OK,/volume1/主目录/Collection/素材&模板&音库/音效/02_中文音效合集/魔法法术咒语技能释放音效/Cinetools Witchcraft/Designer Tools/Bonus/Monsters & Creatures/MO_DraconicMonster_CT.wav
Cinetools Witchcraft【黑暗魔法巫术风火雷电咒语游戏技能音效素材】655544319933.zip,Cinetools Witchcraft/Designer Tools/Bonus/Monsters & Creatures/MO_FreociousMonster3_CT.wav,1106042,077ed00a,OK,/volume1/主目录/Collection/素材&模板&音库/音效/02_中文音效合集/魔法法术咒语技能释放音效/Cinetools Witchcraft/Designer Tools/Bonus/Monsters & Creatures/MO_FreociousMonster3_CT.wav
Cinetools Witchcraft【黑暗魔法巫术风火雷电咒语游戏技能音效素材】655544319933.zip,Cinetools Witchcraft/Designer Tools/Bonus/Monsters & Creatures/MO_GluttonousMonster2_CT.wav,7148210,df869aab,OK,/volume1/主目录/Collection/素材&模板&音库/音效/02_中文音效合集/魔法法术咒语技能释放音效/Cinetools Witchcraft/Designer Tools/Bonus/Monsters & Creatures/MO_GluttonousMonster2_CT.wav
Cinetools Witchcraft【黑暗魔法巫术风火雷电咒语游戏技能音效素材】655544319933.zip,Cinetools Witchcraft/Designer Tools/Bonus/Monsters & Creatures/MO_Growl_aggressive_short4_CT.wav,864044,1ec6b4e0,OK,/volume1/主目录/Collection/素材&模板&音库/音效/02_中文音效合集/魔法法术咒语技能释放音效/Cinetools Witchcraft/Designer Tools/Bonus/Monsters & Creatures/MO_Growl_aggressive_short4_CT.wav
Cinetools Witchcraft【黑暗魔法巫术风火雷电咒语游戏技能音效素材】655544319933.zip,Cinetools Witchcraft/Designer Tools/Bonus/Monsters & Creatures/MO_Growl_hard_average5_CT.wav,1356238,f6b4dc73,OK,/volume1/主目录/Collection/素材&模板&音库/音效/02_中文音效合集/魔法法术咒语技能释放音效/Cinetools Witchcraft/Designer Tools/Bonus/Monsters & Creatures/MO_Growl_hard_average5_CT.wav
Cinetools Witchcraft【黑暗魔法巫术风火雷电咒语游戏技能音效素材】655544319933.zip,Cinetools Witchcraft/Designer Tools/Bonus/Monsters & Creatures/MO_Growl_soft_long6_CT.wav,3264392,3e779c9a,OK,/volume1/主目录/Collection/素材&模板&音库/音效/03_项目素材/LTT_V30All/MO_Growl_soft_long6_CT.wav
Cinetools Witchcraft【黑暗魔法巫术风火雷电咒语游戏技能音效素材】655544319933.zip,Cinetools Witchcraft/Designer Tools/Bonus/Monsters & Creatures/MO_Growl_soft_short8_CT.wav,590284,3b4ed54b,OK,/volume1/主目录/Collection/素材&模板&音库/音效/02_中文音效合集/魔法法术咒语技能释放音效/Cinetools Witchcraft/Designer Tools/Bonus/Monsters & Creatures/MO_Growl_soft_short8_CT.wav
Cinetools Witchcraft【黑暗魔法巫术风火雷电咒语游戏技能音效素材】655544319933.zip,Cinetools Witchcraft/Designer Tools/Bonus/Monsters & Creatures/MO_Grunt_hard_average2_CT.wav,1486870,b9a43f91,OK,/volume1/主目录/Collection/素材&模板&音库/音效/02_中文音效合集/魔法法术咒语技能释放音效/Cinetools Witchcraft/Designer Tools/Bonus/Monsters & Creatures/MO_Grunt_hard_average2_CT.wav
Cinetools Witchcraft【黑暗魔法巫术风火雷电咒语游戏技能音效素材】655544319933.zip,Cinetools Witchcraft/Designer Tools/Bonus/Monsters & Creatures/MO_Grunt_hard_average5_CT.wav,2592044,a5247578,OK,/volume1/主目录/Collection/素材&模板&音库/音效/02_中文音效合集/魔法法术咒语技能释放音效/Cinetools Witchcraft/Designer Tools/Bonus/Monsters & Creatures/MO_Grunt_hard_average5_CT.wav
Cinetools Witchcraft【黑暗魔法巫术风火雷电咒语游戏技能音效素材】655544319933.zip,Cinetools Witchcraft/Designer Tools/Bonus/Monsters & Creatures/MO_Hiss_aggressive_long7_CT.wav,1712470,2786dd5e,OK,/volume1/主目录/Collection/素材&模板&音库/音效/02_中文音效合集/魔法法术咒语技能释放音效/Cinetools Witchcraft/Designer Tools/Bonus/Monsters & Creatures/MO_Hiss_aggressive_long7_CT.wav
Cinetools Witchcraft【黑暗魔法巫术风火雷电咒语游戏技能音效素材】655544319933.zip,Cinetools Witchcraft/Designer Tools/Bonus/Monsters & Creatures/MO_Hiss_hard_average3_CT.wav,704860,1c85d8dc,OK,/volume1/主目录/Collection/素材&模板&音库/音效/02_中文音效合集/魔法法术咒语技能释放音效/Cinetools Witchcraft/Designer Tools/Bonus/Monsters & Creatures/MO_Hiss_hard_average3_CT.wav
Cinetools Witchcraft【黑暗魔法巫术风火雷电咒语游戏技能音效素材】655544319933.zip,Cinetools Witchcraft/Designer Tools/Bonus/Monsters & Creatures/MO_RageMonsterAttack2_CT.wav,1584044,ec29c449,NAME_ONLY,/volume1/主目录/Collection/素材&模板&音库/音效/02_中文音效合集/魔法法术咒语技能释放音效/Cinetools Witchcraft/Designer Tools/Bonus/Monsters & Creatures/MO_RageMonsterAttack2_CT.wav
Cinetools Witchcraft【黑暗魔法巫术风火雷电咒语游戏技能音效素材】655544319933.zip,Cinetools Witchcraft/Designer Tools/Bonus/Monsters & Creatures/MO_Roar_hard_average3_CT.wav,1833820,e0b23e4c,OK,/volume1/主目录/Collection/素材&模板&音库/音效/02_中文音效合集/魔法法术咒语技能释放音效/Cinetools Witchcraft/Designer Tools/Bonus/Monsters & Creatures/MO_Roar_hard_average3_CT.wav
Cinetools Witchcraft【黑暗魔法巫术风火雷电咒语游戏技能音效素材】655544319933.zip,Cinetools Witchcraft/Designer Tools/Bonus/Monsters & Creatures/MO_Roar_hard_short2_CT.wav,1568866,a0afc447,OK,/volume1/主目录/Collection/素材&模板&音库/音效/02_中文音效合集/魔法法术咒语技能释放音效/Cinetools Witchcraft/Designer Tools/Bonus/Monsters & Creatures/MO_Roar_hard_short2_CT.wav
Cinetools Witchcraft【黑暗魔法巫术风火雷电咒语游戏技能音效素材】655544319933.zip,Cinetools Witchcraft/Designer Tools/Bonus/Monsters & Creatures/MO_Roar_soft_average2_CT.wav,1834456,7da2502f,OK,/volume1/主目录/Collection/素材&模板&音库/音效/02_中文音效合集/魔法法术咒语技能释放音效/Cinetools Witchcraft/Designer Tools/Bonus/Monsters & Creatures/MO_Roar_soft_average2_CT.wav
Cinetools Witchcraft【黑暗魔法巫术风火雷电咒语游戏技能音效素材】655544319933.zip,Cinetools Witchcraft/Designer Tools/Bonus/Monsters & Creatures/MO_Roar_soft_long_CT.wav,6033370,53dbeeab,OK,/volume1/主目录/Collection/素材&模板&音库/音效/02_中文音效合集/魔法法术咒语技能释放音效/Cinetools Witchcraft/Designer Tools/Bonus/Monsters & Creatures/MO_Roar_soft_long_CT.wav
Cinetools Witchcraft【黑暗魔法巫术风火雷电咒语游戏技能音效素材】655544319933.zip,Cinetools Witchcraft/Designer Tools/Bonus/Monsters & Creatures/MO_Roar_soft_short4_CT.wav,706624,fb30a829,OK,/volume1/主目录/Collection/素材&模板&音库/音效/02_中文音效合集/魔法法术咒语技能释放音效/Cinetools Witchcraft/Designer Tools/Bonus/Monsters & Creatures/MO_Roar_soft_short4_CT.wav
Cinetools Witchcraft【黑暗魔法巫术风火雷电咒语游戏技能音效素材】655544319933.zip,Cinetools Witchcraft/Designer Tools/Bonus/Monsters & Creatures/MO_SavageGhoul_CT.wav,1598090,a8e60db4,OK,/volume1/主目录/Collection/素材&模板&音库/音效/02_中文音效合集/魔法法术咒语技能释放音效/Cinetools Witchcraft/Designer Tools/Bonus/Monsters & Creatures/MO_SavageGhoul_CT.wav
Cinetools Witchcraft【黑暗魔法巫术风火雷电咒语游戏技能音效素材】655544319933.zip,Cinetools Witchcraft/Designer Tools/Bonus/Monsters & Creatures/MO_SmackingMonster2_CT.wav,8110124,42b09c0b,OK,/volume1/主目录/Collection/素材&模板&音库/音效/02_中文音效合集/魔法法术咒语技能释放音效/Cinetools Witchcraft/Designer Tools/Bonus/Monsters & Creatures/MO_SmackingMonster2_CT.wav
Cinetools Witchcraft【黑暗魔法巫术风火雷电咒语游戏技能音效素材】655544319933.zip,Cinetools Witchcraft/Designer Tools/Bonus/Monsters & Creatures/MO_Snore_aggressive_long4_CT.wav,7494448,4d86adbf,OK,/volume1/主目录/Collection/素材&模板&音库/音效/02_中文音效合集/魔法法术咒语技能释放音效/Cinetools Witchcraft/Designer Tools/Bonus/Monsters & Creatures/MO_Snore_aggressive_long4_CT.wav
Cinetools Witchcraft【黑暗魔法巫术风火雷电咒语游戏技能音效素材】655544319933.zip,Cinetools Witchcraft/Designer Tools/Bonus/Monsters & Creatures/MO_Snore_soft_average16_CT.wav,2664044,497796f5,OK,/volume1/主目录/Collection/素材&模板&音库/音效/02_中文音效合集/魔法法术咒语技能释放音效/Cinetools Witchcraft/Designer Tools/Bonus/Monsters & Creatures/MO_Snore_soft_average16_CT.wav
Cinetools Witchcraft【黑暗魔法巫术风火雷电咒语游戏技能音效素材】655544319933.zip,Cinetools Witchcraft/Designer Tools/Bonus/Monsters & Creatures/MO_Snore_soft_long4_CT.wav,3456044,c9ec9a0c,OK,/volume1/主目录/Collection/素材&模板&音库/音效/02_中文音效合集/魔法法术咒语技能释放音效/Cinetools Witchcraft/Designer Tools/Bonus/Monsters & Creatures/MO_Snore_soft_long4_CT.wav
Cinetools Witchcraft【黑暗魔法巫术风火雷电咒语游戏技能音效素材】655544319933.zip,Cinetools Witchcraft/Designer Tools/Bonus/Monsters & Creatures/MO_Snore_soft_short4_CT.wav,867010,504c2515,OK,/volume1/主目录/Collection/素材&模板&音库/音效/02_中文音效合集/魔法法术咒语技能释放音效/Cinetools Witchcraft/Designer Tools/Bonus/Monsters & Creatures/MO_Snore_soft_short4_CT.wav
Cinetools Witchcraft【黑暗魔法巫术风火雷电咒语游戏技能音效素材】655544319933.zip,Cinetools Witchcraft/Designer Tools/Bonus/Monsters & Creatures/MO_Snore_soft_short9_CT.wav,1393976,467aff50,OK,/volume1/主目录/Collection/素材&模板&音库/音效/02_中文音效合集/魔法法术咒语技能释放音效/Cinetools Witchcraft/Designer Tools/Bonus/Monsters & Creatures/MO_Snore_soft_short9_CT.wav
Cinetools Witchcraft【黑暗魔法巫术风火雷电咒语游戏技能音效素材】655544319933.zip,Cinetools Witchcraft/Designer Tools/Bonus/Monsters & Creatures/MO_T-Rex_rattle4_CT.wav,4316942,4be4bc54,OK,/volume1/主目录/Collection/素材&模板&音库/音效/03_项目素材/LTT_V30All/MO_T-Rex_rattle4_CT.wav
Cinetools Witchcraft【黑暗魔法巫术风火雷电咒语游戏技能音效素材】655544319933.zip,Cinetools Witchcraft/Designer Tools/Bonus/Stingers/EON_Stinger_Aquaphone_bowed_BlackMagic_CT.wav,5788850,c1afb733,OK,/volume1/主目录/Collection/素材&模板&音库/音效/02_中文音效合集/魔法法术咒语技能释放音效/Cinetools Witchcraft/Designer Tools/Bonus/Stingers/EON_Stinger_Aquaphone_bowed_BlackMagic_CT.wav
Cinetools Witchcraft【黑暗魔法巫术风火雷电咒语游戏技能音效素材】655544319933.zip,Cinetools Witchcraft/Designer Tools/Bonus/Stingers/EON_Stinger_Aquaphone_bowed_DisturbingSqueak2_CT.wav,2700764,a1ee69f3,OK,/volume1/主目录/Collection/素材&模板&音库/音效/02_中文音效合集/魔法法术咒语技能释放音效/Cinetools Witchcraft/Designer Tools/Bonus/Stingers/EON_Stinger_Aquaphone_bowed_DisturbingSqueak2_CT.wav
Cinetools Witchcraft【黑暗魔法巫术风火雷电咒语游戏技能音效素材】655544319933.zip,Cinetools Witchcraft/Designer Tools/Bonus/Stingers/EON_Stinger_Aquaphone_bowed_EerieSqueak5_CT.wav,4478092,f6760d82,OK,/volume1/主目录/Collection/素材&模板&音库/音效/02_中文音效合集/魔法法术咒语技能释放音效/Cinetools Witchcraft/Designer Tools/Bonus/Stingers/EON_Stinger_Aquaphone_bowed_EerieSqueak5_CT.wav
Cinetools Witchcraft【黑暗魔法巫术风火雷电咒语游戏技能音效素材】655544319933.zip,Cinetools Witchcraft/Designer Tools/Bonus/Stingers/EON_Stinger_Aquaphone_bowed_ThickButCreepy_CT.wav,5491940,6ce0ae67,OK,/volume1/主目录/Collection/素材&模板&音库/音效/02_中文音效合集/魔法法术咒语技能释放音效/Cinetools Witchcraft/Designer Tools/Bonus/Stingers/EON_Stinger_Aquaphone_bowed_ThickButCreepy_CT.wav
Cinetools Witchcraft【黑暗魔法巫术风火雷电咒语游戏技能音效素材】655544319933.zip,Cinetools Witchcraft/Designer Tools/Bonus/Stingers/EON_Stinger_Aquaphone_bowed_phrase_GhostSqueals3_CT.wav,4495730,e0d96568,OK,/volume1/主目录/Collection/素材&模板&音库/音效/02_中文音效合集/魔法法术咒语技能释放音效/Cinetools Witchcraft/Designer Tools/Bonus/Stingers/EON_Stinger_Aquaphone_bowed_phrase_GhostSqueals3_CT.wav
Cinetools Witchcraft【黑暗魔法巫术风火雷电咒语游戏技能音效素材】655544319933.zip,Cinetools Witchcraft/Designer Tools/Bonus/Stingers/EON_Stinger_Aquaphone_bowed_phrase_Paranormal3_CT.wav,6383564,f538b0ff,OK,/volume1/主目录/Collection/素材&模板&音库/音效/03_项目素材/LTT_V30All/EON_Stinger_Aquaphone_bowed_phrase_Paranormal3_CT.wav
Cinetools Witchcraft【黑暗魔法巫术风火雷电咒语游戏技能音效素材】655544319933.zip,Cinetools Witchcraft/Designer Tools/Bonus/Stingers/EON_Stinger_Aquaphone_fx_Blade_CT.wav,5513678,23f9434f,OK,/volume1/主目录/Collection/素材&模板&音库/音效/02_中文音效合集/魔法法术咒语技能释放音效/Cinetools Witchcraft/Designer Tools/Bonus/Stingers/EON_Stinger_Aquaphone_fx_Blade_CT.wav
Cinetools Witchcraft【黑暗魔法巫术风火雷电咒语游戏技能音效素材】655544319933.zip,Cinetools Witchcraft/Designer Tools/Bonus/Stingers/EON_Stinger_Aquaphone_fx_DarkMagic_CT.wav,9189428,cb37e703,OK,/volume1/主目录/Collection/素材&模板&音库/音效/03_项目素材/LTT_V30All/EON_Stinger_Aquaphone_fx_DarkMagic_CT.wav
Cinetools Witchcraft【黑暗魔法巫术风火雷电咒语游戏技能音效素材】655544319933.zip,Cinetools Witchcraft/Designer Tools/Bonus/Stingers/EON_Stinger_Aquaphone_fx_DeathRinger_CT.wav,9189428,2b6e3b28,OK,/volume1/主目录/Collection/素材&模板&音库/音效/02_中文音效合集/魔法法术咒语技能释放音效/Cinetools Witchcraft/Designer Tools/Bonus/Stingers/EON_Stinger_Aquaphone_fx_DeathRinger_CT.wav
Cinetools Witchcraft【黑暗魔法巫术风火雷电咒语游戏技能音效素材】655544319933.zip,Cinetools Witchcraft/Designer Tools/Bonus/Stingers/EON_Stinger_Aquaphone_fx_phrase_BlackMagic4_CT.wav,5334388,1d0331d6,OK,/volume1/主目录/Collection/素材&模板&音库/音效/02_中文音效合集/魔法法术咒语技能释放音效/Cinetools Witchcraft/Designer Tools/Bonus/Stingers/EON_Stinger_Aquaphone_fx_phrase_BlackMagic4_CT.wav
Cinetools Witchcraft【黑暗魔法巫术风火雷电咒语游戏技能音效素材】655544319933.zip,Cinetools Witchcraft/Designer Tools/Bonus/Stingers/EON_Stinger_Aquaphone_fx_phrase_BlackMagic_CT.wav,5369770,32297fae,OK,/volume1/主目录/Collection/素材&模板&音库/音效/02_中文音效合集/魔法法术咒语技能释放音效/Cinetools Witchcraft/Designer Tools/Bonus/Stingers/EON_Stinger_Aquaphone_fx_phrase_BlackMagic_CT.wav
Cinetools Witchcraft【黑暗魔法巫术风火雷电咒语游戏技能音效素材】655544319933.zip,Cinetools Witchcraft/Designer Tools/Bonus/Stingers/EON_Stinger_Aquaphone_fx_phrase_Darkmagic_CT.wav,14090432,07dbc34d,OK,/volume1/主目录/Collection/素材&模板&音库/音效/03_项目素材/LTT_V30All/EON_Stinger_Aquaphone_fx_phrase_Darkmagic_CT.wav
Cinetools Witchcraft【黑暗魔法巫术风火雷电咒语游戏技能音效素材】655544319933.zip,Cinetools Witchcraft/Designer Tools/Bonus/Stingers/EON_Stinger_Aquaphone_fx_phrase_Hitchcockian5_CT.wav,8397520,585ce422,OK,/volume1/主目录/Collection/素材&模板&音库/音效/03_项目素材/LTT_V30All/EON_Stinger_Aquaphone_fx_phrase_Hitchcockian5_CT.wav
Cinetools Witchcraft【黑暗魔法巫术风火雷电咒语游戏技能音效素材】655544319933.zip,Cinetools Witchcraft/Designer Tools/Bonus/Stingers/EON_Stinger_Aquaphone_fx_phrase_Incubus3_CT.wav,7460266,1b5d3eda,OK,/volume1/主目录/Collection/素材&模板&音库/音效/02_中文音效合集/魔法法术咒语技能释放音效/Cinetools Witchcraft/Designer Tools/Bonus/Stingers/EON_Stinger_Aquaphone_fx_phrase_Incubus3_CT.wav
Cinetools Witchcraft【黑暗魔法巫术风火雷电咒语游戏技能音效素材】655544319933.zip,Cinetools Witchcraft/Designer Tools/Bonus/Stingers/EON_Stinger_Aquaphone_fx_phrase_Mystic4_CT.wav,8928124,03749923,OK,/volume1/主目录/Collection/素材&模板&音库/音效/02_中文音效合集/魔法法术咒语技能释放音效/Cinetools Witchcraft/Designer Tools/Bonus/Stingers/EON_Stinger_Aquaphone_fx_phrase_Mystic4_CT.wav
Cinetools Witchcraft【黑暗魔法巫术风火雷电咒语游戏技能音效素材】655544319933.zip,Cinetools Witchcraft/Designer Tools/Bonus/Stingers/EON_Stinger_Aquaphone_fx_phrase_Sequent_CT.wav,12672124,b8688eb9,OK,/volume1/主目录/Collection/素材&模板&音库/音效/02_中文音效合集/魔法法术咒语技能释放音效/Cinetools Witchcraft/Designer Tools/Bonus/Stingers/EON_Stinger_Aquaphone_fx_phrase_Sequent_CT.wav
Cinetools Witchcraft【黑暗魔法巫术风火雷电咒语游戏技能音效素材】655544319933.zip,Cinetools Witchcraft/Designer Tools/Bonus/Stingers/EON_Stinger_Aquaphone_fx_phrase_Squeal2_CT.wav,12096124,8ceea288,OK,/volume1/主目录/Collection/素材&模板&音库/音效/02_中文音效合集/魔法法术咒语技能释放音效/Cinetools Witchcraft/Designer Tools/Bonus/Stingers/EON_Stinger_Aquaphone_fx_phrase_Squeal2_CT.wav
Cinetools Witchcraft【黑暗魔法巫术风火雷电咒语游戏技能音效素材】655544319933.zip,Cinetools Witchcraft/Designer Tools/Bonus/Stingers/EON_Stinger_Aquaphone_fx_rise_LowKiller_CT.wav,13477808,3ffe5a08,NAME_ONLY,/volume1/主目录/Collection/素材&模板&音库/音效/02_中文音效合集/魔法法术咒语技能释放音效/Cinetools Witchcraft/Designer Tools/Bonus/Stingers/EON_Stinger_Aquaphone_fx_rise_LowKiller_CT.wav
Cinetools Witchcraft【黑暗魔法巫术风火雷电咒语游戏技能音效素材】655544319933.zip,Cinetools Witchcraft/Designer Tools/Bonus/Stingers/EON_Stinger_Aquaphone_impact_Tinkle3_CT.wav,6383570,2dc89eac,OK,/volume1/主目录/Collection/素材&模板&音库/音效/02_中文音效合集/魔法法术咒语技能释放音效/Cinetools Witchcraft/Designer Tools/Bonus/Stingers/EON_Stinger_Aquaphone_impact_Tinkle3_CT.wav
Cinetools Witchcraft【黑暗魔法巫术风火雷电咒语游戏技能音效素材】655544319933.zip,Cinetools Witchcraft/Designer Tools/Bonus/Stingers/EON_Stinger_Aquaphone_impact_Tinkle_CT.wav,947744,0dfa344c,OK,/volume1/主目录/Collection/素材&模板&音库/音效/02_中文音效合集/魔法法术咒语技能释放音效/Cinetools Witchcraft/Designer Tools/Bonus/Stingers/EON_Stinger_Aquaphone_impact_Tinkle_CT.wav
Cinetools Witchcraft【黑暗魔法巫术风火雷电咒语游戏技能音效素材】655544319933.zip,Cinetools Witchcraft/Designer Tools/Bonus/Stingers/EON_Stinger_Aquaphone_impact_Warning_CT.wav,958592,f04e9832,OK,/volume1/主目录/Collection/素材&模板&音库/音效/02_中文音效合集/魔法法术咒语技能释放音效/Cinetools Witchcraft/Designer Tools/Bonus/Stingers/EON_Stinger_Aquaphone_impact_Warning_CT.wav
Cinetools Witchcraft【黑暗魔法巫术风火雷电咒语游戏技能音效素材】655544319933.zip,Cinetools Witchcraft/Designer Tools/Bonus/Stingers/EON_Stinger_Aquaphone_impact_phrase_Ascending_CT.wav,7242884,2a353dba,OK,/volume1/主目录/Collection/素材&模板&音库/音效/02_中文音效合集/魔法法术咒语技能释放音效/Cinetools Witchcraft/Designer Tools/Bonus/Stingers/EON_Stinger_Aquaphone_impact_phrase_Ascending_CT.wav
Cinetools Witchcraft【黑暗魔法巫术风火雷电咒语游戏技能音效素材】655544319933.zip,Cinetools Witchcraft/Designer Tools/Bonus/Stingers/EON_Stinger_Aquaphone_impact_phrase_HighClangs_CT.wav,4351550,ccc4fc66,OK,/volume1/主目录/Collection/素材&模板&音库/音效/02_中文音效合集/魔法法术咒语技能释放音效/Cinetools Witchcraft/Designer Tools/Bonus/Stingers/EON_Stinger_Aquaphone_impact_phrase_HighClangs_CT.wav
Cinetools Witchcraft【黑暗魔法巫术风火雷电咒语游戏技能音效素材】655544319933.zip,Cinetools Witchcraft/Designer Tools/Bonus/Stingers/EON_Stinger_Aquaphone_impact_phrase_Weird_CT.wav,5984594,80d3f744,OK,/volume1/主目录/Collection/素材&模板&音库/音效/02_中文音效合集/魔法法术咒语技能释放音效/Cinetools Witchcraft/Designer Tools/Bonus/Stingers/EON_Stinger_Aquaphone_impact_phrase_Weird_CT.wav
Cinetools Witchcraft【黑暗魔法巫术风火雷电咒语游戏技能音效素材】655544319933.zip,Cinetools Witchcraft/Designer Tools/Bonus/Stingers/EON_Stinger_Aquaphone_impact_roll_LongRoad_CT.wav,5737102,e6cb759a,OK,/volume1/主目录/Collection/素材&模板&音库/音效/02_中文音效合集/魔法法术咒语技能释放音效/Cinetools Witchcraft/Designer Tools/Bonus/Stingers/EON_Stinger_Aquaphone_impact_roll_LongRoad_CT.wav
Cinetools Witchcraft【黑暗魔法巫术风火雷电咒语游戏技能音效素材】655544319933.zip,Cinetools Witchcraft/Designer Tools/Bonus/Whooshes/CL_Whoosh_Airliner8_CT.wav,4608124,dd6290a1,OK,/volume1/主目录/Collection/素材&模板&音库/音效/02_中文音效合集/魔法法术咒语技能释放音效/Cinetools Witchcraft/Designer Tools/Bonus/Whooshes/CL_Whoosh_Airliner8_CT.wav
Cinetools Witchcraft【黑暗魔法巫术风火雷电咒语游戏技能音效素材】655544319933.zip,Cinetools Witchcraft/Designer Tools/Bonus/Whooshes/CL_Whoosh_Airliner_Short13_CT.wav,1008124,eabb79be,OK,/volume1/主目录/Collection/素材&模板&音库/音效/02_中文音效合集/魔法法术咒语技能释放音效/Cinetools Witchcraft/Designer Tools/Bonus/Whooshes/CL_Whoosh_Airliner_Short13_CT.wav
Cinetools Witchcraft【黑暗魔法巫术风火雷电咒语游戏技能音效素材】655544319933.zip,Cinetools Witchcraft/Designer Tools/Bonus/Whooshes/CL_Whoosh_Airliner_Short7_CT.wav,792124,55bc0459,OK,/volume1/主目录/Collection/素材&模板&音库/音效/02_中文音效合集/魔法法术咒语技能释放音效/Cinetools Witchcraft/Designer Tools/Bonus/Whooshes/CL_Whoosh_Airliner_Short7_CT.wav
Cinetools Witchcraft【黑暗魔法巫术风火雷电咒语游戏技能音效素材】655544319933.zip,Cinetools Witchcraft/Designer Tools/Bonus/Whooshes/CL_Whoosh_Bamboo2_CT.wav,120142,50de0883,OK,/volume1/主目录/Collection/素材&模板&音库/音效/02_中文音效合集/魔法法术咒语技能释放音效/Cinetools Witchcraft/Designer Tools/Bonus/Whooshes/CL_Whoosh_Bamboo2_CT.wav
Cinetools Witchcraft【黑暗魔法巫术风火雷电咒语游戏技能音效素材】655544319933.zip,Cinetools Witchcraft/Designer Tools/Bonus/Whooshes/CL_Whoosh_Bicycle_Fuzzy_CT.wav,1008124,ea6d0eff,OK,/volume1/主目录/Collection/素材&模板&音库/音效/02_中文音效合集/魔法法术咒语技能释放音效/Cinetools Witchcraft/Designer Tools/Bonus/Whooshes/CL_Whoosh_Bicycle_Fuzzy_CT.wav
Cinetools Witchcraft【黑暗魔法巫术风火雷电咒语游戏技能音效素材】655544319933.zip,Cinetools Witchcraft/Designer Tools/Bonus/Whooshes/CL_Whoosh_Box5_CT.wav,121274,d13b8026,OK,/volume1/主目录/Collection/素材&模板&音库/音效/02_中文音效合集/魔法法术咒语技能释放音效/Cinetools Witchcraft/Designer Tools/Bonus/Whooshes/CL_Whoosh_Box5_CT.wav
Cinetools Witchcraft【黑暗魔法巫术风火雷电咒语游戏技能音效素材】655544319933.zip,Cinetools Witchcraft/Designer Tools/Bonus/Whooshes/CL_Whoosh_Branch3_CT.wav,160676,349974ef,OK,/volume1/主目录/Collection/素材&模板&音库/音效/02_中文音效合集/魔法法术咒语技能释放音效/Cinetools Witchcraft/Designer Tools/Bonus/Whooshes/CL_Whoosh_Branch3_CT.wav
Cinetools Witchcraft【黑暗魔法巫术风火雷电咒语游戏技能音效素材】655544319933.zip,Cinetools Witchcraft/Designer Tools/Bonus/Whooshes/CL_Whoosh_Brook2_CT.wav,1296124,8397b4c9,OK,/volume1/主目录/Collection/素材&模板&音库/音效/02_中文音效合集/魔法法术咒语技能释放音效/Cinetools Witchcraft/Designer Tools/Bonus/Whooshes/CL_Whoosh_Brook2_CT.wav
Cinetools Witchcraft【黑暗魔法巫术风火雷电咒语游戏技能音效素材】655544319933.zip,Cinetools Witchcraft/Designer Tools/Bonus/Whooshes/CL_Whoosh_BullRoarer_Fast_CT.wav,554684,c86e6523,OK,/volume1/主目录/Collection/素材&模板&音库/音效/02_中文音效合集/魔法法术咒语技能释放音效/Cinetools Witchcraft/Designer Tools/Bonus/Whooshes/CL_Whoosh_BullRoarer_Fast_CT.wav
Cinetools Witchcraft【黑暗魔法巫术风火雷电咒语游戏技能音效素材】655544319933.zip,Cinetools Witchcraft/Designer Tools/Bonus/Whooshes/CL_Whoosh_Cable3_CT.wav,216044,2bc6133c,OK,/volume1/主目录/Collection/素材&模板&音库/音效/02_中文音效合集/魔法法术咒语技能释放音效/Cinetools Witchcraft/Designer Tools/Bonus/Whooshes/CL_Whoosh_Cable3_CT.wav
Cinetools Witchcraft【黑暗魔法巫术风火雷电咒语游戏技能音效素材】655544319933.zip,Cinetools Witchcraft/Designer Tools/Bonus/Whooshes/CL_Whoosh_Car_LongInLongOut3_CT.wav,3240124,8f03566d,OK,/volume1/主目录/Collection/素材&模板&音库/音效/02_中文音效合集/魔法法术咒语技能释放音效/Cinetools Witchcraft/Designer Tools/Bonus/Whooshes/CL_Whoosh_Car_LongInLongOut3_CT.wav
Cinetools Witchcraft【黑暗魔法巫术风火雷电咒语游戏技能音效素材】655544319933.zip,Cinetools Witchcraft/Designer Tools/Bonus/Whooshes/CL_Whoosh_Car_Speedy_CT.wav,1440124,aa6ccd22,OK,/volume1/主目录/Collection/素材&模板&音库/音效/02_中文音效合集/魔法法术咒语技能释放音效/Cinetools Witchcraft/Designer Tools/Bonus/Whooshes/CL_Whoosh_Car_Speedy_CT.wav
Cinetools Witchcraft【黑暗魔法巫术风火雷电咒语游戏技能音效素材】655544319933.zip,Cinetools Witchcraft/Designer Tools/Bonus/Whooshes/CL_Whoosh_Cymbal12_CT.wav,2570078,2901f0f4,OK,/volume1/主目录/Collection/素材&模板&音库/音效/02_中文音效合集/魔法法术咒语技能释放音效/Cinetools Witchcraft/Designer Tools/Bonus/Whooshes/CL_Whoosh_Cymbal12_CT.wav
Cinetools Witchcraft【黑暗魔法巫术风火雷电咒语游戏技能音效素材】655544319933.zip,Cinetools Witchcraft/Designer Tools/Bonus/Whooshes/CL_Whoosh_Cymbal21_CT.wav,1927568,e093ffbe,OK,/volume1/主目录/Collection/素材&模板&音库/音效/02_中文音效合集/魔法法术咒语技能释放音效/Cinetools Witchcraft/Designer Tools/Bonus/Whooshes/CL_Whoosh_Cymbal21_CT.wav
Cinetools Witchcraft【黑暗魔法巫术风火雷电咒语游戏技能音效素材】655544319933.zip,Cinetools Witchcraft/Designer Tools/Bonus/Whooshes/CL_Whoosh_Leather_Jacket5_CT.wav,261088,0909db45,OK,/volume1/主目录/Collection/素材&模板&音库/音效/02_中文音效合集/魔法法术咒语技能释放音效/Cinetools Witchcraft/Designer Tools/Bonus/Whooshes/CL_Whoosh_Leather_Jacket5_CT.wav
Cinetools Witchcraft【黑暗魔法巫术风火雷电咒语游戏技能音效素材】655544319933.zip,Cinetools Witchcraft/Designer Tools/Bonus/Whooshes/CL_Whoosh_Leather_Jacket9_CT.wav,599338,ac9006b6,OK,/volume1/主目录/Collection/素材&模板&音库/音效/02_中文音效合集/魔法法术咒语技能释放音效/Cinetools Witchcraft/Designer Tools/Bonus/Whooshes/CL_Whoosh_Leather_Jacket9_CT.wav
Cinetools Witchcraft【黑暗魔法巫术风火雷电咒语游戏技能音效素材】655544319933.zip,Cinetools Witchcraft/Designer Tools/Bonus/Whooshes/CL_Whoosh_Metro_Short4_CT.wav,720124,adb8cff9,OK,/volume1/主目录/Collection/素材&模板&音库/音效/02_中文音效合集/魔法法术咒语技能释放音效/Cinetools Witchcraft/Designer Tools/Bonus/Whooshes/CL_Whoosh_Metro_Short4_CT.wav
Cinetools Witchcraft【黑暗魔法巫术风火雷电咒语游戏技能音效素材】655544319933.zip,Cinetools Witchcraft/Designer Tools/Bonus/Whooshes/CL_Whoosh_Metro_Short_CT.wav,1232602,3a2d6b8d,OK,/volume1/主目录/Collection/素材&模板&音库/音效/02_中文音效合集/魔法法术咒语技能释放音效/Cinetools Witchcraft/Designer Tools/Bonus/Whooshes/CL_Whoosh_Metro_Short_CT.wav
Cinetools Witchcraft【黑暗魔法巫术风火雷电咒语游戏技能音效素材】655544319933.zip,Cinetools Witchcraft/Designer Tools/Bonus/Whooshes/CL_Whoosh_Paper_Crumple4_CT.wav,720044,f3236f8a,OK,/volume1/主目录/Collection/素材&模板&音库/音效/02_中文音效合集/魔法法术咒语技能释放音效/Cinetools Witchcraft/Designer Tools/Bonus/Whooshes/CL_Whoosh_Paper_Crumple4_CT.wav
Cinetools Witchcraft【黑暗魔法巫术风火雷电咒语游戏技能音效素材】655544319933.zip,Cinetools Witchcraft/Designer Tools/Bonus/Whooshes/CL_Whoosh_Plane_Passenger_Medium_CT.wav,3744124,9b605795,OK,/volume1/主目录/Collection/素材&模板&音库/音效/02_中文音效合集/魔法法术咒语技能释放音效/Cinetools Witchcraft/Designer Tools/Bonus/Whooshes/CL_Whoosh_Plane_Passenger_Medium_CT.wav
Cinetools Witchcraft【黑暗魔法巫术风火雷电咒语游戏技能音效素材】655544319933.zip,Cinetools Witchcraft/Designer Tools/Bonus/Whooshes/CL_Whoosh_Plane_Passenger_Short3_CT.wav,1296124,d37c6872,OK,/volume1/主目录/Collection/素材&模板&音库/音效/02_中文音效合集/魔法法术咒语技能释放音效/Cinetools Witchcraft/Designer Tools/Bonus/Whooshes/CL_Whoosh_Plane_Passenger_Short3_CT.wav
Cinetools Witchcraft【黑暗魔法巫术风火雷电咒语游戏技能音效素材】655544319933.zip,Cinetools Witchcraft/Designer Tools/Bonus/Whooshes/CL_Whoosh_Rain&Thunderstorm2_CT.wav,3090466,3f339674,OK,/volume1/主目录/Collection/素材&模板&音库/音效/02_中文音效合集/魔法法术咒语技能释放音效/Cinetools Witchcraft/Designer Tools/Bonus/Whooshes/CL_Whoosh_Rain&Thunderstorm2_CT.wav
Cinetools Witchcraft【黑暗魔法巫术风火雷电咒语游戏技能音效素材】655544319933.zip,Cinetools Witchcraft/Designer Tools/Bonus/Whooshes/CL_Whoosh_Rain_Heavy2_CT.wav,1059010,6e980a7a,OK,/volume1/主目录/Collection/素材&模板&音库/音效/02_中文音效合集/魔法法术咒语技能释放音效/Cinetools Witchcraft/Designer Tools/Bonus/Whooshes/CL_Whoosh_Rain_Heavy2_CT.wav
Cinetools Witchcraft【黑暗魔法巫术风火雷电咒语游戏技能音效素材】655544319933.zip,Cinetools Witchcraft/Designer Tools/Bonus/Whooshes/CL_Whoosh_Rain_Short4_CT.wav,1772506,d5883ab4,OK,/volume1/主目录/Collection/素材&模板&音库/音效/02_中文音效合集/魔法法术咒语技能释放音效/Cinetools Witchcraft/Designer Tools/Bonus/Whooshes/CL_Whoosh_Rain_Short4_CT.wav
Cinetools Witchcraft【黑暗魔法巫术风火雷电咒语游戏技能音效素材】655544319933.zip,Cinetools Witchcraft/Designer Tools/Bonus/Whooshes/CL_Whoosh_River_Furious4_CT.wav,1656124,e648bb97,OK,/volume1/主目录/Collection/素材&模板&音库/音效/02_中文音效合集/魔法法术咒语技能释放音效/Cinetools Witchcraft/Designer Tools/Bonus/Whooshes/CL_Whoosh_River_Furious4_CT.wav
Cinetools Witchcraft【黑暗魔法巫术风火雷电咒语游戏技能音效素材】655544319933.zip,Cinetools Witchcraft/Designer Tools/Bonus/Whooshes/CL_Whoosh_River_Furious7_CT.wav,936124,d487204d,OK,/volume1/主目录/Collection/素材&模板&音库/音效/03_项目素材/LTT_V30All/CL_Whoosh_River_Furious7_CT.wav
Cinetools Witchcraft【黑暗魔法巫术风火雷电咒语游戏技能音效素材】655544319933.zip,Cinetools Witchcraft/Designer Tools/Bonus/Whooshes/CL_Whoosh_River_Heavy11_CT.wav,1152124,c4ad5fb2,OK,/volume1/主目录/Collection/素材&模板&音库/音效/03_项目素材/LTT_V30All/CL_Whoosh_River_Heavy11_CT.wav
Cinetools Witchcraft【黑暗魔法巫术风火雷电咒语游戏技能音效素材】655544319933.zip,Cinetools Witchcraft/Designer Tools/Bonus/Whooshes/CL_Whoosh_River_Heavy13_CT.wav,792124,0d1f7f3d,OK,/volume1/主目录/Collection/素材&模板&音库/音效/02_中文音效合集/魔法法术咒语技能释放音效/Cinetools Witchcraft/Designer Tools/Bonus/Whooshes/CL_Whoosh_River_Heavy13_CT.wav
Cinetools Witchcraft【黑暗魔法巫术风火雷电咒语游戏技能音效素材】655544319933.zip,Cinetools Witchcraft/Designer Tools/Bonus/Whooshes/CL_Whoosh_SeaWave3_CT.wav,2140156,87f0a73f,OK,/volume1/主目录/Collection/素材&模板&音库/音效/02_中文音效合集/魔法法术咒语技能释放音效/Cinetools Witchcraft/Designer Tools/Bonus/Whooshes/CL_Whoosh_SeaWave3_CT.wav
Cinetools Witchcraft【黑暗魔法巫术风火雷电咒语游戏技能音效素材】655544319933.zip,Cinetools Witchcraft/Designer Tools/Bonus/Whooshes/CL_Whoosh_Seashore&Wind3_CT.wav,1659574,d775fd58,OK,/volume1/主目录/Collection/素材&模板&音库/音效/02_中文音效合集/魔法法术咒语技能释放音效/Cinetools Witchcraft/Designer Tools/Bonus/Whooshes/CL_Whoosh_Seashore&Wind3_CT.wav
Cinetools Witchcraft【黑暗魔法巫术风火雷电咒语游戏技能音效素材】655544319933.zip,Cinetools Witchcraft/Designer Tools/Bonus/Whooshes/CL_Whoosh_Seashore&Wind7_CT.wav,2288524,e08c74a0,OK,/volume1/主目录/Collection/素材&模板&音库/音效/02_中文音效合集/魔法法术咒语技能释放音效/Cinetools Witchcraft/Designer Tools/Bonus/Whooshes/CL_Whoosh_Seashore&Wind7_CT.wav
Cinetools Witchcraft【黑暗魔法巫术风火雷电咒语游戏技能音效素材】655544319933.zip,Cinetools Witchcraft/Designer Tools/Bonus/Whooshes/CL_Whoosh_Seashore&Wind9_CT.wav,1857838,5ae5bcaf,OK,/volume1/主目录/Collection/素材&模板&音库/音效/02_中文音效合集/魔法法术咒语技能释放音效/Cinetools Witchcraft/Designer Tools/Bonus/Whooshes/CL_Whoosh_Seashore&Wind9_CT.wav
Cinetools Witchcraft【黑暗魔法巫术风火雷电咒语游戏技能音效素材】655544319933.zip,Cinetools Witchcraft/Designer Tools/Bonus/Whooshes/CL_Whoosh_Seashore&Wind_CT.wav,2288524,7f05cd0b,OK,/volume1/主目录/Collection/素材&模板&音库/音效/02_中文音效合集/魔法法术咒语技能释放音效/Cinetools Witchcraft/Designer Tools/Bonus/Whooshes/CL_Whoosh_Seashore&Wind_CT.wav
Cinetools Witchcraft【黑暗魔法巫术风火雷电咒语游戏技能音效素材】655544319933.zip,Cinetools Witchcraft/Designer Tools/Bonus/Whooshes/CL_Whoosh_SuperBike3_CT.wav,1872124,5e0a6fa7,OK,/volume1/主目录/Collection/素材&模板&音库/音效/02_中文音效合集/魔法法术咒语技能释放音效/Cinetools Witchcraft/Designer Tools/Bonus/Whooshes/CL_Whoosh_SuperBike3_CT.wav
Cinetools Witchcraft【黑暗魔法巫术风火雷电咒语游戏技能音效素材】655544319933.zip,Cinetools Witchcraft/Designer Tools/Bonus/Whooshes/CL_Whoosh_Train_Freight_Long3_CT.wav,3857632,7a29753d,OK,/volume1/主目录/Collection/素材&模板&音库/音效/02_中文音效合集/魔法法术咒语技能释放音效/Cinetools Witchcraft/Designer Tools/Bonus/Whooshes/CL_Whoosh_Train_Freight_Long3_CT.wav
Cinetools Witchcraft【黑暗魔法巫术风火雷电咒语游戏技能音效素材】655544319933.zip,Cinetools Witchcraft/Designer Tools/Bonus/Whooshes/CL_Whoosh_Train_Freight_Short2_CT.wav,1872124,fa71f844,OK,/volume1/主目录/Collection/素材&模板&音库/音效/02_中文音效合集/魔法法术咒语技能释放音效/Cinetools Witchcraft/Designer Tools/Bonus/Whooshes/CL_Whoosh_Train_Freight_Short2_CT.wav
Cinetools Witchcraft【黑暗魔法巫术风火雷电咒语游戏技能音效素材】655544319933.zip,Cinetools Witchcraft/Designer Tools/Bonus/Whooshes/CL_Whoosh_Train_HighSpeed3_CT.wav,1728124,ba1652eb,OK,/volume1/主目录/Collection/素材&模板&音库/音效/02_中文音效合集/魔法法术咒语技能释放音效/Cinetools Witchcraft/Designer Tools/Bonus/Whooshes/CL_Whoosh_Train_HighSpeed3_CT.wav
Cinetools Witchcraft【黑暗魔法巫术风火雷电咒语游戏技能音效素材】655544319933.zip,Cinetools Witchcraft/Designer Tools/Bonus/Whooshes/CL_Whoosh_Train_Passenger3_CT.wav,3456124,cd2a3174,OK,/volume1/主目录/Collection/素材&模板&音库/音效/02_中文音效合集/魔法法术咒语技能释放音效/Cinetools Witchcraft/Designer Tools/Bonus/Whooshes/CL_Whoosh_Train_Passenger3_CT.wav
Cinetools Witchcraft【黑暗魔法巫术风火雷电咒语游戏技能音效素材】655544319933.zip,Cinetools Witchcraft/Designer Tools/Bonus/Whooshes/CL_Whoosh_Train_Passenger_Short6_CT.wav,728524,829e4607,OK,/volume1/主目录/Collection/素材&模板&音库/音效/02_中文音效合集/魔法法术咒语技能释放音效/Cinetools Witchcraft/Designer Tools/Bonus/Whooshes/CL_Whoosh_Train_Passenger_Short6_CT.wav
Cinetools Witchcraft【黑暗魔法巫术风火雷电咒语游戏技能音效素材】655544319933.zip,Cinetools Witchcraft/Designer Tools/Bonus/Whooshes/CL_Whoosh_Voice10_CT.wav,615292,5ae249ec,OK,/volume1/主目录/Collection/素材&模板&音库/音效/02_中文音效合集/魔法法术咒语技能释放音效/Cinetools Witchcraft/Designer Tools/Bonus/Whooshes/CL_Whoosh_Voice10_CT.wav
Cinetools Witchcraft【黑暗魔法巫术风火雷电咒语游戏技能音效素材】655544319933.zip,Cinetools Witchcraft/Designer Tools/Bonus/Whooshes/CL_Whoosh_Voice14_CT.wav,682648,28ec6795,OK,/volume1/主目录/Collection/素材&模板&音库/音效/02_中文音效合集/魔法法术咒语技能释放音效/Cinetools Witchcraft/Designer Tools/Bonus/Whooshes/CL_Whoosh_Voice14_CT.wav
Cinetools Witchcraft【黑暗魔法巫术风火雷电咒语游戏技能音效素材】655544319933.zip,Cinetools Witchcraft/Designer Tools/Bonus/Whooshes/CL_Whoosh_Voice2_CT.wav,409096,a3cda9d9,OK,/volume1/主目录/Collection/素材&模板&音库/音效/02_中文音效合集/魔法法术咒语技能释放音效/Cinetools Witchcraft/Designer Tools/Bonus/Whooshes/CL_Whoosh_Voice2_CT.wav
Cinetools Witchcraft【黑暗魔法巫术风火雷电咒语游戏技能音效素材】655544319933.zip,Cinetools Witchcraft/Designer Tools/Bonus/Whooshes/CL_Whoosh_Voice6_CT.wav,587974,f1cfc72e,OK,/volume1/主目录/Collection/素材&模板&音库/音效/02_中文音效合集/魔法法术咒语技能释放音效/Cinetools Witchcraft/Designer Tools/Bonus/Whooshes/CL_Whoosh_Voice6_CT.wav
Cinetools Witchcraft【黑暗魔法巫术风火雷电咒语游戏技能音效素材】655544319933.zip,Cinetools Witchcraft/Designer Tools/Bonus/Whooshes/CL_Whoosh_Waterfall4_CT.wav,1368124,ccd8070f,OK,/volume1/主目录/Collection/素材&模板&音库/音效/02_中文音效合集/魔法法术咒语技能释放音效/Cinetools Witchcraft/Designer Tools/Bonus/Whooshes/CL_Whoosh_Waterfall4_CT.wav
Cinetools Witchcraft【黑暗魔法巫术风火雷电咒语游戏技能音效素材】655544319933.zip,Cinetools Witchcraft/Designer Tools/Bonus/Whooshes/CL_Whoosh_Waterfall8_CT.wav,1368124,6651cdf0,OK,/volume1/主目录/Collection/素材&模板&音库/音效/02_中文音效合集/魔法法术咒语技能释放音效/Cinetools Witchcraft/Designer Tools/Bonus/Whooshes/CL_Whoosh_Waterfall8_CT.wav
Cinetools Witchcraft【黑暗魔法巫术风火雷电咒语游戏技能音效素材】655544319933.zip,Cinetools Witchcraft/Designer Tools/Bonus/Whooshes/CL_Whoosh_Waterfall9_CT.wav,1944124,9cb685c1,OK,/volume1/主目录/Collection/素材&模板&音库/音效/02_中文音效合集/魔法法术咒语技能释放音效/Cinetools Witchcraft/Designer Tools/Bonus/Whooshes/CL_Whoosh_Waterfall9_CT.wav
Cinetools Witchcraft【黑暗魔法巫术风火雷电咒语游戏技能音效素材】655544319933.zip,Cinetools Witchcraft/Designer Tools/Bonus/Whooshes/CL_Whoosh_WindyAtmos5_CT.wav,630044,763c91fd,OK,/volume1/主目录/Collection/素材&模板&音库/音效/02_中文音效合集/魔法法术咒语技能释放音效/Cinetools Witchcraft/Designer Tools/Bonus/Whooshes/CL_Whoosh_WindyAtmos5_CT.wav
Cinetools Witchcraft【黑暗魔法巫术风火雷电咒语游戏技能音效素材】655544319933.zip,Cinetools Witchcraft/Designer Tools/Bonus/Whooshes/CL_Whoosh_WindyBeach3_CT.wav,1872124,4c307589,OK,/volume1/主目录/Collection/素材&模板&音库/音效/02_中文音效合集/魔法法术咒语技能释放音效/Cinetools Witchcraft/Designer Tools/Bonus/Whooshes/CL_Whoosh_WindyBeach3_CT.wav
Cinetools Witchcraft【黑暗魔法巫术风火雷电咒语游戏技能音效素材】655544319933.zip,Cinetools Witchcraft/Designer Tools/Bonus/Whooshes/CL_Whoosh_WindyBeach_CT.wav,2160124,241259bc,OK,/volume1/主目录/Collection/素材&模板&音库/音效/02_中文音效合集/魔法法术咒语技能释放音效/Cinetools Witchcraft/Designer Tools/Bonus/Whooshes/CL_Whoosh_WindyBeach_CT.wav
Cinetools Witchcraft【黑暗魔法巫术风火雷电咒语游戏技能音效素材】655544319933.zip,Cinetools Witchcraft/Designer Tools/Bonus/Whooshes/CL_Whoosh_WindyBeach_Short3_CT.wav,864124,35949472,OK,/volume1/主目录/Collection/素材&模板&音库/音效/02_中文音效合集/魔法法术咒语技能释放音效/Cinetools Witchcraft/Designer Tools/Bonus/Whooshes/CL_Whoosh_WindyBeach_Short3_CT.wav
Cinetools Witchcraft【黑暗魔法巫术风火雷电咒语游戏技能音效素材】655544319933.zip,Cinetools Witchcraft/Designer Tools/Drone/WC_Drone_BinauralGlitches_CT.wav,29327728,d4811c0c,OK,/volume1/主目录/Collection/素材&模板&音库/音效/02_中文音效合集/魔法法术咒语技能释放音效/Cinetools Witchcraft/Designer Tools/Drone/WC_Drone_BinauralGlitches_CT.wav
Cinetools Witchcraft【黑暗魔法巫术风火雷电咒语游戏技能音效素材】655544319933.zip,Cinetools Witchcraft/Designer Tools/Drone/WC_Drone_BoutiqueMash_CT.wav,30780026,cd953da3,OK,/volume1/主目录/Collection/素材&模板&音库/音效/02_中文音效合集/魔法法术咒语技能释放音效/Cinetools Witchcraft/Designer Tools/Drone/WC_Drone_BoutiqueMash_CT.wav
Cinetools Witchcraft【黑暗魔法巫术风火雷电咒语游戏技能音效素材】655544319933.zip,Cinetools Witchcraft/Designer Tools/Drone/WC_Drone_CornField_CT.wav,74963974,2dae9d70,OK,/volume1/主目录/Collection/素材&模板&音库/音效/02_中文音效合集/魔法法术咒语技能释放音效/Cinetools Witchcraft/Designer Tools/Drone/WC_Drone_CornField_CT.wav
Cinetools Witchcraft【黑暗魔法巫术风火雷电咒语游戏技能音效素材】655544319933.zip,Cinetools Witchcraft/Designer Tools/Drone/WC_Drone_Current_CT.wav,7088658,43dbdb28,OK,/volume1/主目录/Collection/素材&模板&音库/音效/02_中文音效合集/魔法法术咒语技能释放音效/Cinetools Witchcraft/Designer Tools/Drone/WC_Drone_Current_CT.wav
Cinetools Witchcraft【黑暗魔法巫术风火雷电咒语游戏技能音效素材】655544319933.zip,Cinetools Witchcraft/Designer Tools/Drone/WC_Drone_Cyclic_CT.wav,41348102,b058a927,OK,/volume1/主目录/Collection/素材&模板&音库/音效/02_中文音效合集/魔法法术咒语技能释放音效/Cinetools Witchcraft/Designer Tools/Drone/WC_Drone_Cyclic_CT.wav
Cinetools Witchcraft【黑暗魔法巫术风火雷电咒语游戏技能音效素材】655544319933.zip,Cinetools Witchcraft/Designer Tools/Drone/WC_Drone_Cymbalin_CT.wav,26368956,3d8a344d,NAME_ONLY,/volume1/主目录/Collection/素材&模板&音库/音效/02_中文音效合集/魔法法术咒语技能释放音效/Cinetools Witchcraft/Designer Tools/Drone/WC_Drone_Cymbalin_CT.wav
Cinetools Witchcraft【黑暗魔法巫术风火雷电咒语游戏技能音效素材】655544319933.zip,Cinetools Witchcraft/Designer Tools/Drone/WC_Drone_DistantSignals_CT.wav,29046698,d12ec189,OK,/volume1/主目录/Collection/素材&模板&音库/音效/02_中文音效合集/魔法法术咒语技能释放音效/Cinetools Witchcraft/Designer Tools/Drone/WC_Drone_DistantSignals_CT.wav
Cinetools Witchcraft【黑暗魔法巫术风火雷电咒语游戏技能音效素材】655544319933.zip,Cinetools Witchcraft/Designer Tools/Drone/WC_Drone_ElectronicDreams_CT.wav,36875792,c4bcac40,OK,/volume1/主目录/Collection/素材&模板&音库/音效/02_中文音效合集/魔法法术咒语技能释放音效/Cinetools Witchcraft/Designer Tools/Drone/WC_Drone_ElectronicDreams_CT.wav
Cinetools Witchcraft【黑暗魔法巫术风火雷电咒语游戏技能音效素材】655544319933.zip,Cinetools Witchcraft/Designer Tools/Drone/WC_Drone_FrozenChord_CT.wav,32664052,31900596,OK,/volume1/主目录/Collection/素材&模板&音库/音效/02_中文音效合集/魔法法术咒语技能释放音效/Cinetools Witchcraft/Designer Tools/Drone/WC_Drone_FrozenChord_CT.wav
Cinetools Witchcraft【黑暗魔法巫术风火雷电咒语游戏技能音效素材】655544319933.zip,Cinetools Witchcraft/Designer Tools/Drone/WC_Drone_HighPitched_CT.wav,53027500,24bbd1cf,OK,/volume1/主目录/Collection/素材&模板&音库/音效/02_中文音效合集/魔法法术咒语技能释放音效/Cinetools Witchcraft/Designer Tools/Drone/WC_Drone_HighPitched_CT.wav
Cinetools Witchcraft【黑暗魔法巫术风火雷电咒语游戏技能音效素材】655544319933.zip,Cinetools Witchcraft/Designer Tools/Drone/WC_Drone_Industrial_CT.wav,31451864,49f5a851,OK,/volume1/主目录/Collection/素材&模板&音库/音效/02_中文音效合集/魔法法术咒语技能释放音效/Cinetools Witchcraft/Designer Tools/Drone/WC_Drone_Industrial_CT.wav
Cinetools Witchcraft【黑暗魔法巫术风火雷电咒语游戏技能音效素材】655544319933.zip,Cinetools Witchcraft/Designer Tools/Drone/WC_Drone_LowWind_CT.wav,37740354,421da789,OK,/volume1/主目录/Collection/素材&模板&音库/音效/02_中文音效合集/魔法法术咒语技能释放音效/Cinetools Witchcraft/Designer Tools/Drone/WC_Drone_LowWind_CT.wav
Cinetools Witchcraft【黑暗魔法巫术风火雷电咒语游戏技能音效素材】655544319933.zip,Cinetools Witchcraft/Designer Tools/Drone/WC_Drone_MonumentalSweep_CT.wav,65857248,46730d35,OK,/volume1/主目录/Collection/素材&模板&音库/音效/02_中文音效合集/魔法法术咒语技能释放音效/Cinetools Witchcraft/Designer Tools/Drone/WC_Drone_MonumentalSweep_CT.wav
Cinetools Witchcraft【黑暗魔法巫术风火雷电咒语游戏技能音效素材】655544319933.zip,Cinetools Witchcraft/Designer Tools/Drone/WC_Drone_Nausea_CT.wav,24817548,23bd9035,OK,/volume1/主目录/Collection/素材&模板&音库/音效/02_中文音效合集/魔法法术咒语技能释放音效/Cinetools Witchcraft/Designer Tools/Drone/WC_Drone_Nausea_CT.wav
Cinetools Witchcraft【黑暗魔法巫术风火雷电咒语游戏技能音效素材】655544319933.zip,Cinetools Witchcraft/Designer Tools/Drone/WC_Drone_NoiseBed_CT.wav,18499682,f7ff5ae6,OK,/volume1/主目录/Collection/素材&模板&音库/音效/02_中文音效合集/魔法法术咒语技能释放音效/Cinetools Witchcraft/Designer Tools/Drone/WC_Drone_NoiseBed_CT.wav
Cinetools Witchcraft【黑暗魔法巫术风火雷电咒语游戏技能音效素材】655544319933.zip,Cinetools Witchcraft/Designer Tools/Drone/WC_Drone_RadioStatic_CT.wav,45345502,b43c898c,OK,/volume1/主目录/Collection/素材&模板&音库/音效/02_中文音效合集/魔法法术咒语技能释放音效/Cinetools Witchcraft/Designer Tools/Drone/WC_Drone_RadioStatic_CT.wav
Cinetools Witchcraft【黑暗魔法巫术风火雷电咒语游戏技能音效素材】655544319933.zip,Cinetools Witchcraft/Designer Tools/Drone/WC_Drone_Repeating_CT.wav,11933764,8909e2f4,OK,/volume1/主目录/Collection/素材&模板&音库/音效/02_中文音效合集/魔法法术咒语技能释放音效/Cinetools Witchcraft/Designer Tools/Drone/WC_Drone_Repeating_CT.wav
Cinetools Witchcraft【黑暗魔法巫术风火雷电咒语游戏技能音效素材】655544319933.zip,Cinetools Witchcraft/Designer Tools/Drone/WC_Drone_RoughStatic_CT.wav,17712524,ac76fc86,OK,/volume1/主目录/Collection/素材&模板&音库/音效/02_中文音效合集/魔法法术咒语技能释放音效/Cinetools Witchcraft/Designer Tools/Drone/WC_Drone_RoughStatic_CT.wav
Cinetools Witchcraft【黑暗魔法巫术风火雷电咒语游戏技能音效素材】655544319933.zip,Cinetools Witchcraft/Designer Tools/Drone/WC_Drone_StandingWave_CT.wav,67236346,b26ddd7e,OK,/volume1/主目录/Collection/素材&模板&音库/音效/02_中文音效合集/魔法法术咒语技能释放音效/Cinetools Witchcraft/Designer Tools/Drone/WC_Drone_StandingWave_CT.wav
Cinetools Witchcraft【黑暗魔法巫术风火雷电咒语游戏技能音效素材】655544319933.zip,Cinetools Witchcraft/Designer Tools/Drone/WC_Drone_StutterPierce_CT.wav,29785226,49fadeb0,OK,/volume1/主目录/Collection/素材&模板&音库/音效/02_中文音效合集/魔法法术咒语技能释放音效/Cinetools Witchcraft/Designer Tools/Drone/WC_Drone_StutterPierce_CT.wav
Cinetools Witchcraft【黑暗魔法巫术风火雷电咒语游戏技能音效素材】655544319933.zip,Cinetools Witchcraft/Designer Tools/Drone/WC_Drone_SubPulsation_CT.wav,41714340,bd496b0e,OK,/volume1/主目录/Collection/素材&模板&音库/音效/02_中文音效合集/魔法法术咒语技能释放音效/Cinetools Witchcraft/Designer Tools/Drone/WC_Drone_SubPulsation_CT.wav
Cinetools Witchcraft【黑暗魔法巫术风火雷电咒语游戏技能音效素材】655544319933.zip,Cinetools Witchcraft/Designer Tools/Drone/WC_Drone_Swirling_CT.wav,63485104,d7273856,OK,/volume1/主目录/Collection/素材&模板&音库/音效/02_中文音效合集/魔法法术咒语技能释放音效/Cinetools Witchcraft/Designer Tools/Drone/WC_Drone_Swirling_CT.wav
Cinetools Witchcraft【黑暗魔法巫术风火雷电咒语游戏技能音效素材】655544319933.zip,Cinetools Witchcraft/Designer Tools/Drone/WC_Drone_SyncGrain_CT.wav,9608452,3e8a6fef,OK,/volume1/主目录/Collection/素材&模板&音库/音效/02_中文音效合集/魔法法术咒语技能释放音效/Cinetools Witchcraft/Designer Tools/Drone/WC_Drone_SyncGrain_CT.wav
Cinetools Witchcraft【黑暗魔法巫术风火雷电咒语游戏技能音效素材】655544319933.zip,Cinetools Witchcraft/Designer Tools/Drone/WC_Drone_TheTribe_CT.wav,50009938,ca312549,OK,/volume1/主目录/Collection/素材&模板&音库/音效/02_中文音效合集/魔法法术咒语技能释放音效/Cinetools Witchcraft/Designer Tools/Drone/WC_Drone_TheTribe_CT.wav
Cinetools Witchcraft【黑暗魔法巫术风火雷电咒语游戏技能音效素材】655544319933.zip,Cinetools Witchcraft/Designer Tools/Drone/WC_Drone_Throbbing_CT.wav,47122660,8491aee0,OK,/volume1/主目录/Collection/素材&模板&音库/音效/02_中文音效合集/魔法法术咒语技能释放音效/Cinetools Witchcraft/Designer Tools/Drone/WC_Drone_Throbbing_CT.wav
Cinetools Witchcraft【黑暗魔法巫术风火雷电咒语游戏技能音效素材】655544319933.zip,Cinetools Witchcraft/Designer Tools/Drone/WC_Drone_Tin_CT.wav,46435812,f93429b7,OK,/volume1/主目录/Collection/素材&模板&音库/音效/02_中文音效合集/魔法法术咒语技能释放音效/Cinetools Witchcraft/Designer Tools/Drone/WC_Drone_Tin_CT.wav
Cinetools Witchcraft【黑暗魔法巫术风火雷电咒语游戏技能音效素材】655544319933.zip,Cinetools Witchcraft/Designer Tools/Elemental/Electricity/WC_Electricity_Abrupt_CT.wav,2464404,2b7e34a1,OK,/volume1/主目录/Collection/素材&模板&音库/音效/02_中文音效合集/魔法法术咒语技能释放音效/Cinetools Witchcraft/Designer Tools/Elemental/Electricity/WC_Electricity_Abrupt_CT.wav
Cinetools Witchcraft【黑暗魔法巫术风火雷电咒语游戏技能音效素材】655544319933.zip,Cinetools Witchcraft/Designer Tools/Elemental/Electricity/WC_Electricity_Awww_CT.wav,1424528,35233694,OK,/volume1/主目录/Collection/素材&模板&音库/音效/02_中文音效合集/魔法法术咒语技能释放音效/Cinetools Witchcraft/Designer Tools/Elemental/Electricity/WC_Electricity_Awww_CT.wav
Cinetools Witchcraft【黑暗魔法巫术风火雷电咒语游戏技能音效素材】655544319933.zip,Cinetools Witchcraft/Designer Tools/Elemental/Electricity/WC_Electricity_BadAmp_CT.wav,1904286,c7bcc366,OK,/volume1/主目录/Collection/素材&模板&音库/音效/02_中文音效合集/魔法法术咒语技能释放音效/Cinetools Witchcraft/Designer Tools/Elemental/Electricity/WC_Electricity_BadAmp_CT.wav
Cinetools Witchcraft【黑暗魔法巫术风火雷电咒语游戏技能音效素材】655544319933.zip,Cinetools Witchcraft/Designer Tools/Elemental/Electricity/WC_Electricity_BadSignal_CT.wav,6698358,9bc9a512,OK,/volume1/主目录/Collection/素材&模板&音库/音效/02_中文音效合集/魔法法术咒语技能释放音效/Cinetools Witchcraft/Designer Tools/Elemental/Electricity/WC_Electricity_BadSignal_CT.wav
Cinetools Witchcraft【黑暗魔法巫术风火雷电咒语游戏技能音效素材】655544319933.zip,Cinetools Witchcraft/Designer Tools/Elemental/Electricity/WC_Electricity_Bend_CT.wav,2424178,3b55f744,OK,/volume1/主目录/Collection/素材&模板&音库/音效/02_中文音效合集/魔法法术咒语技能释放音效/Cinetools Witchcraft/Designer Tools/Elemental/Electricity/WC_Electricity_Bend_CT.wav
Cinetools Witchcraft【黑暗魔法巫术风火雷电咒语游戏技能音效素材】655544319933.zip,Cinetools Witchcraft/Designer Tools/Elemental/Electricity/WC_Electricity_BitHall_CT.wav,2450594,60bc3147,OK,/volume1/主目录/Collection/素材&模板&音库/音效/02_中文音效合集/魔法法术咒语技能释放音效/Cinetools Witchcraft/Designer Tools/Elemental/Electricity/WC_Electricity_BitHall_CT.wav
Cinetools Witchcraft【黑暗魔法巫术风火雷电咒语游戏技能音效素材】655544319933.zip,Cinetools Witchcraft/Designer Tools/Elemental/Electricity/WC_Electricity_BitTremolo_CT.wav,15419032,4b8da5bc,OK,/volume1/主目录/Collection/素材&模板&音库/音效/02_中文音效合集/魔法法术咒语技能释放音效/Cinetools Witchcraft/Designer Tools/Elemental/Electricity/WC_Electricity_BitTremolo_CT.wav
Cinetools Witchcraft【黑暗魔法巫术风火雷电咒语游戏技能音效素材】655544319933.zip,Cinetools Witchcraft/Designer Tools/Elemental/Electricity/WC_Electricity_Bitsweep_CT.wav,4960228,7ef0189c,OK,/volume1/主目录/Collection/素材&模板&音库/音效/02_中文音效合集/魔法法术咒语技能释放音效/Cinetools Witchcraft/Designer Tools/Elemental/Electricity/WC_Electricity_Bitsweep_CT.wav
Cinetools Witchcraft【黑暗魔法巫术风火雷电咒语游戏技能音效素材】655544319933.zip,Cinetools Witchcraft/Designer Tools/Elemental/Electricity/WC_Electricity_BuzzPower_CT.wav,705260,b2a6d387,OK,/volume1/主目录/Collection/素材&模板&音库/音效/02_中文音效合集/魔法法术咒语技能释放音效/Cinetools Witchcraft/Designer Tools/Elemental/Electricity/WC_Electricity_BuzzPower_CT.wav
Cinetools Witchcraft【黑暗魔法巫术风火雷电咒语游戏技能音效素材】655544319933.zip,Cinetools Witchcraft/Designer Tools/Elemental/Electricity/WC_Electricity_Cable_CT.wav,6539856,cbaa165e,OK,/volume1/主目录/Collection/素材&模板&音库/音效/02_中文音效合集/魔法法术咒语技能释放音效/Cinetools Witchcraft/Designer Tools/Elemental/Electricity/WC_Electricity_Cable_CT.wav
Cinetools Witchcraft【黑暗魔法巫术风火雷电咒语游戏技能音效素材】655544319933.zip,Cinetools Witchcraft/Designer Tools/Elemental/Electricity/WC_Electricity_Clipper_CT.wav,2331718,7e74e1d6,OK,/volume1/主目录/Collection/素材&模板&音库/音效/02_中文音效合集/魔法法术咒语技能释放音效/Cinetools Witchcraft/Designer Tools/Elemental/Electricity/WC_Electricity_Clipper_CT.wav
Cinetools Witchcraft【黑暗魔法巫术风火雷电咒语游戏技能音效素材】655544319933.zip,Cinetools Witchcraft/Designer Tools/Elemental/Electricity/WC_Electricity_CutUp_CT.wav,6203082,f515659a,OK,/volume1/主目录/Collection/素材&模板&音库/音效/02_中文音效合集/魔法法术咒语技能释放音效/Cinetools Witchcraft/Designer Tools/Elemental/Electricity/WC_Electricity_CutUp_CT.wav
Cinetools Witchcraft【黑暗魔法巫术风火雷电咒语游戏技能音效素材】655544319933.zip,Cinetools Witchcraft/Designer Tools/Elemental/Electricity/WC_Electricity_Cut_CT.wav,430880,082f9f6c,OK,/volume1/主目录/Collection/素材&模板&音库/音效/02_中文音效合集/魔法法术咒语技能释放音效/Cinetools Witchcraft/Designer Tools/Elemental/Electricity/WC_Electricity_Cut_CT.wav
Cinetools Witchcraft【黑暗魔法巫术风火雷电咒语游戏技能音效素材】655544319933.zip,Cinetools Witchcraft/Designer Tools/Elemental/Electricity/WC_Electricity_Digit_CT.wav,361282,64e42552,OK,/volume1/主目录/Collection/素材&模板&音库/音效/02_中文音效合集/魔法法术咒语技能释放音效/Cinetools Witchcraft/Designer Tools/Elemental/Electricity/WC_Electricity_Digit_CT.wav
Cinetools Witchcraft【黑暗魔法巫术风火雷电咒语游戏技能音效素材】655544319933.zip,Cinetools Witchcraft/Designer Tools/Elemental/Electricity/WC_Electricity_Direct_CT.wav,747886,2864ca55,OK,/volume1/主目录/Collection/素材&模板&音库/音效/02_中文音效合集/魔法法术咒语技能释放音效/Cinetools Witchcraft/Designer Tools/Elemental/Electricity/WC_Electricity_Direct_CT.wav
Cinetools Witchcraft【黑暗魔法巫术风火雷电咒语游戏技能音效素材】655544319933.zip,Cinetools Witchcraft/Designer Tools/Elemental/Electricity/WC_Electricity_Disconnect_CT.wav,3072000,305dcbec,OK,/volume1/主目录/Collection/素材&模板&音库/音效/02_中文音效合集/魔法法术咒语技能释放音效/Cinetools Witchcraft/Designer Tools/Elemental/Electricity/WC_Electricity_Disconnect_CT.wav
Cinetools Witchcraft【黑暗魔法巫术风火雷电咒语游戏技能音效素材】655544319933.zip,Cinetools Witchcraft/Designer Tools/Elemental/Electricity/WC_Electricity_Dropped_CT.wav,525142,d30eb3b9,OK,/volume1/主目录/Collection/素材&模板&音库/音效/02_中文音效合集/魔法法术咒语技能释放音效/Cinetools Witchcraft/Designer Tools/Elemental/Electricity/WC_Electricity_Dropped_CT.wav
Cinetools Witchcraft【黑暗魔法巫术风火雷电咒语游戏技能音效素材】655544319933.zip,Cinetools Witchcraft/Designer Tools/Elemental/Electricity/WC_Electricity_Dying_CT.wav,3436436,4302f9c0,OK,/volume1/主目录/Collection/素材&模板&音库/音效/02_中文音效合集/魔法法术咒语技能释放音效/Cinetools Witchcraft/Designer Tools/Elemental/Electricity/WC_Electricity_Dying_CT.wav
Cinetools Witchcraft【黑暗魔法巫术风火雷电咒语游戏技能音效素材】655544319933.zip,Cinetools Witchcraft/Designer Tools/Elemental/Electricity/WC_Electricity_Electrocution_CT.wav,5405718,05e9b990,OK,/volume1/主目录/Collection/素材&模板&音库/音效/02_中文音效合集/魔法法术咒语技能释放音效/Cinetools Witchcraft/Designer Tools/Elemental/Electricity/WC_Electricity_Electrocution_CT.wav
Cinetools Witchcraft【黑暗魔法巫术风火雷电咒语游戏技能音效素材】655544319933.zip,Cinetools Witchcraft/Designer Tools/Elemental/Electricity/WC_Electricity_Flange_CT.wav,2843250,22872fe9,OK,/volume1/主目录/Collection/素材&模板&音库/音效/02_中文音效合集/魔法法术咒语技能释放音效/Cinetools Witchcraft/Designer Tools/Elemental/Electricity/WC_Electricity_Flange_CT.wav
Cinetools Witchcraft【黑暗魔法巫术风火雷电咒语游戏技能音效素材】655544319933.zip,Cinetools Witchcraft/Designer Tools/Elemental/Electricity/WC_Electricity_Fried_CT.wav,2367140,9e66a7ac,OK,/volume1/主目录/Collection/素材&模板&音库/音效/02_中文音效合集/魔法法术咒语技能释放音效/Cinetools Witchcraft/Designer Tools/Elemental/Electricity/WC_Electricity_Fried_CT.wav
Cinetools Witchcraft【黑暗魔法巫术风火雷电咒语游戏技能音效素材】655544319933.zip,Cinetools Witchcraft/Designer Tools/Elemental/Electricity/WC_Electricity_Glitch2_CT.wav,539296,dc95a40c,OK,/volume1/主目录/Collection/素材&模板&音库/音效/02_中文音效合集/魔法法术咒语技能释放音效/Cinetools Witchcraft/Designer Tools/Elemental/Electricity/WC_Electricity_Glitch2_CT.wav
Cinetools Witchcraft【黑暗魔法巫术风火雷电咒语游戏技能音效素材】655544319933.zip,Cinetools Witchcraft/Designer Tools/Elemental/Electricity/WC_Electricity_Glitch3_CT.wav,4100968,df762082,OK,/volume1/主目录/Collection/素材&模板&音库/音效/02_中文音效合集/魔法法术咒语技能释放音效/Cinetools Witchcraft/Designer Tools/Elemental/Electricity/WC_Electricity_Glitch3_CT.wav
Cinetools Witchcraft【黑暗魔法巫术风火雷电咒语游戏技能音效素材】655544319933.zip,Cinetools Witchcraft/Designer Tools/Elemental/Electricity/WC_Electricity_Glitch4_CT.wav,1251304,c900f2f7,OK,/volume1/主目录/Collection/素材&模板&音库/音效/02_中文音效合集/魔法法术咒语技能释放音效/Cinetools Witchcraft/Designer Tools/Elemental/Electricity/WC_Electricity_Glitch4_CT.wav
Cinetools Witchcraft【黑暗魔法巫术风火雷电咒语游戏技能音效素材】655544319933.zip,Cinetools Witchcraft/Designer Tools/Elemental/Electricity/WC_Electricity_Glitch5_CT.wav,2854528,755ece1b,OK,/volume1/主目录/Collection/素材&模板&音库/音效/02_中文音效合集/魔法法术咒语技能释放音效/Cinetools Witchcraft/Designer Tools/Elemental/Electricity/WC_Electricity_Glitch5_CT.wav
Cinetools Witchcraft【黑暗魔法巫术风火雷电咒语游戏技能音效素材】655544319933.zip,Cinetools Witchcraft/Designer Tools/Elemental/Electricity/WC_Electricity_Glitch6_CT.wav,1456516,58f754ff,OK,/volume1/主目录/Collection/素材&模板&音库/音效/02_中文音效合集/魔法法术咒语技能释放音效/Cinetools Witchcraft/Designer Tools/Elemental/Electricity/WC_Electricity_Glitch6_CT.wav
Cinetools Witchcraft【黑暗魔法巫术风火雷电咒语游戏技能音效素材】655544319933.zip,Cinetools Witchcraft/Designer Tools/Elemental/Electricity/WC_Electricity_Glitch7_CT.wav,2106196,d0d4ff5d,OK,/volume1/主目录/Collection/素材&模板&音库/音效/02_中文音效合集/魔法法术咒语技能释放音效/Cinetools Witchcraft/Designer Tools/Elemental/Electricity/WC_Electricity_Glitch7_CT.wav
Cinetools Witchcraft【黑暗魔法巫术风火雷电咒语游戏技能音效素材】655544319933.zip,Cinetools Witchcraft/Designer Tools/Elemental/Electricity/WC_Electricity_Glitch8_CT.wav,1945420,e16d05cc,OK,/volume1/主目录/Collection/素材&模板&音库/音效/02_中文音效合集/魔法法术咒语技能释放音效/Cinetools Witchcraft/Designer Tools/Elemental/Electricity/WC_Electricity_Glitch8_CT.wav
Cinetools Witchcraft【黑暗魔法巫术风火雷电咒语游戏技能音效素材】655544319933.zip,Cinetools Witchcraft/Designer Tools/Elemental/Electricity/WC_Electricity_Glitch_CT.wav,772324,0d058579,OK,/volume1/主目录/Collection/素材&模板&音库/音效/02_中文音效合集/魔法法术咒语技能释放音效/Cinetools Witchcraft/Designer Tools/Elemental/Electricity/WC_Electricity_Glitch_CT.wav
Cinetools Witchcraft【黑暗魔法巫术风火雷电咒语游戏技能音效素材】655544319933.zip,Cinetools Witchcraft/Designer Tools/Elemental/Electricity/WC_Electricity_GroundFault_CT.wav,2893684,5d178087,OK,/volume1/主目录/Collection/素材&模板&音库/音效/02_中文音效合集/魔法法术咒语技能释放音效/Cinetools Witchcraft/Designer Tools/Elemental/Electricity/WC_Electricity_GroundFault_CT.wav
Cinetools Witchcraft【黑暗魔法巫术风火雷电咒语游戏技能音效素材】655544319933.zip,Cinetools Witchcraft/Designer Tools/Elemental/Electricity/WC_Electricity_Guitar_CT.wav,3153698,5d17a2e4,OK,/volume1/主目录/Collection/素材&模板&音库/音效/02_中文音效合集/魔法法术咒语技能释放音效/Cinetools Witchcraft/Designer Tools/Elemental/Electricity/WC_Electricity_Guitar_CT.wav
Cinetools Witchcraft【黑暗魔法巫术风火雷电咒语游戏技能音效素材】655544319933.zip,Cinetools Witchcraft/Designer Tools/Elemental/Electricity/WC_Electricity_Load_CT.wav,3241956,8b2436c8,OK,/volume1/主目录/Collection/素材&模板&音库/音效/02_中文音效合集/魔法法术咒语技能释放音效/Cinetools Witchcraft/Designer Tools/Elemental/Electricity/WC_Electricity_Load_CT.wav
Cinetools Witchcraft【黑暗魔法巫术风火雷电咒语游戏技能音效素材】655544319933.zip,Cinetools Witchcraft/Designer Tools/Elemental/Electricity/WC_Electricity_Noise2_CT.wav,289864,5f95d606,OK,/volume1/主目录/Collection/素材&模板&音库/音效/02_中文音效合集/魔法法术咒语技能释放音效/Cinetools Witchcraft/Designer Tools/Elemental/Electricity/WC_Electricity_Noise2_CT.wav
Cinetools Witchcraft【黑暗魔法巫术风火雷电咒语游戏技能音效素材】655544319933.zip,Cinetools Witchcraft/Designer Tools/Elemental/Electricity/WC_Electricity_Noise3_CT.wav,958876,2cbff20c,OK,/volume1/主目录/Collection/素材&模板&音库/音效/02_中文音效合集/魔法法术咒语技能释放音效/Cinetools Witchcraft/Designer Tools/Elemental/Electricity/WC_Electricity_Noise3_CT.wav
Cinetools Witchcraft【黑暗魔法巫术风火雷电咒语游戏技能音效素材】655544319933.zip,Cinetools Witchcraft/Designer Tools/Elemental/Electricity/WC_Electricity_Noise4_CT.wav,617452,9a8df44f,OK,/volume1/主目录/Collection/素材&模板&音库/音效/02_中文音效合集/魔法法术咒语技能释放音效/Cinetools Witchcraft/Designer Tools/Elemental/Electricity/WC_Electricity_Noise4_CT.wav
Cinetools Witchcraft【黑暗魔法巫术风火雷电咒语游戏技能音效素材】655544319933.zip,Cinetools Witchcraft/Designer Tools/Elemental/Electricity/WC_Electricity_Noise5_CT.wav,641980,5de3e047,OK,/volume1/主目录/Collection/素材&模板&音库/音效/02_中文音效合集/魔法法术咒语技能释放音效/Cinetools Witchcraft/Designer Tools/Elemental/Electricity/WC_Electricity_Noise5_CT.wav
Cinetools Witchcraft【黑暗魔法巫术风火雷电咒语游戏技能音效素材】655544319933.zip,Cinetools Witchcraft/Designer Tools/Elemental/Electricity/WC_Electricity_Noise_CT.wav,3955624,61e2d20d,OK,/volume1/主目录/Collection/素材&模板&音库/音效/02_中文音效合集/魔法法术咒语技能释放音效/Cinetools Witchcraft/Designer Tools/Elemental/Electricity/WC_Electricity_Noise_CT.wav
Cinetools Witchcraft【黑暗魔法巫术风火雷电咒语游戏技能音效素材】655544319933.zip,Cinetools Witchcraft/Designer Tools/Elemental/Electricity/WC_Electricity_PanFreq_CT.wav,3547508,e18c49de,OK,/volume1/主目录/Collection/素材&模板&音库/音效/02_中文音效合集/魔法法术咒语技能释放音效/Cinetools Witchcraft/Designer Tools/Elemental/Electricity/WC_Electricity_PanFreq_CT.wav
Cinetools Witchcraft【黑暗魔法巫术风火雷电咒语游戏技能音效素材】655544319933.zip,Cinetools Witchcraft/Designer Tools/Elemental/Electricity/WC_Electricity_Power10_CT.wav,4100548,c080fd44,OK,/volume1/主目录/Collection/素材&模板&音库/音效/02_中文音效合集/魔法法术咒语技能释放音效/Cinetools Witchcraft/Designer Tools/Elemental/Electricity/WC_Electricity_Power10_CT.wav
Cinetools Witchcraft【黑暗魔法巫术风火雷电咒语游戏技能音效素材】655544319933.zip,Cinetools Witchcraft/Designer Tools/Elemental/Electricity/WC_Electricity_Power11_CT.wav,1456072,9238c657,OK,/volume1/主目录/Collection/素材&模板&音库/音效/02_中文音效合集/魔法法术咒语技能释放音效/Cinetools Witchcraft/Designer Tools/Elemental/Electricity/WC_Electricity_Power11_CT.wav
Cinetools Witchcraft【黑暗魔法巫术风火雷电咒语游戏技能音效素材】655544319933.zip,Cinetools Witchcraft/Designer Tools/Elemental/Electricity/WC_Electricity_Power2_CT.wav,550060,e86c157a,OK,/volume1/主目录/Collection/素材&模板&音库/音效/02_中文音效合集/魔法法术咒语技能释放音效/Cinetools Witchcraft/Designer Tools/Elemental/Electricity/WC_Electricity_Power2_CT.wav
Cinetools Witchcraft【黑暗魔法巫术风火雷电咒语游戏技能音效素材】655544319933.zip,Cinetools Witchcraft/Designer Tools/Elemental/Electricity/WC_Electricity_Power3_CT.wav,1118392,6563f59b,OK,/volume1/主目录/Collection/素材&模板&音库/音效/02_中文音效合集/魔法法术咒语技能释放音效/Cinetools Witchcraft/Designer Tools/Elemental/Electricity/WC_Electricity_Power3_CT.wav
Cinetools Witchcraft【黑暗魔法巫术风火雷电咒语游戏技能音效素材】655544319933.zip,Cinetools Witchcraft/Designer Tools/Elemental/Electricity/WC_Electricity_Power4_CT.wav,550324,5859b0ea,OK,/volume1/主目录/Collection/素材&模板&音库/音效/02_中文音效合集/魔法法术咒语技能释放音效/Cinetools Witchcraft/Designer Tools/Elemental/Electricity/WC_Electricity_Power4_CT.wav
Cinetools Witchcraft【黑暗魔法巫术风火雷电咒语游戏技能音效素材】655544319933.zip,Cinetools Witchcraft/Designer Tools/Elemental/Electricity/WC_Electricity_Power5_CT.wav,2316256,8ec6c424,OK,/volume1/主目录/Collection/素材&模板&音库/音效/02_中文音效合集/魔法法术咒语技能释放音效/Cinetools Witchcraft/Designer Tools/Elemental/Electricity/WC_Electricity_Power5_CT.wav
Cinetools Witchcraft【黑暗魔法巫术风火雷电咒语游戏技能音效素材】655544319933.zip,Cinetools Witchcraft/Designer Tools/Elemental/Electricity/WC_Electricity_Power6_CT.wav,619348,8dde17c9,OK,/volume1/主目录/Collection/素材&模板&音库/音效/02_中文音效合集/魔法法术咒语技能释放音效/Cinetools Witchcraft/Designer Tools/Elemental/Electricity/WC_Electricity_Power6_CT.wav
Cinetools Witchcraft【黑暗魔法巫术风火雷电咒语游戏技能音效素材】655544319933.zip,Cinetools Witchcraft/Designer Tools/Elemental/Electricity/WC_Electricity_Power7_CT.wav,537856,9a935a99,OK,/volume1/主目录/Collection/素材&模板&音库/音效/02_中文音效合集/魔法法术咒语技能释放音效/Cinetools Witchcraft/Designer Tools/Elemental/Electricity/WC_Electricity_Power7_CT.wav
Cinetools Witchcraft【黑暗魔法巫术风火雷电咒语游戏技能音效素材】655544319933.zip,Cinetools Witchcraft/Designer Tools/Elemental/Electricity/WC_Electricity_Power8_CT.wav,1257064,68cad2ba,OK,/volume1/主目录/Collection/素材&模板&音库/音效/02_中文音效合集/魔法法术咒语技能释放音效/Cinetools Witchcraft/Designer Tools/Elemental/Electricity/WC_Electricity_Power8_CT.wav
Cinetools Witchcraft【黑暗魔法巫术风火雷电咒语游戏技能音效素材】655544319933.zip,Cinetools Witchcraft/Designer Tools/Elemental/Electricity/WC_Electricity_Power9_CT.wav,770932,15c8c3eb,OK,/volume1/主目录/Collection/素材&模板&音库/音效/02_中文音效合集/魔法法术咒语技能释放音效/Cinetools Witchcraft/Designer Tools/Elemental/Electricity/WC_Electricity_Power9_CT.wav
Cinetools Witchcraft【黑暗魔法巫术风火雷电咒语游戏技能音效素材】655544319933.zip,Cinetools Witchcraft/Designer Tools/Elemental/Electricity/WC_Electricity_Power_CT.wav,3955492,24c65b55,OK,/volume1/主目录/Collection/素材&模板&音库/音效/02_中文音效合集/魔法法术咒语技能释放音效/Cinetools Witchcraft/Designer Tools/Elemental/Electricity/WC_Electricity_Power_CT.wav
Cinetools Witchcraft【黑暗魔法巫术风火雷电咒语游戏技能音效素材】655544319933.zip,Cinetools Witchcraft/Designer Tools/Elemental/Electricity/WC_Electricity_RandomStereo_CT.wav,5857812,a0149f36,OK,/volume1/主目录/Collection/素材&模板&音库/音效/02_中文音效合集/魔法法术咒语技能释放音效/Cinetools Witchcraft/Designer Tools/Elemental/Electricity/WC_Electricity_RandomStereo_CT.wav
Cinetools Witchcraft【黑暗魔法巫术风火雷电咒语游戏技能音效素材】655544319933.zip,Cinetools Witchcraft/Designer Tools/Elemental/Electricity/WC_Electricity_RevCon_CT.wav,2306500,22a46498,OK,/volume1/主目录/Collection/素材&模板&音库/音效/02_中文音效合集/魔法法术咒语技能释放音效/Cinetools Witchcraft/Designer Tools/Elemental/Electricity/WC_Electricity_RevCon_CT.wav
Cinetools Witchcraft【黑暗魔法巫术风火雷电咒语游戏技能音效素材】655544319933.zip,Cinetools Witchcraft/Designer Tools/Elemental/Electricity/WC_Electricity_ReverseClip_CT.wav,1838796,72844ac7,OK,/volume1/主目录/Collection/素材&模板&音库/音效/02_中文音效合集/魔法法术咒语技能释放音效/Cinetools Witchcraft/Designer Tools/Elemental/Electricity/WC_Electricity_ReverseClip_CT.wav
Cinetools Witchcraft【黑暗魔法巫术风火雷电咒语游戏技能音效素材】655544319933.zip,Cinetools Witchcraft/Designer Tools/Elemental/Electricity/WC_Electricity_RisingInterrupted_CT.wav,7782064,7b71489e,OK,/volume1/主目录/Collection/素材&模板&音库/音效/02_中文音效合集/魔法法术咒语技能释放音效/Cinetools Witchcraft/Designer Tools/Elemental/Electricity/WC_Electricity_RisingInterrupted_CT.wav
Cinetools Witchcraft【黑暗魔法巫术风火雷电咒语游戏技能音效素材】655544319933.zip,Cinetools Witchcraft/Designer Tools/Elemental/Electricity/WC_Electricity_Saw_CT.wav,3459250,a62ea7b1,OK,/volume1/主目录/Collection/素材&模板&音库/音效/02_中文音效合集/魔法法术咒语技能释放音效/Cinetools Witchcraft/Designer Tools/Elemental/Electricity/WC_Electricity_Saw_CT.wav
Cinetools Witchcraft【黑暗魔法巫术风火雷电咒语游戏技能音效素材】655544319933.zip,Cinetools Witchcraft/Designer Tools/Elemental/Electricity/WC_Electricity_ScreamStutter_CT.wav,4722472,03e31985,OK,/volume1/主目录/Collection/素材&模板&音库/音效/02_中文音效合集/魔法法术咒语技能释放音效/Cinetools Witchcraft/Designer Tools/Elemental/Electricity/WC_Electricity_ScreamStutter_CT.wav
Cinetools Witchcraft【黑暗魔法巫术风火雷电咒语游戏技能音效素材】655544319933.zip,Cinetools Witchcraft/Designer Tools/Elemental/Electricity/WC_Electricity_ShortDisconnect_CT.wav,2760996,4ca6b369,OK,/volume1/主目录/Collection/素材&模板&音库/音效/02_中文音效合集/魔法法术咒语技能释放音效/Cinetools Witchcraft/Designer Tools/Elemental/Electricity/WC_Electricity_ShortDisconnect_CT.wav
Cinetools Witchcraft【黑暗魔法巫术风火雷电咒语游戏技能音效素材】655544319933.zip,Cinetools Witchcraft/Designer Tools/Elemental/Electricity/WC_Electricity_Sparks10_CT.wav,892960,d2e06f8f,OK,/volume1/主目录/Collection/素材&模板&音库/音效/02_中文音效合集/魔法法术咒语技能释放音效/Cinetools Witchcraft/Designer Tools/Elemental/Electricity/WC_Electricity_Sparks10_CT.wav
Cinetools Witchcraft【黑暗魔法巫术风火雷电咒语游戏技能音效素材】655544319933.zip,Cinetools Witchcraft/Designer Tools/Elemental/Electricity/WC_Electricity_Sparks11_CT.wav,3045352,1f8bb706,OK,/volume1/主目录/Collection/素材&模板&音库/音效/02_中文音效合集/魔法法术咒语技能释放音效/Cinetools Witchcraft/Designer Tools/Elemental/Electricity/WC_Electricity_Sparks11_CT.wav
Cinetools Witchcraft【黑暗魔法巫术风火雷电咒语游戏技能音效素材】655544319933.zip,Cinetools Witchcraft/Designer Tools/Elemental/Electricity/WC_Electricity_Sparks12_CT.wav,311440,48d8d47d,OK,/volume1/主目录/Collection/素材&模板&音库/音效/02_中文音效合集/魔法法术咒语技能释放音效/Cinetools Witchcraft/Designer Tools/Elemental/Electricity/WC_Electricity_Sparks12_CT.wav
Cinetools Witchcraft【黑暗魔法巫术风火雷电咒语游戏技能音效素材】655544319933.zip,Cinetools Witchcraft/Designer Tools/Elemental/Electricity/WC_Electricity_Sparks13_CT.wav,865924,193814f3,OK,/volume1/主目录/Collection/素材&模板&音库/音效/02_中文音效合集/魔法法术咒语技能释放音效/Cinetools Witchcraft/Designer Tools/Elemental/Electricity/WC_Electricity_Sparks13_CT.wav
Cinetools Witchcraft【黑暗魔法巫术风火雷电咒语游戏技能音效素材】655544319933.zip,Cinetools Witchcraft/Designer Tools/Elemental/Electricity/WC_Electricity_Sparks14_CT.wav,1034488,87bb0fad,OK,/volume1/主目录/Collection/素材&模板&音库/音效/02_中文音效合集/魔法法术咒语技能释放音效/Cinetools Witchcraft/Designer Tools/Elemental/Electricity/WC_Electricity_Sparks14_CT.wav
Cinetools Witchcraft【黑暗魔法巫术风火雷电咒语游戏技能音效素材】655544319933.zip,Cinetools Witchcraft/Designer Tools/Elemental/Electricity/WC_Electricity_Sparks15_CT.wav,2544700,13c38f1d,OK,/volume1/主目录/Collection/素材&模板&音库/音效/02_中文音效合集/魔法法术咒语技能释放音效/Cinetools Witchcraft/Designer Tools/Elemental/Electricity/WC_Electricity_Sparks15_CT.wav
Cinetools Witchcraft【黑暗魔法巫术风火雷电咒语游戏技能音效素材】655544319933.zip,Cinetools Witchcraft/Designer Tools/Elemental/Electricity/WC_Electricity_Sparks16_CT.wav,200740,c17f0c62,OK,/volume1/主目录/Collection/素材&模板&音库/音效/02_中文音效合集/魔法法术咒语技能释放音效/Cinetools Witchcraft/Designer Tools/Elemental/Electricity/WC_Electricity_Sparks16_CT.wav
Cinetools Witchcraft【黑暗魔法巫术风火雷电咒语游戏技能音效素材】655544319933.zip,Cinetools Witchcraft/Designer Tools/Elemental/Electricity/WC_Electricity_Sparks17_CT.wav,1108672,b963cf23,OK,/volume1/主目录/Collection/素材&模板&音库/音效/02_中文音效合集/魔法法术咒语技能释放音效/Cinetools Witchcraft/Designer Tools/Elemental/Electricity/WC_Electricity_Sparks17_CT.wav
Cinetools Witchcraft【黑暗魔法巫术风火雷电咒语游戏技能音效素材】655544319933.zip,Cinetools Witchcraft/Designer Tools/Elemental/Electricity/WC_Electricity_Sparks18_CT.wav,1026688,8335fe93,OK,/volume1/主目录/Collection/素材&模板&音库/音效/02_中文音效合集/魔法法术咒语技能释放音效/Cinetools Witchcraft/Designer Tools/Elemental/Electricity/WC_Electricity_Sparks18_CT.wav
Cinetools Witchcraft【黑暗魔法巫术风火雷电咒语游戏技能音效素材】655544319933.zip,Cinetools Witchcraft/Designer Tools/Elemental/Electricity/WC_Electricity_Sparks19_CT.wav,11865340,a42e6076,OK,/volume1/主目录/Collection/素材&模板&音库/音效/02_中文音效合集/魔法法术咒语技能释放音效/Cinetools Witchcraft/Designer Tools/Elemental/Electricity/WC_Electricity_Sparks19_CT.wav
Cinetools Witchcraft【黑暗魔法巫术风火雷电咒语游戏技能音效素材】655544319933.zip,Cinetools Witchcraft/Designer Tools/Elemental/Electricity/WC_Electricity_Sparks1_CT.wav,1257508,e5beb045,OK,/volume1/主目录/Collection/素材&模板&音库/音效/02_中文音效合集/魔法法术咒语技能释放音效/Cinetools Witchcraft/Designer Tools/Elemental/Electricity/WC_Electricity_Sparks1_CT.wav
Cinetools Witchcraft【黑暗魔法巫术风火雷电咒语游戏技能音效素材】655544319933.zip,Cinetools Witchcraft/Designer Tools/Elemental/Electricity/WC_Electricity_Sparks2_CT.wav,2850928,c7489811,OK,/volume1/主目录/Collection/素材&模板&音库/音效/02_中文音效合集/魔法法术咒语技能释放音效/Cinetools Witchcraft/Designer Tools/Elemental/Electricity/WC_Electricity_Sparks2_CT.wav
Cinetools Witchcraft【黑暗魔法巫术风火雷电咒语游戏技能音效素材】655544319933.zip,Cinetools Witchcraft/Designer Tools/Elemental/Electricity/WC_Electricity_Sparks3_CT.wav,893008,ede45d79,OK,/volume1/主目录/Collection/素材&模板&音库/音效/02_中文音效合集/魔法法术咒语技能释放音效/Cinetools Witchcraft/Designer Tools/Elemental/Electricity/WC_Electricity_Sparks3_CT.wav
Cinetools Witchcraft【黑暗魔法巫术风火雷电咒语游戏技能音效素材】655544319933.zip,Cinetools Witchcraft/Designer Tools/Elemental/Electricity/WC_Electricity_Sparks4_CT.wav,772312,86e3d21a,OK,/volume1/主目录/Collection/素材&模板&音库/音效/02_中文音效合集/魔法法术咒语技能释放音效/Cinetools Witchcraft/Designer Tools/Elemental/Electricity/WC_Electricity_Sparks4_CT.wav
Cinetools Witchcraft【黑暗魔法巫术风火雷电咒语游戏技能音效素材】655544319933.zip,Cinetools Witchcraft/Designer Tools/Elemental/Electricity/WC_Electricity_Sparks5_CT.wav,4102048,3cbdb898,OK,/volume1/主目录/Collection/素材&模板&音库/音效/02_中文音效合集/魔法法术咒语技能释放音效/Cinetools Witchcraft/Designer Tools/Elemental/Electricity/WC_Electricity_Sparks5_CT.wav
Cinetools Witchcraft【黑暗魔法巫术风火雷电咒语游戏技能音效素材】655544319933.zip,Cinetools Witchcraft/Designer Tools/Elemental/Electricity/WC_Electricity_Sparks6_CT.wav,1457800,91b4834c,OK,/volume1/主目录/Collection/素材&模板&音库/音效/02_中文音效合集/魔法法术咒语技能释放音效/Cinetools Witchcraft/Designer Tools/Elemental/Electricity/WC_Electricity_Sparks6_CT.wav
Cinetools Witchcraft【黑暗魔法巫术风火雷电咒语游戏技能音效素材】655544319933.zip,Cinetools Witchcraft/Designer Tools/Elemental/Electricity/WC_Electricity_Sparks7_CT.wav,483472,b305f309,OK,/volume1/主目录/Collection/素材&模板&音库/音效/02_中文音效合集/魔法法术咒语技能释放音效/Cinetools Witchcraft/Designer Tools/Elemental/Electricity/WC_Electricity_Sparks7_CT.wav
Cinetools Witchcraft【黑暗魔法巫术风火雷电咒语游戏技能音效素材】655544319933.zip,Cinetools Witchcraft/Designer Tools/Elemental/Electricity/WC_Electricity_Sparks8_CT.wav,1254244,8a355c1a,OK,/volume1/主目录/Collection/素材&模板&音库/音效/02_中文音效合集/魔法法术咒语技能释放音效/Cinetools Witchcraft/Designer Tools/Elemental/Electricity/WC_Electricity_Sparks8_CT.wav
Cinetools Witchcraft【黑暗魔法巫术风火雷电咒语游戏技能音效素材】655544319933.zip,Cinetools Witchcraft/Designer Tools/Elemental/Electricity/WC_Electricity_Sparks9_CT.wav,2852128,c038efd0,OK,/volume1/主目录/Collection/素材&模板&音库/音效/02_中文音效合集/魔法法术咒语技能释放音效/Cinetools Witchcraft/Designer Tools/Elemental/Electricity/WC_Electricity_Sparks9_CT.wav
Cinetools Witchcraft【黑暗魔法巫术风火雷电咒语游戏技能音效素材】655544319933.zip,Cinetools Witchcraft/Designer Tools/Elemental/Electricity/WC_Electricity_Static10_CT.wav,483208,88e6d6f0,OK,/volume1/主目录/Collection/素材&模板&音库/音效/02_中文音效合集/魔法法术咒语技能释放音效/Cinetools Witchcraft/Designer Tools/Elemental/Electricity/WC_Electricity_Static10_CT.wav
Cinetools Witchcraft【黑暗魔法巫术风火雷电咒语游戏技能音效素材】655544319933.zip,Cinetools Witchcraft/Designer Tools/Elemental/Electricity/WC_Electricity_Static11_CT.wav,536404,f32e187e,OK,/volume1/主目录/Collection/素材&模板&音库/音效/02_中文音效合集/魔法法术咒语技能释放音效/Cinetools Witchcraft/Designer Tools/Elemental/Electricity/WC_Electricity_Static11_CT.wav
Cinetools Witchcraft【黑暗魔法巫术风火雷电咒语游戏技能音效素材】655544319933.zip,Cinetools Witchcraft/Designer Tools/Elemental/Electricity/WC_Electricity_Static12_CT.wav,1255612,afb956b6,OK,/volume1/主目录/Collection/素材&模板&音库/音效/02_中文音效合集/魔法法术咒语技能释放音效/Cinetools Witchcraft/Designer Tools/Elemental/Electricity/WC_Electricity_Static12_CT.wav
Cinetools Witchcraft【黑暗魔法巫术风火雷电咒语游戏技能音效素材】655544319933.zip,Cinetools Witchcraft/Designer Tools/Elemental/Electricity/WC_Electricity_Static13_CT.wav,893848,489385b9,OK,/volume1/主目录/Collection/素材&模板&音库/音效/02_中文音效合集/魔法法术咒语技能释放音效/Cinetools Witchcraft/Designer Tools/Elemental/Electricity/WC_Electricity_Static13_CT.wav
Cinetools Witchcraft【黑暗魔法巫术风火雷电咒语游戏技能音效素材】655544319933.zip,Cinetools Witchcraft/Designer Tools/Elemental/Electricity/WC_Electricity_Static14_CT.wav,771160,fc1752e0,OK,/volume1/主目录/Collection/素材&模板&音库/音效/02_中文音效合集/魔法法术咒语技能释放音效/Cinetools Witchcraft/Designer Tools/Elemental/Electricity/WC_Electricity_Static14_CT.wav
Cinetools Witchcraft【黑暗魔法巫术风火雷电咒语游戏技能音效素材】655544319933.zip,Cinetools Witchcraft/Designer Tools/Elemental/Electricity/WC_Electricity_Static15_CT.wav,3042988,4f4215fa,OK,/volume1/主目录/Collection/素材&模板&音库/音效/02_中文音效合集/魔法法术咒语技能释放音效/Cinetools Witchcraft/Designer Tools/Elemental/Electricity/WC_Electricity_Static15_CT.wav
Cinetools Witchcraft【黑暗魔法巫术风火雷电咒语游戏技能音效素材】655544319933.zip,Cinetools Witchcraft/Designer Tools/Elemental/Electricity/WC_Electricity_Static16_CT.wav,1457644,ee6edcab,OK,/volume1/主目录/Collection/素材&模板&音库/音效/02_中文音效合集/魔法法术咒语技能释放音效/Cinetools Witchcraft/Designer Tools/Elemental/Electricity/WC_Electricity_Static16_CT.wav
Cinetools Witchcraft【黑暗魔法巫术风火雷电咒语游戏技能音效素材】655544319933.zip,Cinetools Witchcraft/Designer Tools/Elemental/Electricity/WC_Electricity_Static17_CT.wav,1940764,29a34042,OK,/volume1/主目录/Collection/素材&模板&音库/音效/02_中文音效合集/魔法法术咒语技能释放音效/Cinetools Witchcraft/Designer Tools/Elemental/Electricity/WC_Electricity_Static17_CT.wav
Cinetools Witchcraft【黑暗魔法巫术风火雷电咒语游戏技能音效素材】655544319933.zip,Cinetools Witchcraft/Designer Tools/Elemental/Electricity/WC_Electricity_Static18_CT.wav,2105620,b115f729,OK,/volume1/主目录/Collection/素材&模板&音库/音效/02_中文音效合集/魔法法术咒语技能释放音效/Cinetools Witchcraft/Designer Tools/Elemental/Electricity/WC_Electricity_Static18_CT.wav
Cinetools Witchcraft【黑暗魔法巫术风火雷电咒语游戏技能音效素材】655544319933.zip,Cinetools Witchcraft/Designer Tools/Elemental/Electricity/WC_Electricity_Static19_CT.wav,1944076,a016c9cf,OK,/volume1/主目录/Collection/素材&模板&音库/音效/02_中文音效合集/魔法法术咒语技能释放音效/Cinetools Witchcraft/Designer Tools/Elemental/Electricity/WC_Electricity_Static19_CT.wav
Cinetools Witchcraft【黑暗魔法巫术风火雷电咒语游戏技能音效素材】655544319933.zip,Cinetools Witchcraft/Designer Tools/Elemental/Electricity/WC_Electricity_Static20_CT.wav,2103844,3ea6a970,OK,/volume1/主目录/Collection/素材&模板&音库/音效/02_中文音效合集/魔法法术咒语技能释放音效/Cinetools Witchcraft/Designer Tools/Elemental/Electricity/WC_Electricity_Static20_CT.wav
Cinetools Witchcraft【黑暗魔法巫术风火雷电咒语游戏技能音效素材】655544319933.zip,Cinetools Witchcraft/Designer Tools/Elemental/Electricity/WC_Electricity_Static21_CT.wav,3043384,642b6c94,OK,/volume1/主目录/Collection/素材&模板&音库/音效/02_中文音效合集/魔法法术咒语技能释放音效/Cinetools Witchcraft/Designer Tools/Elemental/Electricity/WC_Electricity_Static21_CT.wav
Cinetools Witchcraft【黑暗魔法巫术风火雷电咒语游戏技能音效素材】655544319933.zip,Cinetools Witchcraft/Designer Tools/Elemental/Electricity/WC_Electricity_Static22_CT.wav,1456168,6500e5c1,OK,/volume1/主目录/Collection/素材&模板&音库/音效/02_中文音效合集/魔法法术咒语技能释放音效/Cinetools Witchcraft/Designer Tools/Elemental/Electricity/WC_Electricity_Static22_CT.wav
Cinetools Witchcraft【黑暗魔法巫术风火雷电咒语游戏技能音效素材】655544319933.zip,Cinetools Witchcraft/Designer Tools/Elemental/Electricity/WC_Electricity_Static2_CT.wav,2019628,9d8a5f1f,OK,/volume1/主目录/Collection/素材&模板&音库/音效/02_中文音效合集/魔法法术咒语技能释放音效/Cinetools Witchcraft/Designer Tools/Elemental/Electricity/WC_Electricity_Static2_CT.wav
Cinetools Witchcraft【黑暗魔法巫术风火雷电咒语游戏技能音效素材】655544319933.zip,Cinetools Witchcraft/Designer Tools/Elemental/Electricity/WC_Electricity_Static3_CT.wav,817132,6794305c,OK,/volume1/主目录/Collection/素材&模板&音库/音效/02_中文音效合集/魔法法术咒语技能释放音效/Cinetools Witchcraft/Designer Tools/Elemental/Electricity/WC_Electricity_Static3_CT.wav
Cinetools Witchcraft【黑暗魔法巫术风火雷电咒语游戏技能音效素材】655544319933.zip,Cinetools Witchcraft/Designer Tools/Elemental/Electricity/WC_Electricity_Static4_CT.wav,289864,5f95d606,OK_Q,/volume1/主目录/Collection/素材&模板&音库/音效_去重待删_20260919/魔法法术咒语技能释放音效/Cinetools Witchcraft/Designer Tools/Elemental/Electricity/WC_Electricity_Static4_CT.wav
Cinetools Witchcraft【黑暗魔法巫术风火雷电咒语游戏技能音效素材】655544319933.zip,Cinetools Witchcraft/Designer Tools/Elemental/Electricity/WC_Electricity_Static5_CT.wav,1751212,806b3622,OK,/volume1/主目录/Collection/素材&模板&音库/音效/02_中文音效合集/魔法法术咒语技能释放音效/Cinetools Witchcraft/Designer Tools/Elemental/Electricity/WC_Electricity_Static5_CT.wav
Cinetools Witchcraft【黑暗魔法巫术风火雷电咒语游戏技能音效素材】655544319933.zip,Cinetools Witchcraft/Designer Tools/Elemental/Electricity/WC_Electricity_Static6_CT.wav,1119316,c973f5fc,OK,/volume1/主目录/Collection/素材&模板&音库/音效/02_中文音效合集/魔法法术咒语技能释放音效/Cinetools Witchcraft/Designer Tools/Elemental/Electricity/WC_Electricity_Static6_CT.wav
Cinetools Witchcraft【黑暗魔法巫术风火雷电咒语游戏技能音效素材】655544319933.zip,Cinetools Witchcraft/Designer Tools/Elemental/Electricity/WC_Electricity_Static7_CT.wav,3269068,907d2659,OK,/volume1/主目录/Collection/素材&模板&音库/音效/02_中文音效合集/魔法法术咒语技能释放音效/Cinetools Witchcraft/Designer Tools/Elemental/Electricity/WC_Electricity_Static7_CT.wav
Cinetools Witchcraft【黑暗魔法巫术风火雷电咒语游戏技能音效素材】655544319933.zip,Cinetools Witchcraft/Designer Tools/Elemental/Electricity/WC_Electricity_Static8_CT.wav,1945372,bc23f1a3,OK,/volume1/主目录/Collection/素材&模板&音库/音效/02_中文音效合集/魔法法术咒语技能释放音效/Cinetools Witchcraft/Designer Tools/Elemental/Electricity/WC_Electricity_Static8_CT.wav
Cinetools Witchcraft【黑暗魔法巫术风火雷电咒语游戏技能音效素材】655544319933.zip,Cinetools Witchcraft/Designer Tools/Elemental/Electricity/WC_Electricity_Static9_CT.wav,2105320,79493a06,OK,/volume1/主目录/Collection/素材&模板&音库/音效/02_中文音效合集/魔法法术咒语技能释放音效/Cinetools Witchcraft/Designer Tools/Elemental/Electricity/WC_Electricity_Static9_CT.wav
Cinetools Witchcraft【黑暗魔法巫术风火雷电咒语游戏技能音效素材】655544319933.zip,Cinetools Witchcraft/Designer Tools/Elemental/Electricity/WC_Electricity_Static_CT.wav,806392,78f46a9a,OK,/volume1/主目录/Collection/素材&模板&音库/音效/02_中文音效合集/魔法法术咒语技能释放音效/Cinetools Witchcraft/Designer Tools/Elemental/Electricity/WC_Electricity_Static_CT.wav
Cinetools Witchcraft【黑暗魔法巫术风火雷电咒语游戏技能音效素材】655544319933.zip,Cinetools Witchcraft/Designer Tools/Elemental/Electricity/WC_Electricity_Sucktion_CT.wav,3551110,09b7aae9,OK,/volume1/主目录/Collection/素材&模板&音库/音效/02_中文音效合集/魔法法术咒语技能释放音效/Cinetools Witchcraft/Designer Tools/Elemental/Electricity/WC_Electricity_Sucktion_CT.wav
Cinetools Witchcraft【黑暗魔法巫术风火雷电咒语游戏技能音效素材】655544319933.zip,Cinetools Witchcraft/Designer Tools/Elemental/Electricity/WC_Electricity_Swept_CT.wav,1189174,307c09dc,OK,/volume1/主目录/Collection/素材&模板&音库/音效/02_中文音效合集/魔法法术咒语技能释放音效/Cinetools Witchcraft/Designer Tools/Elemental/Electricity/WC_Electricity_Swept_CT.wav
Cinetools Witchcraft【黑暗魔法巫术风火雷电咒语游戏技能音效素材】655544319933.zip,Cinetools Witchcraft/Designer Tools/Elemental/Electricity/WC_Electricity_Trems_CT.wav,3002354,f67490e7,OK,/volume1/主目录/Collection/素材&模板&音库/音效/02_中文音效合集/魔法法术咒语技能释放音效/Cinetools Witchcraft/Designer Tools/Elemental/Electricity/WC_Electricity_Trems_CT.wav
Cinetools Witchcraft【黑暗魔法巫术风火雷电咒语游戏技能音效素材】655544319933.zip,Cinetools Witchcraft/Designer Tools/Elemental/Electricity/WC_Electricity_TritoneCutup_CT.wav,2316708,a857cf93,OK,/volume1/主目录/Collection/素材&模板&音库/音效/02_中文音效合集/魔法法术咒语技能释放音效/Cinetools Witchcraft/Designer Tools/Elemental/Electricity/WC_Electricity_TritoneCutup_CT.wav
Cinetools Witchcraft【黑暗魔法巫术风火雷电咒语游戏技能音效素材】655544319933.zip,Cinetools Witchcraft/Designer Tools/Elemental/Electricity/WC_Electricity_Twosided_CT.wav,1380098,2bed6ccf,OK,/volume1/主目录/Collection/素材&模板&音库/音效/02_中文音效合集/魔法法术咒语技能释放音效/Cinetools Witchcraft/Designer Tools/Elemental/Electricity/WC_Electricity_Twosided_CT.wav
Cinetools Witchcraft【黑暗魔法巫术风火雷电咒语游戏技能音效素材】655544319933.zip,Cinetools Witchcraft/Designer Tools/Elemental/Electricity/WC_Electricity_Voice_CT.wav,1254616,f4df8b2d,OK,/volume1/主目录/Collection/素材&模板&音库/音效/02_中文音效合集/魔法法术咒语技能释放音效/Cinetools Witchcraft/Designer Tools/Elemental/Electricity/WC_Electricity_Voice_CT.wav
Cinetools Witchcraft【黑暗魔法巫术风火雷电咒语游戏技能音效素材】655544319933.zip,Cinetools Witchcraft/Designer Tools/Elemental/Electricity/WC_Electricity_Welding10_CT.wav,1820840,b319ecfb,OK,/volume1/主目录/Collection/素材&模板&音库/音效/02_中文音效合集/魔法法术咒语技能释放音效/Cinetools Witchcraft/Designer Tools/Elemental/Electricity/WC_Electricity_Welding10_CT.wav
Cinetools Witchcraft【黑暗魔法巫术风火雷电咒语游戏技能音效素材】655544319933.zip,Cinetools Witchcraft/Designer Tools/Elemental/Electricity/WC_Electricity_Welding11_CT.wav,1517656,b909e3db,OK,/volume1/主目录/Collection/素材&模板&音库/音效/02_中文音效合集/魔法法术咒语技能释放音效/Cinetools Witchcraft/Designer Tools/Elemental/Electricity/WC_Electricity_Welding11_CT.wav
Cinetools Witchcraft【黑暗魔法巫术风火雷电咒语游戏技能音效素材】655544319933.zip,Cinetools Witchcraft/Designer Tools/Elemental/Electricity/WC_Electricity_Welding12_CT.wav,743008,2600389d,OK,/volume1/主目录/Collection/素材&模板&音库/音效/02_中文音效合集/魔法法术咒语技能释放音效/Cinetools Witchcraft/Designer Tools/Elemental/Electricity/WC_Electricity_Welding12_CT.wav
Cinetools Witchcraft【黑暗魔法巫术风火雷电咒语游戏技能音效素材】655544319933.zip,Cinetools Witchcraft/Designer Tools/Elemental/Electricity/WC_Electricity_Welding13_CT.wav,1114936,f039d163,OK,/volume1/主目录/Collection/素材&模板&音库/音效/02_中文音效合集/魔法法术咒语技能释放音效/Cinetools Witchcraft/Designer Tools/Elemental/Electricity/WC_Electricity_Welding13_CT.wav
Cinetools Witchcraft【黑暗魔法巫术风火雷电咒语游戏技能音效素材】655544319933.zip,Cinetools Witchcraft/Designer Tools/Elemental/Electricity/WC_Electricity_Welding14_CT.wav,2341052,7a5467c3,OK,/volume1/主目录/Collection/素材&模板&音库/音效/02_中文音效合集/魔法法术咒语技能释放音效/Cinetools Witchcraft/Designer Tools/Elemental/Electricity/WC_Electricity_Welding14_CT.wav
Cinetools Witchcraft【黑暗魔法巫术风火雷电咒语游戏技能音效素材】655544319933.zip,Cinetools Witchcraft/Designer Tools/Elemental/Electricity/WC_Electricity_Welding15_CT.wav,1393868,f43fec9a,OK,/volume1/主目录/Collection/素材&模板&音库/音效/02_中文音效合集/魔法法术咒语技能释放音效/Cinetools Witchcraft/Designer Tools/Elemental/Electricity/WC_Electricity_Welding15_CT.wav
Cinetools Witchcraft【黑暗魔法巫术风火雷电咒语游戏技能音效素材】655544319933.zip,Cinetools Witchcraft/Designer Tools/Elemental/Electricity/WC_Electricity_Welding16_CT.wav,1163384,e4eb926d,OK,/volume1/主目录/Collection/素材&模板&音库/音效/02_中文音效合集/魔法法术咒语技能释放音效/Cinetools Witchcraft/Designer Tools/Elemental/Electricity/WC_Electricity_Welding16_CT.wav
Cinetools Witchcraft【黑暗魔法巫术风火雷电咒语游戏技能音效素材】655544319933.zip,Cinetools Witchcraft/Designer Tools/Elemental/Electricity/WC_Electricity_Welding17_CT.wav,2067260,a2e4cd60,OK,/volume1/主目录/Collection/素材&模板&音库/音效/02_中文音效合集/魔法法术咒语技能释放音效/Cinetools Witchcraft/Designer Tools/Elemental/Electricity/WC_Electricity_Welding17_CT.wav
Cinetools Witchcraft【黑暗魔法巫术风火雷电咒语游戏技能音效素材】655544319933.zip,Cinetools Witchcraft/Designer Tools/Elemental/Electricity/WC_Electricity_Welding18_CT.wav,2230796,919a613c,OK,/volume1/主目录/Collection/素材&模板&音库/音效/02_中文音效合集/魔法法术咒语技能释放音效/Cinetools Witchcraft/Designer Tools/Elemental/Electricity/WC_Electricity_Welding18_CT.wav
Cinetools Witchcraft【黑暗魔法巫术风火雷电咒语游戏技能音效素材】655544319933.zip,Cinetools Witchcraft/Designer Tools/Elemental/Electricity/WC_Electricity_Welding19_CT.wav,463900,c3edd374,OK,/volume1/主目录/Collection/素材&模板&音库/音效/02_中文音效合集/魔法法术咒语技能释放音效/Cinetools Witchcraft/Designer Tools/Elemental/Electricity/WC_Electricity_Welding19_CT.wav
Cinetools Witchcraft【黑暗魔法巫术风火雷电咒语游戏技能音效素材】655544319933.zip,Cinetools Witchcraft/Designer Tools/Elemental/Electricity/WC_Electricity_Welding20_CT.wav,1668128,a9971de5,OK,/volume1/主目录/Collection/素材&模板&音库/音效/02_中文音效合集/魔法法术咒语技能释放音效/Cinetools Witchcraft/Designer Tools/Elemental/Electricity/WC_Electricity_Welding20_CT.wav
Cinetools Witchcraft【黑暗魔法巫术风火雷电咒语游戏技能音效素材】655544319933.zip,Cinetools Witchcraft/Designer Tools/Elemental/Electricity/WC_Electricity_Welding21_CT.wav,482500,dd01ac71,OK,/volume1/主目录/Collection/素材&模板&音库/音效/02_中文音效合集/魔法法术咒语技能释放音效/Cinetools Witchcraft/Designer Tools/Elemental/Electricity/WC_Electricity_Welding21_CT.wav
Cinetools Witchcraft【黑暗魔法巫术风火雷电咒语游戏技能音效素材】655544319933.zip,Cinetools Witchcraft/Designer Tools/Elemental/Electricity/WC_Electricity_Welding22_CT.wav,319708,19317c98,OK,/volume1/主目录/Collection/素材&模板&音库/音效/02_中文音效合集/魔法法术咒语技能释放音效/Cinetools Witchcraft/Designer Tools/Elemental/Electricity/WC_Electricity_Welding22_CT.wav
Cinetools Witchcraft【黑暗魔法巫术风火雷电咒语游戏技能音效素材】655544319933.zip,Cinetools Witchcraft/Designer Tools/Elemental/Electricity/WC_Electricity_Welding23_CT.wav,2019628,9d8a5f1f,OK_Q,/volume1/主目录/Collection/素材&模板&音库/音效_去重待删_20260919/魔法法术咒语技能释放音效/Cinetools Witchcraft/Designer Tools/Elemental/Electricity/WC_Electricity_Welding23_CT.wav
Cinetools Witchcraft【黑暗魔法巫术风火雷电咒语游戏技能音效素材】655544319933.zip,Cinetools Witchcraft/Designer Tools/Elemental/Electricity/WC_Electricity_Welding26_CT.wav,1751212,806b3622,OK_Q,/volume1/主目录/Collection/素材&模板&音库/音效_去重待删_20260919/魔法法术咒语技能释放音效/Cinetools Witchcraft/Designer Tools/Elemental/Electricity/WC_Electricity_Welding26_CT.wav
Cinetools Witchcraft【黑暗魔法巫术风火雷电咒语游戏技能音效素材】655544319933.zip,Cinetools Witchcraft/Designer Tools/Elemental/Electricity/WC_Electricity_Welding27_CT.wav,692596,a9686f79,OK,/volume1/主目录/Collection/素材&模板&音库/音效/02_中文音效合集/魔法法术咒语技能释放音效/Cinetools Witchcraft/Designer Tools/Elemental/Electricity/WC_Electricity_Welding27_CT.wav
Cinetools Witchcraft【黑暗魔法巫术风火雷电咒语游戏技能音效素材】655544319933.zip,Cinetools Witchcraft/Designer Tools/Elemental/Electricity/WC_Electricity_Welding28_CT.wav,734992,4d8d2347,OK,/volume1/主目录/Collection/素材&模板&音库/音效/02_中文音效合集/魔法法术咒语技能释放音效/Cinetools Witchcraft/Designer Tools/Elemental/Electricity/WC_Electricity_Welding28_CT.wav
Cinetools Witchcraft【黑暗魔法巫术风火雷电咒语游戏技能音效素材】655544319933.zip,Cinetools Witchcraft/Designer Tools/Elemental/Electricity/WC_Electricity_Welding29_CT.wav,1118704,13a342b8,OK,/volume1/主目录/Collection/素材&模板&音库/音效/02_中文音效合集/魔法法术咒语技能释放音效/Cinetools Witchcraft/Designer Tools/Elemental/Electricity/WC_Electricity_Welding29_CT.wav
Cinetools Witchcraft【黑暗魔法巫术风火雷电咒语游戏技能音效素材】655544319933.zip,Cinetools Witchcraft/Designer Tools/Elemental/Electricity/WC_Electricity_Welding2_CT.wav,806392,78f46a9a,OK_Q,/volume1/主目录/Collection/素材&模板&音库/音效_去重待删_20260919/魔法法术咒语技能释放音效/Cinetools Witchcraft/Designer Tools/Elemental/Electricity/WC_Electricity_Welding2_CT.wav
Cinetools Witchcraft【黑暗魔法巫术风火雷电咒语游戏技能音效素材】655544319933.zip,Cinetools Witchcraft/Designer Tools/Elemental/Electricity/WC_Electricity_Welding30_CT.wav,366004,ac5394c6,OK,/volume1/主目录/Collection/素材&模板&音库/音效/02_中文音效合集/魔法法术咒语技能释放音效/Cinetools Witchcraft/Designer Tools/Elemental/Electricity/WC_Electricity_Welding30_CT.wav
Cinetools Witchcraft【黑暗魔法巫术风火雷电咒语游戏技能音效素材】655544319933.zip,Cinetools Witchcraft/Designer Tools/Elemental/Electricity/WC_Electricity_Welding31_CT.wav,2144764,b6968a62,OK,/volume1/主目录/Collection/素材&模板&音库/音效/02_中文音效合集/魔法法术咒语技能释放音效/Cinetools Witchcraft/Designer Tools/Elemental/Electricity/WC_Electricity_Welding31_CT.wav
Cinetools Witchcraft【黑暗魔法巫术风火雷电咒语游戏技能音效素材】655544319933.zip,Cinetools Witchcraft/Designer Tools/Elemental/Electricity/WC_Electricity_Welding32_CT.wav,873724,29e1f8a4,OK,/volume1/主目录/Collection/素材&模板&音库/音效/02_中文音效合集/魔法法术咒语技能释放音效/Cinetools Witchcraft/Designer Tools/Elemental/Electricity/WC_Electricity_Welding32_CT.wav
Cinetools Witchcraft【黑暗魔法巫术风火雷电咒语游戏技能音效素材】655544319933.zip,Cinetools Witchcraft/Designer Tools/Elemental/Electricity/WC_Electricity_Welding33_CT.wav,2005756,b79a06c2,OK,/volume1/主目录/Collection/素材&模板&音库/音效/02_中文音效合集/魔法法术咒语技能释放音效/Cinetools Witchcraft/Designer Tools/Elemental/Electricity/WC_Electricity_Welding33_CT.wav
Cinetools Witchcraft【黑暗魔法巫术风火雷电咒语游戏技能音效素材】655544319933.zip,Cinetools Witchcraft/Designer Tools/Elemental/Electricity/WC_Electricity_Welding34_CT.wav,535276,37414bc4,OK,/volume1/主目录/Collection/素材&模板&音库/音效/02_中文音效合集/魔法法术咒语技能释放音效/Cinetools Witchcraft/Designer Tools/Elemental/Electricity/WC_Electricity_Welding34_CT.wav
Cinetools Witchcraft【黑暗魔法巫术风火雷电咒语游戏技能音效素材】655544319933.zip,Cinetools Witchcraft/Designer Tools/Elemental/Electricity/WC_Electricity_Welding35_CT.wav,539500,dd4229d3,OK,/volume1/主目录/Collection/素材&模板&音库/音效/02_中文音效合集/魔法法术咒语技能释放音效/Cinetools Witchcraft/Designer Tools/Elemental/Electricity/WC_Electricity_Welding35_CT.wav
Cinetools Witchcraft【黑暗魔法巫术风火雷电咒语游戏技能音效素材】655544319933.zip,Cinetools Witchcraft/Designer Tools/Elemental/Electricity/WC_Electricity_Welding36_CT.wav,772204,e743578a,OK,/volume1/主目录/Collection/素材&模板&音库/音效/02_中文音效合集/魔法法术咒语技能释放音效/Cinetools Witchcraft/Designer Tools/Elemental/Electricity/WC_Electricity_Welding36_CT.wav
Cinetools Witchcraft【黑暗魔法巫术风火雷电咒语游戏技能音效素材】655544319933.zip,Cinetools Witchcraft/Designer Tools/Elemental/Electricity/WC_Electricity_Welding3_CT.wav,457196,a7340e31,OK,/volume1/主目录/Collection/素材&模板&音库/音效/02_中文音效合集/魔法法术咒语技能释放音效/Cinetools Witchcraft/Designer Tools/Elemental/Electricity/WC_Electricity_Welding3_CT.wav
Cinetools Witchcraft【黑暗魔法巫术风火雷电咒语游戏技能音效素材】655544319933.zip,Cinetools Witchcraft/Designer Tools/Elemental/Electricity/WC_Electricity_Welding4_CT.wav,817132,6794305c,OK_Q,/volume1/主目录/Collection/素材&模板&音库/音效_去重待删_20260919/魔法法术咒语技能释放音效/Cinetools Witchcraft/Designer Tools/Elemental/Electricity/WC_Electricity_Welding4_CT.wav
Cinetools Witchcraft【黑暗魔法巫术风火雷电咒语游戏技能音效素材】655544319933.zip,Cinetools Witchcraft/Designer Tools/Elemental/Electricity/WC_Electricity_Welding5_CT.wav,1119316,c973f5fc,OK_Q,/volume1/主目录/Collection/素材&模板&音库/音效_去重待删_20260919/魔法法术咒语技能释放音效/Cinetools Witchcraft/Designer Tools/Elemental/Electricity/WC_Electricity_Welding5_CT.wav
Cinetools Witchcraft【黑暗魔法巫术风火雷电咒语游戏技能音效素材】655544319933.zip,Cinetools Witchcraft/Designer Tools/Elemental/Electricity/WC_Electricity_Welding6_CT.wav,890792,6f8b385e,OK,/volume1/主目录/Collection/素材&模板&音库/音效/02_中文音效合集/魔法法术咒语技能释放音效/Cinetools Witchcraft/Designer Tools/Elemental/Electricity/WC_Electricity_Welding6_CT.wav
Cinetools Witchcraft【黑暗魔法巫术风火雷电咒语游戏技能音效素材】655544319933.zip,Cinetools Witchcraft/Designer Tools/Elemental/Electricity/WC_Electricity_Welding7_CT.wav,1486376,b6f1d0fa,OK,/volume1/主目录/Collection/素材&模板&音库/音效/02_中文音效合集/魔法法术咒语技能释放音效/Cinetools Witchcraft/Designer Tools/Elemental/Electricity/WC_Electricity_Welding7_CT.wav
Cinetools Witchcraft【黑暗魔法巫术风火雷电咒语游戏技能音效素材】655544319933.zip,Cinetools Witchcraft/Designer Tools/Elemental/Electricity/WC_Electricity_Welding8_CT.wav,691024,95fe518a,OK,/volume1/主目录/Collection/素材&模板&音库/音效/02_中文音效合集/魔法法术咒语技能释放音效/Cinetools Witchcraft/Designer Tools/Elemental/Electricity/WC_Electricity_Welding8_CT.wav
Cinetools Witchcraft【黑暗魔法巫术风火雷电咒语游戏技能音效素材】655544319933.zip,Cinetools Witchcraft/Designer Tools/Elemental/Electricity/WC_Electricity_Welding9_CT.wav,1083172,7a84ecf6,OK,/volume1/主目录/Collection/素材&模板&音库/音效/02_中文音效合集/魔法法术咒语技能释放音效/Cinetools Witchcraft/Designer Tools/Elemental/Electricity/WC_Electricity_Welding9_CT.wav
Cinetools Witchcraft【黑暗魔法巫术风火雷电咒语游戏技能音效素材】655544319933.zip,Cinetools Witchcraft/Designer Tools/Elemental/Electricity/WC_Electricity_Welding_CT.wav,4546700,67af7a34,OK,/volume1/主目录/Collection/素材&模板&音库/音效/02_中文音效合集/魔法法术咒语技能释放音效/Cinetools Witchcraft/Designer Tools/Elemental/Electricity/WC_Electricity_Welding_CT.wav
Cinetools Witchcraft【黑暗魔法巫术风火雷电咒语游戏技能音效素材】655544319933.zip,Cinetools Witchcraft/Designer Tools/Elemental/Electricity/WC_Electricity_Zap2_CT.wav,1638292,f25dbe1c,OK,/volume1/主目录/Collection/素材&模板&音库/音效/02_中文音效合集/魔法法术咒语技能释放音效/Cinetools Witchcraft/Designer Tools/Elemental/Electricity/WC_Electricity_Zap2_CT.wav
Cinetools Witchcraft【黑暗魔法巫术风火雷电咒语游戏技能音效素材】655544319933.zip,Cinetools Witchcraft/Designer Tools/Elemental/Electricity/WC_Electricity_Zap3_CT.wav,1333648,b4328547,OK,/volume1/主目录/Collection/素材&模板&音库/音效/02_中文音效合集/魔法法术咒语技能释放音效/Cinetools Witchcraft/Designer Tools/Elemental/Electricity/WC_Electricity_Zap3_CT.wav
Cinetools Witchcraft【黑暗魔法巫术风火雷电咒语游戏技能音效素材】655544319933.zip,Cinetools Witchcraft/Designer Tools/Elemental/Electricity/WC_Electricity_Zap4_CT.wav,1841560,583c5da7,OK,/volume1/主目录/Collection/素材&模板&音库/音效/02_中文音效合集/魔法法术咒语技能释放音效/Cinetools Witchcraft/Designer Tools/Elemental/Electricity/WC_Electricity_Zap4_CT.wav
Cinetools Witchcraft【黑暗魔法巫术风火雷电咒语游戏技能音效素材】655544319933.zip,Cinetools Witchcraft/Designer Tools/Elemental/Electricity/WC_Electricity_Zap5_CT.wav,1621180,ba0d88c7,OK,/volume1/主目录/Collection/素材&模板&音库/音效/02_中文音效合集/魔法法术咒语技能释放音效/Cinetools Witchcraft/Designer Tools/Elemental/Electricity/WC_Electricity_Zap5_CT.wav
Cinetools Witchcraft【黑暗魔法巫术风火雷电咒语游戏技能音效素材】655544319933.zip,Cinetools Witchcraft/Designer Tools/Elemental/Electricity/WC_Electricity_Zap6_CT.wav,1755328,ba465ab6,OK,/volume1/主目录/Collection/素材&模板&音库/音效/02_中文音效合集/魔法法术咒语技能释放音效/Cinetools Witchcraft/Designer Tools/Elemental/Electricity/WC_Electricity_Zap6_CT.wav
Cinetools Witchcraft【黑暗魔法巫术风火雷电咒语游戏技能音效素材】655544319933.zip,Cinetools Witchcraft/Designer Tools/Elemental/Electricity/WC_Electricity_Zap_CT.wav,1237444,4f3a4afd,OK,/volume1/主目录/Collection/素材&模板&音库/音效/02_中文音效合集/魔法法术咒语技能释放音效/Cinetools Witchcraft/Designer Tools/Elemental/Electricity/WC_Electricity_Zap_CT.wav
Cinetools Witchcraft【黑暗魔法巫术风火雷电咒语游戏技能音效素材】655544319933.zip,Cinetools Witchcraft/Designer Tools/Elemental/Fire/WC_Fire_Burst_BlackPowder2_CT.wav,2325452,7f0616b1,OK,/volume1/主目录/Collection/素材&模板&音库/音效/02_中文音效合集/魔法法术咒语技能释放音效/Cinetools Witchcraft/Designer Tools/Elemental/Fire/WC_Fire_Burst_BlackPowder2_CT.wav
Cinetools Witchcraft【黑暗魔法巫术风火雷电咒语游戏技能音效素材】655544319933.zip,Cinetools Witchcraft/Designer Tools/Elemental/Fire/WC_Fire_Burst_BlackPowder3_CT.wav,2272556,e78a486b,OK,/volume1/主目录/Collection/素材&模板&音库/音效/02_中文音效合集/魔法法术咒语技能释放音效/Cinetools Witchcraft/Designer Tools/Elemental/Fire/WC_Fire_Burst_BlackPowder3_CT.wav
Cinetools Witchcraft【黑暗魔法巫术风火雷电咒语游戏技能音效素材】655544319933.zip,Cinetools Witchcraft/Designer Tools/Elemental/Fire/WC_Fire_Burst_BlackPowder4_CT.wav,2726156,aa411a1d,OK,/volume1/主目录/Collection/素材&模板&音库/音效/02_中文音效合集/魔法法术咒语技能释放音效/Cinetools Witchcraft/Designer Tools/Elemental/Fire/WC_Fire_Burst_BlackPowder4_CT.wav
Cinetools Witchcraft【黑暗魔法巫术风火雷电咒语游戏技能音效素材】655544319933.zip,Cinetools Witchcraft/Designer Tools/Elemental/Fire/WC_Fire_Burst_BlackPowder5_CT.wav,2210636,cb0eb938,OK,/volume1/主目录/Collection/素材&模板&音库/音效/02_中文音效合集/魔法法术咒语技能释放音效/Cinetools Witchcraft/Designer Tools/Elemental/Fire/WC_Fire_Burst_BlackPowder5_CT.wav
Cinetools Witchcraft【黑暗魔法巫术风火雷电咒语游戏技能音效素材】655544319933.zip,Cinetools Witchcraft/Designer Tools/Elemental/Fire/WC_Fire_Burst_BlackPowder6_CT.wav,2416676,05364eed,OK,/volume1/主目录/Collection/素材&模板&音库/音效/02_中文音效合集/魔法法术咒语技能释放音效/Cinetools Witchcraft/Designer Tools/Elemental/Fire/WC_Fire_Burst_BlackPowder6_CT.wav
Cinetools Witchcraft【黑暗魔法巫术风火雷电咒语游戏技能音效素材】655544319933.zip,Cinetools Witchcraft/Designer Tools/Elemental/Fire/WC_Fire_Burst_BlackPowder_CT.wav,2904032,cfda2d59,OK,/volume1/主目录/Collection/素材&模板&音库/音效/02_中文音效合集/魔法法术咒语技能释放音效/Cinetools Witchcraft/Designer Tools/Elemental/Fire/WC_Fire_Burst_BlackPowder_CT.wav
Cinetools Witchcraft【黑暗魔法巫术风火雷电咒语游戏技能音效素材】655544319933.zip,Cinetools Witchcraft/Designer Tools/Elemental/Fire/WC_Fire_Burst_Blowtorch2_CT.wav,1509388,601f56ab,OK,/volume1/主目录/Collection/素材&模板&音库/音效/02_中文音效合集/魔法法术咒语技能释放音效/Cinetools Witchcraft/Designer Tools/Elemental/Fire/WC_Fire_Burst_Blowtorch2_CT.wav
Cinetools Witchcraft【黑暗魔法巫术风火雷电咒语游戏技能音效素材】655544319933.zip,Cinetools Witchcraft/Designer Tools/Elemental/Fire/WC_Fire_Burst_Blowtorch3_CT.wav,1785874,dce0221a,OK,/volume1/主目录/Collection/素材&模板&音库/音效/02_中文音效合集/魔法法术咒语技能释放音效/Cinetools Witchcraft/Designer Tools/Elemental/Fire/WC_Fire_Burst_Blowtorch3_CT.wav
Cinetools Witchcraft【黑暗魔法巫术风火雷电咒语游戏技能音效素材】655544319933.zip,Cinetools Witchcraft/Designer Tools/Elemental/Fire/WC_Fire_Burst_Blowtorch4_CT.wav,3320110,5d798bec,OK,/volume1/主目录/Collection/素材&模板&音库/音效/02_中文音效合集/魔法法术咒语技能释放音效/Cinetools Witchcraft/Designer Tools/Elemental/Fire/WC_Fire_Burst_Blowtorch4_CT.wav
Cinetools Witchcraft【黑暗魔法巫术风火雷电咒语游戏技能音效素材】655544319933.zip,Cinetools Witchcraft/Designer Tools/Elemental/Fire/WC_Fire_Burst_Blowtorch5_CT.wav,1397596,f319fcfa,OK,/volume1/主目录/Collection/素材&模板&音库/音效/02_中文音效合集/魔法法术咒语技能释放音效/Cinetools Witchcraft/Designer Tools/Elemental/Fire/WC_Fire_Burst_Blowtorch5_CT.wav
Cinetools Witchcraft【黑暗魔法巫术风火雷电咒语游戏技能音效素材】655544319933.zip,Cinetools Witchcraft/Designer Tools/Elemental/Fire/WC_Fire_Burst_Blowtorch6_CT.wav,822574,d39f540c,OK,/volume1/主目录/Collection/素材&模板&音库/音效/02_中文音效合集/魔法法术咒语技能释放音效/Cinetools Witchcraft/Designer Tools/Elemental/Fire/WC_Fire_Burst_Blowtorch6_CT.wav
Cinetools Witchcraft【黑暗魔法巫术风火雷电咒语游戏技能音效素材】655544319933.zip,Cinetools Witchcraft/Designer Tools/Elemental/Fire/WC_Fire_Burst_Blowtorch7_CT.wav,824746,359d1912,OK,/volume1/主目录/Collection/素材&模板&音库/音效/02_中文音效合集/魔法法术咒语技能释放音效/Cinetools Witchcraft/Designer Tools/Elemental/Fire/WC_Fire_Burst_Blowtorch7_CT.wav
Cinetools Witchcraft【黑暗魔法巫术风火雷电咒语游戏技能音效素材】655544319933.zip,Cinetools Witchcraft/Designer Tools/Elemental/Fire/WC_Fire_Burst_Blowtorch8_CT.wav,759766,3a334fde,OK,/volume1/主目录/Collection/素材&模板&音库/音效/02_中文音效合集/魔法法术咒语技能释放音效/Cinetools Witchcraft/Designer Tools/Elemental/Fire/WC_Fire_Burst_Blowtorch8_CT.wav
Cinetools Witchcraft【黑暗魔法巫术风火雷电咒语游戏技能音效素材】655544319933.zip,Cinetools Witchcraft/Designer Tools/Elemental/Fire/WC_Fire_Burst_Blowtorch_CT.wav,1138888,25a96175,OK,/volume1/主目录/Collection/素材&模板&音库/音效/02_中文音效合集/魔法法术咒语技能释放音效/Cinetools Witchcraft/Designer Tools/Elemental/Fire/WC_Fire_Burst_Blowtorch_CT.wav
Cinetools Witchcraft【黑暗魔法巫术风火雷电咒语游戏技能音效素材】655544319933.zip,Cinetools Witchcraft/Designer Tools/Elemental/Fire/WC_Fire_Burst_Coal2_CT.wav,2355860,657bfc8f,OK,/volume1/主目录/Collection/素材&模板&音库/音效/02_中文音效合集/魔法法术咒语技能释放音效/Cinetools Witchcraft/Designer Tools/Elemental/Fire/WC_Fire_Burst_Coal2_CT.wav
Cinetools Witchcraft【黑暗魔法巫术风火雷电咒语游戏技能音效素材】655544319933.zip,Cinetools Witchcraft/Designer Tools/Elemental/Fire/WC_Fire_Burst_Coal3_CT.wav,2464256,69dec0f5,OK,/volume1/主目录/Collection/素材&模板&音库/音效/02_中文音效合集/魔法法术咒语技能释放音效/Cinetools Witchcraft/Designer Tools/Elemental/Fire/WC_Fire_Burst_Coal3_CT.wav
Cinetools Witchcraft【黑暗魔法巫术风火雷电咒语游戏技能音效素材】655544319933.zip,Cinetools Witchcraft/Designer Tools/Elemental/Fire/WC_Fire_Burst_Coal4_CT.wav,2442788,6ce15767,OK,/volume1/主目录/Collection/素材&模板&音库/音效/02_中文音效合集/魔法法术咒语技能释放音效/Cinetools Witchcraft/Designer Tools/Elemental/Fire/WC_Fire_Burst_Coal4_CT.wav
Cinetools Witchcraft【黑暗魔法巫术风火雷电咒语游戏技能音效素材】655544319933.zip,Cinetools Witchcraft/Designer Tools/Elemental/Fire/WC_Fire_Burst_Coal5_CT.wav,2225480,10bd6772,OK,/volume1/主目录/Collection/素材&模板&音库/音效/02_中文音效合集/魔法法术咒语技能释放音效/Cinetools Witchcraft/Designer Tools/Elemental/Fire/WC_Fire_Burst_Coal5_CT.wav
Cinetools Witchcraft【黑暗魔法巫术风火雷电咒语游戏技能音效素材】655544319933.zip,Cinetools Witchcraft/Designer Tools/Elemental/Fire/WC_Fire_Burst_Coal6_CT.wav,1904672,dac902a1,OK,/volume1/主目录/Collection/素材&模板&音库/音效/02_中文音效合集/魔法法术咒语技能释放音效/Cinetools Witchcraft/Designer Tools/Elemental/Fire/WC_Fire_Burst_Coal6_CT.wav
Cinetools Witchcraft【黑暗魔法巫术风火雷电咒语游戏技能音效素材】655544319933.zip,Cinetools Witchcraft/Designer Tools/Elemental/Fire/WC_Fire_Burst_Coal_CT.wav,2170736,55f961d1,OK,/volume1/主目录/Collection/素材&模板&音库/音效/02_中文音效合集/魔法法术咒语技能释放音效/Cinetools Witchcraft/Designer Tools/Elemental/Fire/WC_Fire_Burst_Coal_CT.wav
Cinetools Witchcraft【黑暗魔法巫术风火雷电咒语游戏技能音效素材】655544319933.zip,Cinetools Witchcraft/Designer Tools/Elemental/Fire/WC_Fire_Burst_Coal_crisp2_CT.wav,1617680,ab1d3a58,OK,/volume1/主目录/Collection/素材&模板&音库/音效/02_中文音效合集/魔法法术咒语技能释放音效/Cinetools Witchcraft/Designer Tools/Elemental/Fire/WC_Fire_Burst_Coal_crisp2_CT.wav
Cinetools Witchcraft【黑暗魔法巫术风火雷电咒语游戏技能音效素材】655544319933.zip,Cinetools Witchcraft/Designer Tools/Elemental/Fire/WC_Fire_Burst_Coal_crisp3_CT.wav,1403168,0596f66b,OK,/volume1/主目录/Collection/素材&模板&音库/音效/02_中文音效合集/魔法法术咒语技能释放音效/Cinetools Witchcraft/Designer Tools/Elemental/Fire/WC_Fire_Burst_Coal_crisp3_CT.wav
Cinetools Witchcraft【黑暗魔法巫术风火雷电咒语游戏技能音效素材】655544319933.zip,Cinetools Witchcraft/Designer Tools/Elemental/Fire/WC_Fire_Burst_Coal_crisp4_CT.wav,1486196,4aebc62e,OK,/volume1/主目录/Collection/素材&模板&音库/音效/02_中文音效合集/魔法法术咒语技能释放音效/Cinetools Witchcraft/Designer Tools/Elemental/Fire/WC_Fire_Burst_Coal_crisp4_CT.wav
Cinetools Witchcraft【黑暗魔法巫术风火雷电咒语游戏技能音效素材】655544319933.zip,Cinetools Witchcraft/Designer Tools/Elemental/Fire/WC_Fire_Burst_Coal_crisp5_CT.wav,1514528,7bee06bc,OK,/volume1/主目录/Collection/素材&模板&音库/音效/02_中文音效合集/魔法法术咒语技能释放音效/Cinetools Witchcraft/Designer Tools/Elemental/Fire/WC_Fire_Burst_Coal_crisp5_CT.wav
Cinetools Witchcraft【黑暗魔法巫术风火雷电咒语游戏技能音效素材】655544319933.zip,Cinetools Witchcraft/Designer Tools/Elemental/Fire/WC_Fire_Burst_Coal_crisp6_CT.wav,1430780,591c74cc,OK,/volume1/主目录/Collection/素材&模板&音库/音效/02_中文音效合集/魔法法术咒语技能释放音效/Cinetools Witchcraft/Designer Tools/Elemental/Fire/WC_Fire_Burst_Coal_crisp6_CT.wav
Cinetools Witchcraft【黑暗魔法巫术风火雷电咒语游戏技能音效素材】655544319933.zip,Cinetools Witchcraft/Designer Tools/Elemental/Fire/WC_Fire_Burst_Coal_crisp_CT.wav,1686296,f5187de5,OK,/volume1/主目录/Collection/素材&模板&音库/音效/02_中文音效合集/魔法法术咒语技能释放音效/Cinetools Witchcraft/Designer Tools/Elemental/Fire/WC_Fire_Burst_Coal_crisp_CT.wav
Cinetools Witchcraft【黑暗魔法巫术风火雷电咒语游戏技能音效素材】655544319933.zip,Cinetools Witchcraft/Designer Tools/Elemental/Fire/WC_Fire_Burst_Fuel2_CT.wav,2032472,6967c9d0,OK,/volume1/主目录/Collection/素材&模板&音库/音效/02_中文音效合集/魔法法术咒语技能释放音效/Cinetools Witchcraft/Designer Tools/Elemental/Fire/WC_Fire_Burst_Fuel2_CT.wav
Cinetools Witchcraft【黑暗魔法巫术风火雷电咒语游戏技能音效素材】655544319933.zip,Cinetools Witchcraft/Designer Tools/Elemental/Fire/WC_Fire_Burst_Fuel3_CT.wav,1779896,dafcdccc,OK,/volume1/主目录/Collection/素材&模板&音库/音效/02_中文音效合集/魔法法术咒语技能释放音效/Cinetools Witchcraft/Designer Tools/Elemental/Fire/WC_Fire_Burst_Fuel3_CT.wav
Cinetools Witchcraft【黑暗魔法巫术风火雷电咒语游戏技能音效素材】655544319933.zip,Cinetools Witchcraft/Designer Tools/Elemental/Fire/WC_Fire_Burst_Fuel4_CT.wav,2178788,761ac495,OK,/volume1/主目录/Collection/素材&模板&音库/音效/02_中文音效合集/魔法法术咒语技能释放音效/Cinetools Witchcraft/Designer Tools/Elemental/Fire/WC_Fire_Burst_Fuel4_CT.wav
Cinetools Witchcraft【黑暗魔法巫术风火雷电咒语游戏技能音效素材】655544319933.zip,Cinetools Witchcraft/Designer Tools/Elemental/Fire/WC_Fire_Burst_Fuel5_CT.wav,2112392,158c754e,OK,/volume1/主目录/Collection/素材&模板&音库/音效/02_中文音效合集/魔法法术咒语技能释放音效/Cinetools Witchcraft/Designer Tools/Elemental/Fire/WC_Fire_Burst_Fuel5_CT.wav
Cinetools Witchcraft【黑暗魔法巫术风火雷电咒语游戏技能音效素材】655544319933.zip,Cinetools Witchcraft/Designer Tools/Elemental/Fire/WC_Fire_Burst_Fuel6_CT.wav,1988192,801012f7,OK,/volume1/主目录/Collection/素材&模板&音库/音效/02_中文音效合集/魔法法术咒语技能释放音效/Cinetools Witchcraft/Designer Tools/Elemental/Fire/WC_Fire_Burst_Fuel6_CT.wav
Cinetools Witchcraft【黑暗魔法巫术风火雷电咒语游戏技能音效素材】655544319933.zip,Cinetools Witchcraft/Designer Tools/Elemental/Fire/WC_Fire_Burst_Fuel_CT.wav,1542140,88aa012d,OK,/volume1/主目录/Collection/素材&模板&音库/音效/02_中文音效合集/魔法法术咒语技能释放音效/Cinetools Witchcraft/Designer Tools/Elemental/Fire/WC_Fire_Burst_Fuel_CT.wav
Cinetools Witchcraft【黑暗魔法巫术风火雷电咒语游戏技能音效素材】655544319933.zip,Cinetools Witchcraft/Designer Tools/Elemental/Fire/WC_Fire_Burst_Fuel_crisp2_CT.wav,2476088,497241d6,OK,/volume1/主目录/Collection/素材&模板&音库/音效/02_中文音效合集/魔法法术咒语技能释放音效/Cinetools Witchcraft/Designer Tools/Elemental/Fire/WC_Fire_Burst_Fuel_crisp2_CT.wav
Cinetools Witchcraft【黑暗魔法巫术风火雷电咒语游戏技能音效素材】655544319933.zip,Cinetools Witchcraft/Designer Tools/Elemental/Fire/WC_Fire_Burst_Fuel_crisp3_CT.wav,1490096,b8d0d400,OK,/volume1/主目录/Collection/素材&模板&音库/音效/02_中文音效合集/魔法法术咒语技能释放音效/Cinetools Witchcraft/Designer Tools/Elemental/Fire/WC_Fire_Burst_Fuel_crisp3_CT.wav
Cinetools Witchcraft【黑暗魔法巫术风火雷电咒语游戏技能音效素材】655544319933.zip,Cinetools Witchcraft/Designer Tools/Elemental/Fire/WC_Fire_Burst_Fuel_crisp4_CT.wav,1468364,be6be843,NAME_ONLY,/volume1/主目录/Collection/素材&模板&音库/音效/02_中文音效合集/魔法法术咒语技能释放音效/Cinetools Witchcraft/Designer Tools/Elemental/Fire/WC_Fire_Burst_Fuel_crisp4_CT.wav
Cinetools Witchcraft【黑暗魔法巫术风火雷电咒语游戏技能音效素材】655544319933.zip,Cinetools Witchcraft/Designer Tools/Elemental/Fire/WC_Fire_Burst_Fuel_crisp5_CT.wav,2133584,667a2b68,OK,/volume1/主目录/Collection/素材&模板&音库/音效/02_中文音效合集/魔法法术咒语技能释放音效/Cinetools Witchcraft/Designer Tools/Elemental/Fire/WC_Fire_Burst_Fuel_crisp5_CT.wav
Cinetools Witchcraft【黑暗魔法巫术风火雷电咒语游戏技能音效素材】655544319933.zip,Cinetools Witchcraft/Designer Tools/Elemental/Fire/WC_Fire_Burst_Fuel_crisp6_CT.wav,2095676,fdae2ada,OK,/volume1/主目录/Collection/素材&模板&音库/音效/02_中文音效合集/魔法法术咒语技能释放音效/Cinetools Witchcraft/Designer Tools/Elemental/Fire/WC_Fire_Burst_Fuel_crisp6_CT.wav
Cinetools Witchcraft【黑暗魔法巫术风火雷电咒语游戏技能音效素材】655544319933.zip,Cinetools Witchcraft/Designer Tools/Elemental/Fire/WC_Fire_Burst_Fuel_crisp7_CT.wav,2257436,a6284c52,OK,/volume1/主目录/Collection/素材&模板&音库/音效/02_中文音效合集/魔法法术咒语技能释放音效/Cinetools Witchcraft/Designer Tools/Elemental/Fire/WC_Fire_Burst_Fuel_crisp7_CT.wav
Cinetools Witchcraft【黑暗魔法巫术风火雷电咒语游戏技能音效素材】655544319933.zip,Cinetools Witchcraft/Designer Tools/Elemental/Fire/WC_Fire_Burst_Fuel_crisp_CT.wav,2468936,f0b9e560,OK,/volume1/主目录/Collection/素材&模板&音库/音效/02_中文音效合集/魔法法术咒语技能释放音效/Cinetools Witchcraft/Designer Tools/Elemental/Fire/WC_Fire_Burst_Fuel_crisp_CT.wav
Cinetools Witchcraft【黑暗魔法巫术风火雷电咒语游戏技能音效素材】655544319933.zip,Cinetools Witchcraft/Designer Tools/Elemental/Fire/WC_Fire_Burst_Fuel_short2_CT.wav,1626380,673ea48c,OK,/volume1/主目录/Collection/素材&模板&音库/音效/02_中文音效合集/魔法法术咒语技能释放音效/Cinetools Witchcraft/Designer Tools/Elemental/Fire/WC_Fire_Burst_Fuel_short2_CT.wav
Cinetools Witchcraft【黑暗魔法巫术风火雷电咒语游戏技能音效素材】655544319933.zip,Cinetools Witchcraft/Designer Tools/Elemental/Fire/WC_Fire_Burst_Fuel_short3_CT.wav,1422260,58ba51b3,OK,/volume1/主目录/Collection/素材&模板&音库/音效/02_中文音效合集/魔法法术咒语技能释放音效/Cinetools Witchcraft/Designer Tools/Elemental/Fire/WC_Fire_Burst_Fuel_short3_CT.wav
Cinetools Witchcraft【黑暗魔法巫术风火雷电咒语游戏技能音效素材】655544319933.zip,Cinetools Witchcraft/Designer Tools/Elemental/Fire/WC_Fire_Burst_Fuel_short4_CT.wav,2169692,0ae45f9f,OK,/volume1/主目录/Collection/素材&模板&音库/音效/02_中文音效合集/魔法法术咒语技能释放音效/Cinetools Witchcraft/Designer Tools/Elemental/Fire/WC_Fire_Burst_Fuel_short4_CT.wav
Cinetools Witchcraft【黑暗魔法巫术风火雷电咒语游戏技能音效素材】655544319933.zip,Cinetools Witchcraft/Designer Tools/Elemental/Fire/WC_Fire_Burst_Fuel_short5_CT.wav,2271512,8439708f,OK,/volume1/主目录/Collection/素材&模板&音库/音效/02_中文音效合集/魔法法术咒语技能释放音效/Cinetools Witchcraft/Designer Tools/Elemental/Fire/WC_Fire_Burst_Fuel_short5_CT.wav
Cinetools Witchcraft【黑暗魔法巫术风火雷电咒语游戏技能音效素材】655544319933.zip,Cinetools Witchcraft/Designer Tools/Elemental/Fire/WC_Fire_Burst_Fuel_short_CT.wav,5740520,468d4eda,NAME_ONLY,/volume1/主目录/Collection/素材&模板&音库/音效/02_中文音效合集/魔法法术咒语技能释放音效/Cinetools Witchcraft/Designer Tools/Elemental/Fire/WC_Fire_Burst_Fuel_short_CT.wav
Cinetools Witchcraft【黑暗魔法巫术风火雷电咒语游戏技能音效素材】655544319933.zip,Cinetools Witchcraft/Designer Tools/Elemental/Fire/WC_Fire_Burst_Gas2_CT.wav,2359292,55f6a873,OK,/volume1/主目录/Collection/素材&模板&音库/音效/02_中文音效合集/魔法法术咒语技能释放音效/Cinetools Witchcraft/Designer Tools/Elemental/Fire/WC_Fire_Burst_Gas2_CT.wav
Cinetools Witchcraft【黑暗魔法巫术风火雷电咒语游戏技能音效素材】655544319933.zip,Cinetools Witchcraft/Designer Tools/Elemental/Fire/WC_Fire_Burst_Gas3_CT.wav,2325560,89b8505a,OK,/volume1/主目录/Collection/素材&模板&音库/音效/02_中文音效合集/魔法法术咒语技能释放音效/Cinetools Witchcraft/Designer Tools/Elemental/Fire/WC_Fire_Burst_Gas3_CT.wav
Cinetools Witchcraft【黑暗魔法巫术风火雷电咒语游戏技能音效素材】655544319933.zip,Cinetools Witchcraft/Designer Tools/Elemental/Fire/WC_Fire_Burst_Gas4_CT.wav,2419556,8dcfbdc5,OK,/volume1/主目录/Collection/素材&模板&音库/音效/02_中文音效合集/魔法法术咒语技能释放音效/Cinetools Witchcraft/Designer Tools/Elemental/Fire/WC_Fire_Burst_Gas4_CT.wav
Cinetools Witchcraft【黑暗魔法巫术风火雷电咒语游戏技能音效素材】655544319933.zip,Cinetools Witchcraft/Designer Tools/Elemental/Fire/WC_Fire_Burst_Gas5_CT.wav,2232152,f58e1ea7,OK,/volume1/主目录/Collection/素材&模板&音库/音效/02_中文音效合集/魔法法术咒语技能释放音效/Cinetools Witchcraft/Designer Tools/Elemental/Fire/WC_Fire_Burst_Gas5_CT.wav
Cinetools Witchcraft【黑暗魔法巫术风火雷电咒语游戏技能音效素材】655544319933.zip,Cinetools Witchcraft/Designer Tools/Elemental/Fire/WC_Fire_Burst_Gas6_CT.wav,1905452,de266dd9,OK,/volume1/主目录/Collection/素材&模板&音库/音效/02_中文音效合集/魔法法术咒语技能释放音效/Cinetools Witchcraft/Designer Tools/Elemental/Fire/WC_Fire_Burst_Gas6_CT.wav
Cinetools Witchcraft【黑暗魔法巫术风火雷电咒语游戏技能音效素材】655544319933.zip,Cinetools Witchcraft/Designer Tools/Elemental/Fire/WC_Fire_Burst_GasFlame10_CT.wav,704302,8608e7c9,OK,/volume1/主目录/Collection/素材&模板&音库/音效/02_中文音效合集/魔法法术咒语技能释放音效/Cinetools Witchcraft/Designer Tools/Elemental/Fire/WC_Fire_Burst_GasFlame10_CT.wav
Cinetools Witchcraft【黑暗魔法巫术风火雷电咒语游戏技能音效素材】655544319933.zip,Cinetools Witchcraft/Designer Tools/Elemental/Fire/WC_Fire_Burst_GasFlame2_CT.wav,757396,6ba21516,OK,/volume1/主目录/Collection/素材&模板&音库/音效/02_中文音效合集/魔法法术咒语技能释放音效/Cinetools Witchcraft/Designer Tools/Elemental/Fire/WC_Fire_Burst_GasFlame2_CT.wav
Cinetools Witchcraft【黑暗魔法巫术风火雷电咒语游戏技能音效素材】655544319933.zip,Cinetools Witchcraft/Designer Tools/Elemental/Fire/WC_Fire_Burst_GasFlame3_CT.wav,570352,1d142f69,OK,/volume1/主目录/Collection/素材&模板&音库/音效/02_中文音效合集/魔法法术咒语技能释放音效/Cinetools Witchcraft/Designer Tools/Elemental/Fire/WC_Fire_Burst_GasFlame3_CT.wav
Cinetools Witchcraft【黑暗魔法巫术风火雷电咒语游戏技能音效素材】655544319933.zip,Cinetools Witchcraft/Designer Tools/Elemental/Fire/WC_Fire_Burst_GasFlame4_CT.wav,1566496,46b9e4c0,OK,/volume1/主目录/Collection/素材&模板&音库/音效/02_中文音效合集/魔法法术咒语技能释放音效/Cinetools Witchcraft/Designer Tools/Elemental/Fire/WC_Fire_Burst_GasFlame4_CT.wav
Cinetools Witchcraft【黑暗魔法巫术风火雷电咒语游戏技能音效素材】655544319933.zip,Cinetools Witchcraft/Designer Tools/Elemental/Fire/WC_Fire_Burst_GasFlame5_CT.wav,522046,7b68886c,OK,/volume1/主目录/Collection/素材&模板&音库/音效/02_中文音效合集/魔法法术咒语技能释放音效/Cinetools Witchcraft/Designer Tools/Elemental/Fire/WC_Fire_Burst_GasFlame5_CT.wav
Cinetools Witchcraft【黑暗魔法巫术风火雷电咒语游戏技能音效素材】655544319933.zip,Cinetools Witchcraft/Designer Tools/Elemental/Fire/WC_Fire_Burst_GasFlame6_CT.wav,565024,213e34fa,OK,/volume1/主目录/Collection/素材&模板&音库/音效/02_中文音效合集/魔法法术咒语技能释放音效/Cinetools Witchcraft/Designer Tools/Elemental/Fire/WC_Fire_Burst_GasFlame6_CT.wav
Cinetools Witchcraft【黑暗魔法巫术风火雷电咒语游戏技能音效素材】655544319933.zip,Cinetools Witchcraft/Designer Tools/Elemental/Fire/WC_Fire_Burst_GasFlame7_CT.wav,703246,2411dd90,OK,/volume1/主目录/Collection/素材&模板&音库/音效/02_中文音效合集/魔法法术咒语技能释放音效/Cinetools Witchcraft/Designer Tools/Elemental/Fire/WC_Fire_Burst_GasFlame7_CT.wav
Cinetools Witchcraft【黑暗魔法巫术风火雷电咒语游戏技能音效素材】655544319933.zip,Cinetools Witchcraft/Designer Tools/Elemental/Fire/WC_Fire_Burst_GasFlame8_CT.wav,789646,b0e57d92,OK,/volume1/主目录/Collection/素材&模板&音库/音效/02_中文音效合集/魔法法术咒语技能释放音效/Cinetools Witchcraft/Designer Tools/Elemental/Fire/WC_Fire_Burst_GasFlame8_CT.wav
Cinetools Witchcraft【黑暗魔法巫术风火雷电咒语游戏技能音效素材】655544319933.zip,Cinetools Witchcraft/Designer Tools/Elemental/Fire/WC_Fire_Burst_GasFlame9_CT.wav,490516,76a304fa,OK,/volume1/主目录/Collection/素材&模板&音库/音效/02_中文音效合集/魔法法术咒语技能释放音效/Cinetools Witchcraft/Designer Tools/Elemental/Fire/WC_Fire_Burst_GasFlame9_CT.wav
Cinetools Witchcraft【黑暗魔法巫术风火雷电咒语游戏技能音效素材】655544319933.zip,Cinetools Witchcraft/Designer Tools/Elemental/Fire/WC_Fire_Burst_GasFlame_CT.wav,665152,a89ad210,OK,/volume1/主目录/Collection/素材&模板&音库/音效/02_中文音效合集/魔法法术咒语技能释放音效/Cinetools Witchcraft/Designer Tools/Elemental/Fire/WC_Fire_Burst_GasFlame_CT.wav
Cinetools Witchcraft【黑暗魔法巫术风火雷电咒语游戏技能音效素材】655544319933.zip,Cinetools Witchcraft/Designer Tools/Elemental/Fire/WC_Fire_Burst_Gas_CT.wav,2021246,6497e18a,OK,/volume1/主目录/Collection/素材&模板&音库/音效/02_中文音效合集/魔法法术咒语技能释放音效/Cinetools Witchcraft/Designer Tools/Elemental/Fire/WC_Fire_Burst_Gas_CT.wav
Cinetools Witchcraft【黑暗魔法巫术风火雷电咒语游戏技能音效素材】655544319933.zip,Cinetools Witchcraft/Designer Tools/Elemental/Fire/WC_Fire_Burst_Gunpowder1V_CT.wav,2139724,89a3840c,OK,/volume1/主目录/Collection/素材&模板&音库/音效/02_中文音效合集/魔法法术咒语技能释放音效/Cinetools Witchcraft/Designer Tools/Elemental/Fire/WC_Fire_Burst_Gunpowder1V_CT.wav
Cinetools Witchcraft【黑暗魔法巫术风火雷电咒语游戏技能音效素材】655544319933.zip,Cinetools Witchcraft/Designer Tools/Elemental/Fire/WC_Fire_Burst_Gunpowder1_CT.wav,2392888,eb0f9746,OK,/volume1/主目录/Collection/素材&模板&音库/音效/02_中文音效合集/魔法法术咒语技能释放音效/Cinetools Witchcraft/Designer Tools/Elemental/Fire/WC_Fire_Burst_Gunpowder1_CT.wav
Cinetools Witchcraft【黑暗魔法巫术风火雷电咒语游戏技能音效素材】655544319933.zip,Cinetools Witchcraft/Designer Tools/Elemental/Fire/WC_Fire_Burst_Gunpowder2_CT.wav,1728124,516be8da,OK,/volume1/主目录/Collection/素材&模板&音库/音效/02_中文音效合集/魔法法术咒语技能释放音效/Cinetools Witchcraft/Designer Tools/Elemental/Fire/WC_Fire_Burst_Gunpowder2_CT.wav
Cinetools Witchcraft【黑暗魔法巫术风火雷电咒语游戏技能音效素材】655544319933.zip,Cinetools Witchcraft/Designer Tools/Elemental/Fire/WC_Fire_Burst_Gunpowder3V_CT.wav,2631988,10c18e45,OK,/volume1/主目录/Collection/素材&模板&音库/音效/02_中文音效合集/魔法法术咒语技能释放音效/Cinetools Witchcraft/Designer Tools/Elemental/Fire/WC_Fire_Burst_Gunpowder3V_CT.wav
Cinetools Witchcraft【黑暗魔法巫术风火雷电咒语游戏技能音效素材】655544319933.zip,Cinetools Witchcraft/Designer Tools/Elemental/Fire/WC_Fire_Burst_Gunpowder3_CT.wav,2625724,b7a91521,OK,/volume1/主目录/Collection/素材&模板&音库/音效/02_中文音效合集/魔法法术咒语技能释放音效/Cinetools Witchcraft/Designer Tools/Elemental/Fire/WC_Fire_Burst_Gunpowder3_CT.wav
Cinetools Witchcraft【黑暗魔法巫术风火雷电咒语游戏技能音效素材】655544319933.zip,Cinetools Witchcraft/Designer Tools/Elemental/Fire/WC_Fire_Burst_Gunpowder4V_CT.wav,1728124,437d2fde,OK,/volume1/主目录/Collection/素材&模板&音库/音效/02_中文音效合集/魔法法术咒语技能释放音效/Cinetools Witchcraft/Designer Tools/Elemental/Fire/WC_Fire_Burst_Gunpowder4V_CT.wav
Cinetools Witchcraft【黑暗魔法巫术风火雷电咒语游戏技能音效素材】655544319933.zip,Cinetools Witchcraft/Designer Tools/Elemental/Fire/WC_Fire_Burst_Gunpowder4_CT.wav,1728124,66cdf2bb,OK,/volume1/主目录/Collection/素材&模板&音库/音效/02_中文音效合集/魔法法术咒语技能释放音效/Cinetools Witchcraft/Designer Tools/Elemental/Fire/WC_Fire_Burst_Gunpowder4_CT.wav
Cinetools Witchcraft【黑暗魔法巫术风火雷电咒语游戏技能音效素材】655544319933.zip,Cinetools Witchcraft/Designer Tools/Elemental/Fire/WC_Fire_Burst_Gunpowder5V_CT.wav,18432124,079191a7,OK,/volume1/主目录/Collection/素材&模板&音库/音效/02_中文音效合集/魔法法术咒语技能释放音效/Cinetools Witchcraft/Designer Tools/Elemental/Fire/WC_Fire_Burst_Gunpowder5V_CT.wav
Cinetools Witchcraft【黑暗魔法巫术风火雷电咒语游戏技能音效素材】655544319933.zip,Cinetools Witchcraft/Designer Tools/Elemental/Fire/WC_Fire_Burst_Gunpowder5_CT.wav,18432124,4cbd5ba5,OK,/volume1/主目录/Collection/素材&模板&音库/音效/02_中文音效合集/魔法法术咒语技能释放音效/Cinetools Witchcraft/Designer Tools/Elemental/Fire/WC_Fire_Burst_Gunpowder5_CT.wav
Cinetools Witchcraft【黑暗魔法巫术风火雷电咒语游戏技能音效素材】655544319933.zip,Cinetools Witchcraft/Designer Tools/Elemental/Fire/WC_Fire_Burst_Gunpowder6V_CT.wav,5184124,fd9358ce,OK,/volume1/主目录/Collection/素材&模板&音库/音效/02_中文音效合集/魔法法术咒语技能释放音效/Cinetools Witchcraft/Designer Tools/Elemental/Fire/WC_Fire_Burst_Gunpowder6V_CT.wav
Cinetools Witchcraft【黑暗魔法巫术风火雷电咒语游戏技能音效素材】655544319933.zip,Cinetools Witchcraft/Designer Tools/Elemental/Fire/WC_Fire_Burst_Gunpowder6_CT.wav,5184124,f4f1ccea,OK,/volume1/主目录/Collection/素材&模板&音库/音效/02_中文音效合集/魔法法术咒语技能释放音效/Cinetools Witchcraft/Designer Tools/Elemental/Fire/WC_Fire_Burst_Gunpowder6_CT.wav
Cinetools Witchcraft【黑暗魔法巫术风火雷电咒语游戏技能音效素材】655544319933.zip,Cinetools Witchcraft/Designer Tools/Elemental/Fire/WC_Fire_Burst_Gunpowder7V_CT.wav,4608124,f6f6a38a,OK,/volume1/主目录/Collection/素材&模板&音库/音效/02_中文音效合集/魔法法术咒语技能释放音效/Cinetools Witchcraft/Designer Tools/Elemental/Fire/WC_Fire_Burst_Gunpowder7V_CT.wav
Cinetools Witchcraft【黑暗魔法巫术风火雷电咒语游戏技能音效素材】655544319933.zip,Cinetools Witchcraft/Designer Tools/Elemental/Fire/WC_Fire_Burst_Gunpowder7_CT.wav,4608124,2e58dc7d,OK,/volume1/主目录/Collection/素材&模板&音库/音效/02_中文音效合集/魔法法术咒语技能释放音效/Cinetools Witchcraft/Designer Tools/Elemental/Fire/WC_Fire_Burst_Gunpowder7_CT.wav
Cinetools Witchcraft【黑暗魔法巫术风火雷电咒语游戏技能音效素材】655544319933.zip,Cinetools Witchcraft/Designer Tools/Elemental/Fire/WC_Fire_Burst_HairSpray10_CT.wav,1437620,7d8fca43,OK,/volume1/主目录/Collection/素材&模板&音库/音效/02_中文音效合集/魔法法术咒语技能释放音效/Cinetools Witchcraft/Designer Tools/Elemental/Fire/WC_Fire_Burst_HairSpray10_CT.wav
Cinetools Witchcraft【黑暗魔法巫术风火雷电咒语游戏技能音效素材】655544319933.zip,Cinetools Witchcraft/Designer Tools/Elemental/Fire/WC_Fire_Burst_HairSpray11_CT.wav,1350008,e27cd435,OK,/volume1/主目录/Collection/素材&模板&音库/音效/02_中文音效合集/魔法法术咒语技能释放音效/Cinetools Witchcraft/Designer Tools/Elemental/Fire/WC_Fire_Burst_HairSpray11_CT.wav
Cinetools Witchcraft【黑暗魔法巫术风火雷电咒语游戏技能音效素材】655544319933.zip,Cinetools Witchcraft/Designer Tools/Elemental/Fire/WC_Fire_Burst_HairSpray12_CT.wav,1311500,6a325922,OK,/volume1/主目录/Collection/素材&模板&音库/音效/02_中文音效合集/魔法法术咒语技能释放音效/Cinetools Witchcraft/Designer Tools/Elemental/Fire/WC_Fire_Burst_HairSpray12_CT.wav
Cinetools Witchcraft【黑暗魔法巫术风火雷电咒语游戏技能音效素材】655544319933.zip,Cinetools Witchcraft/Designer Tools/Elemental/Fire/WC_Fire_Burst_HairSpray2_CT.wav,1509596,de6cd3d3,OK,/volume1/主目录/Collection/素材&模板&音库/音效/02_中文音效合集/魔法法术咒语技能释放音效/Cinetools Witchcraft/Designer Tools/Elemental/Fire/WC_Fire_Burst_HairSpray2_CT.wav
Cinetools Witchcraft【黑暗魔法巫术风火雷电咒语游戏技能音效素材】655544319933.zip,Cinetools Witchcraft/Designer Tools/Elemental/Fire/WC_Fire_Burst_HairSpray3_CT.wav,1382288,cd48cb9b,OK,/volume1/主目录/Collection/素材&模板&音库/音效/02_中文音效合集/魔法法术咒语技能释放音效/Cinetools Witchcraft/Designer Tools/Elemental/Fire/WC_Fire_Burst_HairSpray3_CT.wav
Cinetools Witchcraft【黑暗魔法巫术风火雷电咒语游戏技能音效素材】655544319933.zip,Cinetools Witchcraft/Designer Tools/Elemental/Fire/WC_Fire_Burst_HairSpray4_CT.wav,1469156,bb148bb6,OK,/volume1/主目录/Collection/素材&模板&音库/音效/02_中文音效合集/魔法法术咒语技能释放音效/Cinetools Witchcraft/Designer Tools/Elemental/Fire/WC_Fire_Burst_HairSpray4_CT.wav
Cinetools Witchcraft【黑暗魔法巫术风火雷电咒语游戏技能音效素材】655544319933.zip,Cinetools Witchcraft/Designer Tools/Elemental/Fire/WC_Fire_Burst_HairSpray5_CT.wav,1416788,7b35d764,OK,/volume1/主目录/Collection/素材&模板&音库/音效/02_中文音效合集/魔法法术咒语技能释放音效/Cinetools Witchcraft/Designer Tools/Elemental/Fire/WC_Fire_Burst_HairSpray5_CT.wav
Cinetools Witchcraft【黑暗魔法巫术风火雷电咒语游戏技能音效素材】655544319933.zip,Cinetools Witchcraft/Designer Tools/Elemental/Fire/WC_Fire_Burst_HairSpray6_CT.wav,1377056,175e335c,OK,/volume1/主目录/Collection/素材&模板&音库/音效/02_中文音效合集/魔法法术咒语技能释放音效/Cinetools Witchcraft/Designer Tools/Elemental/Fire/WC_Fire_Burst_HairSpray6_CT.wav
Cinetools Witchcraft【黑暗魔法巫术风火雷电咒语游戏技能音效素材】655544319933.zip,Cinetools Witchcraft/Designer Tools/Elemental/Fire/WC_Fire_Burst_HairSpray7_CT.wav,1611044,2561f0d1,OK,/volume1/主目录/Collection/素材&模板&音库/音效/02_中文音效合集/魔法法术咒语技能释放音效/Cinetools Witchcraft/Designer Tools/Elemental/Fire/WC_Fire_Burst_HairSpray7_CT.wav
Cinetools Witchcraft【黑暗魔法巫术风火雷电咒语游戏技能音效素材】655544319933.zip,Cinetools Witchcraft/Designer Tools/Elemental/Fire/WC_Fire_Burst_HairSpray8_CT.wav,1425452,28bc2a31,OK,/volume1/主目录/Collection/素材&模板&音库/音效/02_中文音效合集/魔法法术咒语技能释放音效/Cinetools Witchcraft/Designer Tools/Elemental/Fire/WC_Fire_Burst_HairSpray8_CT.wav
Cinetools Witchcraft【黑暗魔法巫术风火雷电咒语游戏技能音效素材】655544319933.zip,Cinetools Witchcraft/Designer Tools/Elemental/Fire/WC_Fire_Burst_HairSpray9_CT.wav,1405328,3499b5ed,OK,/volume1/主目录/Collection/素材&模板&音库/音效/02_中文音效合集/魔法法术咒语技能释放音效/Cinetools Witchcraft/Designer Tools/Elemental/Fire/WC_Fire_Burst_HairSpray9_CT.wav
Cinetools Witchcraft【黑暗魔法巫术风火雷电咒语游戏技能音效素材】655544319933.zip,Cinetools Witchcraft/Designer Tools/Elemental/Fire/WC_Fire_Burst_HairSpray_CT.wav,1586696,c8c4a424,OK,/volume1/主目录/Collection/素材&模板&音库/音效/02_中文音效合集/魔法法术咒语技能释放音效/Cinetools Witchcraft/Designer Tools/Elemental/Fire/WC_Fire_Burst_HairSpray_CT.wav
Cinetools Witchcraft【黑暗魔法巫术风火雷电咒语游戏技能音效素材】655544319933.zip,Cinetools Witchcraft/Designer Tools/Elemental/Fire/WC_Fire_Burst_PanQuenching2_CT.wav,6023524,60c46c42,OK,/volume1/主目录/Collection/素材&模板&音库/音效/02_中文音效合集/魔法法术咒语技能释放音效/Cinetools Witchcraft/Designer Tools/Elemental/Fire/WC_Fire_Burst_PanQuenching2_CT.wav
Cinetools Witchcraft【黑暗魔法巫术风火雷电咒语游戏技能音效素材】655544319933.zip,Cinetools Witchcraft/Designer Tools/Elemental/Fire/WC_Fire_Burst_PanQuenching3_CT.wav,5710024,20398c3c,OK,/volume1/主目录/Collection/素材&模板&音库/音效/02_中文音效合集/魔法法术咒语技能释放音效/Cinetools Witchcraft/Designer Tools/Elemental/Fire/WC_Fire_Burst_PanQuenching3_CT.wav
Cinetools Witchcraft【黑暗魔法巫术风火雷电咒语游戏技能音效素材】655544319933.zip,Cinetools Witchcraft/Designer Tools/Elemental/Fire/WC_Fire_Burst_PanQuenching4_CT.wav,7842352,2e513d2c,OK,/volume1/主目录/Collection/素材&模板&音库/音效/02_中文音效合集/魔法法术咒语技能释放音效/Cinetools Witchcraft/Designer Tools/Elemental/Fire/WC_Fire_Burst_PanQuenching4_CT.wav
Cinetools Witchcraft【黑暗魔法巫术风火雷电咒语游戏技能音效素材】655544319933.zip,Cinetools Witchcraft/Designer Tools/Elemental/Fire/WC_Fire_Burst_PanQuenching_CT.wav,6166210,13276ee0,OK,/volume1/主目录/Collection/素材&模板&音库/音效/02_中文音效合集/魔法法术咒语技能释放音效/Cinetools Witchcraft/Designer Tools/Elemental/Fire/WC_Fire_Burst_PanQuenching_CT.wav
Cinetools Witchcraft【黑暗魔法巫术风火雷电咒语游戏技能音效素材】655544319933.zip,Cinetools Witchcraft/Designer Tools/Elemental/Fire/WC_Fire_Burst_Spirit2_CT.wav,1743476,abf25881,OK,/volume1/主目录/Collection/素材&模板&音库/音效/02_中文音效合集/魔法法术咒语技能释放音效/Cinetools Witchcraft/Designer Tools/Elemental/Fire/WC_Fire_Burst_Spirit2_CT.wav
Cinetools Witchcraft【黑暗魔法巫术风火雷电咒语游戏技能音效素材】655544319933.zip,Cinetools Witchcraft/Designer Tools/Elemental/Fire/WC_Fire_Burst_Spirit3_CT.wav,1831784,3ff7f442,OK,/volume1/主目录/Collection/素材&模板&音库/音效/02_中文音效合集/魔法法术咒语技能释放音效/Cinetools Witchcraft/Designer Tools/Elemental/Fire/WC_Fire_Burst_Spirit3_CT.wav
Cinetools Witchcraft【黑暗魔法巫术风火雷电咒语游戏技能音效素材】655544319933.zip,Cinetools Witchcraft/Designer Tools/Elemental/Fire/WC_Fire_Burst_Spirit4_CT.wav,1737812,0fa38fe6,OK,/volume1/主目录/Collection/素材&模板&音库/音效/02_中文音效合集/魔法法术咒语技能释放音效/Cinetools Witchcraft/Designer Tools/Elemental/Fire/WC_Fire_Burst_Spirit4_CT.wav
Cinetools Witchcraft【黑暗魔法巫术风火雷电咒语游戏技能音效素材】655544319933.zip,Cinetools Witchcraft/Designer Tools/Elemental/Fire/WC_Fire_Burst_Spirit5_CT.wav,2270360,4a3a36f0,OK,/volume1/主目录/Collection/素材&模板&音库/音效/02_中文音效合集/魔法法术咒语技能释放音效/Cinetools Witchcraft/Designer Tools/Elemental/Fire/WC_Fire_Burst_Spirit5_CT.wav
Cinetools Witchcraft【黑暗魔法巫术风火雷电咒语游戏技能音效素材】655544319933.zip,Cinetools Witchcraft/Designer Tools/Elemental/Fire/WC_Fire_Burst_Spirit6_CT.wav,1734584,e311ff1c,OK,/volume1/主目录/Collection/素材&模板&音库/音效/02_中文音效合集/魔法法术咒语技能释放音效/Cinetools Witchcraft/Designer Tools/Elemental/Fire/WC_Fire_Burst_Spirit6_CT.wav
Cinetools Witchcraft【黑暗魔法巫术风火雷电咒语游戏技能音效素材】655544319933.zip,Cinetools Witchcraft/Designer Tools/Elemental/Fire/WC_Fire_Burst_Spirit_CT.wav,2176772,54b071b4,OK,/volume1/主目录/Collection/素材&模板&音库/音效/02_中文音效合集/魔法法术咒语技能释放音效/Cinetools Witchcraft/Designer Tools/Elemental/Fire/WC_Fire_Burst_Spirit_CT.wav
Cinetools Witchcraft【黑暗魔法巫术风火雷电咒语游戏技能音效素材】655544319933.zip,Cinetools Witchcraft/Designer Tools/Elemental/Fire/WC_Fire_Burst_Spirit_crisp2_CT.wav,1631828,953c9d00,OK,/volume1/主目录/Collection/素材&模板&音库/音效/02_中文音效合集/魔法法术咒语技能释放音效/Cinetools Witchcraft/Designer Tools/Elemental/Fire/WC_Fire_Burst_Spirit_crisp2_CT.wav
Cinetools Witchcraft【黑暗魔法巫术风火雷电咒语游戏技能音效素材】655544319933.zip,Cinetools Witchcraft/Designer Tools/Elemental/Fire/WC_Fire_Burst_Spirit_crisp3_CT.wav,1610936,ae1da8d3,OK,/volume1/主目录/Collection/素材&模板&音库/音效/02_中文音效合集/魔法法术咒语技能释放音效/Cinetools Witchcraft/Designer Tools/Elemental/Fire/WC_Fire_Burst_Spirit_crisp3_CT.wav
Cinetools Witchcraft【黑暗魔法巫术风火雷电咒语游戏技能音效素材】655544319933.zip,Cinetools Witchcraft/Designer Tools/Elemental/Fire/WC_Fire_Burst_Spirit_crisp4_CT.wav,2144888,a95e3c79,OK,/volume1/主目录/Collection/素材&模板&音库/音效/02_中文音效合集/魔法法术咒语技能释放音效/Cinetools Witchcraft/Designer Tools/Elemental/Fire/WC_Fire_Burst_Spirit_crisp4_CT.wav
Cinetools Witchcraft【黑暗魔法巫术风火雷电咒语游戏技能音效素材】655544319933.zip,Cinetools Witchcraft/Designer Tools/Elemental/Fire/WC_Fire_Burst_Spirit_crisp5_CT.wav,2416424,70243800,OK,/volume1/主目录/Collection/素材&模板&音库/音效/02_中文音效合集/魔法法术咒语技能释放音效/Cinetools Witchcraft/Designer Tools/Elemental/Fire/WC_Fire_Burst_Spirit_crisp5_CT.wav
Cinetools Witchcraft【黑暗魔法巫术风火雷电咒语游戏技能音效素材】655544319933.zip,Cinetools Witchcraft/Designer Tools/Elemental/Fire/WC_Fire_Burst_Spirit_crisp6_CT.wav,2630410,d1a28c8b,OK,/volume1/主目录/Collection/素材&模板&音库/音效/02_中文音效合集/魔法法术咒语技能释放音效/Cinetools Witchcraft/Designer Tools/Elemental/Fire/WC_Fire_Burst_Spirit_crisp6_CT.wav
Cinetools Witchcraft【黑暗魔法巫术风火雷电咒语游戏技能音效素材】655544319933.zip,Cinetools Witchcraft/Designer Tools/Elemental/Fire/WC_Fire_Burst_Spirit_crisp_CT.wav,2752324,bf11bf1c,OK,/volume1/主目录/Collection/素材&模板&音库/音效/02_中文音效合集/魔法法术咒语技能释放音效/Cinetools Witchcraft/Designer Tools/Elemental/Fire/WC_Fire_Burst_Spirit_crisp_CT.wav
Cinetools Witchcraft【黑暗魔法巫术风火雷电咒语游戏技能音效素材】655544319933.zip,Cinetools Witchcraft/Designer Tools/Elemental/Fire/WC_Fire_Burst_Spirit_short2_CT.wav,1754468,008a376f,OK,/volume1/主目录/Collection/素材&模板&音库/音效/02_中文音效合集/魔法法术咒语技能释放音效/Cinetools Witchcraft/Designer Tools/Elemental/Fire/WC_Fire_Burst_Spirit_short2_CT.wav
Cinetools Witchcraft【黑暗魔法巫术风火雷电咒语游戏技能音效素材】655544319933.zip,Cinetools Witchcraft/Designer Tools/Elemental/Fire/WC_Fire_Burst_Spirit_short3_CT.wav,1643780,590821c1,OK,/volume1/主目录/Collection/素材&模板&音库/音效/02_中文音效合集/魔法法术咒语技能释放音效/Cinetools Witchcraft/Designer Tools/Elemental/Fire/WC_Fire_Burst_Spirit_short3_CT.wav
Cinetools Witchcraft【黑暗魔法巫术风火雷电咒语游戏技能音效素材】655544319933.zip,Cinetools Witchcraft/Designer Tools/Elemental/Fire/WC_Fire_Burst_Spirit_short4_CT.wav,1829300,ac67af13,OK,/volume1/主目录/Collection/素材&模板&音库/音效/02_中文音效合集/魔法法术咒语技能释放音效/Cinetools Witchcraft/Designer Tools/Elemental/Fire/WC_Fire_Burst_Spirit_short4_CT.wav
Cinetools Witchcraft【黑暗魔法巫术风火雷电咒语游戏技能音效素材】655544319933.zip,Cinetools Witchcraft/Designer Tools/Elemental/Fire/WC_Fire_Burst_Spirit_short5_CT.wav,1811348,049fa28f,OK,/volume1/主目录/Collection/素材&模板&音库/音效/02_中文音效合集/魔法法术咒语技能释放音效/Cinetools Witchcraft/Designer Tools/Elemental/Fire/WC_Fire_Burst_Spirit_short5_CT.wav
Cinetools Witchcraft【黑暗魔法巫术风火雷电咒语游戏技能音效素材】655544319933.zip,Cinetools Witchcraft/Designer Tools/Elemental/Fire/WC_Fire_Burst_Spirit_short6_CT.wav,1890260,18ca761f,OK,/volume1/主目录/Collection/素材&模板&音库/音效/02_中文音效合集/魔法法术咒语技能释放音效/Cinetools Witchcraft/Designer Tools/Elemental/Fire/WC_Fire_Burst_Spirit_short6_CT.wav
Cinetools Witchcraft【黑暗魔法巫术风火雷电咒语游戏技能音效素材】655544319933.zip,Cinetools Witchcraft/Designer Tools/Elemental/Fire/WC_Fire_Burst_Spirit_short_CT.wav,1699448,0ba777ae,OK,/volume1/主目录/Collection/素材&模板&音库/音效/02_中文音效合集/魔法法术咒语技能释放音效/Cinetools Witchcraft/Designer Tools/Elemental/Fire/WC_Fire_Burst_Spirit_short_CT.wav
Cinetools Witchcraft【黑暗魔法巫术风火雷电咒语游戏技能音效素材】655544319933.zip,Cinetools Witchcraft/Designer Tools/Elemental/Fire/WC_Fire_Movement_Flame_crispy2_CT.wav,9990310,6a713895,OK,/volume1/主目录/Collection/素材&模板&音库/音效/02_中文音效合集/魔法法术咒语技能释放音效/Cinetools Witchcraft/Designer Tools/Elemental/Fire/WC_Fire_Movement_Flame_crispy2_CT.wav
Cinetools Witchcraft【黑暗魔法巫术风火雷电咒语游戏技能音效素材】655544319933.zip,Cinetools Witchcraft/Designer Tools/Elemental/Fire/WC_Fire_Movement_Flame_crispy_CT.wav,8051560,a84c5e76,NAME_ONLY,/volume1/主目录/Collection/素材&模板&音库/音效/02_中文音效合集/魔法法术咒语技能释放音效/Cinetools Witchcraft/Designer Tools/Elemental/Fire/WC_Fire_Movement_Flame_crispy_CT.wav
Cinetools Witchcraft【黑暗魔法巫术风火雷电咒语游戏技能音效素材】655544319933.zip,Cinetools Witchcraft/Designer Tools/Elemental/Fire/WC_Fire_Movement_Flame_dirty2_CT.wav,11395246,41fc2228,OK,/volume1/主目录/Collection/素材&模板&音库/音效/02_中文音效合集/魔法法术咒语技能释放音效/Cinetools Witchcraft/Designer Tools/Elemental/Fire/WC_Fire_Movement_Flame_dirty2_CT.wav
Cinetools Witchcraft【黑暗魔法巫术风火雷电咒语游戏技能音效素材】655544319933.zip,Cinetools Witchcraft/Designer Tools/Elemental/Fire/WC_Fire_Movement_Flame_dirty_CT.wav,7697332,f47e091b,OK,/volume1/主目录/Collection/素材&模板&音库/音效/02_中文音效合集/魔法法术咒语技能释放音效/Cinetools Witchcraft/Designer Tools/Elemental/Fire/WC_Fire_Movement_Flame_dirty_CT.wav
Cinetools Witchcraft【黑暗魔法巫术风火雷电咒语游戏技能音效素材】655544319933.zip,Cinetools Witchcraft/Designer Tools/Elemental/Fire/WC_Fire_Sizzle_BoilngOil2_CT.wav,4905952,17246234,OK,/volume1/主目录/Collection/素材&模板&音库/音效/02_中文音效合集/魔法法术咒语技能释放音效/Cinetools Witchcraft/Designer Tools/Elemental/Fire/WC_Fire_Sizzle_BoilngOil2_CT.wav
Cinetools Witchcraft【黑暗魔法巫术风火雷电咒语游戏技能音效素材】655544319933.zip,Cinetools Witchcraft/Designer Tools/Elemental/Fire/WC_Fire_Sizzle_BoilngOil3_CT.wav,39778996,a53fb646,OK,/volume1/主目录/Collection/素材&模板&音库/音效/02_中文音效合集/魔法法术咒语技能释放音效/Cinetools Witchcraft/Designer Tools/Elemental/Fire/WC_Fire_Sizzle_BoilngOil3_CT.wav
Cinetools Witchcraft【黑暗魔法巫术风火雷电咒语游戏技能音效素材】655544319933.zip,Cinetools Witchcraft/Designer Tools/Elemental/Fire/WC_Fire_Sizzle_BoilngOil4_CT.wav,2954482,e23fa293,OK,/volume1/主目录/Collection/素材&模板&音库/音效/02_中文音效合集/魔法法术咒语技能释放音效/Cinetools Witchcraft/Designer Tools/Elemental/Fire/WC_Fire_Sizzle_BoilngOil4_CT.wav
Cinetools Witchcraft【黑暗魔法巫术风火雷电咒语游戏技能音效素材】655544319933.zip,Cinetools Witchcraft/Designer Tools/Elemental/Fire/WC_Fire_Sizzle_BoilngOil5_CT.wav,39084274,468a3037,OK,/volume1/主目录/Collection/素材&模板&音库/音效/02_中文音效合集/魔法法术咒语技能释放音效/Cinetools Witchcraft/Designer Tools/Elemental/Fire/WC_Fire_Sizzle_BoilngOil5_CT.wav
Cinetools Witchcraft【黑暗魔法巫术风火雷电咒语游戏技能音效素材】655544319933.zip,Cinetools Witchcraft/Designer Tools/Elemental/Fire/WC_Fire_Sizzle_BoilngOil7_CT.wav,22915090,684ecde1,OK,/volume1/主目录/Collection/素材&模板&音库/音效/02_中文音效合集/魔法法术咒语技能释放音效/Cinetools Witchcraft/Designer Tools/Elemental/Fire/WC_Fire_Sizzle_BoilngOil7_CT.wav
Cinetools Witchcraft【黑暗魔法巫术风火雷电咒语游戏技能音效素材】655544319933.zip,Cinetools Witchcraft/Designer Tools/Elemental/Fire/WC_Fire_Sizzle_BoilngOil_CT.wav,35162338,b6b918c5,OK,/volume1/主目录/Collection/素材&模板&音库/音效/02_中文音效合集/魔法法术咒语技能释放音效/Cinetools Witchcraft/Designer Tools/Elemental/Fire/WC_Fire_Sizzle_BoilngOil_CT.wav
Cinetools Witchcraft【黑暗魔法巫术风火雷电咒语游戏技能音效素材】655544319933.zip,Cinetools Witchcraft/Designer Tools/Elemental/Fire/WC_Fire_Sizzle_BurningOil2_CT.wav,22794760,dc080197,OK,/volume1/主目录/Collection/素材&模板&音库/音效/02_中文音效合集/魔法法术咒语技能释放音效/Cinetools Witchcraft/Designer Tools/Elemental/Fire/WC_Fire_Sizzle_BurningOil2_CT.wav
Cinetools Witchcraft【黑暗魔法巫术风火雷电咒语游戏技能音效素材】655544319933.zip,Cinetools Witchcraft/Designer Tools/Elemental/Fire/WC_Fire_Sizzle_BurningOil3_CT.wav,2838538,66b492b1,OK,/volume1/主目录/Collection/素材&模板&音库/音效/02_中文音效合集/魔法法术咒语技能释放音效/Cinetools Witchcraft/Designer Tools/Elemental/Fire/WC_Fire_Sizzle_BurningOil3_CT.wav
Cinetools Witchcraft【黑暗魔法巫术风火雷电咒语游戏技能音效素材】655544319933.zip,Cinetools Witchcraft/Designer Tools/Elemental/Fire/WC_Fire_Sizzle_BurningOil4_CT.wav,7332388,9560b08b,OK,/volume1/主目录/Collection/素材&模板&音库/音效/02_中文音效合集/魔法法术咒语技能释放音效/Cinetools Witchcraft/Designer Tools/Elemental/Fire/WC_Fire_Sizzle_BurningOil4_CT.wav
Cinetools Witchcraft【黑暗魔法巫术风火雷电咒语游戏技能音效素材】655544319933.zip,Cinetools Witchcraft/Designer Tools/Elemental/Fire/WC_Fire_Sizzle_BurningOil5_CT.wav,4063888,7d9b62dd,OK,/volume1/主目录/Collection/素材&模板&音库/音效/02_中文音效合集/魔法法术咒语技能释放音效/Cinetools Witchcraft/Designer Tools/Elemental/Fire/WC_Fire_Sizzle_BurningOil5_CT.wav
Cinetools Witchcraft【黑暗魔法巫术风火雷电咒语游戏技能音效素材】655544319933.zip,Cinetools Witchcraft/Designer Tools/Elemental/Fire/WC_Fire_Sizzle_BurningOil6_CT.wav,12357574,cb51c283,OK,/volume1/主目录/Collection/素材&模板&音库/音效/02_中文音效合集/魔法法术咒语技能释放音效/Cinetools Witchcraft/Designer Tools/Elemental/Fire/WC_Fire_Sizzle_BurningOil6_CT.wav
Cinetools Witchcraft【黑暗魔法巫术风火雷电咒语游戏技能音效素材】655544319933.zip,Cinetools Witchcraft/Designer Tools/Elemental/Fire/WC_Fire_Sizzle_BurningOil7_CT.wav,5767996,8907bbca,OK,/volume1/主目录/Collection/素材&模板&音库/音效/02_中文音效合集/魔法法术咒语技能释放音效/Cinetools Witchcraft/Designer Tools/Elemental/Fire/WC_Fire_Sizzle_BurningOil7_CT.wav
Cinetools Witchcraft【黑暗魔法巫术风火雷电咒语游戏技能音效素材】655544319933.zip,Cinetools Witchcraft/Designer Tools/Elemental/Fire/WC_Fire_Sizzle_BurningOil8_CT.wav,22229218,0a7a071c,OK,/volume1/主目录/Collection/素材&模板&音库/音效/02_中文音效合集/魔法法术咒语技能释放音效/Cinetools Witchcraft/Designer Tools/Elemental/Fire/WC_Fire_Sizzle_BurningOil8_CT.wav
Cinetools Witchcraft【黑暗魔法巫术风火雷电咒语游戏技能音效素材】655544319933.zip,Cinetools Witchcraft/Designer Tools/Elemental/Fire/WC_Fire_Sizzle_BurningOil_CT.wav,8291452,ef8a5691,NAME_ONLY,/volume1/主目录/Collection/素材&模板&音库/音效/02_中文音效合集/魔法法术咒语技能释放音效/Cinetools Witchcraft/Designer Tools/Elemental/Fire/WC_Fire_Sizzle_BurningOil_CT.wav
Cinetools Witchcraft【黑暗魔法巫术风火雷电咒语游戏技能音效素材】655544319933.zip,Cinetools Witchcraft/Designer Tools/Elemental/Fire/WC_Fire_Sizzle_DrizzleWaterIntoOil2_CT.wav,46207360,3627e4e7,OK,/volume1/主目录/Collection/素材&模板&音库/音效/02_中文音效合集/魔法法术咒语技能释放音效/Cinetools Witchcraft/Designer Tools/Elemental/Fire/WC_Fire_Sizzle_DrizzleWaterIntoOil2_CT.wav
Cinetools Witchcraft【黑暗魔法巫术风火雷电咒语游戏技能音效素材】655544319933.zip,Cinetools Witchcraft/Designer Tools/Elemental/Fire/WC_Fire_Sizzle_DrizzleWaterIntoOil3_CT.wav,26452360,cc486489,OK,/volume1/主目录/Collection/素材&模板&音库/音效/02_中文音效合集/魔法法术咒语技能释放音效/Cinetools Witchcraft/Designer Tools/Elemental/Fire/WC_Fire_Sizzle_DrizzleWaterIntoOil3_CT.wav
Cinetools Witchcraft【黑暗魔法巫术风火雷电咒语游戏技能音效素材】655544319933.zip,Cinetools Witchcraft/Designer Tools/Elemental/Fire/WC_Fire_Sizzle_DrizzleWaterIntoOil4_CT.wav,25925824,1d71ce0b,NAME_ONLY,/volume1/主目录/Collection/素材&模板&音库/音效/02_中文音效合集/魔法法术咒语技能释放音效/Cinetools Witchcraft/Designer Tools/Elemental/Fire/WC_Fire_Sizzle_DrizzleWaterIntoOil4_CT.wav
Cinetools Witchcraft【黑暗魔法巫术风火雷电咒语游戏技能音效素材】655544319933.zip,Cinetools Witchcraft/Designer Tools/Elemental/Fire/WC_Fire_Sizzle_DrizzleWaterIntoOil5_CT.wav,29993296,20c1b642,OK,/volume1/主目录/Collection/素材&模板&音库/音效/02_中文音效合集/魔法法术咒语技能释放音效/Cinetools Witchcraft/Designer Tools/Elemental/Fire/WC_Fire_Sizzle_DrizzleWaterIntoOil5_CT.wav
Cinetools Witchcraft【黑暗魔法巫术风火雷电咒语游戏技能音效素材】655544319933.zip,Cinetools Witchcraft/Designer Tools/Elemental/Fire/WC_Fire_Sizzle_DrizzleWaterIntoOil_CT.wav,28000138,d3ad99bc,OK,/volume1/主目录/Collection/素材&模板&音库/音效/02_中文音效合集/魔法法术咒语技能释放音效/Cinetools Witchcraft/Designer Tools/Elemental/Fire/WC_Fire_Sizzle_DrizzleWaterIntoOil_CT.wav
Cinetools Witchcraft【黑暗魔法巫术风火雷电咒语游戏技能音效素材】655544319933.zip,Cinetools Witchcraft/Designer Tools/Elemental/Fire/WC_Fire_Sizzle_FryingBacon2_CT.wav,11045302,403fc5ba,OK,/volume1/主目录/Collection/素材&模板&音库/音效/02_中文音效合集/魔法法术咒语技能释放音效/Cinetools Witchcraft/Designer Tools/Elemental/Fire/WC_Fire_Sizzle_FryingBacon2_CT.wav
Cinetools Witchcraft【黑暗魔法巫术风火雷电咒语游戏技能音效素材】655544319933.zip,Cinetools Witchcraft/Designer Tools/Elemental/Fire/WC_Fire_Sizzle_FryingBacon3_CT.wav,12507166,b3e0722f,OK,/volume1/主目录/Collection/素材&模板&音库/音效/02_中文音效合集/魔法法术咒语技能释放音效/Cinetools Witchcraft/Designer Tools/Elemental/Fire/WC_Fire_Sizzle_FryingBacon3_CT.wav
Cinetools Witchcraft【黑暗魔法巫术风火雷电咒语游戏技能音效素材】655544319933.zip,Cinetools Witchcraft/Designer Tools/Elemental/Fire/WC_Fire_Sizzle_FryingBacon4_CT.wav,9039124,1d925541,OK,/volume1/主目录/Collection/素材&模板&音库/音效/02_中文音效合集/魔法法术咒语技能释放音效/Cinetools Witchcraft/Designer Tools/Elemental/Fire/WC_Fire_Sizzle_FryingBacon4_CT.wav
Cinetools Witchcraft【黑暗魔法巫术风火雷电咒语游戏技能音效素材】655544319933.zip,Cinetools Witchcraft/Designer Tools/Elemental/Fire/WC_Fire_Sizzle_FryingBacon5_CT.wav,9213760,c12f9efc,OK,/volume1/主目录/Collection/素材&模板&音库/音效/02_中文音效合集/魔法法术咒语技能释放音效/Cinetools Witchcraft/Designer Tools/Elemental/Fire/WC_Fire_Sizzle_FryingBacon5_CT.wav
Cinetools Witchcraft【黑暗魔法巫术风火雷电咒语游戏技能音效素材】655544319933.zip,Cinetools Witchcraft/Designer Tools/Elemental/Fire/WC_Fire_Sizzle_FryingBacon6_CT.wav,33700510,ba4ec94a,OK,/volume1/主目录/Collection/素材&模板&音库/音效/02_中文音效合集/魔法法术咒语技能释放音效/Cinetools Witchcraft/Designer Tools/Elemental/Fire/WC_Fire_Sizzle_FryingBacon6_CT.wav
Cinetools Witchcraft【黑暗魔法巫术风火雷电咒语游戏技能音效素材】655544319933.zip,Cinetools Witchcraft/Designer Tools/Elemental/Fire/WC_Fire_Sizzle_FryingBacon7_CT.wav,6257110,624ebad8,OK,/volume1/主目录/Collection/素材&模板&音库/音效/02_中文音效合集/魔法法术咒语技能释放音效/Cinetools Witchcraft/Designer Tools/Elemental/Fire/WC_Fire_Sizzle_FryingBacon7_CT.wav
Cinetools Witchcraft【黑暗魔法巫术风火雷电咒语游戏技能音效素材】655544319933.zip,Cinetools Witchcraft/Designer Tools/Elemental/Fire/WC_Fire_Sizzle_FryingBacon_CT.wav,13688602,d4fea9d0,OK,/volume1/主目录/Collection/素材&模板&音库/音效/02_中文音效合集/魔法法术咒语技能释放音效/Cinetools Witchcraft/Designer Tools/Elemental/Fire/WC_Fire_Sizzle_FryingBacon_CT.wav
Cinetools Witchcraft【黑暗魔法巫术风火雷电咒语游戏技能音效素材】655544319933.zip,Cinetools Witchcraft/Designer Tools/Elemental/Fire/WC_Fire_Sizzle_FryingSteak2_CT.wav,13050622,95e99adb,OK,/volume1/主目录/Collection/素材&模板&音库/音效/02_中文音效合集/魔法法术咒语技能释放音效/Cinetools Witchcraft/Designer Tools/Elemental/Fire/WC_Fire_Sizzle_FryingSteak2_CT.wav
Cinetools Witchcraft【黑暗魔法巫术风火雷电咒语游戏技能音效素材】655544319933.zip,Cinetools Witchcraft/Designer Tools/Elemental/Fire/WC_Fire_Sizzle_FryingSteak3_CT.wav,7614388,b2b49477,OK,/volume1/主目录/Collection/素材&模板&音库/音效/02_中文音效合集/魔法法术咒语技能释放音效/Cinetools Witchcraft/Designer Tools/Elemental/Fire/WC_Fire_Sizzle_FryingSteak3_CT.wav
Cinetools Witchcraft【黑暗魔法巫术风火雷电咒语游戏技能音效素材】655544319933.zip,Cinetools Witchcraft/Designer Tools/Elemental/Fire/WC_Fire_Sizzle_FryingSteak4_CT.wav,17496532,b34689ee,OK,/volume1/主目录/Collection/素材&模板&音库/音效/02_中文音效合集/魔法法术咒语技能释放音效/Cinetools Witchcraft/Designer Tools/Elemental/Fire/WC_Fire_Sizzle_FryingSteak4_CT.wav
Cinetools Witchcraft【黑暗魔法巫术风火雷电咒语游戏技能音效素材】655544319933.zip,Cinetools Witchcraft/Designer Tools/Elemental/Fire/WC_Fire_Sizzle_FryingSteak5_CT.wav,8215024,874bbe8e,OK,/volume1/主目录/Collection/素材&模板&音库/音效/02_中文音效合集/魔法法术咒语技能释放音效/Cinetools Witchcraft/Designer Tools/Elemental/Fire/WC_Fire_Sizzle_FryingSteak5_CT.wav
Cinetools Witchcraft【黑暗魔法巫术风火雷电咒语游戏技能音效素材】655544319933.zip,Cinetools Witchcraft/Designer Tools/Elemental/Fire/WC_Fire_Sizzle_FryingSteak6_CT.wav,10368682,fdfb87f2,OK,/volume1/主目录/Collection/素材&模板&音库/音效/02_中文音效合集/魔法法术咒语技能释放音效/Cinetools Witchcraft/Designer Tools/Elemental/Fire/WC_Fire_Sizzle_FryingSteak6_CT.wav
Cinetools Witchcraft【黑暗魔法巫术风火雷电咒语游戏技能音效素材】655544319933.zip,Cinetools Witchcraft/Designer Tools/Elemental/Fire/WC_Fire_Sizzle_FryingSteak_CT.wav,2498410,3ba35b05,OK,/volume1/主目录/Collection/素材&模板&音库/音效/02_中文音效合集/魔法法术咒语技能释放音效/Cinetools Witchcraft/Designer Tools/Elemental/Fire/WC_Fire_Sizzle_FryingSteak_CT.wav
Cinetools Witchcraft【黑暗魔法巫术风火雷电咒语游戏技能音效素材】655544319933.zip,Cinetools Witchcraft/Designer Tools/Elemental/Fire/WC_Fire_Sizzle_OilBurst2_CT.wav,9307042,2d5db134,OK,/volume1/主目录/Collection/素材&模板&音库/音效/02_中文音效合集/魔法法术咒语技能释放音效/Cinetools Witchcraft/Designer Tools/Elemental/Fire/WC_Fire_Sizzle_OilBurst2_CT.wav
Cinetools Witchcraft【黑暗魔法巫术风火雷电咒语游戏技能音效素材】655544319933.zip,Cinetools Witchcraft/Designer Tools/Elemental/Fire/WC_Fire_Sizzle_OilBurst_CT.wav,15603796,56acfff5,OK,/volume1/主目录/Collection/素材&模板&音库/音效/02_中文音效合集/魔法法术咒语技能释放音效/Cinetools Witchcraft/Designer Tools/Elemental/Fire/WC_Fire_Sizzle_OilBurst_CT.wav
Cinetools Witchcraft【黑暗魔法巫术风火雷电咒语游戏技能音效素材】655544319933.zip,Cinetools Witchcraft/Designer Tools/Elemental/Fire/WC_Fire_Sizzle_SprayWaterIntoOil2_CT.wav,11175790,3859de96,OK,/volume1/主目录/Collection/素材&模板&音库/音效/02_中文音效合集/魔法法术咒语技能释放音效/Cinetools Witchcraft/Designer Tools/Elemental/Fire/WC_Fire_Sizzle_SprayWaterIntoOil2_CT.wav
Cinetools Witchcraft【黑暗魔法巫术风火雷电咒语游戏技能音效素材】655544319933.zip,Cinetools Witchcraft/Designer Tools/Elemental/Fire/WC_Fire_Sizzle_SprayWaterIntoOil3_CT.wav,12586294,a6bbf017,OK,/volume1/主目录/Collection/素材&模板&音库/音效/02_中文音效合集/魔法法术咒语技能释放音效/Cinetools Witchcraft/Designer Tools/Elemental/Fire/WC_Fire_Sizzle_SprayWaterIntoOil3_CT.wav
Cinetools Witchcraft【黑暗魔法巫术风火雷电咒语游戏技能音效素材】655544319933.zip,Cinetools Witchcraft/Designer Tools/Elemental/Fire/WC_Fire_Sizzle_SprayWaterIntoOil4_CT.wav,9163390,86e93dc3,OK,/volume1/主目录/Collection/素材&模板&音库/音效/02_中文音效合集/魔法法术咒语技能释放音效/Cinetools Witchcraft/Designer Tools/Elemental/Fire/WC_Fire_Sizzle_SprayWaterIntoOil4_CT.wav
Cinetools Witchcraft【黑暗魔法巫术风火雷电咒语游戏技能音效素材】655544319933.zip,Cinetools Witchcraft/Designer Tools/Elemental/Fire/WC_Fire_Sizzle_SprayWaterIntoOil5_CT.wav,7440616,a44a66f4,OK,/volume1/主目录/Collection/素材&模板&音库/音效/02_中文音效合集/魔法法术咒语技能释放音效/Cinetools Witchcraft/Designer Tools/Elemental/Fire/WC_Fire_Sizzle_SprayWaterIntoOil5_CT.wav
Cinetools Witchcraft【黑暗魔法巫术风火雷电咒语游戏技能音效素材】655544319933.zip,Cinetools Witchcraft/Designer Tools/Elemental/Fire/WC_Fire_Sizzle_SprayWaterIntoOil6_CT.wav,9088924,ec0762fb,OK,/volume1/主目录/Collection/素材&模板&音库/音效/02_中文音效合集/魔法法术咒语技能释放音效/Cinetools Witchcraft/Designer Tools/Elemental/Fire/WC_Fire_Sizzle_SprayWaterIntoOil6_CT.wav
Cinetools Witchcraft【黑暗魔法巫术风火雷电咒语游戏技能音效素材】655544319933.zip,Cinetools Witchcraft/Designer Tools/Elemental/Fire/WC_Fire_Sizzle_SprayWaterIntoOil_CT.wav,11175790,52f8b530,OK,/volume1/主目录/Collection/素材&模板&音库/音效/02_中文音效合集/魔法法术咒语技能释放音效/Cinetools Witchcraft/Designer Tools/Elemental/Fire/WC_Fire_Sizzle_SprayWaterIntoOil_CT.wav
Cinetools Witchcraft【黑暗魔法巫术风火雷电咒语游戏技能音效素材】655544319933.zip,Cinetools Witchcraft/Designer Tools/Elemental/Fire/WC_Fire_Sizzle_Water10_CT.wav,8280044,2a766602,OK,/volume1/主目录/Collection/素材&模板&音库/音效/02_中文音效合集/魔法法术咒语技能释放音效/Cinetools Witchcraft/Designer Tools/Elemental/Fire/WC_Fire_Sizzle_Water10_CT.wav
Cinetools Witchcraft【黑暗魔法巫术风火雷电咒语游戏技能音效素材】655544319933.zip,Cinetools Witchcraft/Designer Tools/Elemental/Fire/WC_Fire_Sizzle_Water11_CT.wav,9108044,26fe427d,OK,/volume1/主目录/Collection/素材&模板&音库/音效/02_中文音效合集/魔法法术咒语技能释放音效/Cinetools Witchcraft/Designer Tools/Elemental/Fire/WC_Fire_Sizzle_Water11_CT.wav
Cinetools Witchcraft【黑暗魔法巫术风火雷电咒语游戏技能音效素材】655544319933.zip,Cinetools Witchcraft/Designer Tools/Elemental/Fire/WC_Fire_Sizzle_Water12_CT.wav,6531308,49d91e09,OK,/volume1/主目录/Collection/素材&模板&音库/音效/02_中文音效合集/魔法法术咒语技能释放音效/Cinetools Witchcraft/Designer Tools/Elemental/Fire/WC_Fire_Sizzle_Water12_CT.wav
Cinetools Witchcraft【黑暗魔法巫术风火雷电咒语游戏技能音效素材】655544319933.zip,Cinetools Witchcraft/Designer Tools/Elemental/Fire/WC_Fire_Sizzle_Water2_CT.wav,3878420,921255d6,OK,/volume1/主目录/Collection/素材&模板&音库/音效/02_中文音效合集/魔法法术咒语技能释放音效/Cinetools Witchcraft/Designer Tools/Elemental/Fire/WC_Fire_Sizzle_Water2_CT.wav
Cinetools Witchcraft【黑暗魔法巫术风火雷电咒语游戏技能音效素材】655544319933.zip,Cinetools Witchcraft/Designer Tools/Elemental/Fire/WC_Fire_Sizzle_Water3_CT.wav,4140044,334aef9f,OK,/volume1/主目录/Collection/素材&模板&音库/音效/02_中文音效合集/魔法法术咒语技能释放音效/Cinetools Witchcraft/Designer Tools/Elemental/Fire/WC_Fire_Sizzle_Water3_CT.wav
Cinetools Witchcraft【黑暗魔法巫术风火雷电咒语游戏技能音效素材】655544319933.zip,Cinetools Witchcraft/Designer Tools/Elemental/Fire/WC_Fire_Sizzle_Water4_CT.wav,7128056,f1592f56,OK,/volume1/主目录/Collection/素材&模板&音库/音效/02_中文音效合集/魔法法术咒语技能释放音效/Cinetools Witchcraft/Designer Tools/Elemental/Fire/WC_Fire_Sizzle_Water4_CT.wav
Cinetools Witchcraft【黑暗魔法巫术风火雷电咒语游戏技能音效素材】655544319933.zip,Cinetools Witchcraft/Designer Tools/Elemental/Fire/WC_Fire_Sizzle_Water5_CT.wav,4582388,4015fc1a,OK,/volume1/主目录/Collection/素材&模板&音库/音效/02_中文音效合集/魔法法术咒语技能释放音效/Cinetools Witchcraft/Designer Tools/Elemental/Fire/WC_Fire_Sizzle_Water5_CT.wav
Cinetools Witchcraft【黑暗魔法巫术风火雷电咒语游戏技能音效素材】655544319933.zip,Cinetools Witchcraft/Designer Tools/Elemental/Fire/WC_Fire_Sizzle_Water6_CT.wav,4727264,c6b41347,OK,/volume1/主目录/Collection/素材&模板&音库/音效/02_中文音效合集/魔法法术咒语技能释放音效/Cinetools Witchcraft/Designer Tools/Elemental/Fire/WC_Fire_Sizzle_Water6_CT.wav
Cinetools Witchcraft【黑暗魔法巫术风火雷电咒语游戏技能音效素材】655544319933.zip,Cinetools Witchcraft/Designer Tools/Elemental/Fire/WC_Fire_Sizzle_Water7_CT.wav,13860428,496c65f0,OK,/volume1/主目录/Collection/素材&模板&音库/音效/02_中文音效合集/魔法法术咒语技能释放音效/Cinetools Witchcraft/Designer Tools/Elemental/Fire/WC_Fire_Sizzle_Water7_CT.wav
Cinetools Witchcraft【黑暗魔法巫术风火雷电咒语游戏技能音效素材】655544319933.zip,Cinetools Witchcraft/Designer Tools/Elemental/Fire/WC_Fire_Sizzle_Water8_CT.wav,5537300,c943c9bf,OK,/volume1/主目录/Collection/素材&模板&音库/音效/02_中文音效合集/魔法法术咒语技能释放音效/Cinetools Witchcraft/Designer Tools/Elemental/Fire/WC_Fire_Sizzle_Water8_CT.wav
Cinetools Witchcraft【黑暗魔法巫术风火雷电咒语游戏技能音效素材】655544319933.zip,Cinetools Witchcraft/Designer Tools/Elemental/Fire/WC_Fire_Sizzle_Water9_CT.wav,15111044,de7425da,OK,/volume1/主目录/Collection/素材&模板&音库/音效/02_中文音效合集/魔法法术咒语技能释放音效/Cinetools Witchcraft/Designer Tools/Elemental/Fire/WC_Fire_Sizzle_Water9_CT.wav
Cinetools Witchcraft【黑暗魔法巫术风火雷电咒语游戏技能音效素材】655544319933.zip,Cinetools Witchcraft/Designer Tools/Elemental/Fire/WC_Fire_Sizzle_Water_CT.wav,8022236,45c06438,OK,/volume1/主目录/Collection/素材&模板&音库/音效/02_中文音效合集/魔法法术咒语技能释放音效/Cinetools Witchcraft/Designer Tools/Elemental/Fire/WC_Fire_Sizzle_Water_CT.wav
Cinetools Witchcraft【黑暗魔法巫术风火雷电咒语游戏技能音效素材】655544319933.zip,Cinetools Witchcraft/Designer Tools/Elemental/Fire/WC_Fire_Whoosh_Blowtorch2_CT.wav,1440056,bf88597e,OK,/volume1/主目录/Collection/素材&模板&音库/音效/02_中文音效合集/魔法法术咒语技能释放音效/Cinetools Witchcraft/Designer Tools/Elemental/Fire/WC_Fire_Whoosh_Blowtorch2_CT.wav
Cinetools Witchcraft【黑暗魔法巫术风火雷电咒语游戏技能音效素材】655544319933.zip,Cinetools Witchcraft/Designer Tools/Elemental/Fire/WC_Fire_Whoosh_Blowtorch3_CT.wav,1172372,eb6c4947,OK,/volume1/主目录/Collection/素材&模板&音库/音效/02_中文音效合集/魔法法术咒语技能释放音效/Cinetools Witchcraft/Designer Tools/Elemental/Fire/WC_Fire_Whoosh_Blowtorch3_CT.wav
Cinetools Witchcraft【黑暗魔法巫术风火雷电咒语游戏技能音效素材】655544319933.zip,Cinetools Witchcraft/Designer Tools/Elemental/Fire/WC_Fire_Whoosh_Blowtorch4_CT.wav,1134512,aa1ee21f,OK,/volume1/主目录/Collection/素材&模板&音库/音效/02_中文音效合集/魔法法术咒语技能释放音效/Cinetools Witchcraft/Designer Tools/Elemental/Fire/WC_Fire_Whoosh_Blowtorch4_CT.wav
Cinetools Witchcraft【黑暗魔法巫术风火雷电咒语游戏技能音效素材】655544319933.zip,Cinetools Witchcraft/Designer Tools/Elemental/Fire/WC_Fire_Whoosh_Blowtorch5_CT.wav,1086968,89d3de50,OK,/volume1/主目录/Collection/素材&模板&音库/音效/02_中文音效合集/魔法法术咒语技能释放音效/Cinetools Witchcraft/Designer Tools/Elemental/Fire/WC_Fire_Whoosh_Blowtorch5_CT.wav
Cinetools Witchcraft【黑暗魔法巫术风火雷电咒语游戏技能音效素材】655544319933.zip,Cinetools Witchcraft/Designer Tools/Elemental/Fire/WC_Fire_Whoosh_Blowtorch6_CT.wav,999824,3bd399cd,OK,/volume1/主目录/Collection/素材&模板&音库/音效/02_中文音效合集/魔法法术咒语技能释放音效/Cinetools Witchcraft/Designer Tools/Elemental/Fire/WC_Fire_Whoosh_Blowtorch6_CT.wav
Cinetools Witchcraft【黑暗魔法巫术风火雷电咒语游戏技能音效素材】655544319933.zip,Cinetools Witchcraft/Designer Tools/Elemental/Fire/WC_Fire_Whoosh_Blowtorch_CT.wav,2174000,cfbb7ee4,OK,/volume1/主目录/Collection/素材&模板&音库/音效/02_中文音效合集/魔法法术咒语技能释放音效/Cinetools Witchcraft/Designer Tools/Elemental/Fire/WC_Fire_Whoosh_Blowtorch_CT.wav
Cinetools Witchcraft【黑暗魔法巫术风火雷电咒语游戏技能音效素材】655544319933.zip,Cinetools Witchcraft/Designer Tools/Elemental/Fire/WC_Fire_Whoosh_Fireball1_CT.wav,2480260,d5e10ddf,OK,/volume1/主目录/Collection/素材&模板&音库/音效/02_中文音效合集/魔法法术咒语技能释放音效/Cinetools Witchcraft/Designer Tools/Elemental/Fire/WC_Fire_Whoosh_Fireball1_CT.wav
Cinetools Witchcraft【黑暗魔法巫术风火雷电咒语游戏技能音效素材】655544319933.zip,Cinetools Witchcraft/Designer Tools/Elemental/Fire/WC_Fire_Whoosh_Fireball2_CT.wav,2698252,6f487e2c,OK,/volume1/主目录/Collection/素材&模板&音库/音效/02_中文音效合集/魔法法术咒语技能释放音效/Cinetools Witchcraft/Designer Tools/Elemental/Fire/WC_Fire_Whoosh_Fireball2_CT.wav
Cinetools Witchcraft【黑暗魔法巫术风火雷电咒语游戏技能音效素材】655544319933.zip,Cinetools Witchcraft/Designer Tools/Elemental/Fire/WC_Fire_Whoosh_Fireball3_CT.wav,1707532,99863f43,OK,/volume1/主目录/Collection/素材&模板&音库/音效/02_中文音效合集/魔法法术咒语技能释放音效/Cinetools Witchcraft/Designer Tools/Elemental/Fire/WC_Fire_Whoosh_Fireball3_CT.wav
Cinetools Witchcraft【黑暗魔法巫术风火雷电咒语游戏技能音效素材】655544319933.zip,Cinetools Witchcraft/Designer Tools/Elemental/Fire/WC_Fire_Whoosh_Fireball4_CT.wav,1918996,d81a794e,OK,/volume1/主目录/Collection/素材&模板&音库/音效/02_中文音效合集/魔法法术咒语技能释放音效/Cinetools Witchcraft/Designer Tools/Elemental/Fire/WC_Fire_Whoosh_Fireball4_CT.wav
Cinetools Witchcraft【黑暗魔法巫术风火雷电咒语游戏技能音效素材】655544319933.zip,Cinetools Witchcraft/Designer Tools/Elemental/Fire/WC_Fire_Whoosh_Fireball5_CT.wav,1546252,e09039a4,OK,/volume1/主目录/Collection/素材&模板&音库/音效/02_中文音效合集/魔法法术咒语技能释放音效/Cinetools Witchcraft/Designer Tools/Elemental/Fire/WC_Fire_Whoosh_Fireball5_CT.wav
Cinetools Witchcraft【黑暗魔法巫术风火雷电咒语游戏技能音效素材】655544319933.zip,Cinetools Witchcraft/Designer Tools/Elemental/Fire/WC_Fire_Whoosh_Fireball6_CT.wav,1614052,711d08d8,OK,/volume1/主目录/Collection/素材&模板&音库/音效/02_中文音效合集/魔法法术咒语技能释放音效/Cinetools Witchcraft/Designer Tools/Elemental/Fire/WC_Fire_Whoosh_Fireball6_CT.wav
Cinetools Witchcraft【黑暗魔法巫术风火雷电咒语游戏技能音效素材】655544319933.zip,Cinetools Witchcraft/Designer Tools/Elemental/Fire/WC_Fire_Whoosh_Fireball7_CT.wav,1523224,bf36db9a,OK,/volume1/主目录/Collection/素材&模板&音库/音效/02_中文音效合集/魔法法术咒语技能释放音效/Cinetools Witchcraft/Designer Tools/Elemental/Fire/WC_Fire_Whoosh_Fireball7_CT.wav
Cinetools Witchcraft【黑暗魔法巫术风火雷电咒语游戏技能音效素材】655544319933.zip,Cinetools Witchcraft/Designer Tools/Elemental/Fire/WC_Fire_Whoosh_Fireball8_CT.wav,1262368,6c66292f,OK,/volume1/主目录/Collection/素材&模板&音库/音效/02_中文音效合集/魔法法术咒语技能释放音效/Cinetools Witchcraft/Designer Tools/Elemental/Fire/WC_Fire_Whoosh_Fireball8_CT.wav
Cinetools Witchcraft【黑暗魔法巫术风火雷电咒语游戏技能音效素材】655544319933.zip,Cinetools Witchcraft/Designer Tools/Elemental/Fire/WC_Fire_Whoosh_GasTourch2_CT.wav,1448384,acadf7bc,OK,/volume1/主目录/Collection/素材&模板&音库/音效/02_中文音效合集/魔法法术咒语技能释放音效/Cinetools Witchcraft/Designer Tools/Elemental/Fire/WC_Fire_Whoosh_GasTourch2_CT.wav
Cinetools Witchcraft【黑暗魔法巫术风火雷电咒语游戏技能音效素材】655544319933.zip,Cinetools Witchcraft/Designer Tools/Elemental/Fire/WC_Fire_Whoosh_GasTourch3_CT.wav,1232468,6fdc41eb,OK,/volume1/主目录/Collection/素材&模板&音库/音效/02_中文音效合集/魔法法术咒语技能释放音效/Cinetools Witchcraft/Designer Tools/Elemental/Fire/WC_Fire_Whoosh_GasTourch3_CT.wav
Cinetools Witchcraft【黑暗魔法巫术风火雷电咒语游戏技能音效素材】655544319933.zip,Cinetools Witchcraft/Designer Tools/Elemental/Fire/WC_Fire_Whoosh_GasTourch4_CT.wav,1138004,6f49b157,OK,/volume1/主目录/Collection/素材&模板&音库/音效/02_中文音效合集/魔法法术咒语技能释放音效/Cinetools Witchcraft/Designer Tools/Elemental/Fire/WC_Fire_Whoosh_GasTourch4_CT.wav
Cinetools Witchcraft【黑暗魔法巫术风火雷电咒语游戏技能音效素材】655544319933.zip,Cinetools Witchcraft/Designer Tools/Elemental/Fire/WC_Fire_Whoosh_GasTourch5_CT.wav,1077092,4f597420,OK,/volume1/主目录/Collection/素材&模板&音库/音效/02_中文音效合集/魔法法术咒语技能释放音效/Cinetools Witchcraft/Designer Tools/Elemental/Fire/WC_Fire_Whoosh_GasTourch5_CT.wav
Cinetools Witchcraft【黑暗魔法巫术风火雷电咒语游戏技能音效素材】655544319933.zip,Cinetools Witchcraft/Designer Tools/Elemental/Fire/WC_Fire_Whoosh_GasTourch6_CT.wav,1027124,19183cce,OK,/volume1/主目录/Collection/素材&模板&音库/音效/02_中文音效合集/魔法法术咒语技能释放音效/Cinetools Witchcraft/Designer Tools/Elemental/Fire/WC_Fire_Whoosh_GasTourch6_CT.wav
Cinetools Witchcraft【黑暗魔法巫术风火雷电咒语游戏技能音效素材】655544319933.zip,Cinetools Witchcraft/Designer Tools/Elemental/Fire/WC_Fire_Whoosh_GasTourch_CT.wav,1766072,7c30b948,OK,/volume1/主目录/Collection/素材&模板&音库/音效/02_中文音效合集/魔法法术咒语技能释放音效/Cinetools Witchcraft/Designer Tools/Elemental/Fire/WC_Fire_Whoosh_GasTourch_CT.wav
Cinetools Witchcraft【黑暗魔法巫术风火雷电咒语游戏技能音效素材】655544319933.zip,Cinetools Witchcraft/Designer Tools/Elemental/Fire/WC_Fire_Whoosh_Tourch10_CT.wav,1525676,2f083931,OK,/volume1/主目录/Collection/素材&模板&音库/音效/02_中文音效合集/魔法法术咒语技能释放音效/Cinetools Witchcraft/Designer Tools/Elemental/Fire/WC_Fire_Whoosh_Tourch10_CT.wav
Cinetools Witchcraft【黑暗魔法巫术风火雷电咒语游戏技能音效素材】655544319933.zip,Cinetools Witchcraft/Designer Tools/Elemental/Fire/WC_Fire_Whoosh_Tourch11_CT.wav,1543676,d8ecb752,NAME_ONLY,/volume1/主目录/Collection/素材&模板&音库/音效/02_中文音效合集/魔法法术咒语技能释放音效/Cinetools Witchcraft/Designer Tools/Elemental/Fire/WC_Fire_Whoosh_Tourch11_CT.wav
Cinetools Witchcraft【黑暗魔法巫术风火雷电咒语游戏技能音效素材】655544319933.zip,Cinetools Witchcraft/Designer Tools/Elemental/Fire/WC_Fire_Whoosh_Tourch12_CT.wav,1435700,cd97e5c3,OK,/volume1/主目录/Collection/素材&模板&音库/音效/02_中文音效合集/魔法法术咒语技能释放音效/Cinetools Witchcraft/Designer Tools/Elemental/Fire/WC_Fire_Whoosh_Tourch12_CT.wav
Cinetools Witchcraft【黑暗魔法巫术风火雷电咒语游戏技能音效素材】655544319933.zip,Cinetools Witchcraft/Designer Tools/Elemental/Fire/WC_Fire_Whoosh_Tourch2_CT.wav,2349524,31e36da5,OK,/volume1/主目录/Collection/素材&模板&音库/音效/02_中文音效合集/魔法法术咒语技能释放音效/Cinetools Witchcraft/Designer Tools/Elemental/Fire/WC_Fire_Whoosh_Tourch2_CT.wav
Cinetools Witchcraft【黑暗魔法巫术风火雷电咒语游戏技能音效素材】655544319933.zip,Cinetools Witchcraft/Designer Tools/Elemental/Fire/WC_Fire_Whoosh_Tourch3_CT.wav,2435948,b817a78f,OK,/volume1/主目录/Collection/素材&模板&音库/音效/02_中文音效合集/魔法法术咒语技能释放音效/Cinetools Witchcraft/Designer Tools/Elemental/Fire/WC_Fire_Whoosh_Tourch3_CT.wav
Cinetools Witchcraft【黑暗魔法巫术风火雷电咒语游戏技能音效素材】655544319933.zip,Cinetools Witchcraft/Designer Tools/Elemental/Fire/WC_Fire_Whoosh_Tourch4_CT.wav,2428592,cc8017f7,OK,/volume1/主目录/Collection/素材&模板&音库/音效/02_中文音效合集/魔法法术咒语技能释放音效/Cinetools Witchcraft/Designer Tools/Elemental/Fire/WC_Fire_Whoosh_Tourch4_CT.wav
Cinetools Witchcraft【黑暗魔法巫术风火雷电咒语游戏技能音效素材】655544319933.zip,Cinetools Witchcraft/Designer Tools/Elemental/Fire/WC_Fire_Whoosh_Tourch5_CT.wav,2224388,75354455,OK,/volume1/主目录/Collection/素材&模板&音库/音效/02_中文音效合集/魔法法术咒语技能释放音效/Cinetools Witchcraft/Designer Tools/Elemental/Fire/WC_Fire_Whoosh_Tourch5_CT.wav
Cinetools Witchcraft【黑暗魔法巫术风火雷电咒语游戏技能音效素材】655544319933.zip,Cinetools Witchcraft/Designer Tools/Elemental/Fire/WC_Fire_Whoosh_Tourch6_CT.wav,1867196,c2a4dee2,OK,/volume1/主目录/Collection/素材&模板&音库/音效/02_中文音效合集/魔法法术咒语技能释放音效/Cinetools Witchcraft/Designer Tools/Elemental/Fire/WC_Fire_Whoosh_Tourch6_CT.wav
Cinetools Witchcraft【黑暗魔法巫术风火雷电咒语游戏技能音效素材】655544319933.zip,Cinetools Witchcraft/Designer Tools/Elemental/Fire/WC_Fire_Whoosh_Tourch7_CT.wav,1702244,cfd29f8e,OK,/volume1/主目录/Collection/素材&模板&音库/音效/02_中文音效合集/魔法法术咒语技能释放音效/Cinetools Witchcraft/Designer Tools/Elemental/Fire/WC_Fire_Whoosh_Tourch7_CT.wav
Cinetools Witchcraft【黑暗魔法巫术风火雷电咒语游戏技能音效素材】655544319933.zip,Cinetools Witchcraft/Designer Tools/Elemental/Fire/WC_Fire_Whoosh_Tourch8_CT.wav,1586408,88563d4a,OK,/volume1/主目录/Collection/素材&模板&音库/音效/02_中文音效合集/魔法法术咒语技能释放音效/Cinetools Witchcraft/Designer Tools/Elemental/Fire/WC_Fire_Whoosh_Tourch8_CT.wav
Cinetools Witchcraft【黑暗魔法巫术风火雷电咒语游戏技能音效素材】655544319933.zip,Cinetools Witchcraft/Designer Tools/Elemental/Fire/WC_Fire_Whoosh_Tourch9_CT.wav,1494668,ad0194f4,OK,/volume1/主目录/Collection/素材&模板&音库/音效/02_中文音效合集/魔法法术咒语技能释放音效/Cinetools Witchcraft/Designer Tools/Elemental/Fire/WC_Fire_Whoosh_Tourch9_CT.wav
Cinetools Witchcraft【黑暗魔法巫术风火雷电咒语游戏技能音效素材】655544319933.zip,Cinetools Witchcraft/Designer Tools/Elemental/Fire/WC_Fire_Whoosh_Tourch_CT.wav,2159420,d0ff4845,OK,/volume1/主目录/Collection/素材&模板&音库/音效/02_中文音效合集/魔法法术咒语技能释放音效/Cinetools Witchcraft/Designer Tools/Elemental/Fire/WC_Fire_Whoosh_Tourch_CT.wav
Cinetools Witchcraft【黑暗魔法巫术风火雷电咒语游戏技能音效素材】655544319933.zip,Cinetools Witchcraft/Designer Tools/Elemental/Fire/WC_Fire_Whoosh_Tourch_crisp2_CT.wav,2871764,78a30f7f,OK,/volume1/主目录/Collection/素材&模板&音库/音效/02_中文音效合集/魔法法术咒语技能释放音效/Cinetools Witchcraft/Designer Tools/Elemental/Fire/WC_Fire_Whoosh_Tourch_crisp2_CT.wav
Cinetools Witchcraft【黑暗魔法巫术风火雷电咒语游戏技能音效素材】655544319933.zip,Cinetools Witchcraft/Designer Tools/Elemental/Fire/WC_Fire_Whoosh_Tourch_crisp3_CT.wav,2630636,1bef2177,OK,/volume1/主目录/Collection/素材&模板&音库/音效/02_中文音效合集/魔法法术咒语技能释放音效/Cinetools Witchcraft/Designer Tools/Elemental/Fire/WC_Fire_Whoosh_Tourch_crisp3_CT.wav
Cinetools Witchcraft【黑暗魔法巫术风火雷电咒语游戏技能音效素材】655544319933.zip,Cinetools Witchcraft/Designer Tools/Elemental/Fire/WC_Fire_Whoosh_Tourch_crisp4_CT.wav,2149580,e1c67ced,OK,/volume1/主目录/Collection/素材&模板&音库/音效/02_中文音效合集/魔法法术咒语技能释放音效/Cinetools Witchcraft/Designer Tools/Elemental/Fire/WC_Fire_Whoosh_Tourch_crisp4_CT.wav
Cinetools Witchcraft【黑暗魔法巫术风火雷电咒语游戏技能音效素材】655544319933.zip,Cinetools Witchcraft/Designer Tools/Elemental/Fire/WC_Fire_Whoosh_Tourch_crisp5_CT.wav,2360036,4a4bd2f0,OK,/volume1/主目录/Collection/素材&模板&音库/音效/02_中文音效合集/魔法法术咒语技能释放音效/Cinetools Witchcraft/Designer Tools/Elemental/Fire/WC_Fire_Whoosh_Tourch_crisp5_CT.wav
Cinetools Witchcraft【黑暗魔法巫术风火雷电咒语游戏技能音效素材】655544319933.zip,Cinetools Witchcraft/Designer Tools/Elemental/Fire/WC_Fire_Whoosh_Tourch_crisp_CT.wav,2229440,df3c1b9a,OK,/volume1/主目录/Collection/素材&模板&音库/音效/02_中文音效合集/魔法法术咒语技能释放音效/Cinetools Witchcraft/Designer Tools/Elemental/Fire/WC_Fire_Whoosh_Tourch_crisp_CT.wav
Cinetools Witchcraft【黑暗魔法巫术风火雷电咒语游戏技能音效素材】655544319933.zip,Cinetools Witchcraft/Designer Tools/Elemental/Fire/WC_Fire_Whoosh_Tourch_longmovement2_CT.wav,5100968,bd7acb62,OK,/volume1/主目录/Collection/素材&模板&音库/音效/02_中文音效合集/魔法法术咒语技能释放音效/Cinetools Witchcraft/Designer Tools/Elemental/Fire/WC_Fire_Whoosh_Tourch_longmovement2_CT.wav
Cinetools Witchcraft【黑暗魔法巫术风火雷电咒语游戏技能音效素材】655544319933.zip,Cinetools Witchcraft/Designer Tools/Elemental/Fire/WC_Fire_Whoosh_Tourch_longmovement3_CT.wav,3852248,ca4f09fc,NAME_ONLY,/volume1/主目录/Collection/素材&模板&音库/音效/02_中文音效合集/魔法法术咒语技能释放音效/Cinetools Witchcraft/Designer Tools/Elemental/Fire/WC_Fire_Whoosh_Tourch_longmovement3_CT.wav
Cinetools Witchcraft【黑暗魔法巫术风火雷电咒语游戏技能音效素材】655544319933.zip,Cinetools Witchcraft/Designer Tools/Elemental/Fire/WC_Fire_Whoosh_Tourch_longmovement4_CT.wav,5094200,181aaac1,OK,/volume1/主目录/Collection/素材&模板&音库/音效/02_中文音效合集/魔法法术咒语技能释放音效/Cinetools Witchcraft/Designer Tools/Elemental/Fire/WC_Fire_Whoosh_Tourch_longmovement4_CT.wav
Cinetools Witchcraft【黑暗魔法巫术风火雷电咒语游戏技能音效素材】655544319933.zip,Cinetools Witchcraft/Designer Tools/Elemental/Fire/WC_Fire_Whoosh_Tourch_longmovement5_CT.wav,4599404,d5ae20b8,OK,/volume1/主目录/Collection/素材&模板&音库/音效/02_中文音效合集/魔法法术咒语技能释放音效/Cinetools Witchcraft/Designer Tools/Elemental/Fire/WC_Fire_Whoosh_Tourch_longmovement5_CT.wav
Cinetools Witchcraft【黑暗魔法巫术风火雷电咒语游戏技能音效素材】655544319933.zip,Cinetools Witchcraft/Designer Tools/Elemental/Fire/WC_Fire_Whoosh_Tourch_longmovement6_CT.wav,3515600,22c536a3,OK,/volume1/主目录/Collection/素材&模板&音库/音效/02_中文音效合集/魔法法术咒语技能释放音效/Cinetools Witchcraft/Designer Tools/Elemental/Fire/WC_Fire_Whoosh_Tourch_longmovement6_CT.wav
Cinetools Witchcraft【黑暗魔法巫术风火雷电咒语游戏技能音效素材】655544319933.zip,Cinetools Witchcraft/Designer Tools/Elemental/Fire/WC_Fire_Whoosh_Tourch_longmovement7_CT.wav,2897060,6dcbeea1,OK,/volume1/主目录/Collection/素材&模板&音库/音效/02_中文音效合集/魔法法术咒语技能释放音效/Cinetools Witchcraft/Designer Tools/Elemental/Fire/WC_Fire_Whoosh_Tourch_longmovement7_CT.wav
Cinetools Witchcraft【黑暗魔法巫术风火雷电咒语游戏技能音效素材】655544319933.zip,Cinetools Witchcraft/Designer Tools/Elemental/Fire/WC_Fire_Whoosh_Tourch_longmovement8_CT.wav,2902664,f51e2524,OK,/volume1/主目录/Collection/素材&模板&音库/音效/02_中文音效合集/魔法法术咒语技能释放音效/Cinetools Witchcraft/Designer Tools/Elemental/Fire/WC_Fire_Whoosh_Tourch_longmovement8_CT.wav
Cinetools Witchcraft【黑暗魔法巫术风火雷电咒语游戏技能音效素材】655544319933.zip,Cinetools Witchcraft/Designer Tools/Elemental/Fire/WC_Fire_Whoosh_Tourch_longmovement_CT.wav,3821096,3d34f292,OK,/volume1/主目录/Collection/素材&模板&音库/音效/02_中文音效合集/魔法法术咒语技能释放音效/Cinetools Witchcraft/Designer Tools/Elemental/Fire/WC_Fire_Whoosh_Tourch_longmovement_CT.wav
Cinetools Witchcraft【黑暗魔法巫术风火雷电咒语游戏技能音效素材】655544319933.zip,Cinetools Witchcraft/Designer Tools/Elemental/Fire/WC_Fire_Whoosh_Tourch_short2_CT.wav,595796,a611b46f,OK,/volume1/主目录/Collection/素材&模板&音库/音效/02_中文音效合集/魔法法术咒语技能释放音效/Cinetools Witchcraft/Designer Tools/Elemental/Fire/WC_Fire_Whoosh_Tourch_short2_CT.wav
Cinetools Witchcraft【黑暗魔法巫术风火雷电咒语游戏技能音效素材】655544319933.zip,Cinetools Witchcraft/Designer Tools/Elemental/Fire/WC_Fire_Whoosh_Tourch_short3_CT.wav,720848,84d6abaa,OK,/volume1/主目录/Collection/素材&模板&音库/音效/02_中文音效合集/魔法法术咒语技能释放音效/Cinetools Witchcraft/Designer Tools/Elemental/Fire/WC_Fire_Whoosh_Tourch_short3_CT.wav
Cinetools Witchcraft【黑暗魔法巫术风火雷电咒语游戏技能音效素材】655544319933.zip,Cinetools Witchcraft/Designer Tools/Elemental/Fire/WC_Fire_Whoosh_Tourch_short4_CT.wav,706712,5e2f960a,OK,/volume1/主目录/Collection/素材&模板&音库/音效/02_中文音效合集/魔法法术咒语技能释放音效/Cinetools Witchcraft/Designer Tools/Elemental/Fire/WC_Fire_Whoosh_Tourch_short4_CT.wav
Cinetools Witchcraft【黑暗魔法巫术风火雷电咒语游戏技能音效素材】655544319933.zip,Cinetools Witchcraft/Designer Tools/Elemental/Fire/WC_Fire_Whoosh_Tourch_short5_CT.wav,578456,1443d4a2,OK,/volume1/主目录/Collection/素材&模板&音库/音效/02_中文音效合集/魔法法术咒语技能释放音效/Cinetools Witchcraft/Designer Tools/Elemental/Fire/WC_Fire_Whoosh_Tourch_short5_CT.wav
Cinetools Witchcraft【黑暗魔法巫术风火雷电咒语游戏技能音效素材】655544319933.zip,Cinetools Witchcraft/Designer Tools/Elemental/Fire/WC_Fire_Whoosh_Tourch_short6_CT.wav,609824,7ddb1e8c,OK,/volume1/主目录/Collection/素材&模板&音库/音效/02_中文音效合集/魔法法术咒语技能释放音效/Cinetools Witchcraft/Designer Tools/Elemental/Fire/WC_Fire_Whoosh_Tourch_short6_CT.wav
Cinetools Witchcraft【黑暗魔法巫术风火雷电咒语游戏技能音效素材】655544319933.zip,Cinetools Witchcraft/Designer Tools/Elemental/Fire/WC_Fire_Whoosh_Tourch_short_CT.wav,618212,9b4f8225,OK,/volume1/主目录/Collection/素材&模板&音库/音效/02_中文音效合集/魔法法术咒语技能释放音效/Cinetools Witchcraft/Designer Tools/Elemental/Fire/WC_Fire_Whoosh_Tourch_short_CT.wav
Cinetools Witchcraft【黑暗魔法巫术风火雷电咒语游戏技能音效素材】655544319933.zip,Cinetools Witchcraft/Designer Tools/Elemental/Ice/WC_Ice_Crackle10_CT.wav,5697728,507d6eea,OK,/volume1/主目录/Collection/素材&模板&音库/音效/02_中文音效合集/魔法法术咒语技能释放音效/Cinetools Witchcraft/Designer Tools/Elemental/Ice/WC_Ice_Crackle10_CT.wav
Cinetools Witchcraft【黑暗魔法巫术风火雷电咒语游戏技能音效素材】655544319933.zip,Cinetools Witchcraft/Designer Tools/Elemental/Ice/WC_Ice_Crackle11_CT.wav,3060044,618770a5,OK,/volume1/主目录/Collection/素材&模板&音库/音效/02_中文音效合集/魔法法术咒语技能释放音效/Cinetools Witchcraft/Designer Tools/Elemental/Ice/WC_Ice_Crackle11_CT.wav
Cinetools Witchcraft【黑暗魔法巫术风火雷电咒语游戏技能音效素材】655544319933.zip,Cinetools Witchcraft/Designer Tools/Elemental/Ice/WC_Ice_Crackle12_CT.wav,4891664,d446f044,OK,/volume1/主目录/Collection/素材&模板&音库/音效/02_中文音效合集/魔法法术咒语技能释放音效/Cinetools Witchcraft/Designer Tools/Elemental/Ice/WC_Ice_Crackle12_CT.wav
Cinetools Witchcraft【黑暗魔法巫术风火雷电咒语游戏技能音效素材】655544319933.zip,Cinetools Witchcraft/Designer Tools/Elemental/Ice/WC_Ice_Crackle13_CT.wav,3168044,4dbb6002,OK,/volume1/主目录/Collection/素材&模板&音库/音效/02_中文音效合集/魔法法术咒语技能释放音效/Cinetools Witchcraft/Designer Tools/Elemental/Ice/WC_Ice_Crackle13_CT.wav
Cinetools Witchcraft【黑暗魔法巫术风火雷电咒语游戏技能音效素材】655544319933.zip,Cinetools Witchcraft/Designer Tools/Elemental/Ice/WC_Ice_Crackle14_CT.wav,2304044,af57f8f9,OK,/volume1/主目录/Collection/素材&模板&音库/音效/02_中文音效合集/魔法法术咒语技能释放音效/Cinetools Witchcraft/Designer Tools/Elemental/Ice/WC_Ice_Crackle14_CT.wav
Cinetools Witchcraft【黑暗魔法巫术风火雷电咒语游戏技能音效素材】655544319933.zip,Cinetools Witchcraft/Designer Tools/Elemental/Ice/WC_Ice_Crackle15_CT.wav,4608044,2a6fce18,OK,/volume1/主目录/Collection/素材&模板&音库/音效/02_中文音效合集/魔法法术咒语技能释放音效/Cinetools Witchcraft/Designer Tools/Elemental/Ice/WC_Ice_Crackle15_CT.wav
Cinetools Witchcraft【黑暗魔法巫术风火雷电咒语游戏技能音效素材】655544319933.zip,Cinetools Witchcraft/Designer Tools/Elemental/Ice/WC_Ice_Crackle16_CT.wav,3360392,e607b20a,OK,/volume1/主目录/Collection/素材&模板&音库/音效/02_中文音效合集/魔法法术咒语技能释放音效/Cinetools Witchcraft/Designer Tools/Elemental/Ice/WC_Ice_Crackle16_CT.wav
Cinetools Witchcraft【黑暗魔法巫术风火雷电咒语游戏技能音效素材】655544319933.zip,Cinetools Witchcraft/Designer Tools/Elemental/Ice/WC_Ice_Crackle2_CT.wav,5423876,58880e98,OK,/volume1/主目录/Collection/素材&模板&音库/音效/02_中文音效合集/魔法法术咒语技能释放音效/Cinetools Witchcraft/Designer Tools/Elemental/Ice/WC_Ice_Crackle2_CT.wav
Cinetools Witchcraft【黑暗魔法巫术风火雷电咒语游戏技能音效素材】655544319933.zip,Cinetools Witchcraft/Designer Tools/Elemental/Ice/WC_Ice_Crackle3_CT.wav,7380608,97150a9e,OK,/volume1/主目录/Collection/素材&模板&音库/音效/02_中文音效合集/魔法法术咒语技能释放音效/Cinetools Witchcraft/Designer Tools/Elemental/Ice/WC_Ice_Crackle3_CT.wav
Cinetools Witchcraft【黑暗魔法巫术风火雷电咒语游戏技能音效素材】655544319933.zip,Cinetools Witchcraft/Designer Tools/Elemental/Ice/WC_Ice_Crackle4_CT.wav,4032044,66090df5,OK,/volume1/主目录/Collection/素材&模板&音库/音效/02_中文音效合集/魔法法术咒语技能释放音效/Cinetools Witchcraft/Designer Tools/Elemental/Ice/WC_Ice_Crackle4_CT.wav
Cinetools Witchcraft【黑暗魔法巫术风火雷电咒语游戏技能音效素材】655544319933.zip,Cinetools Witchcraft/Designer Tools/Elemental/Ice/WC_Ice_Crackle5_CT.wav,2880044,4b188732,OK,/volume1/主目录/Collection/素材&模板&音库/音效/02_中文音效合集/魔法法术咒语技能释放音效/Cinetools Witchcraft/Designer Tools/Elemental/Ice/WC_Ice_Crackle5_CT.wav
Cinetools Witchcraft【黑暗魔法巫术风火雷电咒语游戏技能音效素材】655544319933.zip,Cinetools Witchcraft/Designer Tools/Elemental/Ice/WC_Ice_Crackle6_CT.wav,4032044,fef071e0,OK,/volume1/主目录/Collection/素材&模板&音库/音效/02_中文音效合集/魔法法术咒语技能释放音效/Cinetools Witchcraft/Designer Tools/Elemental/Ice/WC_Ice_Crackle6_CT.wav
Cinetools Witchcraft【黑暗魔法巫术风火雷电咒语游戏技能音效素材】655544319933.zip,Cinetools Witchcraft/Designer Tools/Elemental/Ice/WC_Ice_Crackle7_CT.wav,1872044,08228633,OK,/volume1/主目录/Collection/素材&模板&音库/音效/02_中文音效合集/魔法法术咒语技能释放音效/Cinetools Witchcraft/Designer Tools/Elemental/Ice/WC_Ice_Crackle7_CT.wav
Cinetools Witchcraft【黑暗魔法巫术风火雷电咒语游戏技能音效素材】655544319933.zip,Cinetools Witchcraft/Designer Tools/Elemental/Ice/WC_Ice_Crackle8_CT.wav,5625104,3af018ac,OK,/volume1/主目录/Collection/素材&模板&音库/音效/02_中文音效合集/魔法法术咒语技能释放音效/Cinetools Witchcraft/Designer Tools/Elemental/Ice/WC_Ice_Crackle8_CT.wav
Cinetools Witchcraft【黑暗魔法巫术风火雷电咒语游戏技能音效素材】655544319933.zip,Cinetools Witchcraft/Designer Tools/Elemental/Ice/WC_Ice_Crackle9_CT.wav,8064044,f6d7bb8b,OK,/volume1/主目录/Collection/素材&模板&音库/音效/02_中文音效合集/魔法法术咒语技能释放音效/Cinetools Witchcraft/Designer Tools/Elemental/Ice/WC_Ice_Crackle9_CT.wav
Cinetools Witchcraft【黑暗魔法巫术风火雷电咒语游戏技能音效素材】655544319933.zip,Cinetools Witchcraft/Designer Tools/Elemental/Ice/WC_Ice_Crackle_CT.wav,8352044,25eed761,OK,/volume1/主目录/Collection/素材&模板&音库/音效/02_中文音效合集/魔法法术咒语技能释放音效/Cinetools Witchcraft/Designer Tools/Elemental/Ice/WC_Ice_Crackle_CT.wav
Cinetools Witchcraft【黑暗魔法巫术风火雷电咒语游戏技能音效素材】655544319933.zip,Cinetools Witchcraft/Designer Tools/Elemental/Ice/WC_Ice_Crackle_complex2_CT.wav,8163092,2fe068f1,OK,/volume1/主目录/Collection/素材&模板&音库/音效/02_中文音效合集/魔法法术咒语技能释放音效/Cinetools Witchcraft/Designer Tools/Elemental/Ice/WC_Ice_Crackle_complex2_CT.wav
Cinetools Witchcraft【黑暗魔法巫术风火雷电咒语游戏技能音效素材】655544319933.zip,Cinetools Witchcraft/Designer Tools/Elemental/Ice/WC_Ice_Crackle_complex3_CT.wav,11148632,f1bd5bd8,OK,/volume1/主目录/Collection/素材&模板&音库/音效/02_中文音效合集/魔法法术咒语技能释放音效/Cinetools Witchcraft/Designer Tools/Elemental/Ice/WC_Ice_Crackle_complex3_CT.wav
Cinetools Witchcraft【黑暗魔法巫术风火雷电咒语游戏技能音效素材】655544319933.zip,Cinetools Witchcraft/Designer Tools/Elemental/Ice/WC_Ice_Crackle_complex4_CT.wav,7667552,d378af95,OK,/volume1/主目录/Collection/素材&模板&音库/音效/02_中文音效合集/魔法法术咒语技能释放音效/Cinetools Witchcraft/Designer Tools/Elemental/Ice/WC_Ice_Crackle_complex4_CT.wav
Cinetools Witchcraft【黑暗魔法巫术风火雷电咒语游戏技能音效素材】655544319933.zip,Cinetools Witchcraft/Designer Tools/Elemental/Ice/WC_Ice_Crackle_complex5_CT.wav,15200768,6754b5f5,OK,/volume1/主目录/Collection/素材&模板&音库/音效/02_中文音效合集/魔法法术咒语技能释放音效/Cinetools Witchcraft/Designer Tools/Elemental/Ice/WC_Ice_Crackle_complex5_CT.wav
Cinetools Witchcraft【黑暗魔法巫术风火雷电咒语游戏技能音效素材】655544319933.zip,Cinetools Witchcraft/Designer Tools/Elemental/Ice/WC_Ice_Crackle_complex6_CT.wav,10234292,67cc420c,OK,/volume1/主目录/Collection/素材&模板&音库/音效/02_中文音效合集/魔法法术咒语技能释放音效/Cinetools Witchcraft/Designer Tools/Elemental/Ice/WC_Ice_Crackle_complex6_CT.wav
Cinetools Witchcraft【黑暗魔法巫术风火雷电咒语游戏技能音效素材】655544319933.zip,Cinetools Witchcraft/Designer Tools/Elemental/Ice/WC_Ice_Crackle_complex_CT.wav,8928044,46a17351,OK,/volume1/主目录/Collection/素材&模板&音库/音效/03_项目素材/LTT_V30All/WC_Ice_Crackle_complex_CT.wav
Cinetools Witchcraft【黑暗魔法巫术风火雷电咒语游戏技能音效素材】655544319933.zip,Cinetools Witchcraft/Designer Tools/Elemental/Ice/WC_Ice_Debris2_CT.wav,6168068,7c12dfbf,OK,/volume1/主目录/Collection/素材&模板&音库/音效/02_中文音效合集/魔法法术咒语技能释放音效/Cinetools Witchcraft/Designer Tools/Elemental/Ice/WC_Ice_Debris2_CT.wav
Cinetools Witchcraft【黑暗魔法巫术风火雷电咒语游戏技能音效素材】655544319933.zip,Cinetools Witchcraft/Designer Tools/Elemental/Ice/WC_Ice_Debris3_CT.wav,2681804,336a3fba,OK,/volume1/主目录/Collection/素材&模板&音库/音效/03_项目素材/LTT_V30All/WC_Ice_Debris3_CT.wav
Cinetools Witchcraft【黑暗魔法巫术风火雷电咒语游戏技能音效素材】655544319933.zip,Cinetools Witchcraft/Designer Tools/Elemental/Ice/WC_Ice_Debris4_CT.wav,3855404,9192a8e4,OK,/volume1/主目录/Collection/素材&模板&音库/音效/02_中文音效合集/魔法法术咒语技能释放音效/Cinetools Witchcraft/Designer Tools/Elemental/Ice/WC_Ice_Debris4_CT.wav
Cinetools Witchcraft【黑暗魔法巫术风火雷电咒语游戏技能音效素材】655544319933.zip,Cinetools Witchcraft/Designer Tools/Elemental/Ice/WC_Ice_Debris_CT.wav,3218144,6281b9bd,OK,/volume1/主目录/Collection/素材&模板&音库/音效/02_中文音效合集/魔法法术咒语技能释放音效/Cinetools Witchcraft/Designer Tools/Elemental/Ice/WC_Ice_Debris_CT.wav
Cinetools Witchcraft【黑暗魔法巫术风火雷电咒语游戏技能音效素材】655544319933.zip,Cinetools Witchcraft/Designer Tools/Elemental/Ice/WC_Ice_Impact10_CT.wav,926936,623a3d6a,OK,/volume1/主目录/Collection/素材&模板&音库/音效/02_中文音效合集/魔法法术咒语技能释放音效/Cinetools Witchcraft/Designer Tools/Elemental/Ice/WC_Ice_Impact10_CT.wav
Cinetools Witchcraft【黑暗魔法巫术风火雷电咒语游戏技能音效素材】655544319933.zip,Cinetools Witchcraft/Designer Tools/Elemental/Ice/WC_Ice_Impact2_CT.wav,1505852,efee99bf,OK,/volume1/主目录/Collection/素材&模板&音库/音效/02_中文音效合集/魔法法术咒语技能释放音效/Cinetools Witchcraft/Designer Tools/Elemental/Ice/WC_Ice_Impact2_CT.wav
Cinetools Witchcraft【黑暗魔法巫术风火雷电咒语游戏技能音效素材】655544319933.zip,Cinetools Witchcraft/Designer Tools/Elemental/Ice/WC_Ice_Impact3_CT.wav,948200,b2d6f9ad,OK,/volume1/主目录/Collection/素材&模板&音库/音效/02_中文音效合集/魔法法术咒语技能释放音效/Cinetools Witchcraft/Designer Tools/Elemental/Ice/WC_Ice_Impact3_CT.wav
Cinetools Witchcraft【黑暗魔法巫术风火雷电咒语游戏技能音效素材】655544319933.zip,Cinetools Witchcraft/Designer Tools/Elemental/Ice/WC_Ice_Impact4_CT.wav,1853828,d291ae4b,OK,/volume1/主目录/Collection/素材&模板&音库/音效/02_中文音效合集/魔法法术咒语技能释放音效/Cinetools Witchcraft/Designer Tools/Elemental/Ice/WC_Ice_Impact4_CT.wav
Cinetools Witchcraft【黑暗魔法巫术风火雷电咒语游戏技能音效素材】655544319933.zip,Cinetools Witchcraft/Designer Tools/Elemental/Ice/WC_Ice_Impact5_CT.wav,1390388,1d0b029f,OK,/volume1/主目录/Collection/素材&模板&音库/音效/02_中文音效合集/魔法法术咒语技能释放音效/Cinetools Witchcraft/Designer Tools/Elemental/Ice/WC_Ice_Impact5_CT.wav
Cinetools Witchcraft【黑暗魔法巫术风火雷电咒语游戏技能音效素材】655544319933.zip,Cinetools Witchcraft/Designer Tools/Elemental/Ice/WC_Ice_Impact6_CT.wav,1853816,e5c5980b,OK,/volume1/主目录/Collection/素材&模板&音库/音效/02_中文音效合集/魔法法术咒语技能释放音效/Cinetools Witchcraft/Designer Tools/Elemental/Ice/WC_Ice_Impact6_CT.wav
Cinetools Witchcraft【黑暗魔法巫术风火雷电咒语游戏技能音效素材】655544319933.zip,Cinetools Witchcraft/Designer Tools/Elemental/Ice/WC_Ice_Impact7_CT.wav,1340924,1c2712b9,OK,/volume1/主目录/Collection/素材&模板&音库/音效/02_中文音效合集/魔法法术咒语技能释放音效/Cinetools Witchcraft/Designer Tools/Elemental/Ice/WC_Ice_Impact7_CT.wav
Cinetools Witchcraft【黑暗魔法巫术风火雷电咒语游戏技能音效素材】655544319933.zip,Cinetools Witchcraft/Designer Tools/Elemental/Ice/WC_Ice_Impact8_CT.wav,1390388,a51256ce,OK,/volume1/主目录/Collection/素材&模板&音库/音效/02_中文音效合集/魔法法术咒语技能释放音效/Cinetools Witchcraft/Designer Tools/Elemental/Ice/WC_Ice_Impact8_CT.wav
Cinetools Witchcraft【黑暗魔法巫术风火雷电咒语游戏技能音效素材】655544319933.zip,Cinetools Witchcraft/Designer Tools/Elemental/Ice/WC_Ice_Impact9_CT.wav,1169180,db4d6516,OK,/volume1/主目录/Collection/素材&模板&音库/音效/02_中文音效合集/魔法法术咒语技能释放音效/Cinetools Witchcraft/Designer Tools/Elemental/Ice/WC_Ice_Impact9_CT.wav
Cinetools Witchcraft【黑暗魔法巫术风火雷电咒语游戏技能音效素材】655544319933.zip,Cinetools Witchcraft/Designer Tools/Elemental/Ice/WC_Ice_Impact_CT.wav,1340924,adf320a6,OK,/volume1/主目录/Collection/素材&模板&音库/音效/02_中文音效合集/魔法法术咒语技能释放音效/Cinetools Witchcraft/Designer Tools/Elemental/Ice/WC_Ice_Impact_CT.wav
Cinetools Witchcraft【黑暗魔法巫术风火雷电咒语游戏技能音效素材】655544319933.zip,Cinetools Witchcraft/Designer Tools/Elemental/Ice/WC_Ice_SingleBreak2_CT.wav,864044,a83b5cde,OK,/volume1/主目录/Collection/素材&模板&音库/音效/02_中文音效合集/魔法法术咒语技能释放音效/Cinetools Witchcraft/Designer Tools/Elemental/Ice/WC_Ice_SingleBreak2_CT.wav
Cinetools Witchcraft【黑暗魔法巫术风火雷电咒语游戏技能音效素材】655544319933.zip,Cinetools Witchcraft/Designer Tools/Elemental/Ice/WC_Ice_SingleBreak3_CT.wav,1204112,3b967560,OK,/volume1/主目录/Collection/素材&模板&音库/音效/02_中文音效合集/魔法法术咒语技能释放音效/Cinetools Witchcraft/Designer Tools/Elemental/Ice/WC_Ice_SingleBreak3_CT.wav
Cinetools Witchcraft【黑暗魔法巫术风火雷电咒语游戏技能音效素材】655544319933.zip,Cinetools Witchcraft/Designer Tools/Elemental/Ice/WC_Ice_SingleBreak4_CT.wav,805304,69a5cc65,OK,/volume1/主目录/Collection/素材&模板&音库/音效/02_中文音效合集/魔法法术咒语技能释放音效/Cinetools Witchcraft/Designer Tools/Elemental/Ice/WC_Ice_SingleBreak4_CT.wav
Cinetools Witchcraft【黑暗魔法巫术风火雷电咒语游戏技能音效素材】655544319933.zip,Cinetools Witchcraft/Designer Tools/Elemental/Ice/WC_Ice_SingleBreak_CT.wav,1152044,449de70d,OK,/volume1/主目录/Collection/素材&模板&音库/音效/02_中文音效合集/魔法法术咒语技能释放音效/Cinetools Witchcraft/Designer Tools/Elemental/Ice/WC_Ice_SingleBreak_CT.wav
Cinetools Witchcraft【黑暗魔法巫术风火雷电咒语游戏技能音效素材】655544319933.zip,Cinetools Witchcraft/Designer Tools/Elemental/Liquid/WC_Liquid_Boiling_CornStarch2_CT.wav,5379496,d92247bb,OK,/volume1/主目录/Collection/素材&模板&音库/音效/02_中文音效合集/魔法法术咒语技能释放音效/Cinetools Witchcraft/Designer Tools/Elemental/Liquid/WC_Liquid_Boiling_CornStarch2_CT.wav
Cinetools Witchcraft【黑暗魔法巫术风火雷电咒语游戏技能音效素材】655544319933.zip,Cinetools Witchcraft/Designer Tools/Elemental/Liquid/WC_Liquid_Boiling_CornStarch_CT.wav,34799296,26ada1c9,OK,/volume1/主目录/Collection/素材&模板&音库/音效/02_中文音效合集/魔法法术咒语技能释放音效/Cinetools Witchcraft/Designer Tools/Elemental/Liquid/WC_Liquid_Boiling_CornStarch_CT.wav
Cinetools Witchcraft【黑暗魔法巫术风火雷电咒语游戏技能音效素材】655544319933.zip,Cinetools Witchcraft/Designer Tools/Elemental/Liquid/WC_Liquid_Boiling_Pudding2_CT.wav,21888124,2c0be4eb,OK,/volume1/主目录/Collection/素材&模板&音库/音效/02_中文音效合集/魔法法术咒语技能释放音效/Cinetools Witchcraft/Designer Tools/Elemental/Liquid/WC_Liquid_Boiling_Pudding2_CT.wav
Cinetools Witchcraft【黑暗魔法巫术风火雷电咒语游戏技能音效素材】655544319933.zip,Cinetools Witchcraft/Designer Tools/Elemental/Liquid/WC_Liquid_Boiling_Pudding_CT.wav,20736124,0cc34f8c,OK,/volume1/主目录/Collection/素材&模板&音库/音效/02_中文音效合集/魔法法术咒语技能释放音效/Cinetools Witchcraft/Designer Tools/Elemental/Liquid/WC_Liquid_Boiling_Pudding_CT.wav
Cinetools Witchcraft【黑暗魔法巫术风火雷电咒语游戏技能音效素材】655544319933.zip,Cinetools Witchcraft/Designer Tools/Elemental/Liquid/WC_Liquid_Bubble_AquariumAirStone2_CT.wav,15557110,bc046921,OK,/volume1/主目录/Collection/素材&模板&音库/音效/02_中文音效合集/魔法法术咒语技能释放音效/Cinetools Witchcraft/Designer Tools/Elemental/Liquid/WC_Liquid_Bubble_AquariumAirStone2_CT.wav
Cinetools Witchcraft【黑暗魔法巫术风火雷电咒语游戏技能音效素材】655544319933.zip,Cinetools Witchcraft/Designer Tools/Elemental/Liquid/WC_Liquid_Bubble_AquariumAirStone3_CT.wav,4373896,7d084cc8,OK,/volume1/主目录/Collection/素材&模板&音库/音效/02_中文音效合集/魔法法术咒语技能释放音效/Cinetools Witchcraft/Designer Tools/Elemental/Liquid/WC_Liquid_Bubble_AquariumAirStone3_CT.wav
Cinetools Witchcraft【黑暗魔法巫术风火雷电咒语游戏技能音效素材】655544319933.zip,Cinetools Witchcraft/Designer Tools/Elemental/Liquid/WC_Liquid_Bubble_AquariumAirStone4_CT.wav,3584260,bebf12fb,OK,/volume1/主目录/Collection/素材&模板&音库/音效/02_中文音效合集/魔法法术咒语技能释放音效/Cinetools Witchcraft/Designer Tools/Elemental/Liquid/WC_Liquid_Bubble_AquariumAirStone4_CT.wav
Cinetools Witchcraft【黑暗魔法巫术风火雷电咒语游戏技能音效素材】655544319933.zip,Cinetools Witchcraft/Designer Tools/Elemental/Liquid/WC_Liquid_Bubble_AquariumAirStone5_CT.wav,2928610,b12ae86e,OK,/volume1/主目录/Collection/素材&模板&音库/音效/02_中文音效合集/魔法法术咒语技能释放音效/Cinetools Witchcraft/Designer Tools/Elemental/Liquid/WC_Liquid_Bubble_AquariumAirStone5_CT.wav
Cinetools Witchcraft【黑暗魔法巫术风火雷电咒语游戏技能音效素材】655544319933.zip,Cinetools Witchcraft/Designer Tools/Elemental/Liquid/WC_Liquid_Bubble_AquariumAirStone_CT.wav,13615438,f5ce1899,OK,/volume1/主目录/Collection/素材&模板&音库/音效/02_中文音效合集/魔法法术咒语技能释放音效/Cinetools Witchcraft/Designer Tools/Elemental/Liquid/WC_Liquid_Bubble_AquariumAirStone_CT.wav
Cinetools Witchcraft【黑暗魔法巫术风火雷电咒语游戏技能音效素材】655544319933.zip,Cinetools Witchcraft/Designer Tools/Elemental/Liquid/WC_Liquid_Bubble_Chemical2_CT.wav,11529796,865f0b34,OK,/volume1/主目录/Collection/素材&模板&音库/音效/02_中文音效合集/魔法法术咒语技能释放音效/Cinetools Witchcraft/Designer Tools/Elemental/Liquid/WC_Liquid_Bubble_Chemical2_CT.wav
Cinetools Witchcraft【黑暗魔法巫术风火雷电咒语游戏技能音效素材】655544319933.zip,Cinetools Witchcraft/Designer Tools/Elemental/Liquid/WC_Liquid_Bubble_Chemical_CT.wav,15002524,5d540736,OK,/volume1/主目录/Collection/素材&模板&音库/音效/02_中文音效合集/魔法法术咒语技能释放音效/Cinetools Witchcraft/Designer Tools/Elemental/Liquid/WC_Liquid_Bubble_Chemical_CT.wav
Cinetools Witchcraft【黑暗魔法巫术风火雷电咒语游戏技能音效素材】655544319933.zip,Cinetools Witchcraft/Designer Tools/Elemental/Liquid/WC_Liquid_Bubble_Milkshake2_CT.wav,1075712,42129d11,OK,/volume1/主目录/Collection/素材&模板&音库/音效/02_中文音效合集/魔法法术咒语技能释放音效/Cinetools Witchcraft/Designer Tools/Elemental/Liquid/WC_Liquid_Bubble_Milkshake2_CT.wav
Cinetools Witchcraft【黑暗魔法巫术风火雷电咒语游戏技能音效素材】655544319933.zip,Cinetools Witchcraft/Designer Tools/Elemental/Liquid/WC_Liquid_Bubble_Milkshake3_CT.wav,1179392,859f4a9f,OK,/volume1/主目录/Collection/素材&模板&音库/音效/02_中文音效合集/魔法法术咒语技能释放音效/Cinetools Witchcraft/Designer Tools/Elemental/Liquid/WC_Liquid_Bubble_Milkshake3_CT.wav
Cinetools Witchcraft【黑暗魔法巫术风火雷电咒语游戏技能音效素材】655544319933.zip,Cinetools Witchcraft/Designer Tools/Elemental/Liquid/WC_Liquid_Bubble_Milkshake4_CT.wav,1306112,98c63998,OK,/volume1/主目录/Collection/素材&模板&音库/音效/02_中文音效合集/魔法法术咒语技能释放音效/Cinetools Witchcraft/Designer Tools/Elemental/Liquid/WC_Liquid_Bubble_Milkshake4_CT.wav
Cinetools Witchcraft【黑暗魔法巫术风火雷电咒语游戏技能音效素材】655544319933.zip,Cinetools Witchcraft/Designer Tools/Elemental/Liquid/WC_Liquid_Bubble_Milkshake5_CT.wav,3333632,53dc78b2,OK,/volume1/主目录/Collection/素材&模板&音库/音效/02_中文音效合集/魔法法术咒语技能释放音效/Cinetools Witchcraft/Designer Tools/Elemental/Liquid/WC_Liquid_Bubble_Milkshake5_CT.wav
Cinetools Witchcraft【黑暗魔法巫术风火雷电咒语游戏技能音效素材】655544319933.zip,Cinetools Witchcraft/Designer Tools/Elemental/Liquid/WC_Liquid_Bubble_Milkshake6_CT.wav,13263872,3b316bad,OK,/volume1/主目录/Collection/素材&模板&音库/音效/02_中文音效合集/魔法法术咒语技能释放音效/Cinetools Witchcraft/Designer Tools/Elemental/Liquid/WC_Liquid_Bubble_Milkshake6_CT.wav
Cinetools Witchcraft【黑暗魔法巫术风火雷电咒语游戏技能音效素材】655544319933.zip,Cinetools Witchcraft/Designer Tools/Elemental/Liquid/WC_Liquid_Bubble_Milkshake7_CT.wav,12054272,2d7019c6,OK,/volume1/主目录/Collection/素材&模板&音库/音效/02_中文音效合集/魔法法术咒语技能释放音效/Cinetools Witchcraft/Designer Tools/Elemental/Liquid/WC_Liquid_Bubble_Milkshake7_CT.wav
Cinetools Witchcraft【黑暗魔法巫术风火雷电咒语游戏技能音效素材】655544319933.zip,Cinetools Witchcraft/Designer Tools/Elemental/Liquid/WC_Liquid_Bubble_Milkshake_CT.wav,972032,a2a95afe,OK,/volume1/主目录/Collection/素材&模板&音库/音效/02_中文音效合集/魔法法术咒语技能释放音效/Cinetools Witchcraft/Designer Tools/Elemental/Liquid/WC_Liquid_Bubble_Milkshake_CT.wav
Cinetools Witchcraft【黑暗魔法巫术风火雷电咒语游戏技能音效素材】655544319933.zip,Cinetools Witchcraft/Designer Tools/Elemental/Liquid/WC_Liquid_Bubble_Water10_CT.wav,1145974,b99f7199,OK,/volume1/主目录/Collection/素材&模板&音库/音效/02_中文音效合集/魔法法术咒语技能释放音效/Cinetools Witchcraft/Designer Tools/Elemental/Liquid/WC_Liquid_Bubble_Water10_CT.wav
Cinetools Witchcraft【黑暗魔法巫术风火雷电咒语游戏技能音效素材】655544319933.zip,Cinetools Witchcraft/Designer Tools/Elemental/Liquid/WC_Liquid_Bubble_Water11_CT.wav,7452044,05f95862,OK,/volume1/主目录/Collection/素材&模板&音库/音效/02_中文音效合集/魔法法术咒语技能释放音效/Cinetools Witchcraft/Designer Tools/Elemental/Liquid/WC_Liquid_Bubble_Water11_CT.wav
Cinetools Witchcraft【黑暗魔法巫术风火雷电咒语游戏技能音效素材】655544319933.zip,Cinetools Witchcraft/Designer Tools/Elemental/Liquid/WC_Liquid_Bubble_Water2_CT.wav,2479066,8e18a8b7,OK,/volume1/主目录/Collection/素材&模板&音库/音效/02_中文音效合集/魔法法术咒语技能释放音效/Cinetools Witchcraft/Designer Tools/Elemental/Liquid/WC_Liquid_Bubble_Water2_CT.wav
Cinetools Witchcraft【黑暗魔法巫术风火雷电咒语游戏技能音效素材】655544319933.zip,Cinetools Witchcraft/Designer Tools/Elemental/Liquid/WC_Liquid_Bubble_Water3_CT.wav,7879024,177d1587,OK,/volume1/主目录/Collection/素材&模板&音库/音效/02_中文音效合集/魔法法术咒语技能释放音效/Cinetools Witchcraft/Designer Tools/Elemental/Liquid/WC_Liquid_Bubble_Water3_CT.wav
Cinetools Witchcraft【黑暗魔法巫术风火雷电咒语游戏技能音效素材】655544319933.zip,Cinetools Witchcraft/Designer Tools/Elemental/Liquid/WC_Liquid_Bubble_Water4_CT.wav,4096360,a38ed752,OK,/volume1/主目录/Collection/素材&模板&音库/音效/02_中文音效合集/魔法法术咒语技能释放音效/Cinetools Witchcraft/Designer Tools/Elemental/Liquid/WC_Liquid_Bubble_Water4_CT.wav
Cinetools Witchcraft【黑暗魔法巫术风火雷电咒语游戏技能音效素材】655544319933.zip,Cinetools Witchcraft/Designer Tools/Elemental/Liquid/WC_Liquid_Bubble_Water5_CT.wav,4282660,7847fcd3,OK,/volume1/主目录/Collection/素材&模板&音库/音效/02_中文音效合集/魔法法术咒语技能释放音效/Cinetools Witchcraft/Designer Tools/Elemental/Liquid/WC_Liquid_Bubble_Water5_CT.wav
Cinetools Witchcraft【黑暗魔法巫术风火雷电咒语游戏技能音效素材】655544319933.zip,Cinetools Witchcraft/Designer Tools/Elemental/Liquid/WC_Liquid_Bubble_Water6_CT.wav,7773616,f879ec68,OK,/volume1/主目录/Collection/素材&模板&音库/音效/02_中文音效合集/魔法法术咒语技能释放音效/Cinetools Witchcraft/Designer Tools/Elemental/Liquid/WC_Liquid_Bubble_Water6_CT.wav
Cinetools Witchcraft【黑暗魔法巫术风火雷电咒语游戏技能音效素材】655544319933.zip,Cinetools Witchcraft/Designer Tools/Elemental/Liquid/WC_Liquid_Bubble_Water7_CT.wav,6010888,7a9cfa26,OK,/volume1/主目录/Collection/素材&模板&音库/音效/02_中文音效合集/魔法法术咒语技能释放音效/Cinetools Witchcraft/Designer Tools/Elemental/Liquid/WC_Liquid_Bubble_Water7_CT.wav
Cinetools Witchcraft【黑暗魔法巫术风火雷电咒语游戏技能音效素材】655544319933.zip,Cinetools Witchcraft/Designer Tools/Elemental/Liquid/WC_Liquid_Bubble_Water8_CT.wav,6010888,7a9cfa26,OK_Q,/volume1/主目录/Collection/素材&模板&音库/音效_去重待删_20260919/魔法法术咒语技能释放音效/Cinetools Witchcraft/Designer Tools/Elemental/Liquid/WC_Liquid_Bubble_Water8_CT.wav
Cinetools Witchcraft【黑暗魔法巫术风火雷电咒语游戏技能音效素材】655544319933.zip,Cinetools Witchcraft/Designer Tools/Elemental/Liquid/WC_Liquid_Bubble_Water9_CT.wav,3627796,4953a9bd,OK,/volume1/主目录/Collection/素材&模板&音库/音效/02_中文音效合集/魔法法术咒语技能释放音效/Cinetools Witchcraft/Designer Tools/Elemental/Liquid/WC_Liquid_Bubble_Water9_CT.wav
Cinetools Witchcraft【黑暗魔法巫术风火雷电咒语游戏技能音效素材】655544319933.zip,Cinetools Witchcraft/Designer Tools/Elemental/Liquid/WC_Liquid_Bubble_Water_CT.wav,3396502,d8c1270a,OK,/volume1/主目录/Collection/素材&模板&音库/音效/02_中文音效合集/魔法法术咒语技能释放音效/Cinetools Witchcraft/Designer Tools/Elemental/Liquid/WC_Liquid_Bubble_Water_CT.wav
Cinetools Witchcraft【黑暗魔法巫术风火雷电咒语游戏技能音效素材】655544319933.zip,Cinetools Witchcraft/Designer Tools/Elemental/Liquid/WC_Liquid_Drain_ToiletFlush10_CT.wav,1057328,c4243734,OK,/volume1/主目录/Collection/素材&模板&音库/音效/02_中文音效合集/魔法法术咒语技能释放音效/Cinetools Witchcraft/Designer Tools/Elemental/Liquid/WC_Liquid_Drain_ToiletFlush10_CT.wav
Cinetools Witchcraft【黑暗魔法巫术风火雷电咒语游戏技能音效素材】655544319933.zip,Cinetools Witchcraft/Designer Tools/Elemental/Liquid/WC_Liquid_Drain_ToiletFlush2_CT.wav,1162568,93bfea59,OK,/volume1/主目录/Collection/素材&模板&音库/音效/02_中文音效合集/魔法法术咒语技能释放音效/Cinetools Witchcraft/Designer Tools/Elemental/Liquid/WC_Liquid_Drain_ToiletFlush2_CT.wav
Cinetools Witchcraft【黑暗魔法巫术风火雷电咒语游戏技能音效素材】655544319933.zip,Cinetools Witchcraft/Designer Tools/Elemental/Liquid/WC_Liquid_Drain_ToiletFlush3_CT.wav,1364380,df9ec932,OK,/volume1/主目录/Collection/素材&模板&音库/音效/02_中文音效合集/魔法法术咒语技能释放音效/Cinetools Witchcraft/Designer Tools/Elemental/Liquid/WC_Liquid_Drain_ToiletFlush3_CT.wav
Cinetools Witchcraft【黑暗魔法巫术风火雷电咒语游戏技能音效素材】655544319933.zip,Cinetools Witchcraft/Designer Tools/Elemental/Liquid/WC_Liquid_Drain_ToiletFlush4_CT.wav,945092,40d701d4,OK,/volume1/主目录/Collection/素材&模板&音库/音效/02_中文音效合集/魔法法术咒语技能释放音效/Cinetools Witchcraft/Designer Tools/Elemental/Liquid/WC_Liquid_Drain_ToiletFlush4_CT.wav
Cinetools Witchcraft【黑暗魔法巫术风火雷电咒语游戏技能音效素材】655544319933.zip,Cinetools Witchcraft/Designer Tools/Elemental/Liquid/WC_Liquid_Drain_ToiletFlush5_CT.wav,1161260,6971cbaf,OK,/volume1/主目录/Collection/素材&模板&音库/音效/02_中文音效合集/魔法法术咒语技能释放音效/Cinetools Witchcraft/Designer Tools/Elemental/Liquid/WC_Liquid_Drain_ToiletFlush5_CT.wav
Cinetools Witchcraft【黑暗魔法巫术风火雷电咒语游戏技能音效素材】655544319933.zip,Cinetools Witchcraft/Designer Tools/Elemental/Liquid/WC_Liquid_Drain_ToiletFlush6_CT.wav,1023908,e93f736c,OK,/volume1/主目录/Collection/素材&模板&音库/音效/02_中文音效合集/魔法法术咒语技能释放音效/Cinetools Witchcraft/Designer Tools/Elemental/Liquid/WC_Liquid_Drain_ToiletFlush6_CT.wav
Cinetools Witchcraft【黑暗魔法巫术风火雷电咒语游戏技能音效素材】655544319933.zip,Cinetools Witchcraft/Designer Tools/Elemental/Liquid/WC_Liquid_Drain_ToiletFlush7_CT.wav,1655756,f1eb0dcf,OK,/volume1/主目录/Collection/素材&模板&音库/音效/02_中文音效合集/魔法法术咒语技能释放音效/Cinetools Witchcraft/Designer Tools/Elemental/Liquid/WC_Liquid_Drain_ToiletFlush7_CT.wav
Cinetools Witchcraft【黑暗魔法巫术风火雷电咒语游戏技能音效素材】655544319933.zip,Cinetools Witchcraft/Designer Tools/Elemental/Liquid/WC_Liquid_Drain_ToiletFlush8_CT.wav,1178180,406f0405,OK,/volume1/主目录/Collection/素材&模板&音库/音效/02_中文音效合集/魔法法术咒语技能释放音效/Cinetools Witchcraft/Designer Tools/Elemental/Liquid/WC_Liquid_Drain_ToiletFlush8_CT.wav
Cinetools Witchcraft【黑暗魔法巫术风火雷电咒语游戏技能音效素材】655544319933.zip,Cinetools Witchcraft/Designer Tools/Elemental/Liquid/WC_Liquid_Drain_ToiletFlush9_CT.wav,1166564,2794d941,OK,/volume1/主目录/Collection/素材&模板&音库/音效/02_中文音效合集/魔法法术咒语技能释放音效/Cinetools Witchcraft/Designer Tools/Elemental/Liquid/WC_Liquid_Drain_ToiletFlush9_CT.wav
Cinetools Witchcraft【黑暗魔法巫术风火雷电咒语游戏技能音效素材】655544319933.zip,Cinetools Witchcraft/Designer Tools/Elemental/Liquid/WC_Liquid_Drain_ToiletFlush_CT.wav,9821540,403026eb,OK,/volume1/主目录/Collection/素材&模板&音库/音效/02_中文音效合集/魔法法术咒语技能释放音效/Cinetools Witchcraft/Designer Tools/Elemental/Liquid/WC_Liquid_Drain_ToiletFlush_CT.wav
Cinetools Witchcraft【黑暗魔法巫术风火雷电咒语游戏技能音效素材】655544319933.zip,Cinetools Witchcraft/Designer Tools/Elemental/Liquid/WC_Liquid_Drain_Water_bulky2_CT.wav,2883088,5751fe39,OK,/volume1/主目录/Collection/素材&模板&音库/音效/02_中文音效合集/魔法法术咒语技能释放音效/Cinetools Witchcraft/Designer Tools/Elemental/Liquid/WC_Liquid_Drain_Water_bulky2_CT.wav
Cinetools Witchcraft【黑暗魔法巫术风火雷电咒语游戏技能音效素材】655544319933.zip,Cinetools Witchcraft/Designer Tools/Elemental/Liquid/WC_Liquid_Drain_Water_bulky_CT.wav,2646466,42ed1ebc,OK,/volume1/主目录/Collection/素材&模板&音库/音效/02_中文音效合集/魔法法术咒语技能释放音效/Cinetools Witchcraft/Designer Tools/Elemental/Liquid/WC_Liquid_Drain_Water_bulky_CT.wav
Cinetools Witchcraft【黑暗魔法巫术风火雷电咒语游戏技能音效素材】655544319933.zip,Cinetools Witchcraft/Designer Tools/Elemental/Liquid/WC_Liquid_Drain_Water_large2_CT.wav,1499374,0d39f994,OK,/volume1/主目录/Collection/素材&模板&音库/音效/02_中文音效合集/魔法法术咒语技能释放音效/Cinetools Witchcraft/Designer Tools/Elemental/Liquid/WC_Liquid_Drain_Water_large2_CT.wav
Cinetools Witchcraft【黑暗魔法巫术风火雷电咒语游戏技能音效素材】655544319933.zip,Cinetools Witchcraft/Designer Tools/Elemental/Liquid/WC_Liquid_Drain_Water_large3_CT.wav,2650366,d2b5d0e0,OK,/volume1/主目录/Collection/素材&模板&音库/音效/02_中文音效合集/魔法法术咒语技能释放音效/Cinetools Witchcraft/Designer Tools/Elemental/Liquid/WC_Liquid_Drain_Water_large3_CT.wav
Cinetools Witchcraft【黑暗魔法巫术风火雷电咒语游戏技能音效素材】655544319933.zip,Cinetools Witchcraft/Designer Tools/Elemental/Liquid/WC_Liquid_Drain_Water_large_CT.wav,2455424,878bafe8,OK,/volume1/主目录/Collection/素材&模板&音库/音效/02_中文音效合集/魔法法术咒语技能释放音效/Cinetools Witchcraft/Designer Tools/Elemental/Liquid/WC_Liquid_Drain_Water_large_CT.wav
Cinetools Witchcraft【黑暗魔法巫术风火雷电咒语游戏技能音效素材】655544319933.zip,Cinetools Witchcraft/Designer Tools/Elemental/Liquid/WC_Liquid_Drain_Water_medium2_CT.wav,2833624,57eb151e,OK,/volume1/主目录/Collection/素材&模板&音库/音效/02_中文音效合集/魔法法术咒语技能释放音效/Cinetools Witchcraft/Designer Tools/Elemental/Liquid/WC_Liquid_Drain_Water_medium2_CT.wav
Cinetools Witchcraft【黑暗魔法巫术风火雷电咒语游戏技能音效素材】655544319933.zip,Cinetools Witchcraft/Designer Tools/Elemental/Liquid/WC_Liquid_Drain_Water_medium3_CT.wav,3277960,e9908ebe,OK,/volume1/主目录/Collection/素材&模板&音库/音效/02_中文音效合集/魔法法术咒语技能释放音效/Cinetools Witchcraft/Designer Tools/Elemental/Liquid/WC_Liquid_Drain_Water_medium3_CT.wav
Cinetools Witchcraft【黑暗魔法巫术风火雷电咒语游戏技能音效素材】655544319933.zip,Cinetools Witchcraft/Designer Tools/Elemental/Liquid/WC_Liquid_Drain_Water_medium4_CT.wav,1819040,d68225df,OK,/volume1/主目录/Collection/素材&模板&音库/音效/02_中文音效合集/魔法法术咒语技能释放音效/Cinetools Witchcraft/Designer Tools/Elemental/Liquid/WC_Liquid_Drain_Water_medium4_CT.wav
Cinetools Witchcraft【黑暗魔法巫术风火雷电咒语游戏技能音效素材】655544319933.zip,Cinetools Witchcraft/Designer Tools/Elemental/Liquid/WC_Liquid_Drain_Water_medium5_CT.wav,2687302,ea1d2bcc,OK,/volume1/主目录/Collection/素材&模板&音库/音效/02_中文音效合集/魔法法术咒语技能释放音效/Cinetools Witchcraft/Designer Tools/Elemental/Liquid/WC_Liquid_Drain_Water_medium5_CT.wav
Cinetools Witchcraft【黑暗魔法巫术风火雷电咒语游戏技能音效素材】655544319933.zip,Cinetools Witchcraft/Designer Tools/Elemental/Liquid/WC_Liquid_Drain_Water_medium6_CT.wav,3184066,995518b5,OK,/volume1/主目录/Collection/素材&模板&音库/音效/02_中文音效合集/魔法法术咒语技能释放音效/Cinetools Witchcraft/Designer Tools/Elemental/Liquid/WC_Liquid_Drain_Water_medium6_CT.wav
Cinetools Witchcraft【黑暗魔法巫术风火雷电咒语游戏技能音效素材】655544319933.zip,Cinetools Witchcraft/Designer Tools/Elemental/Liquid/WC_Liquid_Drain_Water_medium7_CT.wav,2991206,cb6db046,OK,/volume1/主目录/Collection/素材&模板&音库/音效/02_中文音效合集/魔法法术咒语技能释放音效/Cinetools Witchcraft/Designer Tools/Elemental/Liquid/WC_Liquid_Drain_Water_medium7_CT.wav
Cinetools Witchcraft【黑暗魔法巫术风火雷电咒语游戏技能音效素材】655544319933.zip,Cinetools Witchcraft/Designer Tools/Elemental/Liquid/WC_Liquid_Drain_Water_medium8_CT.wav,1143802,e2088d0e,OK,/volume1/主目录/Collection/素材&模板&音库/音效/02_中文音效合集/魔法法术咒语技能释放音效/Cinetools Witchcraft/Designer Tools/Elemental/Liquid/WC_Liquid_Drain_Water_medium8_CT.wav
Cinetools Witchcraft【黑暗魔法巫术风火雷电咒语游戏技能音效素材】655544319933.zip,Cinetools Witchcraft/Designer Tools/Elemental/Liquid/WC_Liquid_Drain_Water_medium_CT.wav,2904848,867b202f,OK,/volume1/主目录/Collection/素材&模板&音库/音效/02_中文音效合集/魔法法术咒语技能释放音效/Cinetools Witchcraft/Designer Tools/Elemental/Liquid/WC_Liquid_Drain_Water_medium_CT.wav
Cinetools Witchcraft【黑暗魔法巫术风火雷电咒语游戏技能音效素材】655544319933.zip,Cinetools Witchcraft/Designer Tools/Elemental/Liquid/WC_Liquid_Drain_Water_small2_CT.wav,727702,455e51df,OK,/volume1/主目录/Collection/素材&模板&音库/音效/02_中文音效合集/魔法法术咒语技能释放音效/Cinetools Witchcraft/Designer Tools/Elemental/Liquid/WC_Liquid_Drain_Water_small2_CT.wav
Cinetools Witchcraft【黑暗魔法巫术风火雷电咒语游戏技能音效素材】655544319933.zip,Cinetools Witchcraft/Designer Tools/Elemental/Liquid/WC_Liquid_Drain_Water_small_CT.wav,590782,e3b0fa52,OK,/volume1/主目录/Collection/素材&模板&音库/音效/02_中文音效合集/魔法法术咒语技能释放音效/Cinetools Witchcraft/Designer Tools/Elemental/Liquid/WC_Liquid_Drain_Water_small_CT.wav
Cinetools Witchcraft【黑暗魔法巫术风火雷电咒语游戏技能音效素材】655544319933.zip,Cinetools Witchcraft/Designer Tools/Elemental/Liquid/WC_Liquid_Impact&Drain_Water10_CT.wav,1284916,a907ac07,OK,/volume1/主目录/Collection/素材&模板&音库/音效/02_中文音效合集/魔法法术咒语技能释放音效/Cinetools Witchcraft/Designer Tools/Elemental/Liquid/WC_Liquid_Impact&Drain_Water10_CT.wav
Cinetools Witchcraft【黑暗魔法巫术风火雷电咒语游戏技能音效素材】655544319933.zip,Cinetools Witchcraft/Designer Tools/Elemental/Liquid/WC_Liquid_Impact&Drain_Water11_CT.wav,1272988,be15e617,OK,/volume1/主目录/Collection/素材&模板&音库/音效/02_中文音效合集/魔法法术咒语技能释放音效/Cinetools Witchcraft/Designer Tools/Elemental/Liquid/WC_Liquid_Impact&Drain_Water11_CT.wav
Cinetools Witchcraft【黑暗魔法巫术风火雷电咒语游戏技能音效素材】655544319933.zip,Cinetools Witchcraft/Designer Tools/Elemental/Liquid/WC_Liquid_Impact&Drain_Water2_CT.wav,2211724,57db2191,OK,/volume1/主目录/Collection/素材&模板&音库/音效/02_中文音效合集/魔法法术咒语技能释放音效/Cinetools Witchcraft/Designer Tools/Elemental/Liquid/WC_Liquid_Impact&Drain_Water2_CT.wav
Cinetools Witchcraft【黑暗魔法巫术风火雷电咒语游戏技能音效素材】655544319933.zip,Cinetools Witchcraft/Designer Tools/Elemental/Liquid/WC_Liquid_Impact&Drain_Water3_CT.wav,3307588,7c6178ed,OK,/volume1/主目录/Collection/素材&模板&音库/音效/02_中文音效合集/魔法法术咒语技能释放音效/Cinetools Witchcraft/Designer Tools/Elemental/Liquid/WC_Liquid_Impact&Drain_Water3_CT.wav
Cinetools Witchcraft【黑暗魔法巫术风火雷电咒语游戏技能音效素材】655544319933.zip,Cinetools Witchcraft/Designer Tools/Elemental/Liquid/WC_Liquid_Impact&Drain_Water4_CT.wav,3674564,e8833bb6,OK,/volume1/主目录/Collection/素材&模板&音库/音效/02_中文音效合集/魔法法术咒语技能释放音效/Cinetools Witchcraft/Designer Tools/Elemental/Liquid/WC_Liquid_Impact&Drain_Water4_CT.wav
Cinetools Witchcraft【黑暗魔法巫术风火雷电咒语游戏技能音效素材】655544319933.zip,Cinetools Witchcraft/Designer Tools/Elemental/Liquid/WC_Liquid_Impact&Drain_Water5_CT.wav,2502764,4bdb53c6,OK,/volume1/主目录/Collection/素材&模板&音库/音效/02_中文音效合集/魔法法术咒语技能释放音效/Cinetools Witchcraft/Designer Tools/Elemental/Liquid/WC_Liquid_Impact&Drain_Water5_CT.wav
Cinetools Witchcraft【黑暗魔法巫术风火雷电咒语游戏技能音效素材】655544319933.zip,Cinetools Witchcraft/Designer Tools/Elemental/Liquid/WC_Liquid_Impact&Drain_Water6_CT.wav,1605874,d2ef0836,OK,/volume1/主目录/Collection/素材&模板&音库/音效/02_中文音效合集/魔法法术咒语技能释放音效/Cinetools Witchcraft/Designer Tools/Elemental/Liquid/WC_Liquid_Impact&Drain_Water6_CT.wav
Cinetools Witchcraft【黑暗魔法巫术风火雷电咒语游戏技能音效素材】655544319933.zip,Cinetools Witchcraft/Designer Tools/Elemental/Liquid/WC_Liquid_Impact&Drain_Water7_CT.wav,1749574,33657846,OK,/volume1/主目录/Collection/素材&模板&音库/音效/02_中文音效合集/魔法法术咒语技能释放音效/Cinetools Witchcraft/Designer Tools/Elemental/Liquid/WC_Liquid_Impact&Drain_Water7_CT.wav
Cinetools Witchcraft【黑暗魔法巫术风火雷电咒语游戏技能音效素材】655544319933.zip,Cinetools Witchcraft/Designer Tools/Elemental/Liquid/WC_Liquid_Impact&Drain_Water8_CT.wav,1521202,3ea5f544,OK,/volume1/主目录/Collection/素材&模板&音库/音效/02_中文音效合集/魔法法术咒语技能释放音效/Cinetools Witchcraft/Designer Tools/Elemental/Liquid/WC_Liquid_Impact&Drain_Water8_CT.wav
Cinetools Witchcraft【黑暗魔法巫术风火雷电咒语游戏技能音效素材】655544319933.zip,Cinetools Witchcraft/Designer Tools/Elemental/Liquid/WC_Liquid_Impact&Drain_Water9_CT.wav,1284916,ec36c2f7,OK,/volume1/主目录/Collection/素材&模板&音库/音效/02_中文音效合集/魔法法术咒语技能释放音效/Cinetools Witchcraft/Designer Tools/Elemental/Liquid/WC_Liquid_Impact&Drain_Water9_CT.wav
Cinetools Witchcraft【黑暗魔法巫术风火雷电咒语游戏技能音效素材】655544319933.zip,Cinetools Witchcraft/Designer Tools/Elemental/Liquid/WC_Liquid_Impact&Drain_Water_CT.wav,2238836,5af1848b,OK,/volume1/主目录/Collection/素材&模板&音库/音效/02_中文音效合集/魔法法术咒语技能释放音效/Cinetools Witchcraft/Designer Tools/Elemental/Liquid/WC_Liquid_Impact&Drain_Water_CT.wav
Cinetools Witchcraft【黑暗魔法巫术风火雷电咒语游戏技能音效素材】655544319933.zip,Cinetools Witchcraft/Designer Tools/Elemental/Liquid/WC_Liquid_Impact&Splash_Water_bulky10_CT.wav,2383816,84c2fc20,OK,/volume1/主目录/Collection/素材&模板&音库/音效/02_中文音效合集/魔法法术咒语技能释放音效/Cinetools Witchcraft/Designer Tools/Elemental/Liquid/WC_Liquid_Impact&Splash_Water_bulky10_CT.wav
Cinetools Witchcraft【黑暗魔法巫术风火雷电咒语游戏技能音效素材】655544319933.zip,Cinetools Witchcraft/Designer Tools/Elemental/Liquid/WC_Liquid_Impact&Splash_Water_bulky11_CT.wav,2429410,330715e2,OK,/volume1/主目录/Collection/素材&模板&音库/音效/02_中文音效合集/魔法法术咒语技能释放音效/Cinetools Witchcraft/Designer Tools/Elemental/Liquid/WC_Liquid_Impact&Splash_Water_bulky11_CT.wav
Cinetools Witchcraft【黑暗魔法巫术风火雷电咒语游戏技能音效素材】655544319933.zip,Cinetools Witchcraft/Designer Tools/Elemental/Liquid/WC_Liquid_Impact&Splash_Water_bulky12_CT.wav,2320888,f2030024,OK,/volume1/主目录/Collection/素材&模板&音库/音效/02_中文音效合集/魔法法术咒语技能释放音效/Cinetools Witchcraft/Designer Tools/Elemental/Liquid/WC_Liquid_Impact&Splash_Water_bulky12_CT.wav
Cinetools Witchcraft【黑暗魔法巫术风火雷电咒语游戏技能音效素材】655544319933.zip,Cinetools Witchcraft/Designer Tools/Elemental/Liquid/WC_Liquid_Impact&Splash_Water_bulky2_CT.wav,5328874,a1a65880,OK,/volume1/主目录/Collection/素材&模板&音库/音效/02_中文音效合集/魔法法术咒语技能释放音效/Cinetools Witchcraft/Designer Tools/Elemental/Liquid/WC_Liquid_Impact&Splash_Water_bulky2_CT.wav
Cinetools Witchcraft【黑暗魔法巫术风火雷电咒语游戏技能音效素材】655544319933.zip,Cinetools Witchcraft/Designer Tools/Elemental/Liquid/WC_Liquid_Impact&Splash_Water_bulky3_CT.wav,2462674,d1b1c240,OK,/volume1/主目录/Collection/素材&模板&音库/音效/02_中文音效合集/魔法法术咒语技能释放音效/Cinetools Witchcraft/Designer Tools/Elemental/Liquid/WC_Liquid_Impact&Splash_Water_bulky3_CT.wav
Cinetools Witchcraft【黑暗魔法巫术风火雷电咒语游戏技能音效素材】655544319933.zip,Cinetools Witchcraft/Designer Tools/Elemental/Liquid/WC_Liquid_Impact&Splash_Water_bulky4_CT.wav,1597246,b3b44ec0,OK,/volume1/主目录/Collection/素材&模板&音库/音效/02_中文音效合集/魔法法术咒语技能释放音效/Cinetools Witchcraft/Designer Tools/Elemental/Liquid/WC_Liquid_Impact&Splash_Water_bulky4_CT.wav
Cinetools Witchcraft【黑暗魔法巫术风火雷电咒语游戏技能音效素材】655544319933.zip,Cinetools Witchcraft/Designer Tools/Elemental/Liquid/WC_Liquid_Impact&Splash_Water_bulky5_CT.wav,1988210,3afe4a59,OK,/volume1/主目录/Collection/素材&模板&音库/音效/02_中文音效合集/魔法法术咒语技能释放音效/Cinetools Witchcraft/Designer Tools/Elemental/Liquid/WC_Liquid_Impact&Splash_Water_bulky5_CT.wav
Cinetools Witchcraft【黑暗魔法巫术风火雷电咒语游戏技能音效素材】655544319933.zip,Cinetools Witchcraft/Designer Tools/Elemental/Liquid/WC_Liquid_Impact&Splash_Water_bulky6_CT.wav,3499574,70aa0343,OK,/volume1/主目录/Collection/素材&模板&音库/音效/02_中文音效合集/魔法法术咒语技能释放音效/Cinetools Witchcraft/Designer Tools/Elemental/Liquid/WC_Liquid_Impact&Splash_Water_bulky6_CT.wav
Cinetools Witchcraft【黑暗魔法巫术风火雷电咒语游戏技能音效素材】655544319933.zip,Cinetools Witchcraft/Designer Tools/Elemental/Liquid/WC_Liquid_Impact&Splash_Water_bulky7_CT.wav,2611106,7c8e921a,OK,/volume1/主目录/Collection/素材&模板&音库/音效/02_中文音效合集/魔法法术咒语技能释放音效/Cinetools Witchcraft/Designer Tools/Elemental/Liquid/WC_Liquid_Impact&Splash_Water_bulky7_CT.wav
Cinetools Witchcraft【黑暗魔法巫术风火雷电咒语游戏技能音效素材】655544319933.zip,Cinetools Witchcraft/Designer Tools/Elemental/Liquid/WC_Liquid_Impact&Splash_Water_bulky8_CT.wav,3048320,2fcc52ad,OK,/volume1/主目录/Collection/素材&模板&音库/音效/02_中文音效合集/魔法法术咒语技能释放音效/Cinetools Witchcraft/Designer Tools/Elemental/Liquid/WC_Liquid_Impact&Splash_Water_bulky8_CT.wav
Cinetools Witchcraft【黑暗魔法巫术风火雷电咒语游戏技能音效素材】655544319933.zip,Cinetools Witchcraft/Designer Tools/Elemental/Liquid/WC_Liquid_Impact&Splash_Water_bulky9_CT.wav,2759638,b604e71c,OK,/volume1/主目录/Collection/素材&模板&音库/音效/02_中文音效合集/魔法法术咒语技能释放音效/Cinetools Witchcraft/Designer Tools/Elemental/Liquid/WC_Liquid_Impact&Splash_Water_bulky9_CT.wav
Cinetools Witchcraft【黑暗魔法巫术风火雷电咒语游戏技能音效素材】655544319933.zip,Cinetools Witchcraft/Designer Tools/Elemental/Liquid/WC_Liquid_Impact&Splash_Water_bulky_CT.wav,3679252,2c3f6453,OK,/volume1/主目录/Collection/素材&模板&音库/音效/02_中文音效合集/魔法法术咒语技能释放音效/Cinetools Witchcraft/Designer Tools/Elemental/Liquid/WC_Liquid_Impact&Splash_Water_bulky_CT.wav
Cinetools Witchcraft【黑暗魔法巫术风火雷电咒语游戏技能音效素材】655544319933.zip,Cinetools Witchcraft/Designer Tools/Elemental/Liquid/WC_Liquid_Impact&Splash_Water_large10_CT.wav,3320216,ac21db22,OK,/volume1/主目录/Collection/素材&模板&音库/音效/02_中文音效合集/魔法法术咒语技能释放音效/Cinetools Witchcraft/Designer Tools/Elemental/Liquid/WC_Liquid_Impact&Splash_Water_large10_CT.wav
Cinetools Witchcraft【黑暗魔法巫术风火雷电咒语游戏技能音效素材】655544319933.zip,Cinetools Witchcraft/Designer Tools/Elemental/Liquid/WC_Liquid_Impact&Splash_Water_large11_CT.wav,1452202,7db1861f,OK,/volume1/主目录/Collection/素材&模板&音库/音效/02_中文音效合集/魔法法术咒语技能释放音效/Cinetools Witchcraft/Designer Tools/Elemental/Liquid/WC_Liquid_Impact&Splash_Water_large11_CT.wav
Cinetools Witchcraft【黑暗魔法巫术风火雷电咒语游戏技能音效素材】655544319933.zip,Cinetools Witchcraft/Designer Tools/Elemental/Liquid/WC_Liquid_Impact&Splash_Water_large12_CT.wav,1859974,42939d62,OK,/volume1/主目录/Collection/素材&模板&音库/音效/02_中文音效合集/魔法法术咒语技能释放音效/Cinetools Witchcraft/Designer Tools/Elemental/Liquid/WC_Liquid_Impact&Splash_Water_large12_CT.wav
Cinetools Witchcraft【黑暗魔法巫术风火雷电咒语游戏技能音效素材】655544319933.zip,Cinetools Witchcraft/Designer Tools/Elemental/Liquid/WC_Liquid_Impact&Splash_Water_large13_CT.wav,4377616,97b7688f,OK,/volume1/主目录/Collection/素材&模板&音库/音效/02_中文音效合集/魔法法术咒语技能释放音效/Cinetools Witchcraft/Designer Tools/Elemental/Liquid/WC_Liquid_Impact&Splash_Water_large13_CT.wav
Cinetools Witchcraft【黑暗魔法巫术风火雷电咒语游戏技能音效素材】655544319933.zip,Cinetools Witchcraft/Designer Tools/Elemental/Liquid/WC_Liquid_Impact&Splash_Water_large2_CT.wav,2689024,78134026,OK,/volume1/主目录/Collection/素材&模板&音库/音效/02_中文音效合集/魔法法术咒语技能释放音效/Cinetools Witchcraft/Designer Tools/Elemental/Liquid/WC_Liquid_Impact&Splash_Water_large2_CT.wav
Cinetools Witchcraft【黑暗魔法巫术风火雷电咒语游戏技能音效素材】655544319933.zip,Cinetools Witchcraft/Designer Tools/Elemental/Liquid/WC_Liquid_Impact&Splash_Water_large3_CT.wav,1727596,50be8cba,OK,/volume1/主目录/Collection/素材&模板&音库/音效/02_中文音效合集/魔法法术咒语技能释放音效/Cinetools Witchcraft/Designer Tools/Elemental/Liquid/WC_Liquid_Impact&Splash_Water_large3_CT.wav
Cinetools Witchcraft【黑暗魔法巫术风火雷电咒语游戏技能音效素材】655544319933.zip,Cinetools Witchcraft/Designer Tools/Elemental/Liquid/WC_Liquid_Impact&Splash_Water_large4_CT.wav,2293904,0f3d71b3,OK,/volume1/主目录/Collection/素材&模板&音库/音效/02_中文音效合集/魔法法术咒语技能释放音效/Cinetools Witchcraft/Designer Tools/Elemental/Liquid/WC_Liquid_Impact&Splash_Water_large4_CT.wav
Cinetools Witchcraft【黑暗魔法巫术风火雷电咒语游戏技能音效素材】655544319933.zip,Cinetools Witchcraft/Designer Tools/Elemental/Liquid/WC_Liquid_Impact&Splash_Water_large5_CT.wav,3572860,56389ef8,OK,/volume1/主目录/Collection/素材&模板&音库/音效/02_中文音效合集/魔法法术咒语技能释放音效/Cinetools Witchcraft/Designer Tools/Elemental/Liquid/WC_Liquid_Impact&Splash_Water_large5_CT.wav
Cinetools Witchcraft【黑暗魔法巫术风火雷电咒语游戏技能音效素材】655544319933.zip,Cinetools Witchcraft/Designer Tools/Elemental/Liquid/WC_Liquid_Impact&Splash_Water_large6_CT.wav,2525866,b373097f,OK,/volume1/主目录/Collection/素材&模板&音库/音效/02_中文音效合集/魔法法术咒语技能释放音效/Cinetools Witchcraft/Designer Tools/Elemental/Liquid/WC_Liquid_Impact&Splash_Water_large6_CT.wav
Cinetools Witchcraft【黑暗魔法巫术风火雷电咒语游戏技能音效素材】655544319933.zip,Cinetools Witchcraft/Designer Tools/Elemental/Liquid/WC_Liquid_Impact&Splash_Water_large7_CT.wav,3880898,5d877ad9,OK,/volume1/主目录/Collection/素材&模板&音库/音效/02_中文音效合集/魔法法术咒语技能释放音效/Cinetools Witchcraft/Designer Tools/Elemental/Liquid/WC_Liquid_Impact&Splash_Water_large7_CT.wav
Cinetools Witchcraft【黑暗魔法巫术风火雷电咒语游戏技能音效素材】655544319933.zip,Cinetools Witchcraft/Designer Tools/Elemental/Liquid/WC_Liquid_Impact&Splash_Water_large8_CT.wav,2580466,c087c12e,OK,/volume1/主目录/Collection/素材&模板&音库/音效/02_中文音效合集/魔法法术咒语技能释放音效/Cinetools Witchcraft/Designer Tools/Elemental/Liquid/WC_Liquid_Impact&Splash_Water_large8_CT.wav
Cinetools Witchcraft【黑暗魔法巫术风火雷电咒语游戏技能音效素材】655544319933.zip,Cinetools Witchcraft/Designer Tools/Elemental/Liquid/WC_Liquid_Impact&Splash_Water_large9_CT.wav,2884724,b65a7f0a,OK,/volume1/主目录/Collection/素材&模板&音库/音效/02_中文音效合集/魔法法术咒语技能释放音效/Cinetools Witchcraft/Designer Tools/Elemental/Liquid/WC_Liquid_Impact&Splash_Water_large9_CT.wav
Cinetools Witchcraft【黑暗魔法巫术风火雷电咒语游戏技能音效素材】655544319933.zip,Cinetools Witchcraft/Designer Tools/Elemental/Liquid/WC_Liquid_Impact&Splash_Water_large_CT.wav,2254216,8950c891,OK,/volume1/主目录/Collection/素材&模板&音库/音效/02_中文音效合集/魔法法术咒语技能释放音效/Cinetools Witchcraft/Designer Tools/Elemental/Liquid/WC_Liquid_Impact&Splash_Water_large_CT.wav
Cinetools Witchcraft【黑暗魔法巫术风火雷电咒语游戏技能音效素材】655544319933.zip,Cinetools Witchcraft/Designer Tools/Elemental/Liquid/WC_Liquid_Impact&Splash_Water_medium10_CT.wav,3763624,75ffafe6,OK,/volume1/主目录/Collection/素材&模板&音库/音效/02_中文音效合集/魔法法术咒语技能释放音效/Cinetools Witchcraft/Designer Tools/Elemental/Liquid/WC_Liquid_Impact&Splash_Water_medium10_CT.wav
Cinetools Witchcraft【黑暗魔法巫术风火雷电咒语游戏技能音效素材】655544319933.zip,Cinetools Witchcraft/Designer Tools/Elemental/Liquid/WC_Liquid_Impact&Splash_Water_medium2_CT.wav,2180710,0dad45ae,OK,/volume1/主目录/Collection/素材&模板&音库/音效/02_中文音效合集/魔法法术咒语技能释放音效/Cinetools Witchcraft/Designer Tools/Elemental/Liquid/WC_Liquid_Impact&Splash_Water_medium2_CT.wav
Cinetools Witchcraft【黑暗魔法巫术风火雷电咒语游戏技能音效素材】655544319933.zip,Cinetools Witchcraft/Designer Tools/Elemental/Liquid/WC_Liquid_Impact&Splash_Water_medium3_CT.wav,2580352,9d8acfde,OK,/volume1/主目录/Collection/素材&模板&音库/音效/02_中文音效合集/魔法法术咒语技能释放音效/Cinetools Witchcraft/Designer Tools/Elemental/Liquid/WC_Liquid_Impact&Splash_Water_medium3_CT.wav
Cinetools Witchcraft【黑暗魔法巫术风火雷电咒语游戏技能音效素材】655544319933.zip,Cinetools Witchcraft/Designer Tools/Elemental/Liquid/WC_Liquid_Impact&Splash_Water_medium4_CT.wav,3799516,aecf6f3b,OK,/volume1/主目录/Collection/素材&模板&音库/音效/02_中文音效合集/魔法法术咒语技能释放音效/Cinetools Witchcraft/Designer Tools/Elemental/Liquid/WC_Liquid_Impact&Splash_Water_medium4_CT.wav
Cinetools Witchcraft【黑暗魔法巫术风火雷电咒语游戏技能音效素材】655544319933.zip,Cinetools Witchcraft/Designer Tools/Elemental/Liquid/WC_Liquid_Impact&Splash_Water_medium5_CT.wav,1874674,28379b98,OK,/volume1/主目录/Collection/素材&模板&音库/音效/02_中文音效合集/魔法法术咒语技能释放音效/Cinetools Witchcraft/Designer Tools/Elemental/Liquid/WC_Liquid_Impact&Splash_Water_medium5_CT.wav
Cinetools Witchcraft【黑暗魔法巫术风火雷电咒语游戏技能音效素材】655544319933.zip,Cinetools Witchcraft/Designer Tools/Elemental/Liquid/WC_Liquid_Impact&Splash_Water_medium6_CT.wav,2161324,ec649775,OK,/volume1/主目录/Collection/素材&模板&音库/音效/02_中文音效合集/魔法法术咒语技能释放音效/Cinetools Witchcraft/Designer Tools/Elemental/Liquid/WC_Liquid_Impact&Splash_Water_medium6_CT.wav
Cinetools Witchcraft【黑暗魔法巫术风火雷电咒语游戏技能音效素材】655544319933.zip,Cinetools Witchcraft/Designer Tools/Elemental/Liquid/WC_Liquid_Impact&Splash_Water_medium7_CT.wav,2344532,dded3de7,OK,/volume1/主目录/Collection/素材&模板&音库/音效/02_中文音效合集/魔法法术咒语技能释放音效/Cinetools Witchcraft/Designer Tools/Elemental/Liquid/WC_Liquid_Impact&Splash_Water_medium7_CT.wav
Cinetools Witchcraft【黑暗魔法巫术风火雷电咒语游戏技能音效素材】655544319933.zip,Cinetools Witchcraft/Designer Tools/Elemental/Liquid/WC_Liquid_Impact&Splash_Water_medium8_CT.wav,3892024,458016fe,OK,/volume1/主目录/Collection/素材&模板&音库/音效/02_中文音效合集/魔法法术咒语技能释放音效/Cinetools Witchcraft/Designer Tools/Elemental/Liquid/WC_Liquid_Impact&Splash_Water_medium8_CT.wav
Cinetools Witchcraft【黑暗魔法巫术风火雷电咒语游戏技能音效素材】655544319933.zip,Cinetools Witchcraft/Designer Tools/Elemental/Liquid/WC_Liquid_Impact&Splash_Water_medium9_CT.wav,3388324,b544b514,OK,/volume1/主目录/Collection/素材&模板&音库/音效/02_中文音效合集/魔法法术咒语技能释放音效/Cinetools Witchcraft/Designer Tools/Elemental/Liquid/WC_Liquid_Impact&Splash_Water_medium9_CT.wav
Cinetools Witchcraft【黑暗魔法巫术风火雷电咒语游戏技能音效素材】655544319933.zip,Cinetools Witchcraft/Designer Tools/Elemental/Liquid/WC_Liquid_Impact&Splash_Water_medium_CT.wav,2426960,edbf3bf7,OK,/volume1/主目录/Collection/素材&模板&音库/音效/02_中文音效合集/魔法法术咒语技能释放音效/Cinetools Witchcraft/Designer Tools/Elemental/Liquid/WC_Liquid_Impact&Splash_Water_medium_CT.wav
Cinetools Witchcraft【黑暗魔法巫术风火雷电咒语游戏技能音效素材】655544319933.zip,Cinetools Witchcraft/Designer Tools/Elemental/Liquid/WC_Liquid_Impact&Splash_Water_small2_CT.wav,2212382,42bf2823,OK,/volume1/主目录/Collection/素材&模板&音库/音效/02_中文音效合集/魔法法术咒语技能释放音效/Cinetools Witchcraft/Designer Tools/Elemental/Liquid/WC_Liquid_Impact&Splash_Water_small2_CT.wav
Cinetools Witchcraft【黑暗魔法巫术风火雷电咒语游戏技能音效素材】655544319933.zip,Cinetools Witchcraft/Designer Tools/Elemental/Liquid/WC_Liquid_Impact&Splash_Water_small3_CT.wav,1929614,84ffcfaf,OK,/volume1/主目录/Collection/素材&模板&音库/音效/02_中文音效合集/魔法法术咒语技能释放音效/Cinetools Witchcraft/Designer Tools/Elemental/Liquid/WC_Liquid_Impact&Splash_Water_small3_CT.wav
Cinetools Witchcraft【黑暗魔法巫术风火雷电咒语游戏技能音效素材】655544319933.zip,Cinetools Witchcraft/Designer Tools/Elemental/Liquid/WC_Liquid_Impact&Splash_Water_small4_CT.wav,1907674,e899fa00,OK,/volume1/主目录/Collection/素材&模板&音库/音效/02_中文音效合集/魔法法术咒语技能释放音效/Cinetools Witchcraft/Designer Tools/Elemental/Liquid/WC_Liquid_Impact&Splash_Water_small4_CT.wav
Cinetools Witchcraft【黑暗魔法巫术风火雷电咒语游戏技能音效素材】655544319933.zip,Cinetools Witchcraft/Designer Tools/Elemental/Liquid/WC_Liquid_Impact&Splash_Water_small5_CT.wav,2068252,28fb5a5c,OK,/volume1/主目录/Collection/素材&模板&音库/音效/02_中文音效合集/魔法法术咒语技能释放音效/Cinetools Witchcraft/Designer Tools/Elemental/Liquid/WC_Liquid_Impact&Splash_Water_small5_CT.wav
Cinetools Witchcraft【黑暗魔法巫术风火雷电咒语游戏技能音效素材】655544319933.zip,Cinetools Witchcraft/Designer Tools/Elemental/Liquid/WC_Liquid_Impact&Splash_Water_small6_CT.wav,1957210,a1baab67,OK,/volume1/主目录/Collection/素材&模板&音库/音效/02_中文音效合集/魔法法术咒语技能释放音效/Cinetools Witchcraft/Designer Tools/Elemental/Liquid/WC_Liquid_Impact&Splash_Water_small6_CT.wav
Cinetools Witchcraft【黑暗魔法巫术风火雷电咒语游戏技能音效素材】655544319933.zip,Cinetools Witchcraft/Designer Tools/Elemental/Liquid/WC_Liquid_Impact&Splash_Water_small_CT.wav,1722946,3632d44b,OK,/volume1/主目录/Collection/素材&模板&音库/音效/02_中文音效合集/魔法法术咒语技能释放音效/Cinetools Witchcraft/Designer Tools/Elemental/Liquid/WC_Liquid_Impact&Splash_Water_small_CT.wav
Cinetools Witchcraft【黑暗魔法巫术风火雷电咒语游戏技能音效素材】655544319933.zip,Cinetools Witchcraft/Designer Tools/Elemental/Liquid/WC_Liquid_Impact_Water2_CT.wav,2420338,88153a16,OK,/volume1/主目录/Collection/素材&模板&音库/音效/02_中文音效合集/魔法法术咒语技能释放音效/Cinetools Witchcraft/Designer Tools/Elemental/Liquid/WC_Liquid_Impact_Water2_CT.wav
Cinetools Witchcraft【黑暗魔法巫术风火雷电咒语游戏技能音效素材】655544319933.zip,Cinetools Witchcraft/Designer Tools/Elemental/Liquid/WC_Liquid_Impact_Water3_CT.wav,1450852,c56bf159,OK,/volume1/主目录/Collection/素材&模板&音库/音效/02_中文音效合集/魔法法术咒语技能释放音效/Cinetools Witchcraft/Designer Tools/Elemental/Liquid/WC_Liquid_Impact_Water3_CT.wav
Cinetools Witchcraft【黑暗魔法巫术风火雷电咒语游戏技能音效素材】655544319933.zip,Cinetools Witchcraft/Designer Tools/Elemental/Liquid/WC_Liquid_Impact_Water4_CT.wav,1866760,bb231bd3,OK,/volume1/主目录/Collection/素材&模板&音库/音效/02_中文音效合集/魔法法术咒语技能释放音效/Cinetools Witchcraft/Designer Tools/Elemental/Liquid/WC_Liquid_Impact_Water4_CT.wav
Cinetools Witchcraft【黑暗魔法巫术风火雷电咒语游戏技能音效素材】655544319933.zip,Cinetools Witchcraft/Designer Tools/Elemental/Liquid/WC_Liquid_Impact_Water5_CT.wav,1460638,79bd0d81,OK,/volume1/主目录/Collection/素材&模板&音库/音效/02_中文音效合集/魔法法术咒语技能释放音效/Cinetools Witchcraft/Designer Tools/Elemental/Liquid/WC_Liquid_Impact_Water5_CT.wav
Cinetools Witchcraft【黑暗魔法巫术风火雷电咒语游戏技能音效素材】655544319933.zip,Cinetools Witchcraft/Designer Tools/Elemental/Liquid/WC_Liquid_Impact_Water6_CT.wav,1740160,5ac30706,OK,/volume1/主目录/Collection/素材&模板&音库/音效/02_中文音效合集/魔法法术咒语技能释放音效/Cinetools Witchcraft/Designer Tools/Elemental/Liquid/WC_Liquid_Impact_Water6_CT.wav
Cinetools Witchcraft【黑暗魔法巫术风火雷电咒语游戏技能音效素材】655544319933.zip,Cinetools Witchcraft/Designer Tools/Elemental/Liquid/WC_Liquid_Impact_Water_CT.wav,1988182,2f577b05,OK,/volume1/主目录/Collection/素材&模板&音库/音效/02_中文音效合集/魔法法术咒语技能释放音效/Cinetools Witchcraft/Designer Tools/Elemental/Liquid/WC_Liquid_Impact_Water_CT.wav
Cinetools Witchcraft【黑暗魔法巫术风火雷电咒语游戏技能音效素材】655544319933.zip,Cinetools Witchcraft/Designer Tools/Elemental/Liquid/WC_Liquid_Motion&Bubbles_Water_large2_CT.wav,2320868,25a44098,OK,/volume1/主目录/Collection/素材&模板&音库/音效/02_中文音效合集/魔法法术咒语技能释放音效/Cinetools Witchcraft/Designer Tools/Elemental/Liquid/WC_Liquid_Motion&Bubbles_Water_large2_CT.wav
Cinetools Witchcraft【黑暗魔法巫术风火雷电咒语游戏技能音效素材】655544319933.zip,Cinetools Witchcraft/Designer Tools/Elemental/Liquid/WC_Liquid_Motion&Bubbles_Water_large3_CT.wav,2127548,451d25a6,OK,/volume1/主目录/Collection/素材&模板&音库/音效/02_中文音效合集/魔法法术咒语技能释放音效/Cinetools Witchcraft/Designer Tools/Elemental/Liquid/WC_Liquid_Motion&Bubbles_Water_large3_CT.wav
Cinetools Witchcraft【黑暗魔法巫术风火雷电咒语游戏技能音效素材】655544319933.zip,Cinetools Witchcraft/Designer Tools/Elemental/Liquid/WC_Liquid_Motion&Bubbles_Water_large4_CT.wav,1980524,e950ac65,OK,/volume1/主目录/Collection/素材&模板&音库/音效/02_中文音效合集/魔法法术咒语技能释放音效/Cinetools Witchcraft/Designer Tools/Elemental/Liquid/WC_Liquid_Motion&Bubbles_Water_large4_CT.wav
Cinetools Witchcraft【黑暗魔法巫术风火雷电咒语游戏技能音效素材】655544319933.zip,Cinetools Witchcraft/Designer Tools/Elemental/Liquid/WC_Liquid_Motion&Bubbles_Water_large5_CT.wav,2050438,0012282e,OK,/volume1/主目录/Collection/素材&模板&音库/音效/02_中文音效合集/魔法法术咒语技能释放音效/Cinetools Witchcraft/Designer Tools/Elemental/Liquid/WC_Liquid_Motion&Bubbles_Water_large5_CT.wav
Cinetools Witchcraft【黑暗魔法巫术风火雷电咒语游戏技能音效素材】655544319933.zip,Cinetools Witchcraft/Designer Tools/Elemental/Liquid/WC_Liquid_Motion&Bubbles_Water_large6_CT.wav,1606924,e74ca3a7,OK,/volume1/主目录/Collection/素材&模板&音库/音效/02_中文音效合集/魔法法术咒语技能释放音效/Cinetools Witchcraft/Designer Tools/Elemental/Liquid/WC_Liquid_Motion&Bubbles_Water_large6_CT.wav
Cinetools Witchcraft【黑暗魔法巫术风火雷电咒语游戏技能音效素材】655544319933.zip,Cinetools Witchcraft/Designer Tools/Elemental/Liquid/WC_Liquid_Motion&Bubbles_Water_large7_CT.wav,1990016,69e9690c,OK,/volume1/主目录/Collection/素材&模板&音库/音效/02_中文音效合集/魔法法术咒语技能释放音效/Cinetools Witchcraft/Designer Tools/Elemental/Liquid/WC_Liquid_Motion&Bubbles_Water_large7_CT.wav
Cinetools Witchcraft【黑暗魔法巫术风火雷电咒语游戏技能音效素材】655544319933.zip,Cinetools Witchcraft/Designer Tools/Elemental/Liquid/WC_Liquid_Motion&Bubbles_Water_large_CT.wav,2020160,ff310fba,OK,/volume1/主目录/Collection/素材&模板&音库/音效/02_中文音效合集/魔法法术咒语技能释放音效/Cinetools Witchcraft/Designer Tools/Elemental/Liquid/WC_Liquid_Motion&Bubbles_Water_large_CT.wav
Cinetools Witchcraft【黑暗魔法巫术风火雷电咒语游戏技能音效素材】655544319933.zip,Cinetools Witchcraft/Designer Tools/Elemental/Liquid/WC_Liquid_Motion&Bubbles_Water_medium2_CT.wav,3899648,679decba,OK,/volume1/主目录/Collection/素材&模板&音库/音效/02_中文音效合集/魔法法术咒语技能释放音效/Cinetools Witchcraft/Designer Tools/Elemental/Liquid/WC_Liquid_Motion&Bubbles_Water_medium2_CT.wav
Cinetools Witchcraft【黑暗魔法巫术风火雷电咒语游戏技能音效素材】655544319933.zip,Cinetools Witchcraft/Designer Tools/Elemental/Liquid/WC_Liquid_Motion&Bubbles_Water_medium3_CT.wav,837088,7c3d5487,OK,/volume1/主目录/Collection/素材&模板&音库/音效/02_中文音效合集/魔法法术咒语技能释放音效/Cinetools Witchcraft/Designer Tools/Elemental/Liquid/WC_Liquid_Motion&Bubbles_Water_medium3_CT.wav
Cinetools Witchcraft【黑暗魔法巫术风火雷电咒语游戏技能音效素材】655544319933.zip,Cinetools Witchcraft/Designer Tools/Elemental/Liquid/WC_Liquid_Motion&Bubbles_Water_medium4_CT.wav,901060,81061a42,OK,/volume1/主目录/Collection/素材&模板&音库/音效/02_中文音效合集/魔法法术咒语技能释放音效/Cinetools Witchcraft/Designer Tools/Elemental/Liquid/WC_Liquid_Motion&Bubbles_Water_medium4_CT.wav
Cinetools Witchcraft【黑暗魔法巫术风火雷电咒语游戏技能音效素材】655544319933.zip,Cinetools Witchcraft/Designer Tools/Elemental/Liquid/WC_Liquid_Motion&Bubbles_Water_medium5_CT.wav,1052416,0367ef9a,OK,/volume1/主目录/Collection/素材&模板&音库/音效/02_中文音效合集/魔法法术咒语技能释放音效/Cinetools Witchcraft/Designer Tools/Elemental/Liquid/WC_Liquid_Motion&Bubbles_Water_medium5_CT.wav
Cinetools Witchcraft【黑暗魔法巫术风火雷电咒语游戏技能音效素材】655544319933.zip,Cinetools Witchcraft/Designer Tools/Elemental/Liquid/WC_Liquid_Motion&Bubbles_Water_medium_CT.wav,2293438,c9f5c48d,OK,/volume1/主目录/Collection/素材&模板&音库/音效/02_中文音效合集/魔法法术咒语技能释放音效/Cinetools Witchcraft/Designer Tools/Elemental/Liquid/WC_Liquid_Motion&Bubbles_Water_medium_CT.wav
Cinetools Witchcraft【黑暗魔法巫术风火雷电咒语游戏技能音效素材】655544319933.zip,Cinetools Witchcraft/Designer Tools/Elemental/Liquid/WC_Liquid_Motion&Bubbles_Water_small_CT.wav,1172138,2a274cd5,OK,/volume1/主目录/Collection/素材&模板&音库/音效/02_中文音效合集/魔法法术咒语技能释放音效/Cinetools Witchcraft/Designer Tools/Elemental/Liquid/WC_Liquid_Motion&Bubbles_Water_small_CT.wav
Cinetools Witchcraft【黑暗魔法巫术风火雷电咒语游戏技能音效素材】655544319933.zip,Cinetools Witchcraft/Designer Tools/Elemental/Liquid/WC_Liquid_Motion&Impact&Splash_Water_large2_CT.wav,3322810,5bebb6b5,OK,/volume1/主目录/Collection/素材&模板&音库/音效/02_中文音效合集/魔法法术咒语技能释放音效/Cinetools Witchcraft/Designer Tools/Elemental/Liquid/WC_Liquid_Motion&Impact&Splash_Water_large2_CT.wav
Cinetools Witchcraft【黑暗魔法巫术风火雷电咒语游戏技能音效素材】655544319933.zip,Cinetools Witchcraft/Designer Tools/Elemental/Liquid/WC_Liquid_Motion&Impact&Splash_Water_large3_CT.wav,3443638,7224eeaf,OK,/volume1/主目录/Collection/素材&模板&音库/音效/02_中文音效合集/魔法法术咒语技能释放音效/Cinetools Witchcraft/Designer Tools/Elemental/Liquid/WC_Liquid_Motion&Impact&Splash_Water_large3_CT.wav
Cinetools Witchcraft【黑暗魔法巫术风火雷电咒语游戏技能音效素材】655544319933.zip,Cinetools Witchcraft/Designer Tools/Elemental/Liquid/WC_Liquid_Motion&Impact&Splash_Water_large_CT.wav,3898016,041fa723,OK,/volume1/主目录/Collection/素材&模板&音库/音效/02_中文音效合集/魔法法术咒语技能释放音效/Cinetools Witchcraft/Designer Tools/Elemental/Liquid/WC_Liquid_Motion&Impact&Splash_Water_large_CT.wav
Cinetools Witchcraft【黑暗魔法巫术风火雷电咒语游戏技能音效素材】655544319933.zip,Cinetools Witchcraft/Designer Tools/Elemental/Liquid/WC_Liquid_Motion&Impact&Splash_Water_medium2_CT.wav,2257474,c06e9f66,OK,/volume1/主目录/Collection/素材&模板&音库/音效/02_中文音效合集/魔法法术咒语技能释放音效/Cinetools Witchcraft/Designer Tools/Elemental/Liquid/WC_Liquid_Motion&Impact&Splash_Water_medium2_CT.wav
Cinetools Witchcraft【黑暗魔法巫术风火雷电咒语游戏技能音效素材】655544319933.zip,Cinetools Witchcraft/Designer Tools/Elemental/Liquid/WC_Liquid_Motion&Impact&Splash_Water_medium3_CT.wav,2960548,7181cfb7,OK,/volume1/主目录/Collection/素材&模板&音库/音效/02_中文音效合集/魔法法术咒语技能释放音效/Cinetools Witchcraft/Designer Tools/Elemental/Liquid/WC_Liquid_Motion&Impact&Splash_Water_medium3_CT.wav
Cinetools Witchcraft【黑暗魔法巫术风火雷电咒语游戏技能音效素材】655544319933.zip,Cinetools Witchcraft/Designer Tools/Elemental/Liquid/WC_Liquid_Motion&Impact&Splash_Water_medium_CT.wav,3673544,d44e0860,OK,/volume1/主目录/Collection/素材&模板&音库/音效/02_中文音效合集/魔法法术咒语技能释放音效/Cinetools Witchcraft/Designer Tools/Elemental/Liquid/WC_Liquid_Motion&Impact&Splash_Water_medium_CT.wav
Cinetools Witchcraft【黑暗魔法巫术风火雷电咒语游戏技能音效素材】655544319933.zip,Cinetools Witchcraft/Designer Tools/Elemental/Liquid/WC_Liquid_Motion&Impact&Splash_Water_small2_CT.wav,2243108,6905f24c,OK,/volume1/主目录/Collection/素材&模板&音库/音效/02_中文音效合集/魔法法术咒语技能释放音效/Cinetools Witchcraft/Designer Tools/Elemental/Liquid/WC_Liquid_Motion&Impact&Splash_Water_small2_CT.wav
Cinetools Witchcraft【黑暗魔法巫术风火雷电咒语游戏技能音效素材】655544319933.zip,Cinetools Witchcraft/Designer Tools/Elemental/Liquid/WC_Liquid_Motion&Impact&Splash_Water_small_CT.wav,3249044,71c2b8e7,OK,/volume1/主目录/Collection/素材&模板&音库/音效/02_中文音效合集/魔法法术咒语技能释放音效/Cinetools Witchcraft/Designer Tools/Elemental/Liquid/WC_Liquid_Motion&Impact&Splash_Water_small_CT.wav
Cinetools Witchcraft【黑暗魔法巫术风火雷电咒语游戏技能音效素材】655544319933.zip,Cinetools Witchcraft/Designer Tools/Elemental/Liquid/WC_Liquid_Motion_Water_large2_CT.wav,2142764,368d90b3,OK,/volume1/主目录/Collection/素材&模板&音库/音效/02_中文音效合集/魔法法术咒语技能释放音效/Cinetools Witchcraft/Designer Tools/Elemental/Liquid/WC_Liquid_Motion_Water_large2_CT.wav
Cinetools Witchcraft【黑暗魔法巫术风火雷电咒语游戏技能音效素材】655544319933.zip,Cinetools Witchcraft/Designer Tools/Elemental/Liquid/WC_Liquid_Motion_Water_large3_CT.wav,2412802,07a0359a,OK,/volume1/主目录/Collection/素材&模板&音库/音效/02_中文音效合集/魔法法术咒语技能释放音效/Cinetools Witchcraft/Designer Tools/Elemental/Liquid/WC_Liquid_Motion_Water_large3_CT.wav
Cinetools Witchcraft【黑暗魔法巫术风火雷电咒语游戏技能音效素材】655544319933.zip,Cinetools Witchcraft/Designer Tools/Elemental/Liquid/WC_Liquid_Motion_Water_large_CT.wav,2467526,df3b23ab,OK,/volume1/主目录/Collection/素材&模板&音库/音效/02_中文音效合集/魔法法术咒语技能释放音效/Cinetools Witchcraft/Designer Tools/Elemental/Liquid/WC_Liquid_Motion_Water_large_CT.wav
Cinetools Witchcraft【黑暗魔法巫术风火雷电咒语游戏技能音效素材】655544319933.zip,Cinetools Witchcraft/Designer Tools/Elemental/Liquid/WC_Liquid_Motion_Water_medium2_CT.wav,860260,09317999,OK,/volume1/主目录/Collection/素材&模板&音库/音效/02_中文音效合集/魔法法术咒语技能释放音效/Cinetools Witchcraft/Designer Tools/Elemental/Liquid/WC_Liquid_Motion_Water_medium2_CT.wav
Cinetools Witchcraft【黑暗魔法巫术风火雷电咒语游戏技能音效素材】655544319933.zip,Cinetools Witchcraft/Designer Tools/Elemental/Liquid/WC_Liquid_Motion_Water_medium3_CT.wav,1398388,545a03a6,OK,/volume1/主目录/Collection/素材&模板&音库/音效/02_中文音效合集/魔法法术咒语技能释放音效/Cinetools Witchcraft/Designer Tools/Elemental/Liquid/WC_Liquid_Motion_Water_medium3_CT.wav
Cinetools Witchcraft【黑暗魔法巫术风火雷电咒语游戏技能音效素材】655544319933.zip,Cinetools Witchcraft/Designer Tools/Elemental/Liquid/WC_Liquid_Motion_Water_medium4_CT.wav,872638,d038ec9d,OK,/volume1/主目录/Collection/素材&模板&音库/音效/02_中文音效合集/魔法法术咒语技能释放音效/Cinetools Witchcraft/Designer Tools/Elemental/Liquid/WC_Liquid_Motion_Water_medium4_CT.wav
Cinetools Witchcraft【黑暗魔法巫术风火雷电咒语游戏技能音效素材】655544319933.zip,Cinetools Witchcraft/Designer Tools/Elemental/Liquid/WC_Liquid_Motion_Water_medium5_CT.wav,1017652,cc0f12d7,OK,/volume1/主目录/Collection/素材&模板&音库/音效/02_中文音效合集/魔法法术咒语技能释放音效/Cinetools Witchcraft/Designer Tools/Elemental/Liquid/WC_Liquid_Motion_Water_medium5_CT.wav
Cinetools Witchcraft【黑暗魔法巫术风火雷电咒语游戏技能音效素材】655544319933.zip,Cinetools Witchcraft/Designer Tools/Elemental/Liquid/WC_Liquid_Motion_Water_medium6_CT.wav,1242760,41f71e10,OK,/volume1/主目录/Collection/素材&模板&音库/音效/02_中文音效合集/魔法法术咒语技能释放音效/Cinetools Witchcraft/Designer Tools/Elemental/Liquid/WC_Liquid_Motion_Water_medium6_CT.wav
Cinetools Witchcraft【黑暗魔法巫术风火雷电咒语游戏技能音效素材】655544319933.zip,Cinetools Witchcraft/Designer Tools/Elemental/Liquid/WC_Liquid_Motion_Water_medium7_CT.wav,1239838,51c19e9b,OK,/volume1/主目录/Collection/素材&模板&音库/音效/02_中文音效合集/魔法法术咒语技能释放音效/Cinetools Witchcraft/Designer Tools/Elemental/Liquid/WC_Liquid_Motion_Water_medium7_CT.wav
Cinetools Witchcraft【黑暗魔法巫术风火雷电咒语游戏技能音效素材】655544319933.zip,Cinetools Witchcraft/Designer Tools/Elemental/Liquid/WC_Liquid_Motion_Water_medium8_CT.wav,1199746,0611c205,OK,/volume1/主目录/Collection/素材&模板&音库/音效/02_中文音效合集/魔法法术咒语技能释放音效/Cinetools Witchcraft/Designer Tools/Elemental/Liquid/WC_Liquid_Motion_Water_medium8_CT.wav
Cinetools Witchcraft【黑暗魔法巫术风火雷电咒语游戏技能音效素材】655544319933.zip,Cinetools Witchcraft/Designer Tools/Elemental/Liquid/WC_Liquid_Motion_Water_medium9_CT.wav,1063810,7fb696dd,OK,/volume1/主目录/Collection/素材&模板&音库/音效/02_中文音效合集/魔法法术咒语技能释放音效/Cinetools Witchcraft/Designer Tools/Elemental/Liquid/WC_Liquid_Motion_Water_medium9_CT.wav
Cinetools Witchcraft【黑暗魔法巫术风火雷电咒语游戏技能音效素材】655544319933.zip,Cinetools Witchcraft/Designer Tools/Elemental/Liquid/WC_Liquid_Motion_Water_medium_CT.wav,1937524,4bd21977,OK,/volume1/主目录/Collection/素材&模板&音库/音效/02_中文音效合集/魔法法术咒语技能释放音效/Cinetools Witchcraft/Designer Tools/Elemental/Liquid/WC_Liquid_Motion_Water_medium_CT.wav
Cinetools Witchcraft【黑暗魔法巫术风火雷电咒语游戏技能音效素材】655544319933.zip,Cinetools Witchcraft/Designer Tools/Elemental/Liquid/WC_Liquid_Motion_Water_small10_CT.wav,816502,5841e1a8,OK,/volume1/主目录/Collection/素材&模板&音库/音效/02_中文音效合集/魔法法术咒语技能释放音效/Cinetools Witchcraft/Designer Tools/Elemental/Liquid/WC_Liquid_Motion_Water_small10_CT.wav
Cinetools Witchcraft【黑暗魔法巫术风火雷电咒语游戏技能音效素材】655544319933.zip,Cinetools Witchcraft/Designer Tools/Elemental/Liquid/WC_Liquid_Motion_Water_small11_CT.wav,786352,2b419271,OK,/volume1/主目录/Collection/素材&模板&音库/音效/02_中文音效合集/魔法法术咒语技能释放音效/Cinetools Witchcraft/Designer Tools/Elemental/Liquid/WC_Liquid_Motion_Water_small11_CT.wav
Cinetools Witchcraft【黑暗魔法巫术风火雷电咒语游戏技能音效素材】655544319933.zip,Cinetools Witchcraft/Designer Tools/Elemental/Liquid/WC_Liquid_Motion_Water_small12_CT.wav,637588,7110f6f0,OK,/volume1/主目录/Collection/素材&模板&音库/音效/02_中文音效合集/魔法法术咒语技能释放音效/Cinetools Witchcraft/Designer Tools/Elemental/Liquid/WC_Liquid_Motion_Water_small12_CT.wav
Cinetools Witchcraft【黑暗魔法巫术风火雷电咒语游戏技能音效素材】655544319933.zip,Cinetools Witchcraft/Designer Tools/Elemental/Liquid/WC_Liquid_Motion_Water_small13_CT.wav,652396,5a6d82ff,OK,/volume1/主目录/Collection/素材&模板&音库/音效/02_中文音效合集/魔法法术咒语技能释放音效/Cinetools Witchcraft/Designer Tools/Elemental/Liquid/WC_Liquid_Motion_Water_small13_CT.wav
Cinetools Witchcraft【黑暗魔法巫术风火雷电咒语游戏技能音效素材】655544319933.zip,Cinetools Witchcraft/Designer Tools/Elemental/Liquid/WC_Liquid_Motion_Water_small2_CT.wav,1382524,824c3610,OK,/volume1/主目录/Collection/素材&模板&音库/音效/02_中文音效合集/魔法法术咒语技能释放音效/Cinetools Witchcraft/Designer Tools/Elemental/Liquid/WC_Liquid_Motion_Water_small2_CT.wav
Cinetools Witchcraft【黑暗魔法巫术风火雷电咒语游戏技能音效素材】655544319933.zip,Cinetools Witchcraft/Designer Tools/Elemental/Liquid/WC_Liquid_Motion_Water_small3_CT.wav,1886866,6e068607,OK,/volume1/主目录/Collection/素材&模板&音库/音效/02_中文音效合集/魔法法术咒语技能释放音效/Cinetools Witchcraft/Designer Tools/Elemental/Liquid/WC_Liquid_Motion_Water_small3_CT.wav
Cinetools Witchcraft【黑暗魔法巫术风火雷电咒语游戏技能音效素材】655544319933.zip,Cinetools Witchcraft/Designer Tools/Elemental/Liquid/WC_Liquid_Motion_Water_small4_CT.wav,1508116,de8e434e,OK,/volume1/主目录/Collection/素材&模板&音库/音效/02_中文音效合集/魔法法术咒语技能释放音效/Cinetools Witchcraft/Designer Tools/Elemental/Liquid/WC_Liquid_Motion_Water_small4_CT.wav
Cinetools Witchcraft【黑暗魔法巫术风火雷电咒语游戏技能音效素材】655544319933.zip,Cinetools Witchcraft/Designer Tools/Elemental/Liquid/WC_Liquid_Motion_Water_small5_CT.wav,2065774,ff43e23f,OK,/volume1/主目录/Collection/素材&模板&音库/音效/02_中文音效合集/魔法法术咒语技能释放音效/Cinetools Witchcraft/Designer Tools/Elemental/Liquid/WC_Liquid_Motion_Water_small5_CT.wav
Cinetools Witchcraft【黑暗魔法巫术风火雷电咒语游戏技能音效素材】655544319933.zip,Cinetools Witchcraft/Designer Tools/Elemental/Liquid/WC_Liquid_Motion_Water_small6_CT.wav,1280938,5d6bece3,OK,/volume1/主目录/Collection/素材&模板&音库/音效/02_中文音效合集/魔法法术咒语技能释放音效/Cinetools Witchcraft/Designer Tools/Elemental/Liquid/WC_Liquid_Motion_Water_small6_CT.wav
Cinetools Witchcraft【黑暗魔法巫术风火雷电咒语游戏技能音效素材】655544319933.zip,Cinetools Witchcraft/Designer Tools/Elemental/Liquid/WC_Liquid_Motion_Water_small7_CT.wav,2063902,f4771fc3,OK,/volume1/主目录/Collection/素材&模板&音库/音效/02_中文音效合集/魔法法术咒语技能释放音效/Cinetools Witchcraft/Designer Tools/Elemental/Liquid/WC_Liquid_Motion_Water_small7_CT.wav
Cinetools Witchcraft【黑暗魔法巫术风火雷电咒语游戏技能音效素材】655544319933.zip,Cinetools Witchcraft/Designer Tools/Elemental/Liquid/WC_Liquid_Motion_Water_small8_CT.wav,625288,fc114fa6,OK,/volume1/主目录/Collection/素材&模板&音库/音效/02_中文音效合集/魔法法术咒语技能释放音效/Cinetools Witchcraft/Designer Tools/Elemental/Liquid/WC_Liquid_Motion_Water_small8_CT.wav
Cinetools Witchcraft【黑暗魔法巫术风火雷电咒语游戏技能音效素材】655544319933.zip,Cinetools Witchcraft/Designer Tools/Elemental/Liquid/WC_Liquid_Motion_Water_small9_CT.wav,888202,2077b9cf,OK,/volume1/主目录/Collection/素材&模板&音库/音效/02_中文音效合集/魔法法术咒语技能释放音效/Cinetools Witchcraft/Designer Tools/Elemental/Liquid/WC_Liquid_Motion_Water_small9_CT.wav
Cinetools Witchcraft【黑暗魔法巫术风火雷电咒语游戏技能音效素材】655544319933.zip,Cinetools Witchcraft/Designer Tools/Elemental/Liquid/WC_Liquid_Motion_Water_small_CT.wav,1202188,bfa79e7b,OK,/volume1/主目录/Collection/素材&模板&音库/音效/02_中文音效合集/魔法法术咒语技能释放音效/Cinetools Witchcraft/Designer Tools/Elemental/Liquid/WC_Liquid_Motion_Water_small_CT.wav
Cinetools Witchcraft【黑暗魔法巫术风火雷电咒语游戏技能音效素材】655544319933.zip,Cinetools Witchcraft/Designer Tools/Elemental/Liquid/WC_Liquid_Splash_Water_Bulky3_CT.wav,2297788,be6ceee9,OK,/volume1/主目录/Collection/素材&模板&音库/音效/02_中文音效合集/魔法法术咒语技能释放音效/Cinetools Witchcraft/Designer Tools/Elemental/Liquid/WC_Liquid_Splash_Water_Bulky3_CT.wav
Cinetools Witchcraft【黑暗魔法巫术风火雷电咒语游戏技能音效素材】655544319933.zip,Cinetools Witchcraft/Designer Tools/Elemental/Liquid/WC_Liquid_Splash_Water_bulky10_CT.wav,2186602,bf7ae839,OK,/volume1/主目录/Collection/素材&模板&音库/音效/02_中文音效合集/魔法法术咒语技能释放音效/Cinetools Witchcraft/Designer Tools/Elemental/Liquid/WC_Liquid_Splash_Water_bulky10_CT.wav
Cinetools Witchcraft【黑暗魔法巫术风火雷电咒语游戏技能音效素材】655544319933.zip,Cinetools Witchcraft/Designer Tools/Elemental/Liquid/WC_Liquid_Splash_Water_bulky11_CT.wav,2181502,6048c4d1,OK,/volume1/主目录/Collection/素材&模板&音库/音效/02_中文音效合集/魔法法术咒语技能释放音效/Cinetools Witchcraft/Designer Tools/Elemental/Liquid/WC_Liquid_Splash_Water_bulky11_CT.wav
Cinetools Witchcraft【黑暗魔法巫术风火雷电咒语游戏技能音效素材】655544319933.zip,Cinetools Witchcraft/Designer Tools/Elemental/Liquid/WC_Liquid_Splash_Water_bulky12_CT.wav,2035846,0bf5dc06,OK,/volume1/主目录/Collection/素材&模板&音库/音效/02_中文音效合集/魔法法术咒语技能释放音效/Cinetools Witchcraft/Designer Tools/Elemental/Liquid/WC_Liquid_Splash_Water_bulky12_CT.wav
Cinetools Witchcraft【黑暗魔法巫术风火雷电咒语游戏技能音效素材】655544319933.zip,Cinetools Witchcraft/Designer Tools/Elemental/Liquid/WC_Liquid_Splash_Water_bulky13_CT.wav,5063488,95cbd447,OK,/volume1/主目录/Collection/素材&模板&音库/音效/02_中文音效合集/魔法法术咒语技能释放音效/Cinetools Witchcraft/Designer Tools/Elemental/Liquid/WC_Liquid_Splash_Water_bulky13_CT.wav
Cinetools Witchcraft【黑暗魔法巫术风火雷电咒语游戏技能音效素材】655544319933.zip,Cinetools Witchcraft/Designer Tools/Elemental/Liquid/WC_Liquid_Splash_Water_bulky2_CT.wav,3455224,5db89dc2,OK,/volume1/主目录/Collection/素材&模板&音库/音效/02_中文音效合集/魔法法术咒语技能释放音效/Cinetools Witchcraft/Designer Tools/Elemental/Liquid/WC_Liquid_Splash_Water_bulky2_CT.wav
Cinetools Witchcraft【黑暗魔法巫术风火雷电咒语游戏技能音效素材】655544319933.zip,Cinetools Witchcraft/Designer Tools/Elemental/Liquid/WC_Liquid_Splash_Water_bulky4_CT.wav,1358266,0ff5a4f8,OK,/volume1/主目录/Collection/素材&模板&音库/音效/02_中文音效合集/魔法法术咒语技能释放音效/Cinetools Witchcraft/Designer Tools/Elemental/Liquid/WC_Liquid_Splash_Water_bulky4_CT.wav
Cinetools Witchcraft【黑暗魔法巫术风火雷电咒语游戏技能音效素材】655544319933.zip,Cinetools Witchcraft/Designer Tools/Elemental/Liquid/WC_Liquid_Splash_Water_bulky5_CT.wav,1610488,28cbf5b5,OK,/volume1/主目录/Collection/素材&模板&音库/音效/02_中文音效合集/魔法法术咒语技能释放音效/Cinetools Witchcraft/Designer Tools/Elemental/Liquid/WC_Liquid_Splash_Water_bulky5_CT.wav
Cinetools Witchcraft【黑暗魔法巫术风火雷电咒语游戏技能音效素材】655544319933.zip,Cinetools Witchcraft/Designer Tools/Elemental/Liquid/WC_Liquid_Splash_Water_bulky6_CT.wav,3134524,856be8c3,OK,/volume1/主目录/Collection/素材&模板&音库/音效/02_中文音效合集/魔法法术咒语技能释放音效/Cinetools Witchcraft/Designer Tools/Elemental/Liquid/WC_Liquid_Splash_Water_bulky6_CT.wav
Cinetools Witchcraft【黑暗魔法巫术风火雷电咒语游戏技能音效素材】655544319933.zip,Cinetools Witchcraft/Designer Tools/Elemental/Liquid/WC_Liquid_Splash_Water_bulky7_CT.wav,2247124,b328ae50,OK,/volume1/主目录/Collection/素材&模板&音库/音效/02_中文音效合集/魔法法术咒语技能释放音效/Cinetools Witchcraft/Designer Tools/Elemental/Liquid/WC_Liquid_Splash_Water_bulky7_CT.wav
Cinetools Witchcraft【黑暗魔法巫术风火雷电咒语游戏技能音效素材】655544319933.zip,Cinetools Witchcraft/Designer Tools/Elemental/Liquid/WC_Liquid_Splash_Water_bulky8_CT.wav,2685388,ed057a40,OK,/volume1/主目录/Collection/素材&模板&音库/音效/03_项目素材/LTT_V30All/WC_Liquid_Splash_Water_bulky8_CT.wav
Cinetools Witchcraft【黑暗魔法巫术风火雷电咒语游戏技能音效素材】655544319933.zip,Cinetools Witchcraft/Designer Tools/Elemental/Liquid/WC_Liquid_Splash_Water_bulky9_CT.wav,2545588,0d76ac06,OK,/volume1/主目录/Collection/素材&模板&音库/音效/02_中文音效合集/魔法法术咒语技能释放音效/Cinetools Witchcraft/Designer Tools/Elemental/Liquid/WC_Liquid_Splash_Water_bulky9_CT.wav
Cinetools Witchcraft【黑暗魔法巫术风火雷电咒语游戏技能音效素材】655544319933.zip,Cinetools Witchcraft/Designer Tools/Elemental/Liquid/WC_Liquid_Splash_Water_bulky_CT.wav,3379438,dbc40c9e,OK,/volume1/主目录/Collection/素材&模板&音库/音效/02_中文音效合集/魔法法术咒语技能释放音效/Cinetools Witchcraft/Designer Tools/Elemental/Liquid/WC_Liquid_Splash_Water_bulky_CT.wav
Cinetools Witchcraft【黑暗魔法巫术风火雷电咒语游戏技能音效素材】655544319933.zip,Cinetools Witchcraft/Designer Tools/Elemental/Liquid/WC_Liquid_Splash_Water_large10_CT.wav,2976424,f1e5c369,OK,/volume1/主目录/Collection/素材&模板&音库/音效/02_中文音效合集/魔法法术咒语技能释放音效/Cinetools Witchcraft/Designer Tools/Elemental/Liquid/WC_Liquid_Splash_Water_large10_CT.wav
Cinetools Witchcraft【黑暗魔法巫术风火雷电咒语游戏技能音效素材】655544319933.zip,Cinetools Witchcraft/Designer Tools/Elemental/Liquid/WC_Liquid_Splash_Water_large11_CT.wav,1196824,c46c69be,OK,/volume1/主目录/Collection/素材&模板&音库/音效/02_中文音效合集/魔法法术咒语技能释放音效/Cinetools Witchcraft/Designer Tools/Elemental/Liquid/WC_Liquid_Splash_Water_large11_CT.wav
Cinetools Witchcraft【黑暗魔法巫术风火雷电咒语游戏技能音效素材】655544319933.zip,Cinetools Witchcraft/Designer Tools/Elemental/Liquid/WC_Liquid_Splash_Water_large12_CT.wav,1629574,308b0606,OK,/volume1/主目录/Collection/素材&模板&音库/音效/02_中文音效合集/魔法法术咒语技能释放音效/Cinetools Witchcraft/Designer Tools/Elemental/Liquid/WC_Liquid_Splash_Water_large12_CT.wav
Cinetools Witchcraft【黑暗魔法巫术风火雷电咒语游戏技能音效素材】655544319933.zip,Cinetools Witchcraft/Designer Tools/Elemental/Liquid/WC_Liquid_Splash_Water_large13_CT.wav,4197352,3fc58447,OK,/volume1/主目录/Collection/素材&模板&音库/音效/02_中文音效合集/魔法法术咒语技能释放音效/Cinetools Witchcraft/Designer Tools/Elemental/Liquid/WC_Liquid_Splash_Water_large13_CT.wav
Cinetools Witchcraft【黑暗魔法巫术风火雷电咒语游戏技能音效素材】655544319933.zip,Cinetools Witchcraft/Designer Tools/Elemental/Liquid/WC_Liquid_Splash_Water_large14_CT.wav,1935988,b15d31ce,OK,/volume1/主目录/Collection/素材&模板&音库/音效/02_中文音效合集/魔法法术咒语技能释放音效/Cinetools Witchcraft/Designer Tools/Elemental/Liquid/WC_Liquid_Splash_Water_large14_CT.wav
Cinetools Witchcraft【黑暗魔法巫术风火雷电咒语游戏技能音效素材】655544319933.zip,Cinetools Witchcraft/Designer Tools/Elemental/Liquid/WC_Liquid_Splash_Water_large2_CT.wav,2400160,ffee454b,OK,/volume1/主目录/Collection/素材&模板&音库/音效/02_中文音效合集/魔法法术咒语技能释放音效/Cinetools Witchcraft/Designer Tools/Elemental/Liquid/WC_Liquid_Splash_Water_large2_CT.wav
Cinetools Witchcraft【黑暗魔法巫术风火雷电咒语游戏技能音效素材】655544319933.zip,Cinetools Witchcraft/Designer Tools/Elemental/Liquid/WC_Liquid_Splash_Water_large3_CT.wav,1498810,751f5f94,OK,/volume1/主目录/Collection/素材&模板&音库/音效/02_中文音效合集/魔法法术咒语技能释放音效/Cinetools Witchcraft/Designer Tools/Elemental/Liquid/WC_Liquid_Splash_Water_large3_CT.wav
Cinetools Witchcraft【黑暗魔法巫术风火雷电咒语游戏技能音效素材】655544319933.zip,Cinetools Witchcraft/Designer Tools/Elemental/Liquid/WC_Liquid_Splash_Water_large4_CT.wav,1909846,738a3c2e,OK,/volume1/主目录/Collection/素材&模板&音库/音效/02_中文音效合集/魔法法术咒语技能释放音效/Cinetools Witchcraft/Designer Tools/Elemental/Liquid/WC_Liquid_Splash_Water_large4_CT.wav
Cinetools Witchcraft【黑暗魔法巫术风火雷电咒语游戏技能音效素材】655544319933.zip,Cinetools Witchcraft/Designer Tools/Elemental/Liquid/WC_Liquid_Splash_Water_large5_CT.wav,3313810,f2139283,OK,/volume1/主目录/Collection/素材&模板&音库/音效/02_中文音效合集/魔法法术咒语技能释放音效/Cinetools Witchcraft/Designer Tools/Elemental/Liquid/WC_Liquid_Splash_Water_large5_CT.wav
Cinetools Witchcraft【黑暗魔法巫术风火雷电咒语游戏技能音效素材】655544319933.zip,Cinetools Witchcraft/Designer Tools/Elemental/Liquid/WC_Liquid_Splash_Water_large6_CT.wav,2273224,96deb443,OK,/volume1/主目录/Collection/素材&模板&音库/音效/02_中文音效合集/魔法法术咒语技能释放音效/Cinetools Witchcraft/Designer Tools/Elemental/Liquid/WC_Liquid_Splash_Water_large6_CT.wav
Cinetools Witchcraft【黑暗魔法巫术风火雷电咒语游戏技能音效素材】655544319933.zip,Cinetools Witchcraft/Designer Tools/Elemental/Liquid/WC_Liquid_Splash_Water_large7_CT.wav,3527110,3cd1b65a,OK,/volume1/主目录/Collection/素材&模板&音库/音效/02_中文音效合集/魔法法术咒语技能释放音效/Cinetools Witchcraft/Designer Tools/Elemental/Liquid/WC_Liquid_Splash_Water_large7_CT.wav
Cinetools Witchcraft【黑暗魔法巫术风火雷电咒语游戏技能音效素材】655544319933.zip,Cinetools Witchcraft/Designer Tools/Elemental/Liquid/WC_Liquid_Splash_Water_large8_CT.wav,2357638,4291c9b3,OK,/volume1/主目录/Collection/素材&模板&音库/音效/02_中文音效合集/魔法法术咒语技能释放音效/Cinetools Witchcraft/Designer Tools/Elemental/Liquid/WC_Liquid_Splash_Water_large8_CT.wav
Cinetools Witchcraft【黑暗魔法巫术风火雷电咒语游戏技能音效素材】655544319933.zip,Cinetools Witchcraft/Designer Tools/Elemental/Liquid/WC_Liquid_Splash_Water_large9_CT.wav,2534674,f17706ef,OK,/volume1/主目录/Collection/素材&模板&音库/音效/02_中文音效合集/魔法法术咒语技能释放音效/Cinetools Witchcraft/Designer Tools/Elemental/Liquid/WC_Liquid_Splash_Water_large9_CT.wav
Cinetools Witchcraft【黑暗魔法巫术风火雷电咒语游戏技能音效素材】655544319933.zip,Cinetools Witchcraft/Designer Tools/Elemental/Liquid/WC_Liquid_Splash_Water_large_CT.wav,2909974,59040a59,OK,/volume1/主目录/Collection/素材&模板&音库/音效/03_项目素材/LTT_V30All/WC_Liquid_Splash_Water_large_CT.wav
Cinetools Witchcraft【黑暗魔法巫术风火雷电咒语游戏技能音效素材】655544319933.zip,Cinetools Witchcraft/Designer Tools/Elemental/Liquid/WC_Liquid_Splash_Water_medium10_CT.wav,3547360,9e6ec603,OK,/volume1/主目录/Collection/素材&模板&音库/音效/02_中文音效合集/魔法法术咒语技能释放音效/Cinetools Witchcraft/Designer Tools/Elemental/Liquid/WC_Liquid_Splash_Water_medium10_CT.wav
Cinetools Witchcraft【黑暗魔法巫术风火雷电咒语游戏技能音效素材】655544319933.zip,Cinetools Witchcraft/Designer Tools/Elemental/Liquid/WC_Liquid_Splash_Water_medium2_CT.wav,1862710,5570d012,OK,/volume1/主目录/Collection/素材&模板&音库/音效/02_中文音效合集/魔法法术咒语技能释放音效/Cinetools Witchcraft/Designer Tools/Elemental/Liquid/WC_Liquid_Splash_Water_medium2_CT.wav
Cinetools Witchcraft【黑暗魔法巫术风火雷电咒语游戏技能音效素材】655544319933.zip,Cinetools Witchcraft/Designer Tools/Elemental/Liquid/WC_Liquid_Splash_Water_medium3_CT.wav,2378788,e7dafdce,OK,/volume1/主目录/Collection/素材&模板&音库/音效/02_中文音效合集/魔法法术咒语技能释放音效/Cinetools Witchcraft/Designer Tools/Elemental/Liquid/WC_Liquid_Splash_Water_medium3_CT.wav
Cinetools Witchcraft【黑暗魔法巫术风火雷电咒语游戏技能音效素材】655544319933.zip,Cinetools Witchcraft/Designer Tools/Elemental/Liquid/WC_Liquid_Splash_Water_medium4_CT.wav,3526288,814d722d,OK,/volume1/主目录/Collection/素材&模板&音库/音效/02_中文音效合集/魔法法术咒语技能释放音效/Cinetools Witchcraft/Designer Tools/Elemental/Liquid/WC_Liquid_Splash_Water_medium4_CT.wav
Cinetools Witchcraft【黑暗魔法巫术风火雷电咒语游戏技能音效素材】655544319933.zip,Cinetools Witchcraft/Designer Tools/Elemental/Liquid/WC_Liquid_Splash_Water_medium5_CT.wav,1614088,a6fa4d8d,OK,/volume1/主目录/Collection/素材&模板&音库/音效/02_中文音效合集/魔法法术咒语技能释放音效/Cinetools Witchcraft/Designer Tools/Elemental/Liquid/WC_Liquid_Splash_Water_medium5_CT.wav
Cinetools Witchcraft【黑暗魔法巫术风火雷电咒语游戏技能音效素材】655544319933.zip,Cinetools Witchcraft/Designer Tools/Elemental/Liquid/WC_Liquid_Splash_Water_medium6_CT.wav,1863946,5afd4987,OK,/volume1/主目录/Collection/素材&模板&音库/音效/02_中文音效合集/魔法法术咒语技能释放音效/Cinetools Witchcraft/Designer Tools/Elemental/Liquid/WC_Liquid_Splash_Water_medium6_CT.wav
Cinetools Witchcraft【黑暗魔法巫术风火雷电咒语游戏技能音效素材】655544319933.zip,Cinetools Witchcraft/Designer Tools/Elemental/Liquid/WC_Liquid_Splash_Water_medium7_CT.wav,2027602,50c8f4d5,OK,/volume1/主目录/Collection/素材&模板&音库/音效/02_中文音效合集/魔法法术咒语技能释放音效/Cinetools Witchcraft/Designer Tools/Elemental/Liquid/WC_Liquid_Splash_Water_medium7_CT.wav
Cinetools Witchcraft【黑暗魔法巫术风火雷电咒语游戏技能音效素材】655544319933.zip,Cinetools Witchcraft/Designer Tools/Elemental/Liquid/WC_Liquid_Splash_Water_medium8_CT.wav,3608452,878a2d3a,OK,/volume1/主目录/Collection/素材&模板&音库/音效/02_中文音效合集/魔法法术咒语技能释放音效/Cinetools Witchcraft/Designer Tools/Elemental/Liquid/WC_Liquid_Splash_Water_medium8_CT.wav
Cinetools Witchcraft【黑暗魔法巫术风火雷电咒语游戏技能音效素材】655544319933.zip,Cinetools Witchcraft/Designer Tools/Elemental/Liquid/WC_Liquid_Splash_Water_medium9_CT.wav,3173560,98e93ad5,OK,/volume1/主目录/Collection/素材&模板&音库/音效/02_中文音效合集/魔法法术咒语技能释放音效/Cinetools Witchcraft/Designer Tools/Elemental/Liquid/WC_Liquid_Splash_Water_medium9_CT.wav
Cinetools Witchcraft【黑暗魔法巫术风火雷电咒语游戏技能音效素材】655544319933.zip,Cinetools Witchcraft/Designer Tools/Elemental/Liquid/WC_Liquid_Splash_Water_medium_CT.wav,1990510,41a3476e,OK,/volume1/主目录/Collection/素材&模板&音库/音效/02_中文音效合集/魔法法术咒语技能释放音效/Cinetools Witchcraft/Designer Tools/Elemental/Liquid/WC_Liquid_Splash_Water_medium_CT.wav
Cinetools Witchcraft【黑暗魔法巫术风火雷电咒语游戏技能音效素材】655544319933.zip,Cinetools Witchcraft/Designer Tools/Elemental/Liquid/WC_Liquid_Splash_Water_small2_CT.wav,1855288,bf14e711,OK,/volume1/主目录/Collection/素材&模板&音库/音效/02_中文音效合集/魔法法术咒语技能释放音效/Cinetools Witchcraft/Designer Tools/Elemental/Liquid/WC_Liquid_Splash_Water_small2_CT.wav
Cinetools Witchcraft【黑暗魔法巫术风火雷电咒语游戏技能音效素材】655544319933.zip,Cinetools Witchcraft/Designer Tools/Elemental/Liquid/WC_Liquid_Splash_Water_small3_CT.wav,1572538,29a16833,OK,/volume1/主目录/Collection/素材&模板&音库/音效/02_中文音效合集/魔法法术咒语技能释放音效/Cinetools Witchcraft/Designer Tools/Elemental/Liquid/WC_Liquid_Splash_Water_small3_CT.wav
Cinetools Witchcraft【黑暗魔法巫术风火雷电咒语游戏技能音效素材】655544319933.zip,Cinetools Witchcraft/Designer Tools/Elemental/Liquid/WC_Liquid_Splash_Water_small4_CT.wav,1681510,e7b2777b,OK,/volume1/主目录/Collection/素材&模板&音库/音效/02_中文音效合集/魔法法术咒语技能释放音效/Cinetools Witchcraft/Designer Tools/Elemental/Liquid/WC_Liquid_Splash_Water_small4_CT.wav
Cinetools Witchcraft【黑暗魔法巫术风火雷电咒语游戏技能音效素材】655544319933.zip,Cinetools Witchcraft/Designer Tools/Elemental/Liquid/WC_Liquid_Splash_Water_small5_CT.wav,1834060,95afa075,OK,/volume1/主目录/Collection/素材&模板&音库/音效/02_中文音效合集/魔法法术咒语技能释放音效/Cinetools Witchcraft/Designer Tools/Elemental/Liquid/WC_Liquid_Splash_Water_small5_CT.wav
Cinetools Witchcraft【黑暗魔法巫术风火雷电咒语游戏技能音效素材】655544319933.zip,Cinetools Witchcraft/Designer Tools/Elemental/Liquid/WC_Liquid_Splash_Water_small6_CT.wav,1731052,4bc07fda,OK,/volume1/主目录/Collection/素材&模板&音库/音效/02_中文音效合集/魔法法术咒语技能释放音效/Cinetools Witchcraft/Designer Tools/Elemental/Liquid/WC_Liquid_Splash_Water_small6_CT.wav
Cinetools Witchcraft【黑暗魔法巫术风火雷电咒语游戏技能音效素材】655544319933.zip,Cinetools Witchcraft/Designer Tools/Elemental/Liquid/WC_Liquid_Splash_Water_small_CT.wav,1450888,3236ae1a,OK,/volume1/主目录/Collection/素材&模板&音库/音效/02_中文音效合集/魔法法术咒语技能释放音效/Cinetools Witchcraft/Designer Tools/Elemental/Liquid/WC_Liquid_Splash_Water_small_CT.wav
Cinetools Witchcraft【黑暗魔法巫术风火雷电咒语游戏技能音效素材】655544319933.zip,Cinetools Witchcraft/Designer Tools/Elemental/Liquid/WC_Liquid_Splash_Water_tiny2_CT.wav,611116,1ff69980,OK,/volume1/主目录/Collection/素材&模板&音库/音效/02_中文音效合集/魔法法术咒语技能释放音效/Cinetools Witchcraft/Designer Tools/Elemental/Liquid/WC_Liquid_Splash_Water_tiny2_CT.wav
Cinetools Witchcraft【黑暗魔法巫术风火雷电咒语游戏技能音效素材】655544319933.zip,Cinetools Witchcraft/Designer Tools/Elemental/Liquid/WC_Liquid_Splash_Water_tiny3_CT.wav,728974,2d1c902f,OK,/volume1/主目录/Collection/素材&模板&音库/音效/02_中文音效合集/魔法法术咒语技能释放音效/Cinetools Witchcraft/Designer Tools/Elemental/Liquid/WC_Liquid_Splash_Water_tiny3_CT.wav
Cinetools Witchcraft【黑暗魔法巫术风火雷电咒语游戏技能音效素材】655544319933.zip,Cinetools Witchcraft/Designer Tools/Elemental/Liquid/WC_Liquid_Splash_Water_tiny4_CT.wav,442966,11926bd0,OK,/volume1/主目录/Collection/素材&模板&音库/音效/02_中文音效合集/魔法法术咒语技能释放音效/Cinetools Witchcraft/Designer Tools/Elemental/Liquid/WC_Liquid_Splash_Water_tiny4_CT.wav
Cinetools Witchcraft【黑暗魔法巫术风火雷电咒语游戏技能音效素材】655544319933.zip,Cinetools Witchcraft/Designer Tools/Elemental/Liquid/WC_Liquid_Splash_Water_tiny_CT.wav,1909174,2cea5f05,OK,/volume1/主目录/Collection/素材&模板&音库/音效/02_中文音效合集/魔法法术咒语技能释放音效/Cinetools Witchcraft/Designer Tools/Elemental/Liquid/WC_Liquid_Splash_Water_tiny_CT.wav
Cinetools Witchcraft【黑暗魔法巫术风火雷电咒语游戏技能音效素材】655544319933.zip,Cinetools Witchcraft/Designer Tools/Elemental/Liquid/WC_Liquid_Spray_Water_bulky_CT.wav,1991738,98ed4a67,OK,/volume1/主目录/Collection/素材&模板&音库/音效/02_中文音效合集/魔法法术咒语技能释放音效/Cinetools Witchcraft/Designer Tools/Elemental/Liquid/WC_Liquid_Spray_Water_bulky_CT.wav
Cinetools Witchcraft【黑暗魔法巫术风火雷电咒语游戏技能音效素材】655544319933.zip,Cinetools Witchcraft/Designer Tools/Elemental/Liquid/WC_Liquid_Spray_Water_large2_CT.wav,2119360,05b42073,OK,/volume1/主目录/Collection/素材&模板&音库/音效/02_中文音效合集/魔法法术咒语技能释放音效/Cinetools Witchcraft/Designer Tools/Elemental/Liquid/WC_Liquid_Spray_Water_large2_CT.wav
Cinetools Witchcraft【黑暗魔法巫术风火雷电咒语游戏技能音效素材】655544319933.zip,Cinetools Witchcraft/Designer Tools/Elemental/Liquid/WC_Liquid_Spray_Water_large3_CT.wav,1837360,6a754d84,OK,/volume1/主目录/Collection/素材&模板&音库/音效/02_中文音效合集/魔法法术咒语技能释放音效/Cinetools Witchcraft/Designer Tools/Elemental/Liquid/WC_Liquid_Spray_Water_large3_CT.wav
Cinetools Witchcraft【黑暗魔法巫术风火雷电咒语游戏技能音效素材】655544319933.zip,Cinetools Witchcraft/Designer Tools/Elemental/Liquid/WC_Liquid_Spray_Water_large4_CT.wav,1988188,8ef8492e,OK,/volume1/主目录/Collection/素材&模板&音库/音效/02_中文音效合集/魔法法术咒语技能释放音效/Cinetools Witchcraft/Designer Tools/Elemental/Liquid/WC_Liquid_Spray_Water_large4_CT.wav
Cinetools Witchcraft【黑暗魔法巫术风火雷电咒语游戏技能音效素材】655544319933.zip,Cinetools Witchcraft/Designer Tools/Elemental/Liquid/WC_Liquid_Spray_Water_large_CT.wav,2253496,eadde232,OK,/volume1/主目录/Collection/素材&模板&音库/音效/02_中文音效合集/魔法法术咒语技能释放音效/Cinetools Witchcraft/Designer Tools/Elemental/Liquid/WC_Liquid_Spray_Water_large_CT.wav
Cinetools Witchcraft【黑暗魔法巫术风火雷电咒语游戏技能音效素材】655544319933.zip,Cinetools Witchcraft/Designer Tools/Elemental/Liquid/WC_Liquid_Spray_Water_medium2_CT.wav,2019388,17f2c524,OK,/volume1/主目录/Collection/素材&模板&音库/音效/02_中文音效合集/魔法法术咒语技能释放音效/Cinetools Witchcraft/Designer Tools/Elemental/Liquid/WC_Liquid_Spray_Water_medium2_CT.wav
Cinetools Witchcraft【黑暗魔法巫术风火雷电咒语游戏技能音效素材】655544319933.zip,Cinetools Witchcraft/Designer Tools/Elemental/Liquid/WC_Liquid_Spray_Water_medium3_CT.wav,1306738,ab3c8bb2,OK,/volume1/主目录/Collection/素材&模板&音库/音效/02_中文音效合集/魔法法术咒语技能释放音效/Cinetools Witchcraft/Designer Tools/Elemental/Liquid/WC_Liquid_Spray_Water_medium3_CT.wav
Cinetools Witchcraft【黑暗魔法巫术风火雷电咒语游戏技能音效素材】655544319933.zip,Cinetools Witchcraft/Designer Tools/Elemental/Liquid/WC_Liquid_Spray_Water_medium4_CT.wav,1366846,268754d2,OK,/volume1/主目录/Collection/素材&模板&音库/音效/02_中文音效合集/魔法法术咒语技能释放音效/Cinetools Witchcraft/Designer Tools/Elemental/Liquid/WC_Liquid_Spray_Water_medium4_CT.wav
Cinetools Witchcraft【黑暗魔法巫术风火雷电咒语游戏技能音效素材】655544319933.zip,Cinetools Witchcraft/Designer Tools/Elemental/Liquid/WC_Liquid_Spray_Water_medium_CT.wav,1423888,5023e986,OK,/volume1/主目录/Collection/素材&模板&音库/音效/02_中文音效合集/魔法法术咒语技能释放音效/Cinetools Witchcraft/Designer Tools/Elemental/Liquid/WC_Liquid_Spray_Water_medium_CT.wav
Cinetools Witchcraft【黑暗魔法巫术风火雷电咒语游戏技能音效素材】655544319933.zip,Cinetools Witchcraft/Designer Tools/Elemental/Rock/WC_Rock_Crumble&Impact_large2_CT.wav,1728044,b175c6d8,OK,/volume1/主目录/Collection/素材&模板&音库/音效/02_中文音效合集/魔法法术咒语技能释放音效/Cinetools Witchcraft/Designer Tools/Elemental/Rock/WC_Rock_Crumble&Impact_large2_CT.wav
Cinetools Witchcraft【黑暗魔法巫术风火雷电咒语游戏技能音效素材】655544319933.zip,Cinetools Witchcraft/Designer Tools/Elemental/Rock/WC_Rock_Crumble&Impact_large3_CT.wav,1827044,859de3f3,OK,/volume1/主目录/Collection/素材&模板&音库/音效/02_中文音效合集/魔法法术咒语技能释放音效/Cinetools Witchcraft/Designer Tools/Elemental/Rock/WC_Rock_Crumble&Impact_large3_CT.wav
Cinetools Witchcraft【黑暗魔法巫术风火雷电咒语游戏技能音效素材】655544319933.zip,Cinetools Witchcraft/Designer Tools/Elemental/Rock/WC_Rock_Crumble&Impact_large4_CT.wav,2448044,4e1c4064,OK,/volume1/主目录/Collection/素材&模板&音库/音效/02_中文音效合集/魔法法术咒语技能释放音效/Cinetools Witchcraft/Designer Tools/Elemental/Rock/WC_Rock_Crumble&Impact_large4_CT.wav
Cinetools Witchcraft【黑暗魔法巫术风火雷电咒语游戏技能音效素材】655544319933.zip,Cinetools Witchcraft/Designer Tools/Elemental/Rock/WC_Rock_Crumble&Impact_large5_CT.wav,2245544,d02ddfd1,OK,/volume1/主目录/Collection/素材&模板&音库/音效/02_中文音效合集/魔法法术咒语技能释放音效/Cinetools Witchcraft/Designer Tools/Elemental/Rock/WC_Rock_Crumble&Impact_large5_CT.wav
Cinetools Witchcraft【黑暗魔法巫术风火雷电咒语游戏技能音效素材】655544319933.zip,Cinetools Witchcraft/Designer Tools/Elemental/Rock/WC_Rock_Crumble&Impact_large6_CT.wav,2448044,d86ed342,OK,/volume1/主目录/Collection/素材&模板&音库/音效/02_中文音效合集/魔法法术咒语技能释放音效/Cinetools Witchcraft/Designer Tools/Elemental/Rock/WC_Rock_Crumble&Impact_large6_CT.wav
Cinetools Witchcraft【黑暗魔法巫术风火雷电咒语游戏技能音效素材】655544319933.zip,Cinetools Witchcraft/Designer Tools/Elemental/Rock/WC_Rock_Crumble&Impact_large_CT.wav,2070044,0423ae5a,OK,/volume1/主目录/Collection/素材&模板&音库/音效/02_中文音效合集/魔法法术咒语技能释放音效/Cinetools Witchcraft/Designer Tools/Elemental/Rock/WC_Rock_Crumble&Impact_large_CT.wav
Cinetools Witchcraft【黑暗魔法巫术风火雷电咒语游戏技能音效素材】655544319933.zip,Cinetools Witchcraft/Designer Tools/Elemental/Rock/WC_Rock_Crumble&Impact_medium10_CT.wav,2304044,8a379b68,OK,/volume1/主目录/Collection/素材&模板&音库/音效/02_中文音效合集/魔法法术咒语技能释放音效/Cinetools Witchcraft/Designer Tools/Elemental/Rock/WC_Rock_Crumble&Impact_medium10_CT.wav
Cinetools Witchcraft【黑暗魔法巫术风火雷电咒语游戏技能音效素材】655544319933.zip,Cinetools Witchcraft/Designer Tools/Elemental/Rock/WC_Rock_Crumble&Impact_medium2_CT.wav,1053044,6ac91e52,OK,/volume1/主目录/Collection/素材&模板&音库/音效/02_中文音效合集/魔法法术咒语技能释放音效/Cinetools Witchcraft/Designer Tools/Elemental/Rock/WC_Rock_Crumble&Impact_medium2_CT.wav
Cinetools Witchcraft【黑暗魔法巫术风火雷电咒语游戏技能音效素材】655544319933.zip,Cinetools Witchcraft/Designer Tools/Elemental/Rock/WC_Rock_Crumble&Impact_medium3_CT.wav,625544,4bab62ea,OK,/volume1/主目录/Collection/素材&模板&音库/音效/02_中文音效合集/魔法法术咒语技能释放音效/Cinetools Witchcraft/Designer Tools/Elemental/Rock/WC_Rock_Crumble&Impact_medium3_CT.wav
Cinetools Witchcraft【黑暗魔法巫术风火雷电咒语游戏技能音效素材】655544319933.zip,Cinetools Witchcraft/Designer Tools/Elemental/Rock/WC_Rock_Crumble&Impact_medium4_CT.wav,2309672,50bfeba4,OK,/volume1/主目录/Collection/素材&模板&音库/音效/02_中文音效合集/魔法法术咒语技能释放音效/Cinetools Witchcraft/Designer Tools/Elemental/Rock/WC_Rock_Crumble&Impact_medium4_CT.wav
Cinetools Witchcraft【黑暗魔法巫术风火雷电咒语游戏技能音效素材】655544319933.zip,Cinetools Witchcraft/Designer Tools/Elemental/Rock/WC_Rock_Crumble&Impact_medium5_CT.wav,1498544,7bd8b922,OK,/volume1/主目录/Collection/素材&模板&音库/音效/02_中文音效合集/魔法法术咒语技能释放音效/Cinetools Witchcraft/Designer Tools/Elemental/Rock/WC_Rock_Crumble&Impact_medium5_CT.wav
Cinetools Witchcraft【黑暗魔法巫术风火雷电咒语游戏技能音效素材】655544319933.zip,Cinetools Witchcraft/Designer Tools/Elemental/Rock/WC_Rock_Crumble&Impact_medium6_CT.wav,1563800,c9c36498,OK,/volume1/主目录/Collection/素材&模板&音库/音效/02_中文音效合集/魔法法术咒语技能释放音效/Cinetools Witchcraft/Designer Tools/Elemental/Rock/WC_Rock_Crumble&Impact_medium6_CT.wav
Cinetools Witchcraft【黑暗魔法巫术风火雷电咒语游戏技能音效素材】655544319933.zip,Cinetools Witchcraft/Designer Tools/Elemental/Rock/WC_Rock_Crumble&Impact_medium7_CT.wav,1082300,a8c889fa,OK,/volume1/主目录/Collection/素材&模板&音库/音效/02_中文音效合集/魔法法术咒语技能释放音效/Cinetools Witchcraft/Designer Tools/Elemental/Rock/WC_Rock_Crumble&Impact_medium7_CT.wav
Cinetools Witchcraft【黑暗魔法巫术风火雷电咒语游戏技能音效素材】655544319933.zip,Cinetools Witchcraft/Designer Tools/Elemental/Rock/WC_Rock_Crumble&Impact_medium8_CT.wav,1107044,3af82a1e,OK,/volume1/主目录/Collection/素材&模板&音库/音效/02_中文音效合集/魔法法术咒语技能释放音效/Cinetools Witchcraft/Designer Tools/Elemental/Rock/WC_Rock_Crumble&Impact_medium8_CT.wav
Cinetools Witchcraft【黑暗魔法巫术风火雷电咒语游戏技能音效素材】655544319933.zip,Cinetools Witchcraft/Designer Tools/Elemental/Rock/WC_Rock_Crumble&Impact_medium9_CT.wav,1301672,e6be62b7,OK,/volume1/主目录/Collection/素材&模板&音库/音效/02_中文音效合集/魔法法术咒语技能释放音效/Cinetools Witchcraft/Designer Tools/Elemental/Rock/WC_Rock_Crumble&Impact_medium9_CT.wav
Cinetools Witchcraft【黑暗魔法巫术风火雷电咒语游戏技能音效素材】655544319933.zip,Cinetools Witchcraft/Designer Tools/Elemental/Rock/WC_Rock_Crumble&Impact_medium_CT.wav,1485044,dae4324e,OK,/volume1/主目录/Collection/素材&模板&音库/音效/02_中文音效合集/魔法法术咒语技能释放音效/Cinetools Witchcraft/Designer Tools/Elemental/Rock/WC_Rock_Crumble&Impact_medium_CT.wav
Cinetools Witchcraft【黑暗魔法巫术风火雷电咒语游戏技能音效素材】655544319933.zip,Cinetools Witchcraft/Designer Tools/Elemental/Rock/WC_Rock_Crumble&Impact_small2_CT.wav,1134044,36d4524e,OK,/volume1/主目录/Collection/素材&模板&音库/音效/02_中文音效合集/魔法法术咒语技能释放音效/Cinetools Witchcraft/Designer Tools/Elemental/Rock/WC_Rock_Crumble&Impact_small2_CT.wav
Cinetools Witchcraft【黑暗魔法巫术风火雷电咒语游戏技能音效素材】655544319933.zip,Cinetools Witchcraft/Designer Tools/Elemental/Rock/WC_Rock_Crumble&Impact_small3_CT.wav,918044,d000edd5,OK,/volume1/主目录/Collection/素材&模板&音库/音效/02_中文音效合集/魔法法术咒语技能释放音效/Cinetools Witchcraft/Designer Tools/Elemental/Rock/WC_Rock_Crumble&Impact_small3_CT.wav
Cinetools Witchcraft【黑暗魔法巫术风火雷电咒语游戏技能音效素材】655544319933.zip,Cinetools Witchcraft/Designer Tools/Elemental/Rock/WC_Rock_Crumble&Impact_small4_CT.wav,972044,ac95466f,OK,/volume1/主目录/Collection/素材&模板&音库/音效/02_中文音效合集/魔法法术咒语技能释放音效/Cinetools Witchcraft/Designer Tools/Elemental/Rock/WC_Rock_Crumble&Impact_small4_CT.wav
Cinetools Witchcraft【黑暗魔法巫术风火雷电咒语游戏技能音效素材】655544319933.zip,Cinetools Witchcraft/Designer Tools/Elemental/Rock/WC_Rock_Crumble&Impact_small5_CT.wav,360044,0f94afa0,OK,/volume1/主目录/Collection/素材&模板&音库/音效/02_中文音效合集/魔法法术咒语技能释放音效/Cinetools Witchcraft/Designer Tools/Elemental/Rock/WC_Rock_Crumble&Impact_small5_CT.wav
Cinetools Witchcraft【黑暗魔法巫术风火雷电咒语游戏技能音效素材】655544319933.zip,Cinetools Witchcraft/Designer Tools/Elemental/Rock/WC_Rock_Crumble&Impact_small_CT.wav,949544,69261cfe,OK,/volume1/主目录/Collection/素材&模板&音库/音效/02_中文音效合集/魔法法术咒语技能释放音效/Cinetools Witchcraft/Designer Tools/Elemental/Rock/WC_Rock_Crumble&Impact_small_CT.wav
Cinetools Witchcraft【黑暗魔法巫术风火雷电咒语游戏技能音效素材】655544319933.zip,Cinetools Witchcraft/Designer Tools/Elemental/Rock/WC_Rock_Drift_large_CT.wav,3805748,220518a1,OK,/volume1/主目录/Collection/素材&模板&音库/音效/02_中文音效合集/魔法法术咒语技能释放音效/Cinetools Witchcraft/Designer Tools/Elemental/Rock/WC_Rock_Drift_large_CT.wav
Cinetools Witchcraft【黑暗魔法巫术风火雷电咒语游戏技能音效素材】655544319933.zip,Cinetools Witchcraft/Designer Tools/Elemental/Rock/WC_Rock_Drift_medium2_CT.wav,1822402,ec2c2a5b,OK,/volume1/主目录/Collection/素材&模板&音库/音效/02_中文音效合集/魔法法术咒语技能释放音效/Cinetools Witchcraft/Designer Tools/Elemental/Rock/WC_Rock_Drift_medium2_CT.wav
Cinetools Witchcraft【黑暗魔法巫术风火雷电咒语游戏技能音效素材】655544319933.zip,Cinetools Witchcraft/Designer Tools/Elemental/Rock/WC_Rock_Drift_medium3_CT.wav,2195602,e4ce84c5,OK,/volume1/主目录/Collection/素材&模板&音库/音效/02_中文音效合集/魔法法术咒语技能释放音效/Cinetools Witchcraft/Designer Tools/Elemental/Rock/WC_Rock_Drift_medium3_CT.wav
Cinetools Witchcraft【黑暗魔法巫术风火雷电咒语游戏技能音效素材】655544319933.zip,Cinetools Witchcraft/Designer Tools/Elemental/Rock/WC_Rock_Drift_medium4_CT.wav,2951866,4b151843,OK,/volume1/主目录/Collection/素材&模板&音库/音效/02_中文音效合集/魔法法术咒语技能释放音效/Cinetools Witchcraft/Designer Tools/Elemental/Rock/WC_Rock_Drift_medium4_CT.wav
Cinetools Witchcraft【黑暗魔法巫术风火雷电咒语游戏技能音效素材】655544319933.zip,Cinetools Witchcraft/Designer Tools/Elemental/Rock/WC_Rock_Drift_medium5_CT.wav,1355524,ea5b65bd,OK,/volume1/主目录/Collection/素材&模板&音库/音效/02_中文音效合集/魔法法术咒语技能释放音效/Cinetools Witchcraft/Designer Tools/Elemental/Rock/WC_Rock_Drift_medium5_CT.wav
Cinetools Witchcraft【黑暗魔法巫术风火雷电咒语游戏技能音效素材】655544319933.zip,Cinetools Witchcraft/Designer Tools/Elemental/Rock/WC_Rock_Drift_medium6_CT.wav,13248044,7bb8032a,OK,/volume1/主目录/Collection/素材&模板&音库/音效/02_中文音效合集/魔法法术咒语技能释放音效/Cinetools Witchcraft/Designer Tools/Elemental/Rock/WC_Rock_Drift_medium6_CT.wav
Cinetools Witchcraft【黑暗魔法巫术风火雷电咒语游戏技能音效素材】655544319933.zip,Cinetools Witchcraft/Designer Tools/Elemental/Rock/WC_Rock_Drift_medium7_CT.wav,2016044,29cdc2b2,OK,/volume1/主目录/Collection/素材&模板&音库/音效/02_中文音效合集/魔法法术咒语技能释放音效/Cinetools Witchcraft/Designer Tools/Elemental/Rock/WC_Rock_Drift_medium7_CT.wav
Cinetools Witchcraft【黑暗魔法巫术风火雷电咒语游戏技能音效素材】655544319933.zip,Cinetools Witchcraft/Designer Tools/Elemental/Rock/WC_Rock_Drift_medium_CT.wav,1906660,000ec2b1,OK,/volume1/主目录/Collection/素材&模板&音库/音效/02_中文音效合集/魔法法术咒语技能释放音效/Cinetools Witchcraft/Designer Tools/Elemental/Rock/WC_Rock_Drift_medium_CT.wav
Cinetools Witchcraft【黑暗魔法巫术风火雷电咒语游戏技能音效素材】655544319933.zip,Cinetools Witchcraft/Designer Tools/Elemental/Rock/WC_Rock_Drift_small_CT.wav,1782056,4d871af4,OK,/volume1/主目录/Collection/素材&模板&音库/音效/02_中文音效合集/魔法法术咒语技能释放音效/Cinetools Witchcraft/Designer Tools/Elemental/Rock/WC_Rock_Drift_small_CT.wav
Cinetools Witchcraft【黑暗魔法巫术风火雷电咒语游戏技能音效素材】655544319933.zip,Cinetools Witchcraft/Designer Tools/Elemental/Rock/WC_Rock_Drop_large_CT.wav,1710988,101c1217,OK,/volume1/主目录/Collection/素材&模板&音库/音效/02_中文音效合集/魔法法术咒语技能释放音效/Cinetools Witchcraft/Designer Tools/Elemental/Rock/WC_Rock_Drop_large_CT.wav
Cinetools Witchcraft【黑暗魔法巫术风火雷电咒语游戏技能音效素材】655544319933.zip,Cinetools Witchcraft/Designer Tools/Elemental/Rock/WC_Rock_Drop_medium2_CT.wav,1727380,b6ddcbfa,OK,/volume1/主目录/Collection/素材&模板&音库/音效/02_中文音效合集/魔法法术咒语技能释放音效/Cinetools Witchcraft/Designer Tools/Elemental/Rock/WC_Rock_Drop_medium2_CT.wav
Cinetools Witchcraft【黑暗魔法巫术风火雷电咒语游戏技能音效素材】655544319933.zip,Cinetools Witchcraft/Designer Tools/Elemental/Rock/WC_Rock_Drop_medium3_CT.wav,1008044,906cbb18,OK,/volume1/主目录/Collection/素材&模板&音库/音效/02_中文音效合集/魔法法术咒语技能释放音效/Cinetools Witchcraft/Designer Tools/Elemental/Rock/WC_Rock_Drop_medium3_CT.wav
Cinetools Witchcraft【黑暗魔法巫术风火雷电咒语游戏技能音效素材】655544319933.zip,Cinetools Witchcraft/Designer Tools/Elemental/Rock/WC_Rock_Drop_medium4_CT.wav,1399544,778334d0,OK,/volume1/主目录/Collection/素材&模板&音库/音效/02_中文音效合集/魔法法术咒语技能释放音效/Cinetools Witchcraft/Designer Tools/Elemental/Rock/WC_Rock_Drop_medium4_CT.wav
Cinetools Witchcraft【黑暗魔法巫术风火雷电咒语游戏技能音效素材】655544319933.zip,Cinetools Witchcraft/Designer Tools/Elemental/Rock/WC_Rock_Drop_medium_CT.wav,1033588,9d12fbe2,OK,/volume1/主目录/Collection/素材&模板&音库/音效/02_中文音效合集/魔法法术咒语技能释放音效/Cinetools Witchcraft/Designer Tools/Elemental/Rock/WC_Rock_Drop_medium_CT.wav
Cinetools Witchcraft【黑暗魔法巫术风火雷电咒语游戏技能音效素材】655544319933.zip,Cinetools Witchcraft/Designer Tools/Elemental/Rock/WC_Rock_Drop_small2V_CT.wav,1242044,11777425,OK,/volume1/主目录/Collection/素材&模板&音库/音效/02_中文音效合集/魔法法术咒语技能释放音效/Cinetools Witchcraft/Designer Tools/Elemental/Rock/WC_Rock_Drop_small2V_CT.wav
Cinetools Witchcraft【黑暗魔法巫术风火雷电咒语游戏技能音效素材】655544319933.zip,Cinetools Witchcraft/Designer Tools/Elemental/Rock/WC_Rock_Drop_small2_CT.wav,1242044,71550a28,OK,/volume1/主目录/Collection/素材&模板&音库/音效/02_中文音效合集/魔法法术咒语技能释放音效/Cinetools Witchcraft/Designer Tools/Elemental/Rock/WC_Rock_Drop_small2_CT.wav
Cinetools Witchcraft【黑暗魔法巫术风火雷电咒语游戏技能音效素材】655544319933.zip,Cinetools Witchcraft/Designer Tools/Elemental/Rock/WC_Rock_Drop_small3_CT.wav,1728044,85209739,OK,/volume1/主目录/Collection/素材&模板&音库/音效/02_中文音效合集/魔法法术咒语技能释放音效/Cinetools Witchcraft/Designer Tools/Elemental/Rock/WC_Rock_Drop_small3_CT.wav
Cinetools Witchcraft【黑暗魔法巫术风火雷电咒语游戏技能音效素材】655544319933.zip,Cinetools Witchcraft/Designer Tools/Elemental/Rock/WC_Rock_Drop_small_CT.wav,2232652,a789de4a,OK,/volume1/主目录/Collection/素材&模板&音库/音效/02_中文音效合集/魔法法术咒语技能释放音效/Cinetools Witchcraft/Designer Tools/Elemental/Rock/WC_Rock_Drop_small_CT.wav
Cinetools Witchcraft【黑暗魔法巫术风火雷电咒语游戏技能音效素材】655544319933.zip,Cinetools Witchcraft/Designer Tools/Elemental/Rock/WC_Rock_Fall_large2_CT.wav,3556016,fb614f21,OK,/volume1/主目录/Collection/素材&模板&音库/音效/02_中文音效合集/魔法法术咒语技能释放音效/Cinetools Witchcraft/Designer Tools/Elemental/Rock/WC_Rock_Fall_large2_CT.wav
Cinetools Witchcraft【黑暗魔法巫术风火雷电咒语游戏技能音效素材】655544319933.zip,Cinetools Witchcraft/Designer Tools/Elemental/Rock/WC_Rock_Fall_large3_CT.wav,6768044,af9bc658,NAME_ONLY,/volume1/主目录/Collection/素材&模板&音库/音效/02_中文音效合集/魔法法术咒语技能释放音效/Cinetools Witchcraft/Designer Tools/Elemental/Rock/WC_Rock_Fall_large3_CT.wav
Cinetools Witchcraft【黑暗魔法巫术风火雷电咒语游戏技能音效素材】655544319933.zip,Cinetools Witchcraft/Designer Tools/Elemental/Rock/WC_Rock_Fall_large4_CT.wav,7488044,d9e616c7,OK,/volume1/主目录/Collection/素材&模板&音库/音效/02_中文音效合集/魔法法术咒语技能释放音效/Cinetools Witchcraft/Designer Tools/Elemental/Rock/WC_Rock_Fall_large4_CT.wav
Cinetools Witchcraft【黑暗魔法巫术风火雷电咒语游戏技能音效素材】655544319933.zip,Cinetools Witchcraft/Designer Tools/Elemental/Rock/WC_Rock_Fall_large5_CT.wav,2536928,e98455bf,OK,/volume1/主目录/Collection/素材&模板&音库/音效/02_中文音效合集/魔法法术咒语技能释放音效/Cinetools Witchcraft/Designer Tools/Elemental/Rock/WC_Rock_Fall_large5_CT.wav
Cinetools Witchcraft【黑暗魔法巫术风火雷电咒语游戏技能音效素材】655544319933.zip,Cinetools Witchcraft/Designer Tools/Elemental/Rock/WC_Rock_Fall_large_CT.wav,5184044,e91e083f,OK,/volume1/主目录/Collection/素材&模板&音库/音效/02_中文音效合集/魔法法术咒语技能释放音效/Cinetools Witchcraft/Designer Tools/Elemental/Rock/WC_Rock_Fall_large_CT.wav
Cinetools Witchcraft【黑暗魔法巫术风火雷电咒语游戏技能音效素材】655544319933.zip,Cinetools Witchcraft/Designer Tools/Elemental/Rock/WC_Rock_Fall_medium10_CT.wav,2637044,92b08b1e,OK,/volume1/主目录/Collection/素材&模板&音库/音效/02_中文音效合集/魔法法术咒语技能释放音效/Cinetools Witchcraft/Designer Tools/Elemental/Rock/WC_Rock_Fall_medium10_CT.wav
Cinetools Witchcraft【黑暗魔法巫术风火雷电咒语游戏技能音效素材】655544319933.zip,Cinetools Witchcraft/Designer Tools/Elemental/Rock/WC_Rock_Fall_medium11_CT.wav,1440044,0a3d0d32,OK,/volume1/主目录/Collection/素材&模板&音库/音效/02_中文音效合集/魔法法术咒语技能释放音效/Cinetools Witchcraft/Designer Tools/Elemental/Rock/WC_Rock_Fall_medium11_CT.wav
Cinetools Witchcraft【黑暗魔法巫术风火雷电咒语游戏技能音效素材】655544319933.zip,Cinetools Witchcraft/Designer Tools/Elemental/Rock/WC_Rock_Fall_medium2_CT.wav,4320044,ea981990,OK,/volume1/主目录/Collection/素材&模板&音库/音效/02_中文音效合集/魔法法术咒语技能释放音效/Cinetools Witchcraft/Designer Tools/Elemental/Rock/WC_Rock_Fall_medium2_CT.wav
Cinetools Witchcraft【黑暗魔法巫术风火雷电咒语游戏技能音效素材】655544319933.zip,Cinetools Witchcraft/Designer Tools/Elemental/Rock/WC_Rock_Fall_medium3_CT.wav,3456044,1b5e2978,OK,/volume1/主目录/Collection/素材&模板&音库/音效/02_中文音效合集/魔法法术咒语技能释放音效/Cinetools Witchcraft/Designer Tools/Elemental/Rock/WC_Rock_Fall_medium3_CT.wav
Cinetools Witchcraft【黑暗魔法巫术风火雷电咒语游戏技能音效素材】655544319933.zip,Cinetools Witchcraft/Designer Tools/Elemental/Rock/WC_Rock_Fall_medium4_CT.wav,2144024,fd5c14a4,OK,/volume1/主目录/Collection/素材&模板&音库/音效/02_中文音效合集/魔法法术咒语技能释放音效/Cinetools Witchcraft/Designer Tools/Elemental/Rock/WC_Rock_Fall_medium4_CT.wav
Cinetools Witchcraft【黑暗魔法巫术风火雷电咒语游戏技能音效素材】655544319933.zip,Cinetools Witchcraft/Designer Tools/Elemental/Rock/WC_Rock_Fall_medium5_CT.wav,1782056,fc1e69d4,OK,/volume1/主目录/Collection/素材&模板&音库/音效/02_中文音效合集/魔法法术咒语技能释放音效/Cinetools Witchcraft/Designer Tools/Elemental/Rock/WC_Rock_Fall_medium5_CT.wav
Cinetools Witchcraft【黑暗魔法巫术风火雷电咒语游戏技能音效素材】655544319933.zip,Cinetools Witchcraft/Designer Tools/Elemental/Rock/WC_Rock_Fall_medium6_CT.wav,3280556,784831b3,OK,/volume1/主目录/Collection/素材&模板&音库/音效/02_中文音效合集/魔法法术咒语技能释放音效/Cinetools Witchcraft/Designer Tools/Elemental/Rock/WC_Rock_Fall_medium6_CT.wav
Cinetools Witchcraft【黑暗魔法巫术风火雷电咒语游戏技能音效素材】655544319933.zip,Cinetools Witchcraft/Designer Tools/Elemental/Rock/WC_Rock_Fall_medium7_CT.wav,2243224,284d7959,OK,/volume1/主目录/Collection/素材&模板&音库/音效/02_中文音效合集/魔法法术咒语技能释放音效/Cinetools Witchcraft/Designer Tools/Elemental/Rock/WC_Rock_Fall_medium7_CT.wav
Cinetools Witchcraft【黑暗魔法巫术风火雷电咒语游戏技能音效素材】655544319933.zip,Cinetools Witchcraft/Designer Tools/Elemental/Rock/WC_Rock_Fall_medium8_CT.wav,1544110,1c21a730,OK,/volume1/主目录/Collection/素材&模板&音库/音效/02_中文音效合集/魔法法术咒语技能释放音效/Cinetools Witchcraft/Designer Tools/Elemental/Rock/WC_Rock_Fall_medium8_CT.wav
Cinetools Witchcraft【黑暗魔法巫术风火雷电咒语游戏技能音效素材】655544319933.zip,Cinetools Witchcraft/Designer Tools/Elemental/Rock/WC_Rock_Fall_medium9_CT.wav,3286810,61934ff3,OK,/volume1/主目录/Collection/素材&模板&音库/音效/02_中文音效合集/魔法法术咒语技能释放音效/Cinetools Witchcraft/Designer Tools/Elemental/Rock/WC_Rock_Fall_medium9_CT.wav
Cinetools Witchcraft【黑暗魔法巫术风火雷电咒语游戏技能音效素材】655544319933.zip,Cinetools Witchcraft/Designer Tools/Elemental/Rock/WC_Rock_Fall_medium_CT.wav,3744044,5d6fee7c,OK,/volume1/主目录/Collection/素材&模板&音库/音效/02_中文音效合集/魔法法术咒语技能释放音效/Cinetools Witchcraft/Designer Tools/Elemental/Rock/WC_Rock_Fall_medium_CT.wav
Cinetools Witchcraft【黑暗魔法巫术风火雷电咒语游戏技能音效素材】655544319933.zip,Cinetools Witchcraft/Designer Tools/Elemental/Rock/WC_Rock_Fall_small10_CT.wav,1494044,7db3027a,OK,/volume1/主目录/Collection/素材&模板&音库/音效/02_中文音效合集/魔法法术咒语技能释放音效/Cinetools Witchcraft/Designer Tools/Elemental/Rock/WC_Rock_Fall_small10_CT.wav
Cinetools Witchcraft【黑暗魔法巫术风火雷电咒语游戏技能音效素材】655544319933.zip,Cinetools Witchcraft/Designer Tools/Elemental/Rock/WC_Rock_Fall_small2_CT.wav,8064044,889dffec,OK,/volume1/主目录/Collection/素材&模板&音库/音效/02_中文音效合集/魔法法术咒语技能释放音效/Cinetools Witchcraft/Designer Tools/Elemental/Rock/WC_Rock_Fall_small2_CT.wav
Cinetools Witchcraft【黑暗魔法巫术风火雷电咒语游戏技能音效素材】655544319933.zip,Cinetools Witchcraft/Designer Tools/Elemental/Rock/WC_Rock_Fall_small3_CT.wav,1296056,4147a4bd,OK,/volume1/主目录/Collection/素材&模板&音库/音效/02_中文音效合集/魔法法术咒语技能释放音效/Cinetools Witchcraft/Designer Tools/Elemental/Rock/WC_Rock_Fall_small3_CT.wav
Cinetools Witchcraft【黑暗魔法巫术风火雷电咒语游戏技能音效素材】655544319933.zip,Cinetools Witchcraft/Designer Tools/Elemental/Rock/WC_Rock_Fall_small4_CT.wav,2036710,5672f55a,OK,/volume1/主目录/Collection/素材&模板&音库/音效/02_中文音效合集/魔法法术咒语技能释放音效/Cinetools Witchcraft/Designer Tools/Elemental/Rock/WC_Rock_Fall_small4_CT.wav
Cinetools Witchcraft【黑暗魔法巫术风火雷电咒语游戏技能音效素材】655544319933.zip,Cinetools Witchcraft/Designer Tools/Elemental/Rock/WC_Rock_Fall_small5_CT.wav,2106796,5a282bcb,OK,/volume1/主目录/Collection/素材&模板&音库/音效/02_中文音效合集/魔法法术咒语技能释放音效/Cinetools Witchcraft/Designer Tools/Elemental/Rock/WC_Rock_Fall_small5_CT.wav
Cinetools Witchcraft【黑暗魔法巫术风火雷电咒语游戏技能音效素材】655544319933.zip,Cinetools Witchcraft/Designer Tools/Elemental/Rock/WC_Rock_Fall_small6_CT.wav,2866024,d37a1919,OK,/volume1/主目录/Collection/素材&模板&音库/音效/02_中文音效合集/魔法法术咒语技能释放音效/Cinetools Witchcraft/Designer Tools/Elemental/Rock/WC_Rock_Fall_small6_CT.wav
Cinetools Witchcraft【黑暗魔法巫术风火雷电咒语游戏技能音效素材】655544319933.zip,Cinetools Witchcraft/Designer Tools/Elemental/Rock/WC_Rock_Fall_small7_CT.wav,3416002,51a85ca1,OK,/volume1/主目录/Collection/素材&模板&音库/音效/02_中文音效合集/魔法法术咒语技能释放音效/Cinetools Witchcraft/Designer Tools/Elemental/Rock/WC_Rock_Fall_small7_CT.wav
Cinetools Witchcraft【黑暗魔法巫术风火雷电咒语游戏技能音效素材】655544319933.zip,Cinetools Witchcraft/Designer Tools/Elemental/Rock/WC_Rock_Fall_small8_CT.wav,780574,6b3d67c6,OK,/volume1/主目录/Collection/素材&模板&音库/音效/02_中文音效合集/魔法法术咒语技能释放音效/Cinetools Witchcraft/Designer Tools/Elemental/Rock/WC_Rock_Fall_small8_CT.wav
Cinetools Witchcraft【黑暗魔法巫术风火雷电咒语游戏技能音效素材】655544319933.zip,Cinetools Witchcraft/Designer Tools/Elemental/Rock/WC_Rock_Fall_small9_CT.wav,2536928,3baf6fd0,OK,/volume1/主目录/Collection/素材&模板&音库/音效/02_中文音效合集/魔法法术咒语技能释放音效/Cinetools Witchcraft/Designer Tools/Elemental/Rock/WC_Rock_Fall_small9_CT.wav
Cinetools Witchcraft【黑暗魔法巫术风火雷电咒语游戏技能音效素材】655544319933.zip,Cinetools Witchcraft/Designer Tools/Elemental/Rock/WC_Rock_Fall_small_CT.wav,7488044,c3e6a063,OK,/volume1/主目录/Collection/素材&模板&音库/音效/02_中文音效合集/魔法法术咒语技能释放音效/Cinetools Witchcraft/Designer Tools/Elemental/Rock/WC_Rock_Fall_small_CT.wav
Cinetools Witchcraft【黑暗魔法巫术风火雷电咒语游戏技能音效素材】655544319933.zip,Cinetools Witchcraft/Designer Tools/Elemental/Rock/WC_Rock_Impact_large2_CT.wav,1897024,1f220317,OK,/volume1/主目录/Collection/素材&模板&音库/音效/02_中文音效合集/魔法法术咒语技能释放音效/Cinetools Witchcraft/Designer Tools/Elemental/Rock/WC_Rock_Impact_large2_CT.wav
Cinetools Witchcraft【黑暗魔法巫术风火雷电咒语游戏技能音效素材】655544319933.zip,Cinetools Witchcraft/Designer Tools/Elemental/Rock/WC_Rock_Impact_large3_CT.wav,1033774,1faee306,OK,/volume1/主目录/Collection/素材&模板&音库/音效/02_中文音效合集/魔法法术咒语技能释放音效/Cinetools Witchcraft/Designer Tools/Elemental/Rock/WC_Rock_Impact_large3_CT.wav
Cinetools Witchcraft【黑暗魔法巫术风火雷电咒语游戏技能音效素材】655544319933.zip,Cinetools Witchcraft/Designer Tools/Elemental/Rock/WC_Rock_Impact_large4_CT.wav,1548044,5aa45849,OK,/volume1/主目录/Collection/素材&模板&音库/音效/02_中文音效合集/魔法法术咒语技能释放音效/Cinetools Witchcraft/Designer Tools/Elemental/Rock/WC_Rock_Impact_large4_CT.wav
Cinetools Witchcraft【黑暗魔法巫术风火雷电咒语游戏技能音效素材】655544319933.zip,Cinetools Witchcraft/Designer Tools/Elemental/Rock/WC_Rock_Impact_large_CT.wav,648044,40f2da36,OK,/volume1/主目录/Collection/素材&模板&音库/音效/02_中文音效合集/魔法法术咒语技能释放音效/Cinetools Witchcraft/Designer Tools/Elemental/Rock/WC_Rock_Impact_large_CT.wav
Cinetools Witchcraft【黑暗魔法巫术风火雷电咒语游戏技能音效素材】655544319933.zip,Cinetools Witchcraft/Designer Tools/Elemental/Rock/WC_Rock_Impact_medium2_CT.wav,648056,e2d5e4c1,OK,/volume1/主目录/Collection/素材&模板&音库/音效/02_中文音效合集/魔法法术咒语技能释放音效/Cinetools Witchcraft/Designer Tools/Elemental/Rock/WC_Rock_Impact_medium2_CT.wav
Cinetools Witchcraft【黑暗魔法巫术风火雷电咒语游戏技能音效素材】655544319933.zip,Cinetools Witchcraft/Designer Tools/Elemental/Rock/WC_Rock_Impact_medium3_CT.wav,1021102,c9ec2dd5,OK,/volume1/主目录/Collection/素材&模板&音库/音效/02_中文音效合集/魔法法术咒语技能释放音效/Cinetools Witchcraft/Designer Tools/Elemental/Rock/WC_Rock_Impact_medium3_CT.wav
Cinetools Witchcraft【黑暗魔法巫术风火雷电咒语游戏技能音效素材】655544319933.zip,Cinetools Witchcraft/Designer Tools/Elemental/Rock/WC_Rock_Impact_medium4_CT.wav,977824,76d28e77,OK,/volume1/主目录/Collection/素材&模板&音库/音效/02_中文音效合集/魔法法术咒语技能释放音效/Cinetools Witchcraft/Designer Tools/Elemental/Rock/WC_Rock_Impact_medium4_CT.wav
Cinetools Witchcraft【黑暗魔法巫术风火雷电咒语游戏技能音效素材】655544319933.zip,Cinetools Witchcraft/Designer Tools/Elemental/Rock/WC_Rock_Impact_medium5_CT.wav,1776388,09b9731e,OK,/volume1/主目录/Collection/素材&模板&音库/音效/02_中文音效合集/魔法法术咒语技能释放音效/Cinetools Witchcraft/Designer Tools/Elemental/Rock/WC_Rock_Impact_medium5_CT.wav
Cinetools Witchcraft【黑暗魔法巫术风火雷电咒语游戏技能音效素材】655544319933.zip,Cinetools Witchcraft/Designer Tools/Elemental/Rock/WC_Rock_Impact_medium6_CT.wav,381280,c1895b4e,OK,/volume1/主目录/Collection/素材&模板&音库/音效/02_中文音效合集/魔法法术咒语技能释放音效/Cinetools Witchcraft/Designer Tools/Elemental/Rock/WC_Rock_Impact_medium6_CT.wav
Cinetools Witchcraft【黑暗魔法巫术风火雷电咒语游戏技能音效素材】655544319933.zip,Cinetools Witchcraft/Designer Tools/Elemental/Rock/WC_Rock_Impact_medium7_CT.wav,639538,9580a0e9,OK,/volume1/主目录/Collection/素材&模板&音库/音效/02_中文音效合集/魔法法术咒语技能释放音效/Cinetools Witchcraft/Designer Tools/Elemental/Rock/WC_Rock_Impact_medium7_CT.wav
Cinetools Witchcraft【黑暗魔法巫术风火雷电咒语游戏技能音效素材】655544319933.zip,Cinetools Witchcraft/Designer Tools/Elemental/Rock/WC_Rock_Impact_medium_CT.wav,1728044,68f4b65c,OK,/volume1/主目录/Collection/素材&模板&音库/音效/02_中文音效合集/魔法法术咒语技能释放音效/Cinetools Witchcraft/Designer Tools/Elemental/Rock/WC_Rock_Impact_medium_CT.wav
Cinetools Witchcraft【黑暗魔法巫术风火雷电咒语游戏技能音效素材】655544319933.zip,Cinetools Witchcraft/Designer Tools/Elemental/Rock/WC_Rock_Impact_small2_CT.wav,1502260,48cae3cd,OK,/volume1/主目录/Collection/素材&模板&音库/音效/02_中文音效合集/魔法法术咒语技能释放音效/Cinetools Witchcraft/Designer Tools/Elemental/Rock/WC_Rock_Impact_small2_CT.wav
Cinetools Witchcraft【黑暗魔法巫术风火雷电咒语游戏技能音效素材】655544319933.zip,Cinetools Witchcraft/Designer Tools/Elemental/Rock/WC_Rock_Impact_small3_CT.wav,812746,9f9d7f50,OK,/volume1/主目录/Collection/素材&模板&音库/音效/02_中文音效合集/魔法法术咒语技能释放音效/Cinetools Witchcraft/Designer Tools/Elemental/Rock/WC_Rock_Impact_small3_CT.wav
Cinetools Witchcraft【黑暗魔法巫术风火雷电咒语游戏技能音效素材】655544319933.zip,Cinetools Witchcraft/Designer Tools/Elemental/Rock/WC_Rock_Impact_small4_CT.wav,648044,b8bb05f5,OK,/volume1/主目录/Collection/素材&模板&音库/音效/02_中文音效合集/魔法法术咒语技能释放音效/Cinetools Witchcraft/Designer Tools/Elemental/Rock/WC_Rock_Impact_small4_CT.wav
Cinetools Witchcraft【黑暗魔法巫术风火雷电咒语游戏技能音效素材】655544319933.zip,Cinetools Witchcraft/Designer Tools/Elemental/Rock/WC_Rock_Impact_small5_CT.wav,306574,2ea60ed6,OK,/volume1/主目录/Collection/素材&模板&音库/音效/02_中文音效合集/魔法法术咒语技能释放音效/Cinetools Witchcraft/Designer Tools/Elemental/Rock/WC_Rock_Impact_small5_CT.wav
Cinetools Witchcraft【黑暗魔法巫术风火雷电咒语游戏技能音效素材】655544319933.zip,Cinetools Witchcraft/Designer Tools/Elemental/Rock/WC_Rock_Impact_small_CT.wav,428632,fdb860e4,OK,/volume1/主目录/Collection/素材&模板&音库/音效/02_中文音效合集/魔法法术咒语技能释放音效/Cinetools Witchcraft/Designer Tools/Elemental/Rock/WC_Rock_Impact_small_CT.wav
Cinetools Witchcraft【黑暗魔法巫术风火雷电咒语游戏技能音效素材】655544319933.zip,Cinetools Witchcraft/Designer Tools/Elemental/Rock/WC_Rock_Roll_large2_CT.wav,12672044,ccbecb04,OK,/volume1/主目录/Collection/素材&模板&音库/音效/02_中文音效合集/魔法法术咒语技能释放音效/Cinetools Witchcraft/Designer Tools/Elemental/Rock/WC_Rock_Roll_large2_CT.wav
Cinetools Witchcraft【黑暗魔法巫术风火雷电咒语游戏技能音效素材】655544319933.zip,Cinetools Witchcraft/Designer Tools/Elemental/Rock/WC_Rock_Roll_large3_CT.wav,8708624,9fe41be2,OK,/volume1/主目录/Collection/素材&模板&音库/音效/02_中文音效合集/魔法法术咒语技能释放音效/Cinetools Witchcraft/Designer Tools/Elemental/Rock/WC_Rock_Roll_large3_CT.wav
Cinetools Witchcraft【黑暗魔法巫术风火雷电咒语游戏技能音效素材】655544319933.zip,Cinetools Witchcraft/Designer Tools/Elemental/Rock/WC_Rock_Roll_large_CT.wav,4109948,3b6dc613,OK,/volume1/主目录/Collection/素材&模板&音库/音效/02_中文音效合集/魔法法术咒语技能释放音效/Cinetools Witchcraft/Designer Tools/Elemental/Rock/WC_Rock_Roll_large_CT.wav
Cinetools Witchcraft【黑暗魔法巫术风火雷电咒语游戏技能音效素材】655544319933.zip,Cinetools Witchcraft/Designer Tools/Elemental/Rock/WC_Rock_Roll_medium2_CT.wav,5467172,b335f6f1,OK,/volume1/主目录/Collection/素材&模板&音库/音效/02_中文音效合集/魔法法术咒语技能释放音效/Cinetools Witchcraft/Designer Tools/Elemental/Rock/WC_Rock_Roll_medium2_CT.wav
Cinetools Witchcraft【黑暗魔法巫术风火雷电咒语游戏技能音效素材】655544319933.zip,Cinetools Witchcraft/Designer Tools/Elemental/Rock/WC_Rock_Roll_medium3_CT.wav,1805588,74609331,OK,/volume1/主目录/Collection/素材&模板&音库/音效/02_中文音效合集/魔法法术咒语技能释放音效/Cinetools Witchcraft/Designer Tools/Elemental/Rock/WC_Rock_Roll_medium3_CT.wav
Cinetools Witchcraft【黑暗魔法巫术风火雷电咒语游戏技能音效素材】655544319933.zip,Cinetools Witchcraft/Designer Tools/Elemental/Rock/WC_Rock_Roll_medium4_CT.wav,7143800,9de8336b,OK,/volume1/主目录/Collection/素材&模板&音库/音效/02_中文音效合集/魔法法术咒语技能释放音效/Cinetools Witchcraft/Designer Tools/Elemental/Rock/WC_Rock_Roll_medium4_CT.wav
Cinetools Witchcraft【黑暗魔法巫术风火雷电咒语游戏技能音效素材】655544319933.zip,Cinetools Witchcraft/Designer Tools/Elemental/Rock/WC_Rock_Roll_medium5_CT.wav,1640038,e855e7c5,OK,/volume1/主目录/Collection/素材&模板&音库/音效/02_中文音效合集/魔法法术咒语技能释放音效/Cinetools Witchcraft/Designer Tools/Elemental/Rock/WC_Rock_Roll_medium5_CT.wav
Cinetools Witchcraft【黑暗魔法巫术风火雷电咒语游戏技能音效素材】655544319933.zip,Cinetools Witchcraft/Designer Tools/Elemental/Rock/WC_Rock_Roll_medium6_CT.wav,1728044,75c50aab,OK,/volume1/主目录/Collection/素材&模板&音库/音效/02_中文音效合集/魔法法术咒语技能释放音效/Cinetools Witchcraft/Designer Tools/Elemental/Rock/WC_Rock_Roll_medium6_CT.wav
Cinetools Witchcraft【黑暗魔法巫术风火雷电咒语游戏技能音效素材】655544319933.zip,Cinetools Witchcraft/Designer Tools/Elemental/Rock/WC_Rock_Roll_medium7_CT.wav,1321024,56b1f878,OK,/volume1/主目录/Collection/素材&模板&音库/音效/02_中文音效合集/魔法法术咒语技能释放音效/Cinetools Witchcraft/Designer Tools/Elemental/Rock/WC_Rock_Roll_medium7_CT.wav
Cinetools Witchcraft【黑暗魔法巫术风火雷电咒语游戏技能音效素材】655544319933.zip,Cinetools Witchcraft/Designer Tools/Elemental/Rock/WC_Rock_Roll_medium_CT.wav,5131628,e377ad34,OK,/volume1/主目录/Collection/素材&模板&音库/音效/02_中文音效合集/魔法法术咒语技能释放音效/Cinetools Witchcraft/Designer Tools/Elemental/Rock/WC_Rock_Roll_medium_CT.wav
Cinetools Witchcraft【黑暗魔法巫术风火雷电咒语游戏技能音效素材】655544319933.zip,Cinetools Witchcraft/Designer Tools/Elemental/Rock/WC_Rock_Roll_small2_CT.wav,1728044,e4c08508,OK,/volume1/主目录/Collection/素材&模板&音库/音效/02_中文音效合集/魔法法术咒语技能释放音效/Cinetools Witchcraft/Designer Tools/Elemental/Rock/WC_Rock_Roll_small2_CT.wav
Cinetools Witchcraft【黑暗魔法巫术风火雷电咒语游戏技能音效素材】655544319933.zip,Cinetools Witchcraft/Designer Tools/Elemental/Rock/WC_Rock_Roll_small3_CT.wav,2592044,4e2de71f,OK,/volume1/主目录/Collection/素材&模板&音库/音效/02_中文音效合集/魔法法术咒语技能释放音效/Cinetools Witchcraft/Designer Tools/Elemental/Rock/WC_Rock_Roll_small3_CT.wav
Cinetools Witchcraft【黑暗魔法巫术风火雷电咒语游戏技能音效素材】655544319933.zip,Cinetools Witchcraft/Designer Tools/Elemental/Rock/WC_Rock_Roll_small4_CT.wav,1458068,6ad495cd,OK,/volume1/主目录/Collection/素材&模板&音库/音效/02_中文音效合集/魔法法术咒语技能释放音效/Cinetools Witchcraft/Designer Tools/Elemental/Rock/WC_Rock_Roll_small4_CT.wav
Cinetools Witchcraft【黑暗魔法巫术风火雷电咒语游戏技能音效素材】655544319933.zip,Cinetools Witchcraft/Designer Tools/Elemental/Rock/WC_Rock_Roll_small5_CT.wav,2106056,1ae3ed96,OK,/volume1/主目录/Collection/素材&模板&音库/音效/02_中文音效合集/魔法法术咒语技能释放音效/Cinetools Witchcraft/Designer Tools/Elemental/Rock/WC_Rock_Roll_small5_CT.wav
Cinetools Witchcraft【黑暗魔法巫术风火雷电咒语游戏技能音效素材】655544319933.zip,Cinetools Witchcraft/Designer Tools/Elemental/Rock/WC_Rock_Roll_small6_CT.wav,3924124,fd2aec09,OK,/volume1/主目录/Collection/素材&模板&音库/音效/02_中文音效合集/魔法法术咒语技能释放音效/Cinetools Witchcraft/Designer Tools/Elemental/Rock/WC_Rock_Roll_small6_CT.wav
Cinetools Witchcraft【黑暗魔法巫术风火雷电咒语游戏技能音效素材】655544319933.zip,Cinetools Witchcraft/Designer Tools/Elemental/Rock/WC_Rock_Roll_small7_CT.wav,1440044,b07b8912,OK,/volume1/主目录/Collection/素材&模板&音库/音效/02_中文音效合集/魔法法术咒语技能释放音效/Cinetools Witchcraft/Designer Tools/Elemental/Rock/WC_Rock_Roll_small7_CT.wav
Cinetools Witchcraft【黑暗魔法巫术风火雷电咒语游戏技能音效素材】655544319933.zip,Cinetools Witchcraft/Designer Tools/Elemental/Rock/WC_Rock_Roll_small_CT.wav,1440044,b8b7c873,OK,/volume1/主目录/Collection/素材&模板&音库/音效/02_中文音效合集/魔法法术咒语技能释放音效/Cinetools Witchcraft/Designer Tools/Elemental/Rock/WC_Rock_Roll_small_CT.wav
Cinetools Witchcraft【黑暗魔法巫术风火雷电咒语游戏技能音效素材】655544319933.zip,Cinetools Witchcraft/Designer Tools/Elemental/Rock/WC_Rock_Slide_large2_CT.wav,6912044,181b2693,NAME_ONLY,/volume1/主目录/Collection/素材&模板&音库/音效/02_中文音效合集/魔法法术咒语技能释放音效/Cinetools Witchcraft/Designer Tools/Elemental/Rock/WC_Rock_Slide_large2_CT.wav
Cinetools Witchcraft【黑暗魔法巫术风火雷电咒语游戏技能音效素材】655544319933.zip,Cinetools Witchcraft/Designer Tools/Elemental/Rock/WC_Rock_Slide_large_CT.wav,6465440,cdd4abe8,OK,/volume1/主目录/Collection/素材&模板&音库/音效/02_中文音效合集/魔法法术咒语技能释放音效/Cinetools Witchcraft/Designer Tools/Elemental/Rock/WC_Rock_Slide_large_CT.wav
Cinetools Witchcraft【黑暗魔法巫术风火雷电咒语游戏技能音效素材】655544319933.zip,Cinetools Witchcraft/Designer Tools/Elemental/Rock/WC_Rock_Slide_medium10_CT.wav,8064044,d4494957,OK,/volume1/主目录/Collection/素材&模板&音库/音效/02_中文音效合集/魔法法术咒语技能释放音效/Cinetools Witchcraft/Designer Tools/Elemental/Rock/WC_Rock_Slide_medium10_CT.wav
Cinetools Witchcraft【黑暗魔法巫术风火雷电咒语游戏技能音效素材】655544319933.zip,Cinetools Witchcraft/Designer Tools/Elemental/Rock/WC_Rock_Slide_medium11_CT.wav,2304044,4ce32c1a,OK,/volume1/主目录/Collection/素材&模板&音库/音效/02_中文音效合集/魔法法术咒语技能释放音效/Cinetools Witchcraft/Designer Tools/Elemental/Rock/WC_Rock_Slide_medium11_CT.wav
Cinetools Witchcraft【黑暗魔法巫术风火雷电咒语游戏技能音效素材】655544319933.zip,Cinetools Witchcraft/Designer Tools/Elemental/Rock/WC_Rock_Slide_medium2_CT.wav,12672044,800155d5,OK,/volume1/主目录/Collection/素材&模板&音库/音效/02_中文音效合集/魔法法术咒语技能释放音效/Cinetools Witchcraft/Designer Tools/Elemental/Rock/WC_Rock_Slide_medium2_CT.wav
Cinetools Witchcraft【黑暗魔法巫术风火雷电咒语游戏技能音效素材】655544319933.zip,Cinetools Witchcraft/Designer Tools/Elemental/Rock/WC_Rock_Slide_medium3_CT.wav,9216044,d02c00ab,NAME_ONLY,/volume1/主目录/Collection/素材&模板&音库/音效/02_中文音效合集/魔法法术咒语技能释放音效/Cinetools Witchcraft/Designer Tools/Elemental/Rock/WC_Rock_Slide_medium3_CT.wav
Cinetools Witchcraft【黑暗魔法巫术风火雷电咒语游戏技能音效素材】655544319933.zip,Cinetools Witchcraft/Designer Tools/Elemental/Rock/WC_Rock_Slide_medium4_CT.wav,11520044,9b5ec2e8,OK,/volume1/主目录/Collection/素材&模板&音库/音效/02_中文音效合集/魔法法术咒语技能释放音效/Cinetools Witchcraft/Designer Tools/Elemental/Rock/WC_Rock_Slide_medium4_CT.wav
Cinetools Witchcraft【黑暗魔法巫术风火雷电咒语游戏技能音效素材】655544319933.zip,Cinetools Witchcraft/Designer Tools/Elemental/Rock/WC_Rock_Slide_medium5_CT.wav,14976044,c77f8a95,OK,/volume1/主目录/Collection/素材&模板&音库/音效/02_中文音效合集/魔法法术咒语技能释放音效/Cinetools Witchcraft/Designer Tools/Elemental/Rock/WC_Rock_Slide_medium5_CT.wav
Cinetools Witchcraft【黑暗魔法巫术风火雷电咒语游戏技能音效素材】655544319933.zip,Cinetools Witchcraft/Designer Tools/Elemental/Rock/WC_Rock_Slide_medium6_CT.wav,11409616,d50f744d,OK,/volume1/主目录/Collection/素材&模板&音库/音效/02_中文音效合集/魔法法术咒语技能释放音效/Cinetools Witchcraft/Designer Tools/Elemental/Rock/WC_Rock_Slide_medium6_CT.wav
Cinetools Witchcraft【黑暗魔法巫术风火雷电咒语游戏技能音效素材】655544319933.zip,Cinetools Witchcraft/Designer Tools/Elemental/Rock/WC_Rock_Slide_medium7_CT.wav,6336044,df8001fb,OK,/volume1/主目录/Collection/素材&模板&音库/音效/02_中文音效合集/魔法法术咒语技能释放音效/Cinetools Witchcraft/Designer Tools/Elemental/Rock/WC_Rock_Slide_medium7_CT.wav
Cinetools Witchcraft【黑暗魔法巫术风火雷电咒语游戏技能音效素材】655544319933.zip,Cinetools Witchcraft/Designer Tools/Elemental/Rock/WC_Rock_Slide_medium8_CT.wav,11808044,92ffa77a,OK,/volume1/主目录/Collection/素材&模板&音库/音效/02_中文音效合集/魔法法术咒语技能释放音效/Cinetools Witchcraft/Designer Tools/Elemental/Rock/WC_Rock_Slide_medium8_CT.wav
Cinetools Witchcraft【黑暗魔法巫术风火雷电咒语游戏技能音效素材】655544319933.zip,Cinetools Witchcraft/Designer Tools/Elemental/Rock/WC_Rock_Slide_medium9_CT.wav,8784044,583af40b,OK,/volume1/主目录/Collection/素材&模板&音库/音效/02_中文音效合集/魔法法术咒语技能释放音效/Cinetools Witchcraft/Designer Tools/Elemental/Rock/WC_Rock_Slide_medium9_CT.wav
Cinetools Witchcraft【黑暗魔法巫术风火雷电咒语游戏技能音效素材】655544319933.zip,Cinetools Witchcraft/Designer Tools/Elemental/Rock/WC_Rock_Slide_medium_CT.wav,2880044,26f7a1e4,OK,/volume1/主目录/Collection/素材&模板&音库/音效/02_中文音效合集/魔法法术咒语技能释放音效/Cinetools Witchcraft/Designer Tools/Elemental/Rock/WC_Rock_Slide_medium_CT.wav
Cinetools Witchcraft【黑暗魔法巫术风火雷电咒语游戏技能音效素材】655544319933.zip,Cinetools Witchcraft/Designer Tools/Elemental/Rock/WC_Rock_Slide_small2_CT.wav,9216044,271c06e2,OK,/volume1/主目录/Collection/素材&模板&音库/音效/02_中文音效合集/魔法法术咒语技能释放音效/Cinetools Witchcraft/Designer Tools/Elemental/Rock/WC_Rock_Slide_small2_CT.wav
Cinetools Witchcraft【黑暗魔法巫术风火雷电咒语游戏技能音效素材】655544319933.zip,Cinetools Witchcraft/Designer Tools/Elemental/Rock/WC_Rock_Slide_small3_CT.wav,10944044,57475b26,OK,/volume1/主目录/Collection/素材&模板&音库/音效/02_中文音效合集/魔法法术咒语技能释放音效/Cinetools Witchcraft/Designer Tools/Elemental/Rock/WC_Rock_Slide_small3_CT.wav
Cinetools Witchcraft【黑暗魔法巫术风火雷电咒语游戏技能音效素材】655544319933.zip,Cinetools Witchcraft/Designer Tools/Elemental/Rock/WC_Rock_Slide_small4_CT.wav,3456044,5a45ad73,OK,/volume1/主目录/Collection/素材&模板&音库/音效/02_中文音效合集/魔法法术咒语技能释放音效/Cinetools Witchcraft/Designer Tools/Elemental/Rock/WC_Rock_Slide_small4_CT.wav
Cinetools Witchcraft【黑暗魔法巫术风火雷电咒语游戏技能音效素材】655544319933.zip,Cinetools Witchcraft/Designer Tools/Elemental/Rock/WC_Rock_Slide_small5_CT.wav,7344044,8e7a8dbd,OK,/volume1/主目录/Collection/素材&模板&音库/音效/02_中文音效合集/魔法法术咒语技能释放音效/Cinetools Witchcraft/Designer Tools/Elemental/Rock/WC_Rock_Slide_small5_CT.wav
Cinetools Witchcraft【黑暗魔法巫术风火雷电咒语游戏技能音效素材】655544319933.zip,Cinetools Witchcraft/Designer Tools/Elemental/Rock/WC_Rock_Slide_small6_CT.wav,1405924,c3468054,OK,/volume1/主目录/Collection/素材&模板&音库/音效/02_中文音效合集/魔法法术咒语技能释放音效/Cinetools Witchcraft/Designer Tools/Elemental/Rock/WC_Rock_Slide_small6_CT.wav
Cinetools Witchcraft【黑暗魔法巫术风火雷电咒语游戏技能音效素材】655544319933.zip,Cinetools Witchcraft/Designer Tools/Elemental/Rock/WC_Rock_Slide_small7_CT.wav,9792044,e2f9c103,OK,/volume1/主目录/Collection/素材&模板&音库/音效/02_中文音效合集/魔法法术咒语技能释放音效/Cinetools Witchcraft/Designer Tools/Elemental/Rock/WC_Rock_Slide_small7_CT.wav
Cinetools Witchcraft【黑暗魔法巫术风火雷电咒语游戏技能音效素材】655544319933.zip,Cinetools Witchcraft/Designer Tools/Elemental/Rock/WC_Rock_Slide_small_CT.wav,6048044,8a89716c,OK,/volume1/主目录/Collection/素材&模板&音库/音效/02_中文音效合集/魔法法术咒语技能释放音效/Cinetools Witchcraft/Designer Tools/Elemental/Rock/WC_Rock_Slide_small_CT.wav
Cinetools Witchcraft【黑暗魔法巫术风火雷电咒语游戏技能音效素材】655544319933.zip,Cinetools Witchcraft/Designer Tools/Elemental/Sand&Gravel&Pebble/WC_Sand&Gravel&Pebble_Crackle10_CT.wav,2747660,671cdf9b,OK,/volume1/主目录/Collection/素材&模板&音库/音效/02_中文音效合集/魔法法术咒语技能释放音效/Cinetools Witchcraft/Designer Tools/Elemental/Sand&Gravel&Pebble/WC_Sand&Gravel&Pebble_Crackle10_CT.wav
Cinetools Witchcraft【黑暗魔法巫术风火雷电咒语游戏技能音效素材】655544319933.zip,Cinetools Witchcraft/Designer Tools/Elemental/Sand&Gravel&Pebble/WC_Sand&Gravel&Pebble_Crackle11_CT.wav,2943944,43b1f500,OK,/volume1/主目录/Collection/素材&模板&音库/音效/02_中文音效合集/魔法法术咒语技能释放音效/Cinetools Witchcraft/Designer Tools/Elemental/Sand&Gravel&Pebble/WC_Sand&Gravel&Pebble_Crackle11_CT.wav
Cinetools Witchcraft【黑暗魔法巫术风火雷电咒语游戏技能音效素材】655544319933.zip,Cinetools Witchcraft/Designer Tools/Elemental/Sand&Gravel&Pebble/WC_Sand&Gravel&Pebble_Crackle12_CT.wav,12953204,9ada9215,OK,/volume1/主目录/Collection/素材&模板&音库/音效/02_中文音效合集/魔法法术咒语技能释放音效/Cinetools Witchcraft/Designer Tools/Elemental/Sand&Gravel&Pebble/WC_Sand&Gravel&Pebble_Crackle12_CT.wav
Cinetools Witchcraft【黑暗魔法巫术风火雷电咒语游戏技能音效素材】655544319933.zip,Cinetools Witchcraft/Designer Tools/Elemental/Sand&Gravel&Pebble/WC_Sand&Gravel&Pebble_Crackle13_CT.wav,13157336,fa38510b,OK,/volume1/主目录/Collection/素材&模板&音库/音效/02_中文音效合集/魔法法术咒语技能释放音效/Cinetools Witchcraft/Designer Tools/Elemental/Sand&Gravel&Pebble/WC_Sand&Gravel&Pebble_Crackle13_CT.wav
Cinetools Witchcraft【黑暗魔法巫术风火雷电咒语游戏技能音效素材】655544319933.zip,Cinetools Witchcraft/Designer Tools/Elemental/Sand&Gravel&Pebble/WC_Sand&Gravel&Pebble_Crackle14_CT.wav,10218296,0d78a2a7,OK,/volume1/主目录/Collection/素材&模板&音库/音效/02_中文音效合集/魔法法术咒语技能释放音效/Cinetools Witchcraft/Designer Tools/Elemental/Sand&Gravel&Pebble/WC_Sand&Gravel&Pebble_Crackle14_CT.wav
Cinetools Witchcraft【黑暗魔法巫术风火雷电咒语游戏技能音效素材】655544319933.zip,Cinetools Witchcraft/Designer Tools/Elemental/Sand&Gravel&Pebble/WC_Sand&Gravel&Pebble_Crackle15_CT.wav,2012816,4ee83ebd,OK,/volume1/主目录/Collection/素材&模板&音库/音效/02_中文音效合集/魔法法术咒语技能释放音效/Cinetools Witchcraft/Designer Tools/Elemental/Sand&Gravel&Pebble/WC_Sand&Gravel&Pebble_Crackle15_CT.wav
Cinetools Witchcraft【黑暗魔法巫术风火雷电咒语游戏技能音效素材】655544319933.zip,Cinetools Witchcraft/Designer Tools/Elemental/Sand&Gravel&Pebble/WC_Sand&Gravel&Pebble_Crackle16_CT.wav,8620088,efbe09bd,OK,/volume1/主目录/Collection/素材&模板&音库/音效/02_中文音效合集/魔法法术咒语技能释放音效/Cinetools Witchcraft/Designer Tools/Elemental/Sand&Gravel&Pebble/WC_Sand&Gravel&Pebble_Crackle16_CT.wav
Cinetools Witchcraft【黑暗魔法巫术风火雷电咒语游戏技能音效素材】655544319933.zip,Cinetools Witchcraft/Designer Tools/Elemental/Sand&Gravel&Pebble/WC_Sand&Gravel&Pebble_Crackle17_CT.wav,11913356,9f7157e3,OK,/volume1/主目录/Collection/素材&模板&音库/音效/02_中文音效合集/魔法法术咒语技能释放音效/Cinetools Witchcraft/Designer Tools/Elemental/Sand&Gravel&Pebble/WC_Sand&Gravel&Pebble_Crackle17_CT.wav
Cinetools Witchcraft【黑暗魔法巫术风火雷电咒语游戏技能音效素材】655544319933.zip,Cinetools Witchcraft/Designer Tools/Elemental/Sand&Gravel&Pebble/WC_Sand&Gravel&Pebble_Crackle18_CT.wav,2383832,622ab9c2,OK,/volume1/主目录/Collection/素材&模板&音库/音效/02_中文音效合集/魔法法术咒语技能释放音效/Cinetools Witchcraft/Designer Tools/Elemental/Sand&Gravel&Pebble/WC_Sand&Gravel&Pebble_Crackle18_CT.wav
Cinetools Witchcraft【黑暗魔法巫术风火雷电咒语游戏技能音效素材】655544319933.zip,Cinetools Witchcraft/Designer Tools/Elemental/Sand&Gravel&Pebble/WC_Sand&Gravel&Pebble_Crackle19_CT.wav,5062724,0be158c2,OK,/volume1/主目录/Collection/素材&模板&音库/音效/02_中文音效合集/魔法法术咒语技能释放音效/Cinetools Witchcraft/Designer Tools/Elemental/Sand&Gravel&Pebble/WC_Sand&Gravel&Pebble_Crackle19_CT.wav
Cinetools Witchcraft【黑暗魔法巫术风火雷电咒语游戏技能音效素材】655544319933.zip,Cinetools Witchcraft/Designer Tools/Elemental/Sand&Gravel&Pebble/WC_Sand&Gravel&Pebble_Crackle20_CT.wav,4344392,c80c3702,OK,/volume1/主目录/Collection/素材&模板&音库/音效/02_中文音效合集/魔法法术咒语技能释放音效/Cinetools Witchcraft/Designer Tools/Elemental/Sand&Gravel&Pebble/WC_Sand&Gravel&Pebble_Crackle20_CT.wav
Cinetools Witchcraft【黑暗魔法巫术风火雷电咒语游戏技能音效素材】655544319933.zip,Cinetools Witchcraft/Designer Tools/Elemental/Sand&Gravel&Pebble/WC_Sand&Gravel&Pebble_Crackle2_CT.wav,6182240,da37607b,OK,/volume1/主目录/Collection/素材&模板&音库/音效/02_中文音效合集/魔法法术咒语技能释放音效/Cinetools Witchcraft/Designer Tools/Elemental/Sand&Gravel&Pebble/WC_Sand&Gravel&Pebble_Crackle2_CT.wav
Cinetools Witchcraft【黑暗魔法巫术风火雷电咒语游戏技能音效素材】655544319933.zip,Cinetools Witchcraft/Designer Tools/Elemental/Sand&Gravel&Pebble/WC_Sand&Gravel&Pebble_Crackle3_CT.wav,3827120,8b17bd9d,OK,/volume1/主目录/Collection/素材&模板&音库/音效/02_中文音效合集/魔法法术咒语技能释放音效/Cinetools Witchcraft/Designer Tools/Elemental/Sand&Gravel&Pebble/WC_Sand&Gravel&Pebble_Crackle3_CT.wav
Cinetools Witchcraft【黑暗魔法巫术风火雷电咒语游戏技能音效素材】655544319933.zip,Cinetools Witchcraft/Designer Tools/Elemental/Sand&Gravel&Pebble/WC_Sand&Gravel&Pebble_Crackle4_CT.wav,2355164,e8f79554,OK,/volume1/主目录/Collection/素材&模板&音库/音效/02_中文音效合集/魔法法术咒语技能释放音效/Cinetools Witchcraft/Designer Tools/Elemental/Sand&Gravel&Pebble/WC_Sand&Gravel&Pebble_Crackle4_CT.wav
Cinetools Witchcraft【黑暗魔法巫术风火雷电咒语游戏技能音效素材】655544319933.zip,Cinetools Witchcraft/Designer Tools/Elemental/Sand&Gravel&Pebble/WC_Sand&Gravel&Pebble_Crackle5_CT.wav,2502368,ece07788,OK,/volume1/主目录/Collection/素材&模板&音库/音效/02_中文音效合集/魔法法术咒语技能释放音效/Cinetools Witchcraft/Designer Tools/Elemental/Sand&Gravel&Pebble/WC_Sand&Gravel&Pebble_Crackle5_CT.wav
Cinetools Witchcraft【黑暗魔法巫术风火雷电咒语游戏技能音效素材】655544319933.zip,Cinetools Witchcraft/Designer Tools/Elemental/Sand&Gravel&Pebble/WC_Sand&Gravel&Pebble_Crackle6_CT.wav,8901896,69895b70,OK,/volume1/主目录/Collection/素材&模板&音库/音效/02_中文音效合集/魔法法术咒语技能释放音效/Cinetools Witchcraft/Designer Tools/Elemental/Sand&Gravel&Pebble/WC_Sand&Gravel&Pebble_Crackle6_CT.wav
Cinetools Witchcraft【黑暗魔法巫术风火雷电咒语游戏技能音效素材】655544319933.zip,Cinetools Witchcraft/Designer Tools/Elemental/Sand&Gravel&Pebble/WC_Sand&Gravel&Pebble_Crackle7_CT.wav,6329432,b42521e0,OK,/volume1/主目录/Collection/素材&模板&音库/音效/02_中文音效合集/魔法法术咒语技能释放音效/Cinetools Witchcraft/Designer Tools/Elemental/Sand&Gravel&Pebble/WC_Sand&Gravel&Pebble_Crackle7_CT.wav
Cinetools Witchcraft【黑暗魔法巫术风火雷电咒语游戏技能音效素材】655544319933.zip,Cinetools Witchcraft/Designer Tools/Elemental/Sand&Gravel&Pebble/WC_Sand&Gravel&Pebble_Crackle8_CT.wav,4710284,f432bfce,OK,/volume1/主目录/Collection/素材&模板&音库/音效/02_中文音效合集/魔法法术咒语技能释放音效/Cinetools Witchcraft/Designer Tools/Elemental/Sand&Gravel&Pebble/WC_Sand&Gravel&Pebble_Crackle8_CT.wav
Cinetools Witchcraft【黑暗魔法巫术风火雷电咒语游戏技能音效素材】655544319933.zip,Cinetools Witchcraft/Designer Tools/Elemental/Sand&Gravel&Pebble/WC_Sand&Gravel&Pebble_Crackle9_CT.wav,6599696,67e95a33,OK,/volume1/主目录/Collection/素材&模板&音库/音效/02_中文音效合集/魔法法术咒语技能释放音效/Cinetools Witchcraft/Designer Tools/Elemental/Sand&Gravel&Pebble/WC_Sand&Gravel&Pebble_Crackle9_CT.wav
Cinetools Witchcraft【黑暗魔法巫术风火雷电咒语游戏技能音效素材】655544319933.zip,Cinetools Witchcraft/Designer Tools/Elemental/Sand&Gravel&Pebble/WC_Sand&Gravel&Pebble_Crackle_CT.wav,3096992,ea100797,OK,/volume1/主目录/Collection/素材&模板&音库/音效/02_中文音效合集/魔法法术咒语技能释放音效/Cinetools Witchcraft/Designer Tools/Elemental/Sand&Gravel&Pebble/WC_Sand&Gravel&Pebble_Crackle_CT.wav
Cinetools Witchcraft【黑暗魔法巫术风火雷电咒语游戏技能音效素材】655544319933.zip,Cinetools Witchcraft/Designer Tools/Elemental/Sand&Gravel&Pebble/WC_Sand&Gravel&Pebble_Crunch10_CT.wav,29903156,b087461b,OK,/volume1/主目录/Collection/素材&模板&音库/音效/02_中文音效合集/魔法法术咒语技能释放音效/Cinetools Witchcraft/Designer Tools/Elemental/Sand&Gravel&Pebble/WC_Sand&Gravel&Pebble_Crunch10_CT.wav
Cinetools Witchcraft【黑暗魔法巫术风火雷电咒语游戏技能音效素材】655544319933.zip,Cinetools Witchcraft/Designer Tools/Elemental/Sand&Gravel&Pebble/WC_Sand&Gravel&Pebble_Crunch2_CT.wav,4608044,ea3af504,OK,/volume1/主目录/Collection/素材&模板&音库/音效/02_中文音效合集/魔法法术咒语技能释放音效/Cinetools Witchcraft/Designer Tools/Elemental/Sand&Gravel&Pebble/WC_Sand&Gravel&Pebble_Crunch2_CT.wav
Cinetools Witchcraft【黑暗魔法巫术风火雷电咒语游戏技能音效素材】655544319933.zip,Cinetools Witchcraft/Designer Tools/Elemental/Sand&Gravel&Pebble/WC_Sand&Gravel&Pebble_Crunch3_CT.wav,2592044,69d7ee7e,OK,/volume1/主目录/Collection/素材&模板&音库/音效/02_中文音效合集/魔法法术咒语技能释放音效/Cinetools Witchcraft/Designer Tools/Elemental/Sand&Gravel&Pebble/WC_Sand&Gravel&Pebble_Crunch3_CT.wav
Cinetools Witchcraft【黑暗魔法巫术风火雷电咒语游戏技能音效素材】655544319933.zip,Cinetools Witchcraft/Designer Tools/Elemental/Sand&Gravel&Pebble/WC_Sand&Gravel&Pebble_Crunch4V_CT.wav,8064044,8bc732ec,OK,/volume1/主目录/Collection/素材&模板&音库/音效/02_中文音效合集/魔法法术咒语技能释放音效/Cinetools Witchcraft/Designer Tools/Elemental/Sand&Gravel&Pebble/WC_Sand&Gravel&Pebble_Crunch4V_CT.wav
Cinetools Witchcraft【黑暗魔法巫术风火雷电咒语游戏技能音效素材】655544319933.zip,Cinetools Witchcraft/Designer Tools/Elemental/Sand&Gravel&Pebble/WC_Sand&Gravel&Pebble_Crunch4_CT.wav,8064044,0f91ca9a,OK,/volume1/主目录/Collection/素材&模板&音库/音效/03_项目素材/LTT_V30All/WC_Sand&Gravel&Pebble_Crunch4_CT.wav
Cinetools Witchcraft【黑暗魔法巫术风火雷电咒语游戏技能音效素材】655544319933.zip,Cinetools Witchcraft/Designer Tools/Elemental/Sand&Gravel&Pebble/WC_Sand&Gravel&Pebble_Crunch5_CT.wav,16485884,8ca3b9e5,OK,/volume1/主目录/Collection/素材&模板&音库/音效/02_中文音效合集/魔法法术咒语技能释放音效/Cinetools Witchcraft/Designer Tools/Elemental/Sand&Gravel&Pebble/WC_Sand&Gravel&Pebble_Crunch5_CT.wav
Cinetools Witchcraft【黑暗魔法巫术风火雷电咒语游戏技能音效素材】655544319933.zip,Cinetools Witchcraft/Designer Tools/Elemental/Sand&Gravel&Pebble/WC_Sand&Gravel&Pebble_Crunch6_CT.wav,3309368,afd3f156,OK,/volume1/主目录/Collection/素材&模板&音库/音效/02_中文音效合集/魔法法术咒语技能释放音效/Cinetools Witchcraft/Designer Tools/Elemental/Sand&Gravel&Pebble/WC_Sand&Gravel&Pebble_Crunch6_CT.wav
Cinetools Witchcraft【黑暗魔法巫术风火雷电咒语游戏技能音效素材】655544319933.zip,Cinetools Witchcraft/Designer Tools/Elemental/Sand&Gravel&Pebble/WC_Sand&Gravel&Pebble_Crunch7_CT.wav,21048668,dd95529a,OK,/volume1/主目录/Collection/素材&模板&音库/音效/02_中文音效合集/魔法法术咒语技能释放音效/Cinetools Witchcraft/Designer Tools/Elemental/Sand&Gravel&Pebble/WC_Sand&Gravel&Pebble_Crunch7_CT.wav
Cinetools Witchcraft【黑暗魔法巫术风火雷电咒语游戏技能音效素材】655544319933.zip,Cinetools Witchcraft/Designer Tools/Elemental/Sand&Gravel&Pebble/WC_Sand&Gravel&Pebble_Crunch8_CT.wav,15291404,bf72e642,OK,/volume1/主目录/Collection/素材&模板&音库/音效/02_中文音效合集/魔法法术咒语技能释放音效/Cinetools Witchcraft/Designer Tools/Elemental/Sand&Gravel&Pebble/WC_Sand&Gravel&Pebble_Crunch8_CT.wav
Cinetools Witchcraft【黑暗魔法巫术风火雷电咒语游戏技能音效素材】655544319933.zip,Cinetools Witchcraft/Designer Tools/Elemental/Sand&Gravel&Pebble/WC_Sand&Gravel&Pebble_Crunch9_CT.wav,4546124,9011a78c,OK,/volume1/主目录/Collection/素材&模板&音库/音效/02_中文音效合集/魔法法术咒语技能释放音效/Cinetools Witchcraft/Designer Tools/Elemental/Sand&Gravel&Pebble/WC_Sand&Gravel&Pebble_Crunch9_CT.wav
Cinetools Witchcraft【黑暗魔法巫术风火雷电咒语游戏技能音效素材】655544319933.zip,Cinetools Witchcraft/Designer Tools/Elemental/Sand&Gravel&Pebble/WC_Sand&Gravel&Pebble_Crunch_CT.wav,16704044,9017399d,OK,/volume1/主目录/Collection/素材&模板&音库/音效/02_中文音效合集/魔法法术咒语技能释放音效/Cinetools Witchcraft/Designer Tools/Elemental/Sand&Gravel&Pebble/WC_Sand&Gravel&Pebble_Crunch_CT.wav
Cinetools Witchcraft【黑暗魔法巫术风火雷电咒语游戏技能音效素材】655544319933.zip,Cinetools Witchcraft/Designer Tools/Elemental/Sand&Gravel&Pebble/WC_Sand&Gravel&Pebble_Crunch_V_CT.wav,16704044,0bcedbb2,OK,/volume1/主目录/Collection/素材&模板&音库/音效/02_中文音效合集/魔法法术咒语技能释放音效/Cinetools Witchcraft/Designer Tools/Elemental/Sand&Gravel&Pebble/WC_Sand&Gravel&Pebble_Crunch_V_CT.wav
Cinetools Witchcraft【黑暗魔法巫术风火雷电咒语游戏技能音效素材】655544319933.zip,Cinetools Witchcraft/Designer Tools/Elemental/Sand&Gravel&Pebble/WC_Sand&Gravel&Pebble_Debris2_CT.wav,7654184,c2b59a4b,OK,/volume1/主目录/Collection/素材&模板&音库/音效/02_中文音效合集/魔法法术咒语技能释放音效/Cinetools Witchcraft/Designer Tools/Elemental/Sand&Gravel&Pebble/WC_Sand&Gravel&Pebble_Debris2_CT.wav
Cinetools Witchcraft【黑暗魔法巫术风火雷电咒语游戏技能音效素材】655544319933.zip,Cinetools Witchcraft/Designer Tools/Elemental/Sand&Gravel&Pebble/WC_Sand&Gravel&Pebble_Debris3_CT.wav,4857488,fbe4f19b,NAME_ONLY,/volume1/主目录/Collection/素材&模板&音库/音效/02_中文音效合集/魔法法术咒语技能释放音效/Cinetools Witchcraft/Designer Tools/Elemental/Sand&Gravel&Pebble/WC_Sand&Gravel&Pebble_Debris3_CT.wav
Cinetools Witchcraft【黑暗魔法巫术风火雷电咒语游戏技能音效素材】655544319933.zip,Cinetools Witchcraft/Designer Tools/Elemental/Sand&Gravel&Pebble/WC_Sand&Gravel&Pebble_Debris4_CT.wav,6182240,850a91ea,OK,/volume1/主目录/Collection/素材&模板&音库/音效/02_中文音效合集/魔法法术咒语技能释放音效/Cinetools Witchcraft/Designer Tools/Elemental/Sand&Gravel&Pebble/WC_Sand&Gravel&Pebble_Debris4_CT.wav
Cinetools Witchcraft【黑暗魔法巫术风火雷电咒语游戏技能音效素材】655544319933.zip,Cinetools Witchcraft/Designer Tools/Elemental/Sand&Gravel&Pebble/WC_Sand&Gravel&Pebble_Debris5_CT.wav,15013940,94bab188,OK,/volume1/主目录/Collection/素材&模板&音库/音效/02_中文音效合集/魔法法术咒语技能释放音效/Cinetools Witchcraft/Designer Tools/Elemental/Sand&Gravel&Pebble/WC_Sand&Gravel&Pebble_Debris5_CT.wav
Cinetools Witchcraft【黑暗魔法巫术风火雷电咒语游戏技能音效素材】655544319933.zip,Cinetools Witchcraft/Designer Tools/Elemental/Sand&Gravel&Pebble/WC_Sand&Gravel&Pebble_Debris6_CT.wav,4710284,8d8f9ae2,OK,/volume1/主目录/Collection/素材&模板&音库/音效/02_中文音效合集/魔法法术咒语技能释放音效/Cinetools Witchcraft/Designer Tools/Elemental/Sand&Gravel&Pebble/WC_Sand&Gravel&Pebble_Debris6_CT.wav
Cinetools Witchcraft【黑暗魔法巫术风火雷电咒语游戏技能音效素材】655544319933.zip,Cinetools Witchcraft/Designer Tools/Elemental/Sand&Gravel&Pebble/WC_Sand&Gravel&Pebble_Debris_CT.wav,6476624,935f2e7a,OK,/volume1/主目录/Collection/素材&模板&音库/音效/02_中文音效合集/魔法法术咒语技能释放音效/Cinetools Witchcraft/Designer Tools/Elemental/Sand&Gravel&Pebble/WC_Sand&Gravel&Pebble_Debris_CT.wav
Cinetools Witchcraft【黑暗魔法巫术风火雷电咒语游戏技能音效素材】655544319933.zip,Cinetools Witchcraft/Designer Tools/Elemental/Sand&Gravel&Pebble/WC_Sand&Gravel&Pebble_Pour_large2V_CT.wav,5485360,3ec51dae,OK,/volume1/主目录/Collection/素材&模板&音库/音效/02_中文音效合集/魔法法术咒语技能释放音效/Cinetools Witchcraft/Designer Tools/Elemental/Sand&Gravel&Pebble/WC_Sand&Gravel&Pebble_Pour_large2V_CT.wav
Cinetools Witchcraft【黑暗魔法巫术风火雷电咒语游戏技能音效素材】655544319933.zip,Cinetools Witchcraft/Designer Tools/Elemental/Sand&Gravel&Pebble/WC_Sand&Gravel&Pebble_Pour_large2_CT.wav,10970596,78c667f6,OK,/volume1/主目录/Collection/素材&模板&音库/音效/02_中文音效合集/魔法法术咒语技能释放音效/Cinetools Witchcraft/Designer Tools/Elemental/Sand&Gravel&Pebble/WC_Sand&Gravel&Pebble_Pour_large2_CT.wav
Cinetools Witchcraft【黑暗魔法巫术风火雷电咒语游戏技能音效素材】655544319933.zip,Cinetools Witchcraft/Designer Tools/Elemental/Sand&Gravel&Pebble/WC_Sand&Gravel&Pebble_Pour_large3V_CT.wav,5478874,f0bb4328,OK,/volume1/主目录/Collection/素材&模板&音库/音效/02_中文音效合集/魔法法术咒语技能释放音效/Cinetools Witchcraft/Designer Tools/Elemental/Sand&Gravel&Pebble/WC_Sand&Gravel&Pebble_Pour_large3V_CT.wav
Cinetools Witchcraft【黑暗魔法巫术风火雷电咒语游戏技能音效素材】655544319933.zip,Cinetools Witchcraft/Designer Tools/Elemental/Sand&Gravel&Pebble/WC_Sand&Gravel&Pebble_Pour_large3_CT.wav,10957624,926bddfb,OK,/volume1/主目录/Collection/素材&模板&音库/音效/02_中文音效合集/魔法法术咒语技能释放音效/Cinetools Witchcraft/Designer Tools/Elemental/Sand&Gravel&Pebble/WC_Sand&Gravel&Pebble_Pour_large3_CT.wav
Cinetools Witchcraft【黑暗魔法巫术风火雷电咒语游戏技能音效素材】655544319933.zip,Cinetools Witchcraft/Designer Tools/Elemental/Sand&Gravel&Pebble/WC_Sand&Gravel&Pebble_Pour_large4_CT.wav,12282052,53da2c5e,OK,/volume1/主目录/Collection/素材&模板&音库/音效/03_项目素材/LTT_V30All/WC_Sand&Gravel&Pebble_Pour_large4_CT.wav
Cinetools Witchcraft【黑暗魔法巫术风火雷电咒语游戏技能音效素材】655544319933.zip,Cinetools Witchcraft/Designer Tools/Elemental/Sand&Gravel&Pebble/WC_Sand&Gravel&Pebble_Pour_large_CT.wav,12282052,53da2c5e,OK_Q,/volume1/主目录/Collection/素材&模板&音库/音效_去重待删_20260919/魔法法术咒语技能释放音效/Cinetools Witchcraft/Designer Tools/Elemental/Sand&Gravel&Pebble/WC_Sand&Gravel&Pebble_Pour_large_CT.wav
Cinetools Witchcraft【黑暗魔法巫术风火雷电咒语游戏技能音效素材】655544319933.zip,Cinetools Witchcraft/Designer Tools/Elemental/Sand&Gravel&Pebble/WC_Sand&Gravel&Pebble_Pour_large_V_CT.wav,6141088,0db9a285,OK,/volume1/主目录/Collection/素材&模板&音库/音效/02_中文音效合集/魔法法术咒语技能释放音效/Cinetools Witchcraft/Designer Tools/Elemental/Sand&Gravel&Pebble/WC_Sand&Gravel&Pebble_Pour_large_V_CT.wav
Cinetools Witchcraft【黑暗魔法巫术风火雷电咒语游戏技能音效素材】655544319933.zip,Cinetools Witchcraft/Designer Tools/Elemental/Sand&Gravel&Pebble/WC_Sand&Gravel&Pebble_Pour_medium2_CT.wav,8640044,00261a33,OK,/volume1/主目录/Collection/素材&模板&音库/音效/02_中文音效合集/魔法法术咒语技能释放音效/Cinetools Witchcraft/Designer Tools/Elemental/Sand&Gravel&Pebble/WC_Sand&Gravel&Pebble_Pour_medium2_CT.wav
Cinetools Witchcraft【黑暗魔法巫术风火雷电咒语游戏技能音效素材】655544319933.zip,Cinetools Witchcraft/Designer Tools/Elemental/Sand&Gravel&Pebble/WC_Sand&Gravel&Pebble_Pour_medium3V_CT.wav,3260000,981ac0dc,OK,/volume1/主目录/Collection/素材&模板&音库/音效/02_中文音效合集/魔法法术咒语技能释放音效/Cinetools Witchcraft/Designer Tools/Elemental/Sand&Gravel&Pebble/WC_Sand&Gravel&Pebble_Pour_medium3V_CT.wav
Cinetools Witchcraft【黑暗魔法巫术风火雷电咒语游戏技能音效素材】655544319933.zip,Cinetools Witchcraft/Designer Tools/Elemental/Sand&Gravel&Pebble/WC_Sand&Gravel&Pebble_Pour_medium3_CT.wav,6519874,8023d56b,OK,/volume1/主目录/Collection/素材&模板&音库/音效/02_中文音效合集/魔法法术咒语技能释放音效/Cinetools Witchcraft/Designer Tools/Elemental/Sand&Gravel&Pebble/WC_Sand&Gravel&Pebble_Pour_medium3_CT.wav
Cinetools Witchcraft【黑暗魔法巫术风火雷电咒语游戏技能音效素材】655544319933.zip,Cinetools Witchcraft/Designer Tools/Elemental/Sand&Gravel&Pebble/WC_Sand&Gravel&Pebble_Pour_medium_CT.wav,3600044,468e5e3c,OK,/volume1/主目录/Collection/素材&模板&音库/音效/02_中文音效合集/魔法法术咒语技能释放音效/Cinetools Witchcraft/Designer Tools/Elemental/Sand&Gravel&Pebble/WC_Sand&Gravel&Pebble_Pour_medium_CT.wav
Cinetools Witchcraft【黑暗魔法巫术风火雷电咒语游戏技能音效素材】655544319933.zip,Cinetools Witchcraft/Designer Tools/Elemental/Sand&Gravel&Pebble/WC_Sand&Gravel&Pebble_Pour_small2_CT.wav,696028,6bc77c5d,OK,/volume1/主目录/Collection/素材&模板&音库/音效/02_中文音效合集/魔法法术咒语技能释放音效/Cinetools Witchcraft/Designer Tools/Elemental/Sand&Gravel&Pebble/WC_Sand&Gravel&Pebble_Pour_small2_CT.wav
Cinetools Witchcraft【黑暗魔法巫术风火雷电咒语游戏技能音效素材】655544319933.zip,Cinetools Witchcraft/Designer Tools/Elemental/Sand&Gravel&Pebble/WC_Sand&Gravel&Pebble_Pour_small_CT.wav,1728044,73309272,OK,/volume1/主目录/Collection/素材&模板&音库/音效/02_中文音效合集/魔法法术咒语技能释放音效/Cinetools Witchcraft/Designer Tools/Elemental/Sand&Gravel&Pebble/WC_Sand&Gravel&Pebble_Pour_small_CT.wav
Cinetools Witchcraft【黑暗魔法巫术风火雷电咒语游戏技能音效素材】655544319933.zip,Cinetools Witchcraft/Designer Tools/Elemental/Sand&Gravel&Pebble/WC_Sand&Gravel&Pebble_Slide_large2_CT.wav,3744044,e03e7c6e,OK,/volume1/主目录/Collection/素材&模板&音库/音效/02_中文音效合集/魔法法术咒语技能释放音效/Cinetools Witchcraft/Designer Tools/Elemental/Sand&Gravel&Pebble/WC_Sand&Gravel&Pebble_Slide_large2_CT.wav
Cinetools Witchcraft【黑暗魔法巫术风火雷电咒语游戏技能音效素材】655544319933.zip,Cinetools Witchcraft/Designer Tools/Elemental/Sand&Gravel&Pebble/WC_Sand&Gravel&Pebble_Slide_large_CT.wav,8064044,5896151a,OK,/volume1/主目录/Collection/素材&模板&音库/音效/02_中文音效合集/魔法法术咒语技能释放音效/Cinetools Witchcraft/Designer Tools/Elemental/Sand&Gravel&Pebble/WC_Sand&Gravel&Pebble_Slide_large_CT.wav
Cinetools Witchcraft【黑暗魔法巫术风火雷电咒语游戏技能音效素材】655544319933.zip,Cinetools Witchcraft/Designer Tools/Elemental/Sand&Gravel&Pebble/WC_Sand&Gravel&Pebble_Slide_large_V_CT.wav,8064044,ebc2a553,OK,/volume1/主目录/Collection/素材&模板&音库/音效/02_中文音效合集/魔法法术咒语技能释放音效/Cinetools Witchcraft/Designer Tools/Elemental/Sand&Gravel&Pebble/WC_Sand&Gravel&Pebble_Slide_large_V_CT.wav
Cinetools Witchcraft【黑暗魔法巫术风火雷电咒语游戏技能音效素材】655544319933.zip,Cinetools Witchcraft/Designer Tools/Elemental/Sand&Gravel&Pebble/WC_Sand&Gravel&Pebble_Slide_medium2_CT.wav,4176044,0964bb18,OK,/volume1/主目录/Collection/素材&模板&音库/音效/02_中文音效合集/魔法法术咒语技能释放音效/Cinetools Witchcraft/Designer Tools/Elemental/Sand&Gravel&Pebble/WC_Sand&Gravel&Pebble_Slide_medium2_CT.wav
Cinetools Witchcraft【黑暗魔法巫术风火雷电咒语游戏技能音效素材】655544319933.zip,Cinetools Witchcraft/Designer Tools/Elemental/Sand&Gravel&Pebble/WC_Sand&Gravel&Pebble_Slide_medium_CT.wav,8008088,16f3535b,OK,/volume1/主目录/Collection/素材&模板&音库/音效/02_中文音效合集/魔法法术咒语技能释放音效/Cinetools Witchcraft/Designer Tools/Elemental/Sand&Gravel&Pebble/WC_Sand&Gravel&Pebble_Slide_medium_CT.wav
Cinetools Witchcraft【黑暗魔法巫术风火雷电咒语游戏技能音效素材】655544319933.zip,Cinetools Witchcraft/Designer Tools/Elemental/Sand&Gravel&Pebble/WC_Sand&Gravel&Pebble_Slide_small_CT.wav,10440044,be62fd8b,OK,/volume1/主目录/Collection/素材&模板&音库/音效/02_中文音效合集/魔法法术咒语技能释放音效/Cinetools Witchcraft/Designer Tools/Elemental/Sand&Gravel&Pebble/WC_Sand&Gravel&Pebble_Slide_small_CT.wav
Cinetools Witchcraft【黑暗魔法巫术风火雷电咒语游戏技能音效素材】655544319933.zip,Cinetools Witchcraft/Designer Tools/Elemental/Sand&Gravel&Pebble/WC_Sand&Gravel&Pebble_Trickle_large_CT.wav,12672044,f1daf72e,OK,/volume1/主目录/Collection/素材&模板&音库/音效/02_中文音效合集/魔法法术咒语技能释放音效/Cinetools Witchcraft/Designer Tools/Elemental/Sand&Gravel&Pebble/WC_Sand&Gravel&Pebble_Trickle_large_CT.wav
Cinetools Witchcraft【黑暗魔法巫术风火雷电咒语游戏技能音效素材】655544319933.zip,Cinetools Witchcraft/Designer Tools/Elemental/Sand&Gravel&Pebble/WC_Sand&Gravel&Pebble_Trickle_medium2_CT.wav,3744044,830c9323,OK,/volume1/主目录/Collection/素材&模板&音库/音效/02_中文音效合集/魔法法术咒语技能释放音效/Cinetools Witchcraft/Designer Tools/Elemental/Sand&Gravel&Pebble/WC_Sand&Gravel&Pebble_Trickle_medium2_CT.wav
Cinetools Witchcraft【黑暗魔法巫术风火雷电咒语游戏技能音效素材】655544319933.zip,Cinetools Witchcraft/Designer Tools/Elemental/Sand&Gravel&Pebble/WC_Sand&Gravel&Pebble_Trickle_medium3_CT.wav,10080044,511e7ae1,OK,/volume1/主目录/Collection/素材&模板&音库/音效/02_中文音效合集/魔法法术咒语技能释放音效/Cinetools Witchcraft/Designer Tools/Elemental/Sand&Gravel&Pebble/WC_Sand&Gravel&Pebble_Trickle_medium3_CT.wav
Cinetools Witchcraft【黑暗魔法巫术风火雷电咒语游戏技能音效素材】655544319933.zip,Cinetools Witchcraft/Designer Tools/Elemental/Sand&Gravel&Pebble/WC_Sand&Gravel&Pebble_Trickle_medium4_CT.wav,8368448,ece790bd,OK,/volume1/主目录/Collection/素材&模板&音库/音效/03_项目素材/LTT_V30All/WC_Sand&Gravel&Pebble_Trickle_medium4_CT.wav
Cinetools Witchcraft【黑暗魔法巫术风火雷电咒语游戏技能音效素材】655544319933.zip,Cinetools Witchcraft/Designer Tools/Elemental/Sand&Gravel&Pebble/WC_Sand&Gravel&Pebble_Trickle_medium_CT.wav,5492300,0f28aab5,OK,/volume1/主目录/Collection/素材&模板&音库/音效/02_中文音效合集/魔法法术咒语技能释放音效/Cinetools Witchcraft/Designer Tools/Elemental/Sand&Gravel&Pebble/WC_Sand&Gravel&Pebble_Trickle_medium_CT.wav
Cinetools Witchcraft【黑暗魔法巫术风火雷电咒语游戏技能音效素材】655544319933.zip,Cinetools Witchcraft/Designer Tools/Elemental/Sand&Gravel&Pebble/WC_Sand&Gravel&Pebble_Trickle_small2_CT.wav,4032044,9d4ec851,OK,/volume1/主目录/Collection/素材&模板&音库/音效/02_中文音效合集/魔法法术咒语技能释放音效/Cinetools Witchcraft/Designer Tools/Elemental/Sand&Gravel&Pebble/WC_Sand&Gravel&Pebble_Trickle_small2_CT.wav
Cinetools Witchcraft【黑暗魔法巫术风火雷电咒语游戏技能音效素材】655544319933.zip,Cinetools Witchcraft/Designer Tools/Elemental/Sand&Gravel&Pebble/WC_Sand&Gravel&Pebble_Trickle_small3_CT.wav,4536056,38bde1b3,OK,/volume1/主目录/Collection/素材&模板&音库/音效/02_中文音效合集/魔法法术咒语技能释放音效/Cinetools Witchcraft/Designer Tools/Elemental/Sand&Gravel&Pebble/WC_Sand&Gravel&Pebble_Trickle_small3_CT.wav
Cinetools Witchcraft【黑暗魔法巫术风火雷电咒语游戏技能音效素材】655544319933.zip,Cinetools Witchcraft/Designer Tools/Elemental/Sand&Gravel&Pebble/WC_Sand&Gravel&Pebble_Trickle_small4_CT.wav,5346056,8aca1751,OK,/volume1/主目录/Collection/素材&模板&音库/音效/02_中文音效合集/魔法法术咒语技能释放音效/Cinetools Witchcraft/Designer Tools/Elemental/Sand&Gravel&Pebble/WC_Sand&Gravel&Pebble_Trickle_small4_CT.wav
Cinetools Witchcraft【黑暗魔法巫术风火雷电咒语游戏技能音效素材】655544319933.zip,Cinetools Witchcraft/Designer Tools/Elemental/Sand&Gravel&Pebble/WC_Sand&Gravel&Pebble_Trickle_small5_CT.wav,3888056,2270307b,OK,/volume1/主目录/Collection/素材&模板&音库/音效/02_中文音效合集/魔法法术咒语技能释放音效/Cinetools Witchcraft/Designer Tools/Elemental/Sand&Gravel&Pebble/WC_Sand&Gravel&Pebble_Trickle_small5_CT.wav
Cinetools Witchcraft【黑暗魔法巫术风火雷电咒语游戏技能音效素材】655544319933.zip,Cinetools Witchcraft/Designer Tools/Elemental/Sand&Gravel&Pebble/WC_Sand&Gravel&Pebble_Trickle_small6_CT.wav,2916056,da1cf5ed,OK,/volume1/主目录/Collection/素材&模板&音库/音效/02_中文音效合集/魔法法术咒语技能释放音效/Cinetools Witchcraft/Designer Tools/Elemental/Sand&Gravel&Pebble/WC_Sand&Gravel&Pebble_Trickle_small6_CT.wav
Cinetools Witchcraft【黑暗魔法巫术风火雷电咒语游戏技能音效素材】655544319933.zip,Cinetools Witchcraft/Designer Tools/Elemental/Sand&Gravel&Pebble/WC_Sand&Gravel&Pebble_Trickle_small7_CT.wav,2245232,0e390f51,OK,/volume1/主目录/Collection/素材&模板&音库/音效/02_中文音效合集/魔法法术咒语技能释放音效/Cinetools Witchcraft/Designer Tools/Elemental/Sand&Gravel&Pebble/WC_Sand&Gravel&Pebble_Trickle_small7_CT.wav
Cinetools Witchcraft【黑暗魔法巫术风火雷电咒语游戏技能音效素材】655544319933.zip,Cinetools Witchcraft/Designer Tools/Elemental/Sand&Gravel&Pebble/WC_Sand&Gravel&Pebble_Trickle_small_CT.wav,6912044,8551d314,OK,/volume1/主目录/Collection/素材&模板&音库/音效/02_中文音效合集/魔法法术咒语技能释放音效/Cinetools Witchcraft/Designer Tools/Elemental/Sand&Gravel&Pebble/WC_Sand&Gravel&Pebble_Trickle_small_CT.wav
Cinetools Witchcraft【黑暗魔法巫术风火雷电咒语游戏技能音效素材】655544319933.zip,Cinetools Witchcraft/Designer Tools/Elemental/Sand&Gravel&Pebble/WC_Sand&Gravel&Pebble_Wiggle_medium_CT.wav,1872044,a9da15ad,OK,/volume1/主目录/Collection/素材&模板&音库/音效/02_中文音效合集/魔法法术咒语技能释放音效/Cinetools Witchcraft/Designer Tools/Elemental/Sand&Gravel&Pebble/WC_Sand&Gravel&Pebble_Wiggle_medium_CT.wav
Cinetools Witchcraft【黑暗魔法巫术风火雷电咒语游戏技能音效素材】655544319933.zip,Cinetools Witchcraft/Designer Tools/Elemental/Wind/WC_Wind_Breeze_CT.wav,43776124,1d3d8fd5,OK,/volume1/主目录/Collection/素材&模板&音库/音效/02_中文音效合集/魔法法术咒语技能释放音效/Cinetools Witchcraft/Designer Tools/Elemental/Wind/WC_Wind_Breeze_CT.wav
Cinetools Witchcraft【黑暗魔法巫术风火雷电咒语游戏技能音效素材】655544319933.zip,Cinetools Witchcraft/Designer Tools/Elemental/Wind/WC_Wind_Gust_CT.wav,36864124,2e183efa,OK,/volume1/主目录/Collection/素材&模板&音库/音效/02_中文音效合集/魔法法术咒语技能释放音效/Cinetools Witchcraft/Designer Tools/Elemental/Wind/WC_Wind_Gust_CT.wav
Cinetools Witchcraft【黑暗魔法巫术风火雷电咒语游戏技能音效素材】655544319933.zip,Cinetools Witchcraft/Designer Tools/Elemental/Wind/WC_Wind_Moaning2_CT.wav,34560124,9fe22fb2,OK,/volume1/主目录/Collection/素材&模板&音库/音效/02_中文音效合集/魔法法术咒语技能释放音效/Cinetools Witchcraft/Designer Tools/Elemental/Wind/WC_Wind_Moaning2_CT.wav
Cinetools Witchcraft【黑暗魔法巫术风火雷电咒语游戏技能音效素材】655544319933.zip,Cinetools Witchcraft/Designer Tools/Elemental/Wind/WC_Wind_Moaning3_CT.wav,50688124,cadebd6c,OK,/volume1/主目录/Collection/素材&模板&音库/音效/02_中文音效合集/魔法法术咒语技能释放音效/Cinetools Witchcraft/Designer Tools/Elemental/Wind/WC_Wind_Moaning3_CT.wav
Cinetools Witchcraft【黑暗魔法巫术风火雷电咒语游戏技能音效素材】655544319933.zip,Cinetools Witchcraft/Designer Tools/Elemental/Wind/WC_Wind_Moaning_CT.wav,46080124,d0385458,OK,/volume1/主目录/Collection/素材&模板&音库/音效/02_中文音效合集/魔法法术咒语技能释放音效/Cinetools Witchcraft/Designer Tools/Elemental/Wind/WC_Wind_Moaning_CT.wav
Cinetools Witchcraft【黑暗魔法巫术风火雷电咒语游戏技能音效素材】655544319933.zip,Cinetools Witchcraft/Designer Tools/Elemental/Wind/WC_Wind_Simoom_CT.wav,39168124,8f11961d,OK,/volume1/主目录/Collection/素材&模板&音库/音效/02_中文音效合集/魔法法术咒语技能释放音效/Cinetools Witchcraft/Designer Tools/Elemental/Wind/WC_Wind_Simoom_CT.wav
Cinetools Witchcraft【黑暗魔法巫术风火雷电咒语游戏技能音效素材】655544319933.zip,Cinetools Witchcraft/Designer Tools/Elemental/Wind/WC_Wind_WinterWind2_CT.wav,46080124,f345f2a0,OK,/volume1/主目录/Collection/素材&模板&音库/音效/02_中文音效合集/魔法法术咒语技能释放音效/Cinetools Witchcraft/Designer Tools/Elemental/Wind/WC_Wind_WinterWind2_CT.wav
Cinetools Witchcraft【黑暗魔法巫术风火雷电咒语游戏技能音效素材】655544319933.zip,Cinetools Witchcraft/Designer Tools/Elemental/Wind/WC_Wind_WinterWind3_CT.wav,46080124,e2b8db65,OK,/volume1/主目录/Collection/素材&模板&音库/音效/02_中文音效合集/魔法法术咒语技能释放音效/Cinetools Witchcraft/Designer Tools/Elemental/Wind/WC_Wind_WinterWind3_CT.wav
Cinetools Witchcraft【黑暗魔法巫术风火雷电咒语游戏技能音效素材】655544319933.zip,Cinetools Witchcraft/Designer Tools/Elemental/Wind/WC_Wind_WinterWind4_CT.wav,34560124,d80637f3,OK,/volume1/主目录/Collection/素材&模板&音库/音效/02_中文音效合集/魔法法术咒语技能释放音效/Cinetools Witchcraft/Designer Tools/Elemental/Wind/WC_Wind_WinterWind4_CT.wav
Cinetools Witchcraft【黑暗魔法巫术风火雷电咒语游戏技能音效素材】655544319933.zip,Cinetools Witchcraft/Designer Tools/Elemental/Wind/WC_Wind_WinterWind_CT.wav,46080124,b879ef7f,OK,/volume1/主目录/Collection/素材&模板&音库/音效/03_项目素材/LTT_V30All/WC_Wind_WinterWind_CT.wav
Cinetools Witchcraft【黑暗魔法巫术风火雷电咒语游戏技能音效素材】655544319933.zip,Cinetools Witchcraft/Designer Tools/Elemental/Wood/WC_Wood_Crackle2_CT.wav,2152588,e51d163e,OK,/volume1/主目录/Collection/素材&模板&音库/音效/02_中文音效合集/魔法法术咒语技能释放音效/Cinetools Witchcraft/Designer Tools/Elemental/Wood/WC_Wood_Crackle2_CT.wav
Cinetools Witchcraft【黑暗魔法巫术风火雷电咒语游戏技能音效素材】655544319933.zip,Cinetools Witchcraft/Designer Tools/Elemental/Wood/WC_Wood_Crackle_CT.wav,6572906,763b3ec4,OK,/volume1/主目录/Collection/素材&模板&音库/音效/02_中文音效合集/魔法法术咒语技能释放音效/Cinetools Witchcraft/Designer Tools/Elemental/Wood/WC_Wood_Crackle_CT.wav
Cinetools Witchcraft【黑暗魔法巫术风火雷电咒语游戏技能音效素材】655544319933.zip,Cinetools Witchcraft/Designer Tools/Elemental/Wood/WC_Wood_Crunch_CT.wav,10764044,e56c4408,OK,/volume1/主目录/Collection/素材&模板&音库/音效/02_中文音效合集/魔法法术咒语技能释放音效/Cinetools Witchcraft/Designer Tools/Elemental/Wood/WC_Wood_Crunch_CT.wav
Cinetools Witchcraft【黑暗魔法巫术风火雷电咒语游戏技能音效素材】655544319933.zip,Cinetools Witchcraft/Designer Tools/Elemental/Wood/WC_Wood_Fall_impact_small_CT.wav,582236,5d79f1d9,OK,/volume1/主目录/Collection/素材&模板&音库/音效/02_中文音效合集/魔法法术咒语技能释放音效/Cinetools Witchcraft/Designer Tools/Elemental/Wood/WC_Wood_Fall_impact_small_CT.wav
Cinetools Witchcraft【黑暗魔法巫术风火雷电咒语游戏技能音效素材】655544319933.zip,Cinetools Witchcraft/Designer Tools/Elemental/Wood/WC_Wood_Fall_medium2_CT.wav,2520044,c51af156,OK,/volume1/主目录/Collection/素材&模板&音库/音效/02_中文音效合集/魔法法术咒语技能释放音效/Cinetools Witchcraft/Designer Tools/Elemental/Wood/WC_Wood_Fall_medium2_CT.wav
Cinetools Witchcraft【黑暗魔法巫术风火雷电咒语游戏技能音效素材】655544319933.zip,Cinetools Witchcraft/Designer Tools/Elemental/Wood/WC_Wood_Fall_medium3_CT.wav,1332044,87e0e952,OK,/volume1/主目录/Collection/素材&模板&音库/音效/02_中文音效合集/魔法法术咒语技能释放音效/Cinetools Witchcraft/Designer Tools/Elemental/Wood/WC_Wood_Fall_medium3_CT.wav
Cinetools Witchcraft【黑暗魔法巫术风火雷电咒语游戏技能音效素材】655544319933.zip,Cinetools Witchcraft/Designer Tools/Elemental/Wood/WC_Wood_Fall_medium_CT.wav,3778340,f16b5f5f,OK,/volume1/主目录/Collection/素材&模板&音库/音效/02_中文音效合集/魔法法术咒语技能释放音效/Cinetools Witchcraft/Designer Tools/Elemental/Wood/WC_Wood_Fall_medium_CT.wav
Cinetools Witchcraft【黑暗魔法巫术风火雷电咒语游戏技能音效素材】655544319933.zip,Cinetools Witchcraft/Designer Tools/Elemental/Wood/WC_Wood_Rustle_Branch2_CT.wav,5499392,78c80f3b,OK,/volume1/主目录/Collection/素材&模板&音库/音效/02_中文音效合集/魔法法术咒语技能释放音效/Cinetools Witchcraft/Designer Tools/Elemental/Wood/WC_Wood_Rustle_Branch2_CT.wav
Cinetools Witchcraft【黑暗魔法巫术风火雷电咒语游戏技能音效素材】655544319933.zip,Cinetools Witchcraft/Designer Tools/Elemental/Wood/WC_Wood_Rustle_Branch3_CT.wav,5233924,3e88fc19,OK,/volume1/主目录/Collection/素材&模板&音库/音效/02_中文音效合集/魔法法术咒语技能释放音效/Cinetools Witchcraft/Designer Tools/Elemental/Wood/WC_Wood_Rustle_Branch3_CT.wav
Cinetools Witchcraft【黑暗魔法巫术风火雷电咒语游戏技能音效素材】655544319933.zip,Cinetools Witchcraft/Designer Tools/Elemental/Wood/WC_Wood_Rustle_Branch4_CT.wav,2780672,aa665a12,OK,/volume1/主目录/Collection/素材&模板&音库/音效/02_中文音效合集/魔法法术咒语技能释放音效/Cinetools Witchcraft/Designer Tools/Elemental/Wood/WC_Wood_Rustle_Branch4_CT.wav
Cinetools Witchcraft【黑暗魔法巫术风火雷电咒语游戏技能音效素材】655544319933.zip,Cinetools Witchcraft/Designer Tools/Elemental/Wood/WC_Wood_Rustle_Branch5_CT.wav,5384192,69e641ae,OK,/volume1/主目录/Collection/素材&模板&音库/音效/02_中文音效合集/魔法法术咒语技能释放音效/Cinetools Witchcraft/Designer Tools/Elemental/Wood/WC_Wood_Rustle_Branch5_CT.wav
Cinetools Witchcraft【黑暗魔法巫术风火雷电咒语游戏技能音效素材】655544319933.zip,Cinetools Witchcraft/Designer Tools/Elemental/Wood/WC_Wood_Rustle_Branch6_CT.wav,3103232,52dea278,OK,/volume1/主目录/Collection/素材&模板&音库/音效/02_中文音效合集/魔法法术咒语技能释放音效/Cinetools Witchcraft/Designer Tools/Elemental/Wood/WC_Wood_Rustle_Branch6_CT.wav
Cinetools Witchcraft【黑暗魔法巫术风火雷电咒语游戏技能音效素材】655544319933.zip,Cinetools Witchcraft/Designer Tools/Elemental/Wood/WC_Wood_Rustle_Branch7_CT.wav,3932672,2e4a98fb,OK,/volume1/主目录/Collection/素材&模板&音库/音效/02_中文音效合集/魔法法术咒语技能释放音效/Cinetools Witchcraft/Designer Tools/Elemental/Wood/WC_Wood_Rustle_Branch7_CT.wav
Cinetools Witchcraft【黑暗魔法巫术风火雷电咒语游戏技能音效素材】655544319933.zip,Cinetools Witchcraft/Designer Tools/Elemental/Wood/WC_Wood_Rustle_Branch_CT.wav,7642112,6aef529c,OK,/volume1/主目录/Collection/素材&模板&音库/音效/02_中文音效合集/魔法法术咒语技能释放音效/Cinetools Witchcraft/Designer Tools/Elemental/Wood/WC_Wood_Rustle_Branch_CT.wav
Cinetools Witchcraft【黑暗魔法巫术风火雷电咒语游戏技能音效素材】655544319933.zip,Cinetools Witchcraft/Designer Tools/Elemental/Wood/WC_Wood_Wiggle_medium2_CT.wav,5832056,84d6bb0f,OK,/volume1/主目录/Collection/素材&模板&音库/音效/02_中文音效合集/魔法法术咒语技能释放音效/Cinetools Witchcraft/Designer Tools/Elemental/Wood/WC_Wood_Wiggle_medium2_CT.wav
Cinetools Witchcraft【黑暗魔法巫术风火雷电咒语游戏技能音效素材】655544319933.zip,Cinetools Witchcraft/Designer Tools/Elemental/Wood/WC_Wood_Wiggle_medium_CT.wav,16200056,6a2c0d88,OK,/volume1/主目录/Collection/素材&模板&音库/音效/02_中文音效合集/魔法法术咒语技能释放音效/Cinetools Witchcraft/Designer Tools/Elemental/Wood/WC_Wood_Wiggle_medium_CT.wav
Cinetools Witchcraft【黑暗魔法巫术风火雷电咒语游戏技能音效素材】655544319933.zip,Cinetools Witchcraft/Designer Tools/Piercer/WC_Piercer_13kHz_CT.wav,24178132,457ac2aa,OK,/volume1/主目录/Collection/素材&模板&音库/音效/02_中文音效合集/魔法法术咒语技能释放音效/Cinetools Witchcraft/Designer Tools/Piercer/WC_Piercer_13kHz_CT.wav
Cinetools Witchcraft【黑暗魔法巫术风火雷电咒语游戏技能音效素材】655544319933.zip,Cinetools Witchcraft/Designer Tools/Piercer/WC_Piercer_Blow_CT.wav,9235610,3a6cd2c4,OK,/volume1/主目录/Collection/素材&模板&音库/音效/02_中文音效合集/魔法法术咒语技能释放音效/Cinetools Witchcraft/Designer Tools/Piercer/WC_Piercer_Blow_CT.wav
Cinetools Witchcraft【黑暗魔法巫术风火雷电咒语游戏技能音效素材】655544319933.zip,Cinetools Witchcraft/Designer Tools/Piercer/WC_Piercer_BoneSaw_CT.wav,3854908,a2c729fb,OK,/volume1/主目录/Collection/素材&模板&音库/音效/02_中文音效合集/魔法法术咒语技能释放音效/Cinetools Witchcraft/Designer Tools/Piercer/WC_Piercer_BoneSaw_CT.wav
Cinetools Witchcraft【黑暗魔法巫术风火雷电咒语游戏技能音效素材】655544319933.zip,Cinetools Witchcraft/Designer Tools/Piercer/WC_Piercer_BouncingString_CT.wav,7196082,a21ab8d3,OK,/volume1/主目录/Collection/素材&模板&音库/音效/02_中文音效合集/魔法法术咒语技能释放音效/Cinetools Witchcraft/Designer Tools/Piercer/WC_Piercer_BouncingString_CT.wav
Cinetools Witchcraft【黑暗魔法巫术风火雷电咒语游戏技能音效素材】655544319933.zip,Cinetools Witchcraft/Designer Tools/Piercer/WC_Piercer_Circuit_CT.wav,5517990,711773fe,NAME_ONLY,/volume1/主目录/Collection/素材&模板&音库/音效/02_中文音效合集/魔法法术咒语技能释放音效/Cinetools Witchcraft/Designer Tools/Piercer/WC_Piercer_Circuit_CT.wav
Cinetools Witchcraft【黑暗魔法巫术风火雷电咒语游戏技能音效素材】655544319933.zip,Cinetools Witchcraft/Designer Tools/Piercer/WC_Piercer_EarDestroyer_CT.wav,4917000,3b8d5379,OK,/volume1/主目录/Collection/素材&模板&音库/音效/02_中文音效合集/魔法法术咒语技能释放音效/Cinetools Witchcraft/Designer Tools/Piercer/WC_Piercer_EarDestroyer_CT.wav
Cinetools Witchcraft【黑暗魔法巫术风火雷电咒语游戏技能音效素材】655544319933.zip,Cinetools Witchcraft/Designer Tools/Piercer/WC_Piercer_Edge_CT.wav,5519792,db85e642,OK,/volume1/主目录/Collection/素材&模板&音库/音效/02_中文音效合集/魔法法术咒语技能释放音效/Cinetools Witchcraft/Designer Tools/Piercer/WC_Piercer_Edge_CT.wav
Cinetools Witchcraft【黑暗魔法巫术风火雷电咒语游戏技能音效素材】655544319933.zip,Cinetools Witchcraft/Designer Tools/Piercer/WC_Piercer_Enchanted_CT.wav,7476464,e1c9f4a0,OK,/volume1/主目录/Collection/素材&模板&音库/音效/02_中文音效合集/魔法法术咒语技能释放音效/Cinetools Witchcraft/Designer Tools/Piercer/WC_Piercer_Enchanted_CT.wav
Cinetools Witchcraft【黑暗魔法巫术风火雷电咒语游戏技能音效素材】655544319933.zip,Cinetools Witchcraft/Designer Tools/Piercer/WC_Piercer_Evolving_CT.wav,20466516,de35026c,OK,/volume1/主目录/Collection/素材&模板&音库/音效/02_中文音效合集/魔法法术咒语技能释放音效/Cinetools Witchcraft/Designer Tools/Piercer/WC_Piercer_Evolving_CT.wav
Cinetools Witchcraft【黑暗魔法巫术风火雷电咒语游戏技能音效素材】655544319933.zip,Cinetools Witchcraft/Designer Tools/Piercer/WC_Piercer_Generic_CT.wav,2175616,e6ee8b19,OK,/volume1/主目录/Collection/素材&模板&音库/音效/02_中文音效合集/魔法法术咒语技能释放音效/Cinetools Witchcraft/Designer Tools/Piercer/WC_Piercer_Generic_CT.wav
Cinetools Witchcraft【黑暗魔法巫术风火雷电咒语游戏技能音效素材】655544319933.zip,Cinetools Witchcraft/Designer Tools/Piercer/WC_Piercer_Glass_CT.wav,8534352,1a521df6,OK,/volume1/主目录/Collection/素材&模板&音库/音效/02_中文音效合集/魔法法术咒语技能释放音效/Cinetools Witchcraft/Designer Tools/Piercer/WC_Piercer_Glass_CT.wav
Cinetools Witchcraft【黑暗魔法巫术风火雷电咒语游戏技能音效素材】655544319933.zip,Cinetools Witchcraft/Designer Tools/Piercer/WC_Piercer_Grim_CT.wav,7479466,5df5c8f3,OK,/volume1/主目录/Collection/素材&模板&音库/音效/02_中文音效合集/魔法法术咒语技能释放音效/Cinetools Witchcraft/Designer Tools/Piercer/WC_Piercer_Grim_CT.wav
Cinetools Witchcraft【黑暗魔法巫术风火雷电咒语游戏技能音效素材】655544319933.zip,Cinetools Witchcraft/Designer Tools/Piercer/WC_Piercer_HeadPain_CT.wav,3638168,801b756f,OK,/volume1/主目录/Collection/素材&模板&音库/音效/02_中文音效合集/魔法法术咒语技能释放音效/Cinetools Witchcraft/Designer Tools/Piercer/WC_Piercer_HeadPain_CT.wav
Cinetools Witchcraft【黑暗魔法巫术风火雷电咒语游戏技能音效素材】655544319933.zip,Cinetools Witchcraft/Designer Tools/Piercer/WC_Piercer_MinorWah_CT.wav,4114278,58a44cfb,OK,/volume1/主目录/Collection/素材&模板&音库/音效/02_中文音效合集/魔法法术咒语技能释放音效/Cinetools Witchcraft/Designer Tools/Piercer/WC_Piercer_MinorWah_CT.wav
Cinetools Witchcraft【黑暗魔法巫术风火雷电咒语游戏技能音效素材】655544319933.zip,Cinetools Witchcraft/Designer Tools/Piercer/WC_Piercer_Nails_CT.wav,9443944,27638bbd,OK,/volume1/主目录/Collection/素材&模板&音库/音效/02_中文音效合集/魔法法术咒语技能释放音效/Cinetools Witchcraft/Designer Tools/Piercer/WC_Piercer_Nails_CT.wav
Cinetools Witchcraft【黑暗魔法巫术风火雷电咒语游戏技能音效素材】655544319933.zip,Cinetools Witchcraft/Designer Tools/Piercer/WC_Piercer_NoiseSteel_CT.wav,4120882,09c591b0,OK,/volume1/主目录/Collection/素材&模板&音库/音效/02_中文音效合集/魔法法术咒语技能释放音效/Cinetools Witchcraft/Designer Tools/Piercer/WC_Piercer_NoiseSteel_CT.wav
Cinetools Witchcraft【黑暗魔法巫术风火雷电咒语游戏技能音效素材】655544319933.zip,Cinetools Witchcraft/Designer Tools/Piercer/WC_Piercer_NoiseWoosh_CT.wav,10784016,71ac722b,NAME_ONLY,/volume1/主目录/Collection/素材&模板&音库/音效/02_中文音效合集/魔法法术咒语技能释放音效/Cinetools Witchcraft/Designer Tools/Piercer/WC_Piercer_NoiseWoosh_CT.wav
Cinetools Witchcraft【黑暗魔法巫术风火雷电咒语游戏技能音效素材】655544319933.zip,Cinetools Witchcraft/Designer Tools/Piercer/WC_Piercer_OnTheHighNote_CT.wav,3151250,1b7e7d3a,OK,/volume1/主目录/Collection/素材&模板&音库/音效/02_中文音效合集/魔法法术咒语技能释放音效/Cinetools Witchcraft/Designer Tools/Piercer/WC_Piercer_OnTheHighNote_CT.wav
Cinetools Witchcraft【黑暗魔法巫术风火雷电咒语游戏技能音效素材】655544319933.zip,Cinetools Witchcraft/Designer Tools/Piercer/WC_Piercer_ReverbCrunch_CT.wav,3428030,0f2593ad,OK,/volume1/主目录/Collection/素材&模板&音库/音效/02_中文音效合集/魔法法术咒语技能释放音效/Cinetools Witchcraft/Designer Tools/Piercer/WC_Piercer_ReverbCrunch_CT.wav
Cinetools Witchcraft【黑暗魔法巫术风火雷电咒语游戏技能音效素材】655544319933.zip,Cinetools Witchcraft/Designer Tools/Piercer/WC_Piercer_RingAmp_CT.wav,13907896,47512d19,OK,/volume1/主目录/Collection/素材&模板&音库/音效/02_中文音效合集/魔法法术咒语技能释放音效/Cinetools Witchcraft/Designer Tools/Piercer/WC_Piercer_RingAmp_CT.wav
Cinetools Witchcraft【黑暗魔法巫术风火雷电咒语游戏技能音效素材】655544319933.zip,Cinetools Witchcraft/Designer Tools/Piercer/WC_Piercer_ShortCircuit_CT.wav,8928210,353de205,OK,/volume1/主目录/Collection/素材&模板&音库/音效/02_中文音效合集/魔法法术咒语技能释放音效/Cinetools Witchcraft/Designer Tools/Piercer/WC_Piercer_ShortCircuit_CT.wav
Cinetools Witchcraft【黑暗魔法巫术风火雷电咒语游戏技能音效素材】655544319933.zip,Cinetools Witchcraft/Designer Tools/Piercer/WC_Piercer_StoneRing_CT.wav,6715170,686f99f4,OK,/volume1/主目录/Collection/素材&模板&音库/音效/02_中文音效合集/魔法法术咒语技能释放音效/Cinetools Witchcraft/Designer Tools/Piercer/WC_Piercer_StoneRing_CT.wav
Cinetools Witchcraft【黑暗魔法巫术风火雷电咒语游戏技能音效素材】655544319933.zip,Cinetools Witchcraft/Designer Tools/Piercer/WC_Piercer_Stunned_CT.wav,22040832,c08079b1,OK,/volume1/主目录/Collection/素材&模板&音库/音效/02_中文音效合集/魔法法术咒语技能释放音效/Cinetools Witchcraft/Designer Tools/Piercer/WC_Piercer_Stunned_CT.wav
Cinetools Witchcraft【黑暗魔法巫术风火雷电咒语游戏技能音效素材】655544319933.zip,Cinetools Witchcraft/Designer Tools/Piercer/WC_Piercer_SwellClip_CT.wav,4187524,b557bb63,OK,/volume1/主目录/Collection/素材&模板&音库/音效/02_中文音效合集/魔法法术咒语技能释放音效/Cinetools Witchcraft/Designer Tools/Piercer/WC_Piercer_SwellClip_CT.wav
Cinetools Witchcraft【黑暗魔法巫术风火雷电咒语游戏技能音效素材】655544319933.zip,Cinetools Witchcraft/Designer Tools/Piercer/WC_Piercer_TinnitusAuris_CT.wav,46434612,22e2676b,NAME_ONLY,/volume1/主目录/Collection/素材&模板&音库/音效/02_中文音效合集/魔法法术咒语技能释放音效/Cinetools Witchcraft/Designer Tools/Piercer/WC_Piercer_TinnitusAuris_CT.wav
Cinetools Witchcraft【黑暗魔法巫术风火雷电咒语游戏技能音效素材】655544319933.zip,Cinetools Witchcraft/Designer Tools/Piercer/WC_Piercer_Tremolo9th_CT.wav,10474816,001e92a8,OK,/volume1/主目录/Collection/素材&模板&音库/音效/02_中文音效合集/魔法法术咒语技能释放音效/Cinetools Witchcraft/Designer Tools/Piercer/WC_Piercer_Tremolo9th_CT.wav
Cinetools Witchcraft【黑暗魔法巫术风火雷电咒语游戏技能音效素材】655544319933.zip,Cinetools Witchcraft/Designer Tools/Piercer/WC_Piercer_Tremor_CT.wav,3944366,d75df747,OK,/volume1/主目录/Collection/素材&模板&音库/音效/02_中文音效合集/魔法法术咒语技能释放音效/Cinetools Witchcraft/Designer Tools/Piercer/WC_Piercer_Tremor_CT.wav
Cinetools Witchcraft【黑暗魔法巫术风火雷电咒语游戏技能音效素材】655544319933.zip,Cinetools Witchcraft/Designer Tools/Piercer/WC_Piercer_Vibra_CT.wav,1839398,fe711d7e,OK,/volume1/主目录/Collection/素材&模板&音库/音效/02_中文音效合集/魔法法术咒语技能释放音效/Cinetools Witchcraft/Designer Tools/Piercer/WC_Piercer_Vibra_CT.wav
Cinetools Witchcraft【黑暗魔法巫术风火雷电咒语游戏技能音效素材】655544319933.zip,Cinetools Witchcraft/Designer Tools/Piercer/WC_Piercer_WhineEcho_CT.wav,6366942,cc220f96,OK,/volume1/主目录/Collection/素材&模板&音库/音效/02_中文音效合集/魔法法术咒语技能释放音效/Cinetools Witchcraft/Designer Tools/Piercer/WC_Piercer_WhineEcho_CT.wav
Cinetools Witchcraft【黑暗魔法巫术风火雷电咒语游戏技能音效素材】655544319933.zip,Cinetools Witchcraft/Designer Tools/Piercer/WC_Piercer_YiiiEeee_CT.wav,7873322,484831b4,OK,/volume1/主目录/Collection/素材&模板&音库/音效/02_中文音效合集/魔法法术咒语技能释放音效/Cinetools Witchcraft/Designer Tools/Piercer/WC_Piercer_YiiiEeee_CT.wav
Cinetools Witchcraft【黑暗魔法巫术风火雷电咒语游戏技能音效素材】655544319933.zip,Cinetools Witchcraft/Designer Tools/Reverse/WC_Reverse_AmpDistort_CT.wav,3943766,9379f670,OK,/volume1/主目录/Collection/素材&模板&音库/音效/02_中文音效合集/魔法法术咒语技能释放音效/Cinetools Witchcraft/Designer Tools/Reverse/WC_Reverse_AmpDistort_CT.wav
Cinetools Witchcraft【黑暗魔法巫术风火雷电咒语游戏技能音效素材】655544319933.zip,Cinetools Witchcraft/Designer Tools/Reverse/WC_Reverse_ClassicStrings_CT.wav,5623058,81430b8d,OK,/volume1/主目录/Collection/素材&模板&音库/音效/02_中文音效合集/魔法法术咒语技能释放音效/Cinetools Witchcraft/Designer Tools/Reverse/WC_Reverse_ClassicStrings_CT.wav
Cinetools Witchcraft【黑暗魔法巫术风火雷电咒语游戏技能音效素材】655544319933.zip,Cinetools Witchcraft/Designer Tools/Reverse/WC_Reverse_CrackleGhost_CT.wav,7144448,44af1c19,OK,/volume1/主目录/Collection/素材&模板&音库/音效/02_中文音效合集/魔法法术咒语技能释放音效/Cinetools Witchcraft/Designer Tools/Reverse/WC_Reverse_CrackleGhost_CT.wav
Cinetools Witchcraft【黑暗魔法巫术风火雷电咒语游戏技能音效素材】655544319933.zip,Cinetools Witchcraft/Designer Tools/Reverse/WC_Reverse_DigitalWoosh_CT.wav,4429482,fb8652d9,OK,/volume1/主目录/Collection/素材&模板&音库/音效/02_中文音效合集/魔法法术咒语技能释放音效/Cinetools Witchcraft/Designer Tools/Reverse/WC_Reverse_DigitalWoosh_CT.wav
Cinetools Witchcraft【黑暗魔法巫术风火雷电咒语游戏技能音效素材】655544319933.zip,Cinetools Witchcraft/Designer Tools/Reverse/WC_Reverse_Distracted_CT.wav,3151250,6e8e97e7,OK,/volume1/主目录/Collection/素材&模板&音库/音效/02_中文音效合集/魔法法术咒语技能释放音效/Cinetools Witchcraft/Designer Tools/Reverse/WC_Reverse_Distracted_CT.wav
Cinetools Witchcraft【黑暗魔法巫术风火雷电咒语游戏技能音效素材】655544319933.zip,Cinetools Witchcraft/Designer Tools/Reverse/WC_Reverse_EchoRing_CT.wav,6975138,fe16d3ba,OK,/volume1/主目录/Collection/素材&模板&音库/音效/02_中文音效合集/魔法法术咒语技能释放音效/Cinetools Witchcraft/Designer Tools/Reverse/WC_Reverse_EchoRing_CT.wav
Cinetools Witchcraft【黑暗魔法巫术风火雷电咒语游戏技能音效素材】655544319933.zip,Cinetools Witchcraft/Designer Tools/Reverse/WC_Reverse_FromTheDeep_CT.wav,6672542,9faa3891,OK,/volume1/主目录/Collection/素材&模板&音库/音效/02_中文音效合集/魔法法术咒语技能释放音效/Cinetools Witchcraft/Designer Tools/Reverse/WC_Reverse_FromTheDeep_CT.wav
Cinetools Witchcraft【黑暗魔法巫术风火雷电咒语游戏技能音效素材】655544319933.zip,Cinetools Witchcraft/Designer Tools/Reverse/WC_Reverse_Glassy_CT.wav,3946168,45248bce,OK,/volume1/主目录/Collection/素材&模板&音库/音效/02_中文音效合集/魔法法术咒语技能释放音效/Cinetools Witchcraft/Designer Tools/Reverse/WC_Reverse_Glassy_CT.wav
Cinetools Witchcraft【黑暗魔法巫术风火雷电咒语游戏技能音效素材】655544319933.zip,Cinetools Witchcraft/Designer Tools/Reverse/WC_Reverse_Grit_CT.wav,4005006,8f4293fd,OK,/volume1/主目录/Collection/素材&模板&音库/音效/02_中文音效合集/魔法法术咒语技能释放音效/Cinetools Witchcraft/Designer Tools/Reverse/WC_Reverse_Grit_CT.wav
Cinetools Witchcraft【黑暗魔法巫术风火雷电咒语游戏技能音效素材】655544319933.zip,Cinetools Witchcraft/Designer Tools/Reverse/WC_Reverse_Ivory_CT.wav,3681996,cd8e60c6,OK,/volume1/主目录/Collection/素材&模板&音库/音效/02_中文音效合集/魔法法术咒语技能释放音效/Cinetools Witchcraft/Designer Tools/Reverse/WC_Reverse_Ivory_CT.wav
Cinetools Witchcraft【黑暗魔法巫术风火雷电咒语游戏技能音效素材】655544319933.zip,Cinetools Witchcraft/Designer Tools/Reverse/WC_Reverse_LowGlitch_CT.wav,7532902,d514947b,OK,/volume1/主目录/Collection/素材&模板&音库/音效/02_中文音效合集/魔法法术咒语技能释放音效/Cinetools Witchcraft/Designer Tools/Reverse/WC_Reverse_LowGlitch_CT.wav
Cinetools Witchcraft【黑暗魔法巫术风火雷电咒语游戏技能音效素材】655544319933.zip,Cinetools Witchcraft/Designer Tools/Reverse/WC_Reverse_Pierce_CT.wav,5725126,36ee675c,OK,/volume1/主目录/Collection/素材&模板&音库/音效/02_中文音效合集/魔法法术咒语技能释放音效/Cinetools Witchcraft/Designer Tools/Reverse/WC_Reverse_Pierce_CT.wav
Cinetools Witchcraft【黑暗魔法巫术风火雷电咒语游戏技能音效素材】655544319933.zip,Cinetools Witchcraft/Designer Tools/Reverse/WC_Reverse_Rotor_CT.wav,4389856,8f921d02,OK,/volume1/主目录/Collection/素材&模板&音库/音效/02_中文音效合集/魔法法术咒语技能释放音效/Cinetools Witchcraft/Designer Tools/Reverse/WC_Reverse_Rotor_CT.wav
Cinetools Witchcraft【黑暗魔法巫术风火雷电咒语游戏技能音效素材】655544319933.zip,Cinetools Witchcraft/Designer Tools/Reverse/WC_Reverse_SimpleWoosh_CT.wav,3120630,a11ef34a,OK,/volume1/主目录/Collection/素材&模板&音库/音效/02_中文音效合集/魔法法术咒语技能释放音效/Cinetools Witchcraft/Designer Tools/Reverse/WC_Reverse_SimpleWoosh_CT.wav
Cinetools Witchcraft【黑暗魔法巫术风火雷电咒语游戏技能音效素材】655544319933.zip,Cinetools Witchcraft/Designer Tools/Reverse/WC_Reverse_Spectre_CT.wav,3549910,e536fdf1,OK,/volume1/主目录/Collection/素材&模板&音库/音效/02_中文音效合集/魔法法术咒语技能释放音效/Cinetools Witchcraft/Designer Tools/Reverse/WC_Reverse_Spectre_CT.wav
Cinetools Witchcraft【黑暗魔法巫术风火雷电咒语游戏技能音效素材】655544319933.zip,Cinetools Witchcraft/Designer Tools/Reverse/WC_Reverse_Stun_CT.wav,2760396,b0d56b0b,OK,/volume1/主目录/Collection/素材&模板&音库/音效/02_中文音效合集/魔法法术咒语技能释放音效/Cinetools Witchcraft/Designer Tools/Reverse/WC_Reverse_Stun_CT.wav
Cinetools Witchcraft【黑暗魔法巫术风火雷电咒语游戏技能音效素材】655544319933.zip,Cinetools Witchcraft/Designer Tools/Reverse/WC_Reverse_TremoloPierce_CT.wav,4727876,2db27d74,OK,/volume1/主目录/Collection/素材&模板&音库/音效/02_中文音效合集/魔法法术咒语技能释放音效/Cinetools Witchcraft/Designer Tools/Reverse/WC_Reverse_TremoloPierce_CT.wav
Cinetools Witchcraft【黑暗魔法巫术风火雷电咒语游戏技能音效素材】655544319933.zip,Cinetools Witchcraft/Designer Tools/Reverse/WC_Reverse_WarehouseDrag_CT.wav,8268980,e2263b1c,OK,/volume1/主目录/Collection/素材&模板&音库/音效/02_中文音效合集/魔法法术咒语技能释放音效/Cinetools Witchcraft/Designer Tools/Reverse/WC_Reverse_WarehouseDrag_CT.wav
Cinetools Witchcraft【黑暗魔法巫术风火雷电咒语游戏技能音效素材】655544319933.zip,Cinetools Witchcraft/Designer Tools/Reverse/WC_Reverse_WarmString_CT.wav,5868018,b3adf700,OK,/volume1/主目录/Collection/素材&模板&音库/音效/02_中文音效合集/魔法法术咒语技能释放音效/Cinetools Witchcraft/Designer Tools/Reverse/WC_Reverse_WarmString_CT.wav
Cinetools Witchcraft【黑暗魔法巫术风火雷电咒语游戏技能音效素材】655544319933.zip,Cinetools Witchcraft/Designer Tools/Reverse/WC_Reverse_Weight_CT.wav,8732482,1e2af8cf,OK,/volume1/主目录/Collection/素材&模板&音库/音效/02_中文音效合集/魔法法术咒语技能释放音效/Cinetools Witchcraft/Designer Tools/Reverse/WC_Reverse_Weight_CT.wav
Cinetools Witchcraft【黑暗魔法巫术风火雷电咒语游戏技能音效素材】655544319933.zip,Cinetools Witchcraft/Designer Tools/Stinger/WC_Stinger_Apparatus_CT.wav,1889230,6e4aba26,OK,/volume1/主目录/Collection/素材&模板&音库/音效/02_中文音效合集/魔法法术咒语技能释放音效/Cinetools Witchcraft/Designer Tools/Stinger/WC_Stinger_Apparatus_CT.wav
Cinetools Witchcraft【黑暗魔法巫术风火雷电咒语游戏技能音效素材】655544319933.zip,Cinetools Witchcraft/Designer Tools/Stinger/WC_Stinger_Brainman_CT.wav,5645920,71bc83de,OK,/volume1/主目录/Collection/素材&模板&音库/音效/03_项目素材/LTT_V30All/WC_Stinger_Brainman_CT.wav
Cinetools Witchcraft【黑暗魔法巫术风火雷电咒语游戏技能音效素材】655544319933.zip,Cinetools Witchcraft/Designer Tools/Stinger/WC_Stinger_Break_CT.wav,4412672,c4086238,OK,/volume1/主目录/Collection/素材&模板&音库/音效/02_中文音效合集/魔法法术咒语技能释放音效/Cinetools Witchcraft/Designer Tools/Stinger/WC_Stinger_Break_CT.wav
Cinetools Witchcraft【黑暗魔法巫术风火雷电咒语游戏技能音效素材】655544319933.zip,Cinetools Witchcraft/Designer Tools/Stinger/WC_Stinger_ComeAgain_CT.wav,3922198,f256e4fe,OK,/volume1/主目录/Collection/素材&模板&音库/音效/02_中文音效合集/魔法法术咒语技能释放音效/Cinetools Witchcraft/Designer Tools/Stinger/WC_Stinger_ComeAgain_CT.wav
Cinetools Witchcraft【黑暗魔法巫术风火雷电咒语游戏技能音效素材】655544319933.zip,Cinetools Witchcraft/Designer Tools/Stinger/WC_Stinger_Digital_CT.wav,3152452,5abc0bfb,OK,/volume1/主目录/Collection/素材&模板&音库/音效/02_中文音效合集/魔法法术咒语技能释放音效/Cinetools Witchcraft/Designer Tools/Stinger/WC_Stinger_Digital_CT.wav
Cinetools Witchcraft【黑暗魔法巫术风火雷电咒语游戏技能音效素材】655544319933.zip,Cinetools Witchcraft/Designer Tools/Stinger/WC_Stinger_Distornoise_CT.wav,4783112,55426d96,OK,/volume1/主目录/Collection/素材&模板&音库/音效/02_中文音效合集/魔法法术咒语技能释放音效/Cinetools Witchcraft/Designer Tools/Stinger/WC_Stinger_Distornoise_CT.wav
Cinetools Witchcraft【黑暗魔法巫术风火雷电咒语游戏技能音效素材】655544319933.zip,Cinetools Witchcraft/Designer Tools/Stinger/WC_Stinger_EarBurn_CT.wav,7089212,0af6d165,OK,/volume1/主目录/Collection/素材&模板&音库/音效/02_中文音效合集/魔法法术咒语技能释放音效/Cinetools Witchcraft/Designer Tools/Stinger/WC_Stinger_EarBurn_CT.wav
Cinetools Witchcraft【黑暗魔法巫术风火雷电咒语游戏技能音效素材】655544319933.zip,Cinetools Witchcraft/Designer Tools/Stinger/WC_Stinger_FMWires_CT.wav,12203940,56b1c0d6,OK,/volume1/主目录/Collection/素材&模板&音库/音效/02_中文音效合集/魔法法术咒语技能释放音效/Cinetools Witchcraft/Designer Tools/Stinger/WC_Stinger_FMWires_CT.wav
Cinetools Witchcraft【黑暗魔法巫术风火雷电咒语游戏技能音效素材】655544319933.zip,Cinetools Witchcraft/Designer Tools/Stinger/WC_Stinger_FadeBit_CT.wav,4334620,08e747be,OK,/volume1/主目录/Collection/素材&模板&音库/音效/02_中文音效合集/魔法法术咒语技能释放音效/Cinetools Witchcraft/Designer Tools/Stinger/WC_Stinger_FadeBit_CT.wav
Cinetools Witchcraft【黑暗魔法巫术风火雷电咒语游戏技能音效素材】655544319933.zip,Cinetools Witchcraft/Designer Tools/Stinger/WC_Stinger_Float_CT.wav,3153652,da18cbeb,OK,/volume1/主目录/Collection/素材&模板&音库/音效/02_中文音效合集/魔法法术咒语技能释放音效/Cinetools Witchcraft/Designer Tools/Stinger/WC_Stinger_Float_CT.wav
Cinetools Witchcraft【黑暗魔法巫术风火雷电咒语游戏技能音效素材】655544319933.zip,Cinetools Witchcraft/Designer Tools/Stinger/WC_Stinger_GrowingFeedback_CT.wav,6759644,19feb72e,OK,/volume1/主目录/Collection/素材&模板&音库/音效/02_中文音效合集/魔法法术咒语技能释放音效/Cinetools Witchcraft/Designer Tools/Stinger/WC_Stinger_GrowingFeedback_CT.wav
Cinetools Witchcraft【黑暗魔法巫术风火雷电咒语游戏技能音效素材】655544319933.zip,Cinetools Witchcraft/Designer Tools/Stinger/WC_Stinger_Hatching_CT.wav,4297996,cfc02a36,OK,/volume1/主目录/Collection/素材&模板&音库/音效/02_中文音效合集/魔法法术咒语技能释放音效/Cinetools Witchcraft/Designer Tools/Stinger/WC_Stinger_Hatching_CT.wav
Cinetools Witchcraft【黑暗魔法巫术风火雷电咒语游戏技能音效素材】655544319933.zip,Cinetools Witchcraft/Designer Tools/Stinger/WC_Stinger_MaxedOut_CT.wav,5674092,1b0216dd,OK,/volume1/主目录/Collection/素材&模板&音库/音效/02_中文音效合集/魔法法术咒语技能释放音效/Cinetools Witchcraft/Designer Tools/Stinger/WC_Stinger_MaxedOut_CT.wav
Cinetools Witchcraft【黑暗魔法巫术风火雷电咒语游戏技能音效素材】655544319933.zip,Cinetools Witchcraft/Designer Tools/Stinger/WC_Stinger_MyEars_CT.wav,4337622,772cf369,OK,/volume1/主目录/Collection/素材&模板&音库/音效/02_中文音效合集/魔法法术咒语技能释放音效/Cinetools Witchcraft/Designer Tools/Stinger/WC_Stinger_MyEars_CT.wav
Cinetools Witchcraft【黑暗魔法巫术风火雷电咒语游戏技能音效素材】655544319933.zip,Cinetools Witchcraft/Designer Tools/Stinger/WC_Stinger_Pot_CT.wav,1973884,2aab8593,OK,/volume1/主目录/Collection/素材&模板&音库/音效/02_中文音效合集/魔法法术咒语技能释放音效/Cinetools Witchcraft/Designer Tools/Stinger/WC_Stinger_Pot_CT.wav
Cinetools Witchcraft【黑暗魔法巫术风火雷电咒语游戏技能音效素材】655544319933.zip,Cinetools Witchcraft/Designer Tools/Stinger/WC_Stinger_Pure_CT.wav,2077798,49df15b1,OK,/volume1/主目录/Collection/素材&模板&音库/音效/02_中文音效合集/魔法法术咒语技能释放音效/Cinetools Witchcraft/Designer Tools/Stinger/WC_Stinger_Pure_CT.wav
Cinetools Witchcraft【黑暗魔法巫术风火雷电咒语游戏技能音效素材】655544319933.zip,Cinetools Witchcraft/Designer Tools/Stinger/WC_Stinger_SatuAmp_CT.wav,6302146,9e63804b,OK,/volume1/主目录/Collection/素材&模板&音库/音效/02_中文音效合集/魔法法术咒语技能释放音效/Cinetools Witchcraft/Designer Tools/Stinger/WC_Stinger_SatuAmp_CT.wav
Cinetools Witchcraft【黑暗魔法巫术风火雷电咒语游戏技能音效素材】655544319933.zip,Cinetools Witchcraft/Designer Tools/Stinger/WC_Stinger_Screech_CT.wav,9449948,fcfd516b,OK,/volume1/主目录/Collection/素材&模板&音库/音效/02_中文音效合集/魔法法术咒语技能释放音效/Cinetools Witchcraft/Designer Tools/Stinger/WC_Stinger_Screech_CT.wav
Cinetools Witchcraft【黑暗魔法巫术风火雷电咒语游戏技能音效素材】655544319933.zip,Cinetools Witchcraft/Designer Tools/Stinger/WC_Stinger_Short3rd_CT.wav,2045932,26fa1cab,OK,/volume1/主目录/Collection/素材&模板&音库/音效/02_中文音效合集/魔法法术咒语技能释放音效/Cinetools Witchcraft/Designer Tools/Stinger/WC_Stinger_Short3rd_CT.wav
Cinetools Witchcraft【黑暗魔法巫术风火雷电咒语游戏技能音效素材】655544319933.zip,Cinetools Witchcraft/Designer Tools/Stinger/WC_Stinger_ShortInsect_CT.wav,2514836,7093644f,OK,/volume1/主目录/Collection/素材&模板&音库/音效/02_中文音效合集/魔法法术咒语技能释放音效/Cinetools Witchcraft/Designer Tools/Stinger/WC_Stinger_ShortInsect_CT.wav
Cinetools Witchcraft【黑暗魔法巫术风火雷电咒语游戏技能音效素材】655544319933.zip,Cinetools Witchcraft/Designer Tools/Stinger/WC_Stinger_SweepClip_CT.wav,3565520,079985ea,OK,/volume1/主目录/Collection/素材&模板&音库/音效/02_中文音效合集/魔法法术咒语技能释放音效/Cinetools Witchcraft/Designer Tools/Stinger/WC_Stinger_SweepClip_CT.wav
Cinetools Witchcraft【黑暗魔法巫术风火雷电咒语游戏技能音效素材】655544319933.zip,Cinetools Witchcraft/Designer Tools/Stinger/WC_Stinger_SwellEcho_CT.wav,11023572,af9dae4f,OK,/volume1/主目录/Collection/素材&模板&音库/音效/02_中文音效合集/魔法法术咒语技能释放音效/Cinetools Witchcraft/Designer Tools/Stinger/WC_Stinger_SwellEcho_CT.wav
Cinetools Witchcraft【黑暗魔法巫术风火雷电咒语游戏技能音效素材】655544319933.zip,Cinetools Witchcraft/Designer Tools/Sub/WC_Sub_DeepImpact_CT.wav,11384408,457bc5c3,OK,/volume1/主目录/Collection/素材&模板&音库/音效/02_中文音效合集/魔法法术咒语技能释放音效/Cinetools Witchcraft/Designer Tools/Sub/WC_Sub_DeepImpact_CT.wav
Cinetools Witchcraft【黑暗魔法巫术风火雷电咒语游戏技能音效素材】655544319933.zip,Cinetools Witchcraft/Designer Tools/Sub/WC_Sub_DirtyTremble_CT.wav,11419276,2ce3525b,OK,/volume1/主目录/Collection/素材&模板&音库/音效/02_中文音效合集/魔法法术咒语技能释放音效/Cinetools Witchcraft/Designer Tools/Sub/WC_Sub_DirtyTremble_CT.wav
Cinetools Witchcraft【黑暗魔法巫术风火雷电咒语游戏技能音效素材】655544319933.zip,Cinetools Witchcraft/Designer Tools/Sub/WC_Sub_FarBlast_CT.wav,10071954,bb1c08e0,OK,/volume1/主目录/Collection/素材&模板&音库/音效/02_中文音效合集/魔法法术咒语技能释放音效/Cinetools Witchcraft/Designer Tools/Sub/WC_Sub_FarBlast_CT.wav
Cinetools Witchcraft【黑暗魔法巫术风火雷电咒语游戏技能音效素材】655544319933.zip,Cinetools Witchcraft/Designer Tools/Sub/WC_Sub_HeavyRepeats_CT.wav,31047846,d5338720,OK,/volume1/主目录/Collection/素材&模板&音库/音效/02_中文音效合集/魔法法术咒语技能释放音效/Cinetools Witchcraft/Designer Tools/Sub/WC_Sub_HeavyRepeats_CT.wav
Cinetools Witchcraft【黑暗魔法巫术风火雷电咒语游戏技能音效素材】655544319933.zip,Cinetools Witchcraft/Designer Tools/Sub/WC_Sub_LongRiser_CT.wav,22772016,9332a99e,OK,/volume1/主目录/Collection/素材&模板&音库/音效/02_中文音效合集/魔法法术咒语技能释放音效/Cinetools Witchcraft/Designer Tools/Sub/WC_Sub_LongRiser_CT.wav
Cinetools Witchcraft【黑暗魔法巫术风火雷电咒语游戏技能音效素材】655544319933.zip,Cinetools Witchcraft/Designer Tools/Sub/WC_Sub_LowSteel_CT.wav,6208440,a5c02834,OK,/volume1/主目录/Collection/素材&模板&音库/音效/02_中文音效合集/魔法法术咒语技能释放音效/Cinetools Witchcraft/Designer Tools/Sub/WC_Sub_LowSteel_CT.wav
Cinetools Witchcraft【黑暗魔法巫术风火雷电咒语游戏技能音效素材】655544319933.zip,Cinetools Witchcraft/Designer Tools/Sub/WC_Sub_SubliminalDrums_CT.wav,39742058,8666e8e6,OK,/volume1/主目录/Collection/素材&模板&音库/音效/02_中文音效合集/魔法法术咒语技能释放音效/Cinetools Witchcraft/Designer Tools/Sub/WC_Sub_SubliminalDrums_CT.wav
Cinetools Witchcraft【黑暗魔法巫术风火雷电咒语游戏技能音效素材】655544319933.zip,Cinetools Witchcraft/Designer Tools/Sub/WC_Sub_TheatherWhine_CT.wav,42891706,c212e2ca,OK,/volume1/主目录/Collection/素材&模板&音库/音效/02_中文音效合集/魔法法术咒语技能释放音效/Cinetools Witchcraft/Designer Tools/Sub/WC_Sub_TheatherWhine_CT.wav
Cinetools Witchcraft【黑暗魔法巫术风火雷电咒语游戏技能音效素材】655544319933.zip,Cinetools Witchcraft/Designer Tools/Sub/WC_Sub_Thud_CT.wav,16160514,a9c3f093,OK,/volume1/主目录/Collection/素材&模板&音库/音效/02_中文音效合集/魔法法术咒语技能释放音效/Cinetools Witchcraft/Designer Tools/Sub/WC_Sub_Thud_CT.wav
Cinetools Witchcraft【黑暗魔法巫术风火雷电咒语游戏技能音效素材】655544319933.zip,Cinetools Witchcraft/Designer Tools/Sub/WC_Sub_WooferDrone_CT.wav,44132714,b8b3eb27,OK,/volume1/主目录/Collection/素材&模板&音库/音效/02_中文音效合集/魔法法术咒语技能释放音效/Cinetools Witchcraft/Designer Tools/Sub/WC_Sub_WooferDrone_CT.wav
Cinetools Witchcraft【黑暗魔法巫术风火雷电咒语游戏技能音效素材】655544319933.zip,Cinetools Witchcraft/Designer Tools/Sweep/WC_Sweep_2nd_CT.wav,9748388,3c545c7e,OK,/volume1/主目录/Collection/素材&模板&音库/音效/02_中文音效合集/魔法法术咒语技能释放音效/Cinetools Witchcraft/Designer Tools/Sweep/WC_Sweep_2nd_CT.wav
Cinetools Witchcraft【黑暗魔法巫术风火雷电咒语游戏技能音效素材】655544319933.zip,Cinetools Witchcraft/Designer Tools/Sweep/WC_Sweep_Barrel_CT.wav,4627010,3d773ba1,OK,/volume1/主目录/Collection/素材&模板&音库/音效/02_中文音效合集/魔法法术咒语技能释放音效/Cinetools Witchcraft/Designer Tools/Sweep/WC_Sweep_Barrel_CT.wav
Cinetools Witchcraft【黑暗魔法巫术风火雷电咒语游戏技能音效素材】655544319933.zip,Cinetools Witchcraft/Designer Tools/Sweep/WC_Sweep_BendDown_CT.wav,14090968,d76491ad,OK,/volume1/主目录/Collection/素材&模板&音库/音效/02_中文音效合集/魔法法术咒语技能释放音效/Cinetools Witchcraft/Designer Tools/Sweep/WC_Sweep_BendDown_CT.wav
Cinetools Witchcraft【黑暗魔法巫术风火雷电咒语游戏技能音效素材】655544319933.zip,Cinetools Witchcraft/Designer Tools/Sweep/WC_Sweep_Bouncing_CT.wav,11339978,dda42900,OK,/volume1/主目录/Collection/素材&模板&音库/音效/02_中文音效合集/魔法法术咒语技能释放音效/Cinetools Witchcraft/Designer Tools/Sweep/WC_Sweep_Bouncing_CT.wav
Cinetools Witchcraft【黑暗魔法巫术风火雷电咒语游戏技能音效素材】655544319933.zip,Cinetools Witchcraft/Designer Tools/Sweep/WC_Sweep_Ceramics_CT.wav,6563270,423fb9b0,OK,/volume1/主目录/Collection/素材&模板&音库/音效/02_中文音效合集/魔法法术咒语技能释放音效/Cinetools Witchcraft/Designer Tools/Sweep/WC_Sweep_Ceramics_CT.wav
Cinetools Witchcraft【黑暗魔法巫术风火雷电咒语游戏技能音效素材】655544319933.zip,Cinetools Witchcraft/Designer Tools/Sweep/WC_Sweep_ChirpHall_CT.wav,13777564,6f7b4596,OK,/volume1/主目录/Collection/素材&模板&音库/音效/02_中文音效合集/魔法法术咒语技能释放音效/Cinetools Witchcraft/Designer Tools/Sweep/WC_Sweep_ChirpHall_CT.wav
Cinetools Witchcraft【黑暗魔法巫术风火雷电咒语游戏技能音效素材】655544319933.zip,Cinetools Witchcraft/Designer Tools/Sweep/WC_Sweep_Chopped_CT.wav,2882876,8fd33dcc,OK,/volume1/主目录/Collection/素材&模板&音库/音效/02_中文音效合集/魔法法术咒语技能释放音效/Cinetools Witchcraft/Designer Tools/Sweep/WC_Sweep_Chopped_CT.wav
Cinetools Witchcraft【黑暗魔法巫术风火雷电咒语游戏技能音效素材】655544319933.zip,Cinetools Witchcraft/Designer Tools/Sweep/WC_Sweep_Cold_CT.wav,4047034,4ecda20e,OK,/volume1/主目录/Collection/素材&模板&音库/音效/02_中文音效合集/魔法法术咒语技能释放音效/Cinetools Witchcraft/Designer Tools/Sweep/WC_Sweep_Cold_CT.wav
Cinetools Witchcraft【黑暗魔法巫术风火雷电咒语游戏技能音效素材】655544319933.zip,Cinetools Witchcraft/Designer Tools/Sweep/WC_Sweep_ConcreteSteel_CT.wav,11240314,e41178ea,OK,/volume1/主目录/Collection/素材&模板&音库/音效/02_中文音效合集/魔法法术咒语技能释放音效/Cinetools Witchcraft/Designer Tools/Sweep/WC_Sweep_ConcreteSteel_CT.wav
Cinetools Witchcraft【黑暗魔法巫术风火雷电咒语游戏技能音效素材】655544319933.zip,Cinetools Witchcraft/Designer Tools/Sweep/WC_Sweep_Construction_CT.wav,14775414,fa523637,OK,/volume1/主目录/Collection/素材&模板&音库/音效/02_中文音效合集/魔法法术咒语技能释放音效/Cinetools Witchcraft/Designer Tools/Sweep/WC_Sweep_Construction_CT.wav
Cinetools Witchcraft【黑暗魔法巫术风火雷电咒语游戏技能音效素材】655544319933.zip,Cinetools Witchcraft/Designer Tools/Sweep/WC_Sweep_Corrupt_CT.wav,9223000,9fc7b881,NAME_ONLY,/volume1/主目录/Collection/素材&模板&音库/音效/02_中文音效合集/魔法法术咒语技能释放音效/Cinetools Witchcraft/Designer Tools/Sweep/WC_Sweep_Corrupt_CT.wav
Cinetools Witchcraft【黑暗魔法巫术风火雷电咒语游戏技能音效素材】655544319933.zip,Cinetools Witchcraft/Designer Tools/Sweep/WC_Sweep_Crit_CT.wav,6251668,0de7f0da,OK,/volume1/主目录/Collection/素材&模板&音库/音效/02_中文音效合集/魔法法术咒语技能释放音效/Cinetools Witchcraft/Designer Tools/Sweep/WC_Sweep_Crit_CT.wav
Cinetools Witchcraft【黑暗魔法巫术风火雷电咒语游戏技能音效素材】655544319933.zip,Cinetools Witchcraft/Designer Tools/Sweep/WC_Sweep_DarkSwell_CT.wav,9371898,b8e146c8,NAME_ONLY,/volume1/主目录/Collection/素材&模板&音库/音效/03_项目素材/LTT_V30All/WC_Sweep_DarkSwell_CT.wav
Cinetools Witchcraft【黑暗魔法巫术风火雷电咒语游戏技能音效素材】655544319933.zip,Cinetools Witchcraft/Designer Tools/Sweep/WC_Sweep_Distant_CT.wav,13243818,da9f435e,OK,/volume1/主目录/Collection/素材&模板&音库/音效/02_中文音效合集/魔法法术咒语技能释放音效/Cinetools Witchcraft/Designer Tools/Sweep/WC_Sweep_Distant_CT.wav
Cinetools Witchcraft【黑暗魔法巫术风火雷电咒语游戏技能音效素材】655544319933.zip,Cinetools Witchcraft/Designer Tools/Sweep/WC_Sweep_DownTheDrain_CT.wav,5238208,9db35f18,OK,/volume1/主目录/Collection/素材&模板&音库/音效/02_中文音效合集/魔法法术咒语技能释放音效/Cinetools Witchcraft/Designer Tools/Sweep/WC_Sweep_DownTheDrain_CT.wav
Cinetools Witchcraft【黑暗魔法巫术风火雷电咒语游戏技能音效素材】655544319933.zip,Cinetools Witchcraft/Designer Tools/Sweep/WC_Sweep_DragEcho_CT.wav,4727876,0b4d3121,OK,/volume1/主目录/Collection/素材&模板&音库/音效/02_中文音效合集/魔法法术咒语技能释放音效/Cinetools Witchcraft/Designer Tools/Sweep/WC_Sweep_DragEcho_CT.wav
Cinetools Witchcraft【黑暗魔法巫术风火雷电咒语游戏技能音效素材】655544319933.zip,Cinetools Witchcraft/Designer Tools/Sweep/WC_Sweep_DriftGhost_CT.wav,8457502,328f9298,OK,/volume1/主目录/Collection/素材&模板&音库/音效/02_中文音效合集/魔法法术咒语技能释放音效/Cinetools Witchcraft/Designer Tools/Sweep/WC_Sweep_DriftGhost_CT.wav
Cinetools Witchcraft【黑暗魔法巫术风火雷电咒语游戏技能音效素材】655544319933.zip,Cinetools Witchcraft/Designer Tools/Sweep/WC_Sweep_EchoWoosh_CT.wav,4978840,e9f85c2d,NAME_ONLY,/volume1/主目录/Collection/素材&模板&音库/音效/02_中文音效合集/魔法法术咒语技能释放音效/Cinetools Witchcraft/Designer Tools/Sweep/WC_Sweep_EchoWoosh_CT.wav
Cinetools Witchcraft【黑暗魔法巫术风火雷电咒语游戏技能音效素材】655544319933.zip,Cinetools Witchcraft/Designer Tools/Sweep/WC_Sweep_FMSwell_CT.wav,7221298,951fb47b,OK,/volume1/主目录/Collection/素材&模板&音库/音效/02_中文音效合集/魔法法术咒语技能释放音效/Cinetools Witchcraft/Designer Tools/Sweep/WC_Sweep_FMSwell_CT.wav
Cinetools Witchcraft【黑暗魔法巫术风火雷电咒语游戏技能音效素材】655544319933.zip,Cinetools Witchcraft/Designer Tools/Sweep/WC_Sweep_FastSuspense_CT.wav,6267878,4afe63e5,OK,/volume1/主目录/Collection/素材&模板&音库/音效/02_中文音效合集/魔法法术咒语技能释放音效/Cinetools Witchcraft/Designer Tools/Sweep/WC_Sweep_FastSuspense_CT.wav
Cinetools Witchcraft【黑暗魔法巫术风火雷电咒语游戏技能音效素材】655544319933.zip,Cinetools Witchcraft/Designer Tools/Sweep/WC_Sweep_FilterVoice_CT.wav,18242114,e6eef5d0,OK,/volume1/主目录/Collection/素材&模板&音库/音效/02_中文音效合集/魔法法术咒语技能释放音效/Cinetools Witchcraft/Designer Tools/Sweep/WC_Sweep_FilterVoice_CT.wav
Cinetools Witchcraft【黑暗魔法巫术风火雷电咒语游戏技能音效素材】655544319933.zip,Cinetools Witchcraft/Designer Tools/Sweep/WC_Sweep_FlutterGhost_CT.wav,5876424,f3ffabe6,OK,/volume1/主目录/Collection/素材&模板&音库/音效/02_中文音效合集/魔法法术咒语技能释放音效/Cinetools Witchcraft/Designer Tools/Sweep/WC_Sweep_FlutterGhost_CT.wav
Cinetools Witchcraft【黑暗魔法巫术风火雷电咒语游戏技能音效素材】655544319933.zip,Cinetools Witchcraft/Designer Tools/Sweep/WC_Sweep_Frostbite_CT.wav,6263076,6877062b,OK,/volume1/主目录/Collection/素材&模板&音库/音效/02_中文音效合集/魔法法术咒语技能释放音效/Cinetools Witchcraft/Designer Tools/Sweep/WC_Sweep_Frostbite_CT.wav
Cinetools Witchcraft【黑暗魔法巫术风火雷电咒语游戏技能音效素材】655544319933.zip,Cinetools Witchcraft/Designer Tools/Sweep/WC_Sweep_GhostTrain_CT.wav,9380904,bbdc2b2d,OK,/volume1/主目录/Collection/素材&模板&音库/音效/02_中文音效合集/魔法法术咒语技能释放音效/Cinetools Witchcraft/Designer Tools/Sweep/WC_Sweep_GhostTrain_CT.wav
Cinetools Witchcraft【黑暗魔法巫术风火雷电咒语游戏技能音效素材】655544319933.zip,Cinetools Witchcraft/Designer Tools/Sweep/WC_Sweep_GlassEnigma_CT.wav,4199532,c35d8da5,NAME_ONLY,/volume1/主目录/Collection/素材&模板&音库/音效/02_中文音效合集/魔法法术咒语技能释放音效/Cinetools Witchcraft/Designer Tools/Sweep/WC_Sweep_GlassEnigma_CT.wav
Cinetools Witchcraft【黑暗魔法巫术风火雷电咒语游戏技能音效素材】655544319933.zip,Cinetools Witchcraft/Designer Tools/Sweep/WC_Sweep_HamRadio_CT.wav,3052186,fc7c6073,OK,/volume1/主目录/Collection/素材&模板&音库/音效/02_中文音效合集/魔法法术咒语技能释放音效/Cinetools Witchcraft/Designer Tools/Sweep/WC_Sweep_HamRadio_CT.wav
Cinetools Witchcraft【黑暗魔法巫术风火雷电咒语游戏技能音效素材】655544319933.zip,Cinetools Witchcraft/Designer Tools/Sweep/WC_Sweep_Heavy_CT.wav,5921452,678b02fa,OK,/volume1/主目录/Collection/素材&模板&音库/音效/02_中文音效合集/魔法法术咒语技能释放音效/Cinetools Witchcraft/Designer Tools/Sweep/WC_Sweep_Heavy_CT.wav
Cinetools Witchcraft【黑暗魔法巫术风火雷电咒语游戏技能音效素材】655544319933.zip,Cinetools Witchcraft/Designer Tools/Sweep/WC_Sweep_Industrial_CT.wav,10955128,8bc0c746,OK,/volume1/主目录/Collection/素材&模板&音库/音效/02_中文音效合集/魔法法术咒语技能释放音效/Cinetools Witchcraft/Designer Tools/Sweep/WC_Sweep_Industrial_CT.wav
Cinetools Witchcraft【黑暗魔法巫术风火雷电咒语游戏技能音效素材】655544319933.zip,Cinetools Witchcraft/Designer Tools/Sweep/WC_Sweep_LR_CT.wav,10808032,b8a871e7,OK,/volume1/主目录/Collection/素材&模板&音库/音效/02_中文音效合集/魔法法术咒语技能释放音效/Cinetools Witchcraft/Designer Tools/Sweep/WC_Sweep_LR_CT.wav
Cinetools Witchcraft【黑暗魔法巫术风火雷电咒语游戏技能音效素材】655544319933.zip,Cinetools Witchcraft/Designer Tools/Sweep/WC_Sweep_Many_CT.wav,5496376,10028f05,OK,/volume1/主目录/Collection/素材&模板&音库/音效/02_中文音效合集/魔法法术咒语技能释放音效/Cinetools Witchcraft/Designer Tools/Sweep/WC_Sweep_Many_CT.wav
Cinetools Witchcraft【黑暗魔法巫术风火雷电咒语游戏技能音效素材】655544319933.zip,Cinetools Witchcraft/Designer Tools/Sweep/WC_Sweep_MetalHowl_CT.wav,8503734,37ffd47b,OK,/volume1/主目录/Collection/素材&模板&音库/音效/02_中文音效合集/魔法法术咒语技能释放音效/Cinetools Witchcraft/Designer Tools/Sweep/WC_Sweep_MetalHowl_CT.wav
Cinetools Witchcraft【黑暗魔法巫术风火雷电咒语游戏技能音效素材】655544319933.zip,Cinetools Witchcraft/Designer Tools/Sweep/WC_Sweep_MetallicSweep_CT.wav,11528500,14933912,OK,/volume1/主目录/Collection/素材&模板&音库/音效/02_中文音效合集/魔法法术咒语技能释放音效/Cinetools Witchcraft/Designer Tools/Sweep/WC_Sweep_MetallicSweep_CT.wav
Cinetools Witchcraft【黑暗魔法巫术风火雷电咒语游戏技能音效素材】655544319933.zip,Cinetools Witchcraft/Designer Tools/Sweep/WC_Sweep_Mystery_CT.wav,9443944,a80c83f2,OK,/volume1/主目录/Collection/素材&模板&音库/音效/02_中文音效合集/魔法法术咒语技能释放音效/Cinetools Witchcraft/Designer Tools/Sweep/WC_Sweep_Mystery_CT.wav
Cinetools Witchcraft【黑暗魔法巫术风火雷电咒语游戏技能音效素材】655544319933.zip,Cinetools Witchcraft/Designer Tools/Sweep/WC_Sweep_Nasty_CT.wav,5545608,2de84cf8,NAME_ONLY,/volume1/主目录/Collection/素材&模板&音库/音效/02_中文音效合集/魔法法术咒语技能释放音效/Cinetools Witchcraft/Designer Tools/Sweep/WC_Sweep_Nasty_CT.wav
Cinetools Witchcraft【黑暗魔法巫术风火雷电咒语游戏技能音效素材】655544319933.zip,Cinetools Witchcraft/Designer Tools/Sweep/WC_Sweep_Noiser_CT.wav,4035026,1d97a3d5,OK,/volume1/主目录/Collection/素材&模板&音库/音效/02_中文音效合集/魔法法术咒语技能释放音效/Cinetools Witchcraft/Designer Tools/Sweep/WC_Sweep_Noiser_CT.wav
Cinetools Witchcraft【黑暗魔法巫术风火雷电咒语游戏技能音效素材】655544319933.zip,Cinetools Witchcraft/Designer Tools/Sweep/WC_Sweep_PhysicalFilter_CT.wav,10184226,329cbc20,OK,/volume1/主目录/Collection/素材&模板&音库/音效/02_中文音效合集/魔法法术咒语技能释放音效/Cinetools Witchcraft/Designer Tools/Sweep/WC_Sweep_PhysicalFilter_CT.wav
Cinetools Witchcraft【黑暗魔法巫术风火雷电咒语游戏技能音效素材】655544319933.zip,Cinetools Witchcraft/Designer Tools/Sweep/WC_Sweep_Repeats_CT.wav,3459250,53c79a68,OK,/volume1/主目录/Collection/素材&模板&音库/音效/02_中文音效合集/魔法法术咒语技能释放音效/Cinetools Witchcraft/Designer Tools/Sweep/WC_Sweep_Repeats_CT.wav
Cinetools Witchcraft【黑暗魔法巫术风火雷电咒语游戏技能音效素材】655544319933.zip,Cinetools Witchcraft/Designer Tools/Sweep/WC_Sweep_RhythmicBell_CT.wav,8381854,a655c710,OK,/volume1/主目录/Collection/素材&模板&音库/音效/02_中文音效合集/魔法法术咒语技能释放音效/Cinetools Witchcraft/Designer Tools/Sweep/WC_Sweep_RhythmicBell_CT.wav
Cinetools Witchcraft【黑暗魔法巫术风火雷电咒语游戏技能音效素材】655544319933.zip,Cinetools Witchcraft/Designer Tools/Sweep/WC_Sweep_Room_CT.wav,1118974,bc3d5683,OK,/volume1/主目录/Collection/素材&模板&音库/音效/02_中文音效合集/魔法法术咒语技能释放音效/Cinetools Witchcraft/Designer Tools/Sweep/WC_Sweep_Room_CT.wav
Cinetools Witchcraft【黑暗魔法巫术风火雷电咒语游戏技能音效素材】655544319933.zip,Cinetools Witchcraft/Designer Tools/Sweep/WC_Sweep_ScrapDrag_CT.wav,14496232,77219785,OK,/volume1/主目录/Collection/素材&模板&音库/音效/02_中文音效合集/魔法法术咒语技能释放音效/Cinetools Witchcraft/Designer Tools/Sweep/WC_Sweep_ScrapDrag_CT.wav
Cinetools Witchcraft【黑暗魔法巫术风火雷电咒语游戏技能音效素材】655544319933.zip,Cinetools Witchcraft/Designer Tools/Sweep/WC_Sweep_Shifter_CT.wav,13378904,4cd50898,OK,/volume1/主目录/Collection/素材&模板&音库/音效/02_中文音效合集/魔法法术咒语技能释放音效/Cinetools Witchcraft/Designer Tools/Sweep/WC_Sweep_Shifter_CT.wav
Cinetools Witchcraft【黑暗魔法巫术风火雷电咒语游戏技能音效素材】655544319933.zip,Cinetools Witchcraft/Designer Tools/Sweep/WC_Sweep_ShortBlade_CT.wav,1634064,dd19ff8d,OK,/volume1/主目录/Collection/素材&模板&音库/音效/02_中文音效合集/魔法法术咒语技能释放音效/Cinetools Witchcraft/Designer Tools/Sweep/WC_Sweep_ShortBlade_CT.wav
Cinetools Witchcraft【黑暗魔法巫术风火雷电咒语游戏技能音效素材】655544319933.zip,Cinetools Witchcraft/Designer Tools/Sweep/WC_Sweep_SidetoSide_CT.wav,1212590,68ff863c,OK,/volume1/主目录/Collection/素材&模板&音库/音效/02_中文音效合集/魔法法术咒语技能释放音效/Cinetools Witchcraft/Designer Tools/Sweep/WC_Sweep_SidetoSide_CT.wav
Cinetools Witchcraft【黑暗魔法巫术风火雷电咒语游戏技能音效素材】655544319933.zip,Cinetools Witchcraft/Designer Tools/Sweep/WC_Sweep_SoulCache_CT.wav,9186978,a31cd6a1,OK,/volume1/主目录/Collection/素材&模板&音库/音效/02_中文音效合集/魔法法术咒语技能释放音效/Cinetools Witchcraft/Designer Tools/Sweep/WC_Sweep_SoulCache_CT.wav
Cinetools Witchcraft【黑暗魔法巫术风火雷电咒语游戏技能音效素材】655544319933.zip,Cinetools Witchcraft/Designer Tools/Sweep/WC_Sweep_SpringSuck_CT.wav,1656278,4ed7e994,NAME_ONLY,/volume1/主目录/Collection/素材&模板&音库/音效/02_中文音效合集/魔法法术咒语技能释放音效/Cinetools Witchcraft/Designer Tools/Sweep/WC_Sweep_SpringSuck_CT.wav
Cinetools Witchcraft【黑暗魔法巫术风火雷电咒语游戏技能音效素材】655544319933.zip,Cinetools Witchcraft/Designer Tools/Sweep/WC_Sweep_SquareTrem_CT.wav,5298248,6fa8bb26,OK,/volume1/主目录/Collection/素材&模板&音库/音效/02_中文音效合集/魔法法术咒语技能释放音效/Cinetools Witchcraft/Designer Tools/Sweep/WC_Sweep_SquareTrem_CT.wav
Cinetools Witchcraft【黑暗魔法巫术风火雷电咒语游戏技能音效素材】655544319933.zip,Cinetools Witchcraft/Designer Tools/Sweep/WC_Sweep_SteelSting_CT.wav,6301500,dfedf5a0,OK,/volume1/主目录/Collection/素材&模板&音库/音效/02_中文音效合集/魔法法术咒语技能释放音效/Cinetools Witchcraft/Designer Tools/Sweep/WC_Sweep_SteelSting_CT.wav
Cinetools Witchcraft【黑暗魔法巫术风火雷电咒语游戏技能音效素材】655544319933.zip,Cinetools Witchcraft/Designer Tools/Sweep/WC_Sweep_SuddenFright_CT.wav,11528500,5c9712cf,OK,/volume1/主目录/Collection/素材&模板&音库/音效/02_中文音效合集/魔法法术咒语技能释放音效/Cinetools Witchcraft/Designer Tools/Sweep/WC_Sweep_SuddenFright_CT.wav
Cinetools Witchcraft【黑暗魔法巫术风火雷电咒语游戏技能音效素材】655544319933.zip,Cinetools Witchcraft/Designer Tools/Sweep/WC_Sweep_TensionFade_CT.wav,8973238,050c7b26,OK,/volume1/主目录/Collection/素材&模板&音库/音效/02_中文音效合集/魔法法术咒语技能释放音效/Cinetools Witchcraft/Designer Tools/Sweep/WC_Sweep_TensionFade_CT.wav
Cinetools Witchcraft【黑暗魔法巫术风火雷电咒语游戏技能音效素材】655544319933.zip,Cinetools Witchcraft/Designer Tools/Sweep/WC_Sweep_Train_CT.wav,10629716,20cd5a6e,OK,/volume1/主目录/Collection/素材&模板&音库/音效/02_中文音效合集/魔法法术咒语技能释放音效/Cinetools Witchcraft/Designer Tools/Sweep/WC_Sweep_Train_CT.wav
Cinetools Witchcraft【黑暗魔法巫术风火雷电咒语游戏技能音效素材】655544319933.zip,Cinetools Witchcraft/Designer Tools/Sweep/WC_Sweep_Tubal_CT.wav,11472064,e6c21a97,OK,/volume1/主目录/Collection/素材&模板&音库/音效/02_中文音效合集/魔法法术咒语技能释放音效/Cinetools Witchcraft/Designer Tools/Sweep/WC_Sweep_Tubal_CT.wav
Cinetools Witchcraft【黑暗魔法巫术风火雷电咒语游戏技能音效素材】655544319933.zip,Cinetools Witchcraft/Designer Tools/Sweep/WC_Sweep_TubewayDistorition_CT.wav,10433388,3e33d56b,OK,/volume1/主目录/Collection/素材&模板&音库/音效/02_中文音效合集/魔法法术咒语技能释放音效/Cinetools Witchcraft/Designer Tools/Sweep/WC_Sweep_TubewayDistorition_CT.wav
Cinetools Witchcraft【黑暗魔法巫术风火雷电咒语游戏技能音效素材】655544319933.zip,Cinetools Witchcraft/Designer Tools/Sweep/WC_Sweep_Vision_CT.wav,10237060,318f2071,OK,/volume1/主目录/Collection/素材&模板&音库/音效/02_中文音效合集/魔法法术咒语技能释放音效/Cinetools Witchcraft/Designer Tools/Sweep/WC_Sweep_Vision_CT.wav
Cinetools Witchcraft【黑暗魔法巫术风火雷电咒语游戏技能音效素材】655544319933.zip,Cinetools Witchcraft/Designer Tools/Sweep/WC_Sweep_WhineSwell_CT.wav,11411424,b7814493,OK,/volume1/主目录/Collection/素材&模板&音库/音效/02_中文音效合集/魔法法术咒语技能释放音效/Cinetools Witchcraft/Designer Tools/Sweep/WC_Sweep_WhineSwell_CT.wav
Cinetools Witchcraft【黑暗魔法巫术风火雷电咒语游戏技能音效素材】655544319933.zip,Cinetools Witchcraft/Designer Tools/Texture/WC_Texture_AMillionBells_CT.wav,62975374,fed6e168,OK,/volume1/主目录/Collection/素材&模板&音库/音效/02_中文音效合集/魔法法术咒语技能释放音效/Cinetools Witchcraft/Designer Tools/Texture/WC_Texture_AMillionBells_CT.wav
Cinetools Witchcraft【黑暗魔法巫术风火雷电咒语游戏技能音效素材】655544319933.zip,Cinetools Witchcraft/Designer Tools/Texture/WC_Texture_Alone_CT.wav,45266252,039011b7,OK,/volume1/主目录/Collection/素材&模板&音库/音效/02_中文音效合集/魔法法术咒语技能释放音效/Cinetools Witchcraft/Designer Tools/Texture/WC_Texture_Alone_CT.wav
Cinetools Witchcraft【黑暗魔法巫术风火雷电咒语游戏技能音效素材】655544319933.zip,Cinetools Witchcraft/Designer Tools/Texture/WC_Texture_Bit-Death_CT.wav,41713140,f0045396,OK,/volume1/主目录/Collection/素材&模板&音库/音效/02_中文音效合集/魔法法术咒语技能释放音效/Cinetools Witchcraft/Designer Tools/Texture/WC_Texture_Bit-Death_CT.wav
Cinetools Witchcraft【黑暗魔法巫术风火雷电咒语游戏技能音效素材】655544319933.zip,Cinetools Witchcraft/Designer Tools/Texture/WC_Texture_Bowed_CT.wav,59010394,e0e278d4,OK,/volume1/主目录/Collection/素材&模板&音库/音效/02_中文音效合集/魔法法术咒语技能释放音效/Cinetools Witchcraft/Designer Tools/Texture/WC_Texture_Bowed_CT.wav
Cinetools Witchcraft【黑暗魔法巫术风火雷电咒语游戏技能音效素材】655544319933.zip,Cinetools Witchcraft/Designer Tools/Texture/WC_Texture_BuildingFeedbacks_CT.wav,142836332,297b78f0,OK,/volume1/主目录/Collection/素材&模板&音库/音效/02_中文音效合集/魔法法术咒语技能释放音效/Cinetools Witchcraft/Designer Tools/Texture/WC_Texture_BuildingFeedbacks_CT.wav
Cinetools Witchcraft【黑暗魔法巫术风火雷电咒语游戏技能音效素材】655544319933.zip,Cinetools Witchcraft/Designer Tools/Texture/WC_Texture_Changing_CT.wav,23984852,9c20d994,OK,/volume1/主目录/Collection/素材&模板&音库/音效/02_中文音效合集/魔法法术咒语技能释放音效/Cinetools Witchcraft/Designer Tools/Texture/WC_Texture_Changing_CT.wav
Cinetools Witchcraft【黑暗魔法巫术风火雷电咒语游戏技能音效素材】655544319933.zip,Cinetools Witchcraft/Designer Tools/Texture/WC_Texture_Chopped_CT.wav,7967630,21980901,OK,/volume1/主目录/Collection/素材&模板&音库/音效/02_中文音效合集/魔法法术咒语技能释放音效/Cinetools Witchcraft/Designer Tools/Texture/WC_Texture_Chopped_CT.wav
Cinetools Witchcraft【黑暗魔法巫术风火雷电咒语游戏技能音效素材】655544319933.zip,Cinetools Witchcraft/Designer Tools/Texture/WC_Texture_ClassicTension_CT.wav,84203984,2eea5511,NAME_ONLY,/volume1/主目录/Collection/素材&模板&音库/音效/02_中文音效合集/魔法法术咒语技能释放音效/Cinetools Witchcraft/Designer Tools/Texture/WC_Texture_ClassicTension_CT.wav
Cinetools Witchcraft【黑暗魔法巫术风火雷电咒语游戏技能音效素材】655544319933.zip,Cinetools Witchcraft/Designer Tools/Texture/WC_Texture_DeadRocker_CT.wav,15146454,98c3c3a7,OK,/volume1/主目录/Collection/素材&模板&音库/音效/02_中文音效合集/魔法法术咒语技能释放音效/Cinetools Witchcraft/Designer Tools/Texture/WC_Texture_DeadRocker_CT.wav
Cinetools Witchcraft【黑暗魔法巫术风火雷电咒语游戏技能音效素材】655544319933.zip,Cinetools Witchcraft/Designer Tools/Texture/WC_Texture_DeepCity_CT.wav,54959004,ef931381,OK,/volume1/主目录/Collection/素材&模板&音库/音效/02_中文音效合集/魔法法术咒语技能释放音效/Cinetools Witchcraft/Designer Tools/Texture/WC_Texture_DeepCity_CT.wav
Cinetools Witchcraft【黑暗魔法巫术风火雷电咒语游戏技能音效素材】655544319933.zip,Cinetools Witchcraft/Designer Tools/Texture/WC_Texture_DirtySuspence_CT.wav,57081938,e293aa74,OK,/volume1/主目录/Collection/素材&模板&音库/音效/02_中文音效合集/魔法法术咒语技能释放音效/Cinetools Witchcraft/Designer Tools/Texture/WC_Texture_DirtySuspence_CT.wav
Cinetools Witchcraft【黑暗魔法巫术风火雷电咒语游戏技能音效素材】655544319933.zip,Cinetools Witchcraft/Designer Tools/Texture/WC_Texture_ElectricalMangle_CT.wav,64535788,7f1a42a7,OK,/volume1/主目录/Collection/素材&模板&音库/音效/02_中文音效合集/魔法法术咒语技能释放音效/Cinetools Witchcraft/Designer Tools/Texture/WC_Texture_ElectricalMangle_CT.wav
Cinetools Witchcraft【黑暗魔法巫术风火雷电咒语游戏技能音效素材】655544319933.zip,Cinetools Witchcraft/Designer Tools/Texture/WC_Texture_EvilPresence_CT.wav,57840878,62a3119b,OK,/volume1/主目录/Collection/素材&模板&音库/音效/02_中文音效合集/魔法法术咒语技能释放音效/Cinetools Witchcraft/Designer Tools/Texture/WC_Texture_EvilPresence_CT.wav
Cinetools Witchcraft【黑暗魔法巫术风火雷电咒语游戏技能音效素材】655544319933.zip,Cinetools Witchcraft/Designer Tools/Texture/WC_Texture_FlatlineStruggle_CT.wav,37230624,dd07e1a6,OK,/volume1/主目录/Collection/素材&模板&音库/音效/02_中文音效合集/魔法法术咒语技能释放音效/Cinetools Witchcraft/Designer Tools/Texture/WC_Texture_FlatlineStruggle_CT.wav
Cinetools Witchcraft【黑暗魔法巫术风火雷电咒语游戏技能音效素材】655544319933.zip,Cinetools Witchcraft/Designer Tools/Texture/WC_Texture_GminD_CT.wav,82243710,6b35f388,OK,/volume1/主目录/Collection/素材&模板&音库/音效/02_中文音效合集/魔法法术咒语技能释放音效/Cinetools Witchcraft/Designer Tools/Texture/WC_Texture_GminD_CT.wav
Cinetools Witchcraft【黑暗魔法巫术风火雷电咒语游戏技能音效素材】655544319933.zip,Cinetools Witchcraft/Designer Tools/Texture/WC_Texture_Grinding_CT.wav,11092618,b58ede44,OK,/volume1/主目录/Collection/素材&模板&音库/音效/02_中文音效合集/魔法法术咒语技能释放音效/Cinetools Witchcraft/Designer Tools/Texture/WC_Texture_Grinding_CT.wav
Cinetools Witchcraft【黑暗魔法巫术风火雷电咒语游戏技能音效素材】655544319933.zip,Cinetools Witchcraft/Designer Tools/Texture/WC_Texture_HauntedSwells_CT.wav,85778856,b23c9e9c,OK,/volume1/主目录/Collection/素材&模板&音库/音效/02_中文音效合集/魔法法术咒语技能释放音效/Cinetools Witchcraft/Designer Tools/Texture/WC_Texture_HauntedSwells_CT.wav
Cinetools Witchcraft【黑暗魔法巫术风火雷电咒语游戏技能音效素材】655544319933.zip,Cinetools Witchcraft/Designer Tools/Texture/WC_Texture_Ironic_CT.wav,52762728,32bc401f,OK,/volume1/主目录/Collection/素材&模板&音库/音效/02_中文音效合集/魔法法术咒语技能释放音效/Cinetools Witchcraft/Designer Tools/Texture/WC_Texture_Ironic_CT.wav
Cinetools Witchcraft【黑暗魔法巫术风火雷电咒语游戏技能音效素材】655544319933.zip,Cinetools Witchcraft/Designer Tools/Texture/WC_Texture_Lost_CT.wav,64924888,e16a2594,OK,/volume1/主目录/Collection/素材&模板&音库/音效/02_中文音效合集/魔法法术咒语技能释放音效/Cinetools Witchcraft/Designer Tools/Texture/WC_Texture_Lost_CT.wav
Cinetools Witchcraft【黑暗魔法巫术风火雷电咒语游戏技能音效素材】655544319933.zip,Cinetools Witchcraft/Designer Tools/Texture/WC_Texture_MetallicEntities_CT.wav,33451164,7e88e530,OK,/volume1/主目录/Collection/素材&模板&音库/音效/02_中文音效合集/魔法法术咒语技能释放音效/Cinetools Witchcraft/Designer Tools/Texture/WC_Texture_MetallicEntities_CT.wav
Cinetools Witchcraft【黑暗魔法巫术风火雷电咒语游戏技能音效素材】655544319933.zip,Cinetools Witchcraft/Designer Tools/Texture/WC_Texture_Noises_CT.wav,54886310,e1ffd390,OK,/volume1/主目录/Collection/素材&模板&音库/音效/02_中文音效合集/魔法法术咒语技能释放音效/Cinetools Witchcraft/Designer Tools/Texture/WC_Texture_Noises_CT.wav
Cinetools Witchcraft【黑暗魔法巫术风火雷电咒语游戏技能音效素材】655544319933.zip,Cinetools Witchcraft/Designer Tools/Texture/WC_Texture_Persistence_CT.wav,70264116,c77d55a2,OK,/volume1/主目录/Collection/素材&模板&音库/音效/02_中文音效合集/魔法法术咒语技能释放音效/Cinetools Witchcraft/Designer Tools/Texture/WC_Texture_Persistence_CT.wav
Cinetools Witchcraft【黑暗魔法巫术风火雷电咒语游戏技能音效素材】655544319933.zip,Cinetools Witchcraft/Designer Tools/Texture/WC_Texture_Raid_CT.wav,46829068,8f5f6c27,OK,/volume1/主目录/Collection/素材&模板&音库/音效/02_中文音效合集/魔法法术咒语技能释放音效/Cinetools Witchcraft/Designer Tools/Texture/WC_Texture_Raid_CT.wav
Cinetools Witchcraft【黑暗魔法巫术风火雷电咒语游戏技能音效素材】655544319933.zip,Cinetools Witchcraft/Designer Tools/Texture/WC_Texture_Resonances_CT.wav,64530986,d4f30ebc,OK,/volume1/主目录/Collection/素材&模板&音库/音效/02_中文音效合集/魔法法术咒语技能释放音效/Cinetools Witchcraft/Designer Tools/Texture/WC_Texture_Resonances_CT.wav
Cinetools Witchcraft【黑暗魔法巫术风火雷电咒语游戏技能音效素材】655544319933.zip,Cinetools Witchcraft/Designer Tools/Texture/WC_Texture_ReverseDissonances_CT.wav,55485546,fcb1b681,OK,/volume1/主目录/Collection/素材&模板&音库/音效/02_中文音效合集/魔法法术咒语技能释放音效/Cinetools Witchcraft/Designer Tools/Texture/WC_Texture_ReverseDissonances_CT.wav
Cinetools Witchcraft【黑暗魔法巫术风火雷电咒语游戏技能音效素材】655544319933.zip,Cinetools Witchcraft/Designer Tools/Texture/WC_Texture_SmoothSteel_CT.wav,75824380,76ccf830,OK,/volume1/主目录/Collection/素材&模板&音库/音效/02_中文音效合集/魔法法术咒语技能释放音效/Cinetools Witchcraft/Designer Tools/Texture/WC_Texture_SmoothSteel_CT.wav
Cinetools Witchcraft【黑暗魔法巫术风火雷电咒语游戏技能音效素材】655544319933.zip,Cinetools Witchcraft/Designer Tools/Texture/WC_Texture_SoulProcessor_CT.wav,25431746,b04c29ee,OK,/volume1/主目录/Collection/素材&模板&音库/音效/02_中文音效合集/魔法法术咒语技能释放音效/Cinetools Witchcraft/Designer Tools/Texture/WC_Texture_SoulProcessor_CT.wav
Cinetools Witchcraft【黑暗魔法巫术风火雷电咒语游戏技能音效素材】655544319933.zip,Cinetools Witchcraft/Designer Tools/Texture/WC_Texture_StillAir_CT.wav,65452630,d72e5498,NAME_ONLY,/volume1/主目录/Collection/素材&模板&音库/音效/02_中文音效合集/魔法法术咒语技能释放音效/Cinetools Witchcraft/Designer Tools/Texture/WC_Texture_StillAir_CT.wav
Cinetools Witchcraft【黑暗魔法巫术风火雷电咒语游戏技能音效素材】655544319933.zip,Cinetools Witchcraft/Designer Tools/Texture/WC_Texture_SupriseDistort_CT.wav,27168676,ba5ba2ba,OK,/volume1/主目录/Collection/素材&模板&音库/音效/02_中文音效合集/魔法法术咒语技能释放音效/Cinetools Witchcraft/Designer Tools/Texture/WC_Texture_SupriseDistort_CT.wav
Cinetools Witchcraft【黑暗魔法巫术风火雷电咒语游戏技能音效素材】655544319933.zip,Cinetools Witchcraft/Designer Tools/Texture/WC_Texture_TVStatic_CT.wav,22099578,bd275f40,OK,/volume1/主目录/Collection/素材&模板&音库/音效/02_中文音效合集/魔法法术咒语技能释放音效/Cinetools Witchcraft/Designer Tools/Texture/WC_Texture_TVStatic_CT.wav
Cinetools Witchcraft【黑暗魔法巫术风火雷电咒语游戏技能音效素材】655544319933.zip,Cinetools Witchcraft/Designer Tools/Texture/WC_Texture_Tensions_CT.wav,18607152,98189b53,OK,/volume1/主目录/Collection/素材&模板&音库/音效/02_中文音效合集/魔法法术咒语技能释放音效/Cinetools Witchcraft/Designer Tools/Texture/WC_Texture_Tensions_CT.wav
Cinetools Witchcraft【黑暗魔法巫术风火雷电咒语游戏技能音效素材】655544319933.zip,Cinetools Witchcraft/Designer Tools/Texture/WC_Texture_ThereminIllusion_CT.wav,58799656,1d8a28b1,OK,/volume1/主目录/Collection/素材&模板&音库/音效/02_中文音效合集/魔法法术咒语技能释放音效/Cinetools Witchcraft/Designer Tools/Texture/WC_Texture_ThereminIllusion_CT.wav
Cinetools Witchcraft【黑暗魔法巫术风火雷电咒语游戏技能音效素材】655544319933.zip,Cinetools Witchcraft/Designer Tools/Texture/WC_Texture_Time_CT.wav,60041264,57b4c131,OK,/volume1/主目录/Collection/素材&模板&音库/音效/02_中文音效合集/魔法法术咒语技能释放音效/Cinetools Witchcraft/Designer Tools/Texture/WC_Texture_Time_CT.wav
Cinetools Witchcraft【黑暗魔法巫术风火雷电咒语游戏技能音效素材】655544319933.zip,Cinetools Witchcraft/Designer Tools/Texture/WC_Texture_Tones_CT.wav,102309364,55cfcf1c,OK,/volume1/主目录/Collection/素材&模板&音库/音效/02_中文音效合集/魔法法术咒语技能释放音效/Cinetools Witchcraft/Designer Tools/Texture/WC_Texture_Tones_CT.wav
Cinetools Witchcraft【黑暗魔法巫术风火雷电咒语游戏技能音效素材】655544319933.zip,Cinetools Witchcraft/Designer Tools/Texture/WC_Texture_Torment_CT.wav,60695136,6a89f221,OK,/volume1/主目录/Collection/素材&模板&音库/音效/02_中文音效合集/魔法法术咒语技能释放音效/Cinetools Witchcraft/Designer Tools/Texture/WC_Texture_Torment_CT.wav
Cinetools Witchcraft【黑暗魔法巫术风火雷电咒语游戏技能音效素材】655544319933.zip,Cinetools Witchcraft/Designer Tools/Texture/WC_Texture_Total_CT.wav,27946784,43f5fa5c,OK,/volume1/主目录/Collection/素材&模板&音库/音效/02_中文音效合集/魔法法术咒语技能释放音效/Cinetools Witchcraft/Designer Tools/Texture/WC_Texture_Total_CT.wav
Cinetools Witchcraft【黑暗魔法巫术风火雷电咒语游戏技能音效素材】655544319933.zip,Cinetools Witchcraft/Designer Tools/Texture/WC_Texture_TransRevolt_CT.wav,48433312,702a7d1d,OK,/volume1/主目录/Collection/素材&模板&音库/音效/02_中文音效合集/魔法法术咒语技能释放音效/Cinetools Witchcraft/Designer Tools/Texture/WC_Texture_TransRevolt_CT.wav
Cinetools Witchcraft【黑暗魔法巫术风火雷电咒语游戏技能音效素材】655544319933.zip,Cinetools Witchcraft/Designer Tools/Texture/WC_Texture_TwoLayer_CT.wav,15192730,181f5732,OK,/volume1/主目录/Collection/素材&模板&音库/音效/02_中文音效合集/魔法法术咒语技能释放音效/Cinetools Witchcraft/Designer Tools/Texture/WC_Texture_TwoLayer_CT.wav
Cinetools Witchcraft【黑暗魔法巫术风火雷电咒语游戏技能音效素材】655544319933.zip,Cinetools Witchcraft/Designer Tools/Texture/WC_Texture_WallofPain_CT.wav,73494818,14e0a325,OK,/volume1/主目录/Collection/素材&模板&音库/音效/02_中文音效合集/魔法法术咒语技能释放音效/Cinetools Witchcraft/Designer Tools/Texture/WC_Texture_WallofPain_CT.wav
Cinetools Witchcraft【黑暗魔法巫术风火雷电咒语游戏技能音效素材】655544319933.zip,Cinetools Witchcraft/Designer Tools/Texture/WC_Texture_Windy_CT.wav,56627444,8b5ef2b7,OK,/volume1/主目录/Collection/素材&模板&音库/音效/02_中文音效合集/魔法法术咒语技能释放音效/Cinetools Witchcraft/Designer Tools/Texture/WC_Texture_Windy_CT.wav
Cinetools Witchcraft【黑暗魔法巫术风火雷电咒语游戏技能音效素材】655544319933.zip,Cinetools Witchcraft/Designer Tools/Voice/WC_Voice_BurialPrayer_CT.wav,14660738,5388beee,OK,/volume1/主目录/Collection/素材&模板&音库/音效/02_中文音效合集/魔法法术咒语技能释放音效/Cinetools Witchcraft/Designer Tools/Voice/WC_Voice_BurialPrayer_CT.wav
Cinetools Witchcraft【黑暗魔法巫术风火雷电咒语游戏技能音效素材】655544319933.zip,Cinetools Witchcraft/Designer Tools/Voice/WC_Voice_Burst_CT.wav,4553764,43ef774c,OK,/volume1/主目录/Collection/素材&模板&音库/音效/02_中文音效合集/魔法法术咒语技能释放音效/Cinetools Witchcraft/Designer Tools/Voice/WC_Voice_Burst_CT.wav
Cinetools Witchcraft【黑暗魔法巫术风火雷电咒语游戏技能音效素材】655544319933.zip,Cinetools Witchcraft/Designer Tools/Voice/WC_Voice_DaemonGrowl_CT.wav,2062142,6cf9465f,OK,/volume1/主目录/Collection/素材&模板&音库/音效/02_中文音效合集/魔法法术咒语技能释放音效/Cinetools Witchcraft/Designer Tools/Voice/WC_Voice_DaemonGrowl_CT.wav
Cinetools Witchcraft【黑暗魔法巫术风火雷电咒语游戏技能音效素材】655544319933.zip,Cinetools Witchcraft/Designer Tools/Voice/WC_Voice_DiabolicIncantation_CT.wav,11237912,f4b301e5,OK,/volume1/主目录/Collection/素材&模板&音库/音效/02_中文音效合集/魔法法术咒语技能释放音效/Cinetools Witchcraft/Designer Tools/Voice/WC_Voice_DiabolicIncantation_CT.wav
Cinetools Witchcraft【黑暗魔法巫术风火雷电咒语游戏技能音效素材】655544319933.zip,Cinetools Witchcraft/Designer Tools/Voice/WC_Voice_DriftSynth_CT.wav,18243870,74afddbb,OK,/volume1/主目录/Collection/素材&模板&音库/音效/02_中文音效合集/魔法法术咒语技能释放音效/Cinetools Witchcraft/Designer Tools/Voice/WC_Voice_DriftSynth_CT.wav
Cinetools Witchcraft【黑暗魔法巫术风火雷电咒语游戏技能音效素材】655544319933.zip,Cinetools Witchcraft/Designer Tools/Voice/WC_Voice_Dying_CT.wav,2284332,2a1c9be4,OK,/volume1/主目录/Collection/素材&模板&音库/音效/02_中文音效合集/魔法法术咒语技能释放音效/Cinetools Witchcraft/Designer Tools/Voice/WC_Voice_Dying_CT.wav
Cinetools Witchcraft【黑暗魔法巫术风火雷电咒语游戏技能音效素材】655544319933.zip,Cinetools Witchcraft/Designer Tools/Voice/WC_Voice_GhostBreath2_CT.wav,1968482,c341dfe8,OK,/volume1/主目录/Collection/素材&模板&音库/音效/02_中文音效合集/魔法法术咒语技能释放音效/Cinetools Witchcraft/Designer Tools/Voice/WC_Voice_GhostBreath2_CT.wav
Cinetools Witchcraft【黑暗魔法巫术风火雷电咒语游戏技能音效素材】655544319933.zip,Cinetools Witchcraft/Designer Tools/Voice/WC_Voice_GhostBreath3_CT.wav,2370142,c906f981,NAME_ONLY,/volume1/主目录/Collection/素材&模板&音库/音效/02_中文音效合集/魔法法术咒语技能释放音效/Cinetools Witchcraft/Designer Tools/Voice/WC_Voice_GhostBreath3_CT.wav
Cinetools Witchcraft【黑暗魔法巫术风火雷电咒语游戏技能音效素材】655544319933.zip,Cinetools Witchcraft/Designer Tools/Voice/WC_Voice_GhostBreath_CT.wav,3026970,52f58d7f,OK,/volume1/主目录/Collection/素材&模板&音库/音效/02_中文音效合集/魔法法术咒语技能释放音效/Cinetools Witchcraft/Designer Tools/Voice/WC_Voice_GhostBreath_CT.wav
Cinetools Witchcraft【黑暗魔法巫术风火雷电咒语游戏技能音效素材】655544319933.zip,Cinetools Witchcraft/Designer Tools/Voice/WC_Voice_GhostChoir_CT.wav,11486474,9b223afa,NAME_ONLY,/volume1/主目录/Collection/素材&模板&音库/音效/02_中文音效合集/魔法法术咒语技能释放音效/Cinetools Witchcraft/Designer Tools/Voice/WC_Voice_GhostChoir_CT.wav
Cinetools Witchcraft【黑暗魔法巫术风火雷电咒语游戏技能音效素材】655544319933.zip,Cinetools Witchcraft/Designer Tools/Voice/WC_Voice_GhoulVomit_CT.wav,1545806,85cd0653,OK,/volume1/主目录/Collection/素材&模板&音库/音效/02_中文音效合集/魔法法术咒语技能释放音效/Cinetools Witchcraft/Designer Tools/Voice/WC_Voice_GhoulVomit_CT.wav
Cinetools Witchcraft【黑暗魔法巫术风火雷电咒语游戏技能音效素材】655544319933.zip,Cinetools Witchcraft/Designer Tools/Voice/WC_Voice_Giant_CT.wav,7277134,feb24ee7,NAME_ONLY,/volume1/主目录/Collection/素材&模板&音库/音效/02_中文音效合集/魔法法术咒语技能释放音效/Cinetools Witchcraft/Designer Tools/Voice/WC_Voice_Giant_CT.wav
Cinetools Witchcraft【黑暗魔法巫术风火雷电咒语游戏技能音效素材】655544319933.zip,Cinetools Witchcraft/Designer Tools/Voice/WC_Voice_Imp_CT.wav,1808778,645d277f,OK,/volume1/主目录/Collection/素材&模板&音库/音效/02_中文音效合集/魔法法术咒语技能释放音效/Cinetools Witchcraft/Designer Tools/Voice/WC_Voice_Imp_CT.wav
Cinetools Witchcraft【黑暗魔法巫术风火雷电咒语游戏技能音效素材】655544319933.zip,Cinetools Witchcraft/Designer Tools/Voice/WC_Voice_InPain_CT.wav,4332218,c32ba7f2,OK,/volume1/主目录/Collection/素材&模板&音库/音效/02_中文音效合集/魔法法术咒语技能释放音效/Cinetools Witchcraft/Designer Tools/Voice/WC_Voice_InPain_CT.wav
Cinetools Witchcraft【黑暗魔法巫术风火雷电咒语游戏技能音效素材】655544319933.zip,Cinetools Witchcraft/Designer Tools/Voice/WC_Voice_Limbo_CT.wav,8085260,66b2aec6,OK,/volume1/主目录/Collection/素材&模板&音库/音效/02_中文音效合集/魔法法术咒语技能释放音效/Cinetools Witchcraft/Designer Tools/Voice/WC_Voice_Limbo_CT.wav
Cinetools Witchcraft【黑暗魔法巫术风火雷电咒语游戏技能音效素材】655544319933.zip,Cinetools Witchcraft/Designer Tools/Voice/WC_Voice_Maidens_CT.wav,44078678,22258371,OK,/volume1/主目录/Collection/素材&模板&音库/音效/02_中文音效合集/魔法法术咒语技能释放音效/Cinetools Witchcraft/Designer Tools/Voice/WC_Voice_Maidens_CT.wav
Cinetools Witchcraft【黑暗魔法巫术风火雷电咒语游戏技能音效素材】655544319933.zip,Cinetools Witchcraft/Designer Tools/Voice/WC_Voice_Monks_CT.wav,9539452,84efed5f,OK,/volume1/主目录/Collection/素材&模板&音库/音效/02_中文音效合集/魔法法术咒语技能释放音效/Cinetools Witchcraft/Designer Tools/Voice/WC_Voice_Monks_CT.wav
Cinetools Witchcraft【黑暗魔法巫术风火雷电咒语游戏技能音效素材】655544319933.zip,Cinetools Witchcraft/Designer Tools/Voice/WC_Voice_OutofBody_CT.wav,14746594,539733c1,OK,/volume1/主目录/Collection/素材&模板&音库/音效/02_中文音效合集/魔法法术咒语技能释放音效/Cinetools Witchcraft/Designer Tools/Voice/WC_Voice_OutofBody_CT.wav
Cinetools Witchcraft【黑暗魔法巫术风火雷电咒语游戏技能音效素材】655544319933.zip,Cinetools Witchcraft/Designer Tools/Voice/WC_Voice_PainSpectre_CT.wav,11528500,bc93e4a8,OK,/volume1/主目录/Collection/素材&模板&音库/音效/03_项目素材/LTT_V30All/WC_Voice_PainSpectre_CT.wav
Cinetools Witchcraft【黑暗魔法巫术风火雷电咒语游戏技能音效素材】655544319933.zip,Cinetools Witchcraft/Designer Tools/Voice/WC_Voice_PingSpiritSteel_CT.wav,11384408,3f3fbc41,OK,/volume1/主目录/Collection/素材&模板&音库/音效/02_中文音效合集/魔法法术咒语技能释放音效/Cinetools Witchcraft/Designer Tools/Voice/WC_Voice_PingSpiritSteel_CT.wav
Cinetools Witchcraft【黑暗魔法巫术风火雷电咒语游戏技能音效素材】655544319933.zip,Cinetools Witchcraft/Designer Tools/Voice/WC_Voice_Rags_CT.wav,5482568,49172ff3,OK,/volume1/主目录/Collection/素材&模板&音库/音效/02_中文音效合集/魔法法术咒语技能释放音效/Cinetools Witchcraft/Designer Tools/Voice/WC_Voice_Rags_CT.wav
Cinetools Witchcraft【黑暗魔法巫术风火雷电咒语游戏技能音效素材】655544319933.zip,Cinetools Witchcraft/Designer Tools/Voice/WC_Voice_Shreek_CT.wav,5797172,3a485845,OK,/volume1/主目录/Collection/素材&模板&音库/音效/02_中文音效合集/魔法法术咒语技能释放音效/Cinetools Witchcraft/Designer Tools/Voice/WC_Voice_Shreek_CT.wav
Cinetools Witchcraft【黑暗魔法巫术风火雷电咒语游戏技能音效素材】655544319933.zip,Cinetools Witchcraft/Designer Tools/Voice/WC_Voice_StumbleTalk_CT.wav,9017068,bdc9f380,NAME_ONLY,/volume1/主目录/Collection/素材&模板&音库/音效/02_中文音效合集/魔法法术咒语技能释放音效/Cinetools Witchcraft/Designer Tools/Voice/WC_Voice_StumbleTalk_CT.wav
Cinetools Witchcraft【黑暗魔法巫术风火雷电咒语游戏技能音效素材】655544319933.zip,Cinetools Witchcraft/Designer Tools/Voice/WC_Voice_Suffering_CT.wav,7205688,f09a48b3,OK,/volume1/主目录/Collection/素材&模板&音库/音效/02_中文音效合集/魔法法术咒语技能释放音效/Cinetools Witchcraft/Designer Tools/Voice/WC_Voice_Suffering_CT.wav
Cinetools Witchcraft【黑暗魔法巫术风火雷电咒语游戏技能音效素材】655544319933.zip,Cinetools Witchcraft/Designer Tools/Voice/WC_Voice_Summoned_CT.wav,8758900,f3f41be5,OK,/volume1/主目录/Collection/素材&模板&音库/音效/02_中文音效合集/魔法法术咒语技能释放音效/Cinetools Witchcraft/Designer Tools/Voice/WC_Voice_Summoned_CT.wav
Cinetools Witchcraft【黑暗魔法巫术风火雷电咒语游戏技能音效素材】655544319933.zip,Cinetools Witchcraft/Designer Tools/Voice/WC_Voice_Wandering_CT.wav,8662236,8d6f8c76,OK,/volume1/主目录/Collection/素材&模板&音库/音效/02_中文音效合集/魔法法术咒语技能释放音效/Cinetools Witchcraft/Designer Tools/Voice/WC_Voice_Wandering_CT.wav
Cinetools Witchcraft【黑暗魔法巫术风火雷电咒语游戏技能音效素材】655544319933.zip,Cinetools Witchcraft/Designer Tools/Voice/WC_Voice_Whine2_CT.wav,9979494,bd84f50d,OK,/volume1/主目录/Collection/素材&模板&音库/音效/02_中文音效合集/魔法法术咒语技能释放音效/Cinetools Witchcraft/Designer Tools/Voice/WC_Voice_Whine2_CT.wav
Cinetools Witchcraft【黑暗魔法巫术风火雷电咒语游戏技能音效素材】655544319933.zip,Cinetools Witchcraft/Designer Tools/Voice/WC_Voice_Whine_CT.wav,9655282,874a8cb5,OK,/volume1/主目录/Collection/素材&模板&音库/音效/02_中文音效合集/魔法法术咒语技能释放音效/Cinetools Witchcraft/Designer Tools/Voice/WC_Voice_Whine_CT.wav
Cinetools Witchcraft【黑暗魔法巫术风火雷电咒语游戏技能音效素材】655544319933.zip,Cinetools Witchcraft/Designer Tools/Voice/WC_Voice_Wraith_CT.wav,4337022,f39afc04,OK,/volume1/主目录/Collection/素材&模板&音库/音效/02_中文音效合集/魔法法术咒语技能释放音效/Cinetools Witchcraft/Designer Tools/Voice/WC_Voice_Wraith_CT.wav
Cinetools Witchcraft【黑暗魔法巫术风火雷电咒语游戏技能音效素材】655544319933.zip,Cinetools Witchcraft/Pre-Designed/WC_Acid_Boiling_CT.wav,10843058,3ba00f6b,OK,/volume1/主目录/Collection/素材&模板&音库/音效/02_中文音效合集/魔法法术咒语技能释放音效/Cinetools Witchcraft/Pre-Designed/WC_Acid_Boiling_CT.wav
Cinetools Witchcraft【黑暗魔法巫术风火雷电咒语游戏技能音效素材】655544319933.zip,Cinetools Witchcraft/Pre-Designed/WC_Acid_Burning_CT.wav,5184050,4120fab8,OK,/volume1/主目录/Collection/素材&模板&音库/音效/02_中文音效合集/魔法法术咒语技能释放音效/Cinetools Witchcraft/Pre-Designed/WC_Acid_Burning_CT.wav
Cinetools Witchcraft【黑暗魔法巫术风火雷电咒语游戏技能音效素材】655544319933.zip,Cinetools Witchcraft/Pre-Designed/WC_Acid_Burst2_CT.wav,3744044,aa8d60ed,OK,/volume1/主目录/Collection/素材&模板&音库/音效/02_中文音效合集/魔法法术咒语技能释放音效/Cinetools Witchcraft/Pre-Designed/WC_Acid_Burst2_CT.wav
Cinetools Witchcraft【黑暗魔法巫术风火雷电咒语游戏技能音效素材】655544319933.zip,Cinetools Witchcraft/Pre-Designed/WC_Acid_Burst3_CT.wav,3744044,c280c680,OK,/volume1/主目录/Collection/素材&模板&音库/音效/02_中文音效合集/魔法法术咒语技能释放音效/Cinetools Witchcraft/Pre-Designed/WC_Acid_Burst3_CT.wav
Cinetools Witchcraft【黑暗魔法巫术风火雷电咒语游戏技能音效素材】655544319933.zip,Cinetools Witchcraft/Pre-Designed/WC_Acid_Burst4_CT.wav,3816044,861a2fe9,OK,/volume1/主目录/Collection/素材&模板&音库/音效/02_中文音效合集/魔法法术咒语技能释放音效/Cinetools Witchcraft/Pre-Designed/WC_Acid_Burst4_CT.wav
Cinetools Witchcraft【黑暗魔法巫术风火雷电咒语游戏技能音效素材】655544319933.zip,Cinetools Witchcraft/Pre-Designed/WC_Acid_Burst_CT.wav,4356044,ad0fc042,OK,/volume1/主目录/Collection/素材&模板&音库/音效/02_中文音效合集/魔法法术咒语技能释放音效/Cinetools Witchcraft/Pre-Designed/WC_Acid_Burst_CT.wav
Cinetools Witchcraft【黑暗魔法巫术风火雷电咒语游戏技能音效素材】655544319933.zip,Cinetools Witchcraft/Pre-Designed/WC_Acid_ChemicalBoiling_CT.wav,2933312,3b4905a6,OK,/volume1/主目录/Collection/素材&模板&音库/音效/02_中文音效合集/魔法法术咒语技能释放音效/Cinetools Witchcraft/Pre-Designed/WC_Acid_ChemicalBoiling_CT.wav
Cinetools Witchcraft【黑暗魔法巫术风火雷电咒语游戏技能音效素材】655544319933.zip,Cinetools Witchcraft/Pre-Designed/WC_Acid_ChemicalBurst2_CT.wav,3052718,c773eadd,OK,/volume1/主目录/Collection/素材&模板&音库/音效/02_中文音效合集/魔法法术咒语技能释放音效/Cinetools Witchcraft/Pre-Designed/WC_Acid_ChemicalBurst2_CT.wav
Cinetools Witchcraft【黑暗魔法巫术风火雷电咒语游戏技能音效素材】655544319933.zip,Cinetools Witchcraft/Pre-Designed/WC_Acid_ChemicalBurst3_CT.wav,2099162,07fbb230,OK,/volume1/主目录/Collection/素材&模板&音库/音效/02_中文音效合集/魔法法术咒语技能释放音效/Cinetools Witchcraft/Pre-Designed/WC_Acid_ChemicalBurst3_CT.wav
Cinetools Witchcraft【黑暗魔法巫术风火雷电咒语游戏技能音效素材】655544319933.zip,Cinetools Witchcraft/Pre-Designed/WC_Acid_ChemicalBurst4_CT.wav,2116064,a6454d4f,OK,/volume1/主目录/Collection/素材&模板&音库/音效/02_中文音效合集/魔法法术咒语技能释放音效/Cinetools Witchcraft/Pre-Designed/WC_Acid_ChemicalBurst4_CT.wav
Cinetools Witchcraft【黑暗魔法巫术风火雷电咒语游戏技能音效素材】655544319933.zip,Cinetools Witchcraft/Pre-Designed/WC_Acid_ChemicalBurst_CT.wav,3037664,f7404da6,OK,/volume1/主目录/Collection/素材&模板&音库/音效/02_中文音效合集/魔法法术咒语技能释放音效/Cinetools Witchcraft/Pre-Designed/WC_Acid_ChemicalBurst_CT.wav
Cinetools Witchcraft【黑暗魔法巫术风火雷电咒语游戏技能音效素材】655544319933.zip,Cinetools Witchcraft/Pre-Designed/WC_Acid_ChemicalLiquidGush_large2_CT.wav,2749370,e17bc30f,OK,/volume1/主目录/Collection/素材&模板&音库/音效/02_中文音效合集/魔法法术咒语技能释放音效/Cinetools Witchcraft/Pre-Designed/WC_Acid_ChemicalLiquidGush_large2_CT.wav
Cinetools Witchcraft【黑暗魔法巫术风火雷电咒语游戏技能音效素材】655544319933.zip,Cinetools Witchcraft/Pre-Designed/WC_Acid_ChemicalLiquidGush_large3_CT.wav,2617856,b7bed06e,OK,/volume1/主目录/Collection/素材&模板&音库/音效/02_中文音效合集/魔法法术咒语技能释放音效/Cinetools Witchcraft/Pre-Designed/WC_Acid_ChemicalLiquidGush_large3_CT.wav
Cinetools Witchcraft【黑暗魔法巫术风火雷电咒语游戏技能音效素材】655544319933.zip,Cinetools Witchcraft/Pre-Designed/WC_Acid_ChemicalLiquidGush_large_CT.wav,2542310,3d73a840,OK,/volume1/主目录/Collection/素材&模板&音库/音效/02_中文音效合集/魔法法术咒语技能释放音效/Cinetools Witchcraft/Pre-Designed/WC_Acid_ChemicalLiquidGush_large_CT.wav
Cinetools Witchcraft【黑暗魔法巫术风火雷电咒语游戏技能音效素材】655544319933.zip,Cinetools Witchcraft/Pre-Designed/WC_Acid_ChemicalLiquidGush_medium2_CT.wav,2943698,1639f228,OK,/volume1/主目录/Collection/素材&模板&音库/音效/02_中文音效合集/魔法法术咒语技能释放音效/Cinetools Witchcraft/Pre-Designed/WC_Acid_ChemicalLiquidGush_medium2_CT.wav
Cinetools Witchcraft【黑暗魔法巫术风火雷电咒语游戏技能音效素材】655544319933.zip,Cinetools Witchcraft/Pre-Designed/WC_Acid_ChemicalLiquidGush_medium3_CT.wav,2737280,dcfb6d1b,OK,/volume1/主目录/Collection/素材&模板&音库/音效/02_中文音效合集/魔法法术咒语技能释放音效/Cinetools Witchcraft/Pre-Designed/WC_Acid_ChemicalLiquidGush_medium3_CT.wav
Cinetools Witchcraft【黑暗魔法巫术风火雷电咒语游戏技能音效素材】655544319933.zip,Cinetools Witchcraft/Pre-Designed/WC_Acid_ChemicalLiquidGush_medium4_CT.wav,3127856,444adc87,OK,/volume1/主目录/Collection/素材&模板&音库/音效/02_中文音效合集/魔法法术咒语技能释放音效/Cinetools Witchcraft/Pre-Designed/WC_Acid_ChemicalLiquidGush_medium4_CT.wav
Cinetools Witchcraft【黑暗魔法巫术风火雷电咒语游戏技能音效素材】655544319933.zip,Cinetools Witchcraft/Pre-Designed/WC_Acid_ChemicalLiquidGush_medium_CT.wav,2963156,3471844c,OK,/volume1/主目录/Collection/素材&模板&音库/音效/02_中文音效合集/魔法法术咒语技能释放音效/Cinetools Witchcraft/Pre-Designed/WC_Acid_ChemicalLiquidGush_medium_CT.wav
Cinetools Witchcraft【黑暗魔法巫术风火雷电咒语游戏技能音效素材】655544319933.zip,Cinetools Witchcraft/Pre-Designed/WC_Acid_ChemicalLiquidGush_small2_CT.wav,2708690,cfc7e21d,OK,/volume1/主目录/Collection/素材&模板&音库/音效/02_中文音效合集/魔法法术咒语技能释放音效/Cinetools Witchcraft/Pre-Designed/WC_Acid_ChemicalLiquidGush_small2_CT.wav
Cinetools Witchcraft【黑暗魔法巫术风火雷电咒语游戏技能音效素材】655544319933.zip,Cinetools Witchcraft/Pre-Designed/WC_Acid_ChemicalLiquidGush_small_CT.wav,2804018,d143ad22,OK,/volume1/主目录/Collection/素材&模板&音库/音效/02_中文音效合集/魔法法术咒语技能释放音效/Cinetools Witchcraft/Pre-Designed/WC_Acid_ChemicalLiquidGush_small_CT.wav
Cinetools Witchcraft【黑暗魔法巫术风火雷电咒语游戏技能音效素材】655544319933.zip,Cinetools Witchcraft/Pre-Designed/WC_Acid_Drop_CT.wav,2184860,0265a705,OK,/volume1/主目录/Collection/素材&模板&音库/音效/02_中文音效合集/魔法法术咒语技能释放音效/Cinetools Witchcraft/Pre-Designed/WC_Acid_Drop_CT.wav
Cinetools Witchcraft【黑暗魔法巫术风火雷电咒语游戏技能音效素材】655544319933.zip,Cinetools Witchcraft/Pre-Designed/WC_Acid_MagicSteam2_CT.wav,2446610,19dbcee6,OK,/volume1/主目录/Collection/素材&模板&音库/音效/02_中文音效合集/魔法法术咒语技能释放音效/Cinetools Witchcraft/Pre-Designed/WC_Acid_MagicSteam2_CT.wav
Cinetools Witchcraft【黑暗魔法巫术风火雷电咒语游戏技能音效素材】655544319933.zip,Cinetools Witchcraft/Pre-Designed/WC_Acid_MagicSteam3_CT.wav,2480540,bbd9b608,OK,/volume1/主目录/Collection/素材&模板&音库/音效/02_中文音效合集/魔法法术咒语技能释放音效/Cinetools Witchcraft/Pre-Designed/WC_Acid_MagicSteam3_CT.wav
Cinetools Witchcraft【黑暗魔法巫术风火雷电咒语游戏技能音效素材】655544319933.zip,Cinetools Witchcraft/Pre-Designed/WC_Acid_MagicSteam4_CT.wav,1840904,262e11a0,OK,/volume1/主目录/Collection/素材&模板&音库/音效/02_中文音效合集/魔法法术咒语技能释放音效/Cinetools Witchcraft/Pre-Designed/WC_Acid_MagicSteam4_CT.wav
Cinetools Witchcraft【黑暗魔法巫术风火雷电咒语游戏技能音效素材】655544319933.zip,Cinetools Witchcraft/Pre-Designed/WC_Acid_MagicSteam5_CT.wav,3031136,11de611f,OK,/volume1/主目录/Collection/素材&模板&音库/音效/02_中文音效合集/魔法法术咒语技能释放音效/Cinetools Witchcraft/Pre-Designed/WC_Acid_MagicSteam5_CT.wav
Cinetools Witchcraft【黑暗魔法巫术风火雷电咒语游戏技能音效素材】655544319933.zip,Cinetools Witchcraft/Pre-Designed/WC_Acid_MagicSteam6_CT.wav,2883362,dd19e561,OK,/volume1/主目录/Collection/素材&模板&音库/音效/02_中文音效合集/魔法法术咒语技能释放音效/Cinetools Witchcraft/Pre-Designed/WC_Acid_MagicSteam6_CT.wav
Cinetools Witchcraft【黑暗魔法巫术风火雷电咒语游戏技能音效素材】655544319933.zip,Cinetools Witchcraft/Pre-Designed/WC_Acid_MagicSteam_CT.wav,2474744,aa36e34b,OK,/volume1/主目录/Collection/素材&模板&音库/音效/02_中文音效合集/魔法法术咒语技能释放音效/Cinetools Witchcraft/Pre-Designed/WC_Acid_MagicSteam_CT.wav
Cinetools Witchcraft【黑暗魔法巫术风火雷电咒语游戏技能音效素材】655544319933.zip,Cinetools Witchcraft/Pre-Designed/WC_Acid_Splash2_CT.wav,2184860,549d8aa1,OK,/volume1/主目录/Collection/素材&模板&音库/音效/02_中文音效合集/魔法法术咒语技能释放音效/Cinetools Witchcraft/Pre-Designed/WC_Acid_Splash2_CT.wav
Cinetools Witchcraft【黑暗魔法巫术风火雷电咒语游戏技能音效素材】655544319933.zip,Cinetools Witchcraft/Pre-Designed/WC_Acid_Splash_CT.wav,5044004,40e4c7e1,OK,/volume1/主目录/Collection/素材&模板&音库/音效/02_中文音效合集/魔法法术咒语技能释放音效/Cinetools Witchcraft/Pre-Designed/WC_Acid_Splash_CT.wav
Cinetools Witchcraft【黑暗魔法巫术风火雷电咒语游戏技能音效素材】655544319933.zip,Cinetools Witchcraft/Pre-Designed/WC_Earth_Boulder_fall&slide_CT.wav,3612104,58adce5a,OK,/volume1/主目录/Collection/素材&模板&音库/音效/02_中文音效合集/魔法法术咒语技能释放音效/Cinetools Witchcraft/Pre-Designed/WC_Earth_Boulder_fall&slide_CT.wav
Cinetools Witchcraft【黑暗魔法巫术风火雷电咒语游戏技能音效素材】655544319933.zip,Cinetools Witchcraft/Pre-Designed/WC_Earth_Boulder_rolling_CT.wav,10309778,da4e8770,OK,/volume1/主目录/Collection/素材&模板&音库/音效/02_中文音效合集/魔法法术咒语技能释放音效/Cinetools Witchcraft/Pre-Designed/WC_Earth_Boulder_rolling_CT.wav
Cinetools Witchcraft【黑暗魔法巫术风火雷电咒语游戏技能音效素材】655544319933.zip,Cinetools Witchcraft/Pre-Designed/WC_Earth_DirtDebris_CT.wav,3168044,2a79f0c7,OK,/volume1/主目录/Collection/素材&模板&音库/音效/02_中文音效合集/魔法法术咒语技能释放音效/Cinetools Witchcraft/Pre-Designed/WC_Earth_DirtDebris_CT.wav
Cinetools Witchcraft【黑暗魔法巫术风火雷电咒语游戏技能音效素材】655544319933.zip,Cinetools Witchcraft/Pre-Designed/WC_Earth_FallingStones_CT.wav,1796672,55629c31,OK,/volume1/主目录/Collection/素材&模板&音库/音效/03_项目素材/LTT_V30All/WC_Earth_FallingStones_CT.wav
Cinetools Witchcraft【黑暗魔法巫术风火雷电咒语游戏技能音效素材】655544319933.zip,Cinetools Witchcraft/Pre-Designed/WC_Earth_HeavyRocksRoll_CT.wav,2421674,61e00067,OK,/volume1/主目录/Collection/素材&模板&音库/音效/02_中文音效合集/魔法法术咒语技能释放音效/Cinetools Witchcraft/Pre-Designed/WC_Earth_HeavyRocksRoll_CT.wav
Cinetools Witchcraft【黑暗魔法巫术风火雷电咒语游戏技能音效素材】655544319933.zip,Cinetools Witchcraft/Pre-Designed/WC_Earth_RockCrumble2_CT.wav,1293646,ea592dce,NAME_ONLY,/volume1/主目录/Collection/素材&模板&音库/音效/02_中文音效合集/魔法法术咒语技能释放音效/Cinetools Witchcraft/Pre-Designed/WC_Earth_RockCrumble2_CT.wav
Cinetools Witchcraft【黑暗魔法巫术风火雷电咒语游戏技能音效素材】655544319933.zip,Cinetools Witchcraft/Pre-Designed/WC_Earth_RockCrumble3_CT.wav,1165420,60087d50,NAME_ONLY,/volume1/主目录/Collection/素材&模板&音库/音效/02_中文音效合集/魔法法术咒语技能释放音效/Cinetools Witchcraft/Pre-Designed/WC_Earth_RockCrumble3_CT.wav
Cinetools Witchcraft【黑暗魔法巫术风火雷电咒语游戏技能音效素材】655544319933.zip,Cinetools Witchcraft/Pre-Designed/WC_Earth_RockCrumble4_CT.wav,1049446,e0455066,NAME_ONLY,/volume1/主目录/Collection/素材&模板&音库/音效/02_中文音效合集/魔法法术咒语技能释放音效/Cinetools Witchcraft/Pre-Designed/WC_Earth_RockCrumble4_CT.wav
Cinetools Witchcraft【黑暗魔法巫术风火雷电咒语游戏技能音效素材】655544319933.zip,Cinetools Witchcraft/Pre-Designed/WC_Earth_RockCrumble_CT.wav,1887982,8e11bebd,NAME_ONLY,/volume1/主目录/Collection/素材&模板&音库/音效/02_中文音效合集/魔法法术咒语技能释放音效/Cinetools Witchcraft/Pre-Designed/WC_Earth_RockCrumble_CT.wav
Cinetools Witchcraft【黑暗魔法巫术风火雷电咒语游戏技能音效素材】655544319933.zip,Cinetools Witchcraft/Pre-Designed/WC_Earth_RockCrunchyImpact_CT.wav,654220,689d899e,OK,/volume1/主目录/Collection/素材&模板&音库/音效/02_中文音效合集/魔法法术咒语技能释放音效/Cinetools Witchcraft/Pre-Designed/WC_Earth_RockCrunchyImpact_CT.wav
Cinetools Witchcraft【黑暗魔法巫术风火雷电咒语游戏技能音效素材】655544319933.zip,Cinetools Witchcraft/Pre-Designed/WC_Earth_RockDebris_CT.wav,3168044,fed8a87e,NAME_ONLY,/volume1/主目录/Collection/素材&模板&音库/音效/02_中文音效合集/魔法法术咒语技能释放音效/Cinetools Witchcraft/Pre-Designed/WC_Earth_RockDebris_CT.wav
Cinetools Witchcraft【黑暗魔法巫术风火雷电咒语游戏技能音效素材】655544319933.zip,Cinetools Witchcraft/Pre-Designed/WC_Earth_RockFall2_CT.wav,3168044,3a9bbcfe,NAME_ONLY,/volume1/主目录/Collection/素材&模板&音库/音效/02_中文音效合集/魔法法术咒语技能释放音效/Cinetools Witchcraft/Pre-Designed/WC_Earth_RockFall2_CT.wav
Cinetools Witchcraft【黑暗魔法巫术风火雷电咒语游戏技能音效素材】655544319933.zip,Cinetools Witchcraft/Pre-Designed/WC_Earth_RockFall_CT.wav,3629522,2ed24644,NAME_ONLY,/volume1/主目录/Collection/素材&模板&音库/音效/02_中文音效合集/魔法法术咒语技能释放音效/Cinetools Witchcraft/Pre-Designed/WC_Earth_RockFall_CT.wav
Cinetools Witchcraft【黑暗魔法巫术风火雷电咒语游戏技能音效素材】655544319933.zip,Cinetools Witchcraft/Pre-Designed/WC_Earth_RockHeavyImpact_CT.wav,354706,b6e1e31b,OK,/volume1/主目录/Collection/素材&模板&音库/音效/02_中文音效合集/魔法法术咒语技能释放音效/Cinetools Witchcraft/Pre-Designed/WC_Earth_RockHeavyImpact_CT.wav
Cinetools Witchcraft【黑暗魔法巫术风火雷电咒语游戏技能音效素材】655544319933.zip,Cinetools Witchcraft/Pre-Designed/WC_Earth_RockRoll_CT.wav,3316544,211d746b,OK,/volume1/主目录/Collection/素材&模板&音库/音效/02_中文音效合集/魔法法术咒语技能释放音效/Cinetools Witchcraft/Pre-Designed/WC_Earth_RockRoll_CT.wav
Cinetools Witchcraft【黑暗魔法巫术风火雷电咒语游戏技能音效素材】655544319933.zip,Cinetools Witchcraft/Pre-Designed/WC_Earth_RockWiggle_CT.wav,3456044,776fc81e,OK,/volume1/主目录/Collection/素材&模板&音库/音效/03_项目素材/LTT_V30All/WC_Earth_RockWiggle_CT.wav
Cinetools Witchcraft【黑暗魔法巫术风火雷电咒语游戏技能音效素材】655544319933.zip,Cinetools Witchcraft/Pre-Designed/WC_Earth_RocksOnIce_CT.wav,3985964,0da5961b,OK,/volume1/主目录/Collection/素材&模板&音库/音效/02_中文音效合集/魔法法术咒语技能释放音效/Cinetools Witchcraft/Pre-Designed/WC_Earth_RocksOnIce_CT.wav
Cinetools Witchcraft【黑暗魔法巫术风火雷电咒语游戏技能音效素材】655544319933.zip,Cinetools Witchcraft/Pre-Designed/WC_Electricity_ElectricBurn2_CT.wav,3155804,320c592e,OK,/volume1/主目录/Collection/素材&模板&音库/音效/02_中文音效合集/魔法法术咒语技能释放音效/Cinetools Witchcraft/Pre-Designed/WC_Electricity_ElectricBurn2_CT.wav
Cinetools Witchcraft【黑暗魔法巫术风火雷电咒语游戏技能音效素材】655544319933.zip,Cinetools Witchcraft/Pre-Designed/WC_Electricity_ElectricBurn_CT.wav,2414858,fb240515,OK,/volume1/主目录/Collection/素材&模板&音库/音效/02_中文音效合集/魔法法术咒语技能释放音效/Cinetools Witchcraft/Pre-Designed/WC_Electricity_ElectricBurn_CT.wav
Cinetools Witchcraft【黑暗魔法巫术风火雷电咒语游戏技能音效素材】655544319933.zip,Cinetools Witchcraft/Pre-Designed/WC_Electricity_ElectricBurst2_CT.wav,2103884,884620d3,OK,/volume1/主目录/Collection/素材&模板&音库/音效/02_中文音效合集/魔法法术咒语技能释放音效/Cinetools Witchcraft/Pre-Designed/WC_Electricity_ElectricBurst2_CT.wav
Cinetools Witchcraft【黑暗魔法巫术风火雷电咒语游戏技能音效素材】655544319933.zip,Cinetools Witchcraft/Pre-Designed/WC_Electricity_ElectricBurst3_CT.wav,2805164,0c4bcd75,OK,/volume1/主目录/Collection/素材&模板&音库/音效/02_中文音效合集/魔法法术咒语技能释放音效/Cinetools Witchcraft/Pre-Designed/WC_Electricity_ElectricBurst3_CT.wav
Cinetools Witchcraft【黑暗魔法巫术风火雷电咒语游戏技能音效素材】655544319933.zip,Cinetools Witchcraft/Pre-Designed/WC_Electricity_ElectricBurst4_CT.wav,3447152,410ba26a,OK,/volume1/主目录/Collection/素材&模板&音库/音效/02_中文音效合集/魔法法术咒语技能释放音效/Cinetools Witchcraft/Pre-Designed/WC_Electricity_ElectricBurst4_CT.wav
Cinetools Witchcraft【黑暗魔法巫术风火雷电咒语游戏技能音效素材】655544319933.zip,Cinetools Witchcraft/Pre-Designed/WC_Electricity_ElectricBurst5_CT.wav,2454524,8e48be63,OK,/volume1/主目录/Collection/素材&模板&音库/音效/02_中文音效合集/魔法法术咒语技能释放音效/Cinetools Witchcraft/Pre-Designed/WC_Electricity_ElectricBurst5_CT.wav
Cinetools Witchcraft【黑暗魔法巫术风火雷电咒语游戏技能音效素材】655544319933.zip,Cinetools Witchcraft/Pre-Designed/WC_Electricity_ElectricBurst6_CT.wav,1367678,5b51f322,OK,/volume1/主目录/Collection/素材&模板&音库/音效/02_中文音效合集/魔法法术咒语技能释放音效/Cinetools Witchcraft/Pre-Designed/WC_Electricity_ElectricBurst6_CT.wav
Cinetools Witchcraft【黑暗魔法巫术风火雷电咒语游戏技能音效素材】655544319933.zip,Cinetools Witchcraft/Pre-Designed/WC_Electricity_ElectricBurst_CT.wav,3421916,b3f71238,OK,/volume1/主目录/Collection/素材&模板&音库/音效/02_中文音效合集/魔法法术咒语技能释放音效/Cinetools Witchcraft/Pre-Designed/WC_Electricity_ElectricBurst_CT.wav
Cinetools Witchcraft【黑暗魔法巫术风火雷电咒语游戏技能音效素材】655544319933.zip,Cinetools Witchcraft/Pre-Designed/WC_Electricity_ElectricNoize2_CT.wav,828124,ac4d19c8,OK,/volume1/主目录/Collection/素材&模板&音库/音效/02_中文音效合集/魔法法术咒语技能释放音效/Cinetools Witchcraft/Pre-Designed/WC_Electricity_ElectricNoize2_CT.wav
Cinetools Witchcraft【黑暗魔法巫术风火雷电咒语游戏技能音效素材】655544319933.zip,Cinetools Witchcraft/Pre-Designed/WC_Electricity_ElectricNoize3_CT.wav,1152124,71cfcddc,OK,/volume1/主目录/Collection/素材&模板&音库/音效/02_中文音效合集/魔法法术咒语技能释放音效/Cinetools Witchcraft/Pre-Designed/WC_Electricity_ElectricNoize3_CT.wav
Cinetools Witchcraft【黑暗魔法巫术风火雷电咒语游戏技能音效素材】655544319933.zip,Cinetools Witchcraft/Pre-Designed/WC_Electricity_ElectricNoize4_CT.wav,1880570,b8f75274,OK,/volume1/主目录/Collection/素材&模板&音库/音效/02_中文音效合集/魔法法术咒语技能释放音效/Cinetools Witchcraft/Pre-Designed/WC_Electricity_ElectricNoize4_CT.wav
Cinetools Witchcraft【黑暗魔法巫术风火雷电咒语游戏技能音效素材】655544319933.zip,Cinetools Witchcraft/Pre-Designed/WC_Electricity_ElectricNoize_CT.wav,914848,0fd161d7,OK,/volume1/主目录/Collection/素材&模板&音库/音效/02_中文音效合集/魔法法术咒语技能释放音效/Cinetools Witchcraft/Pre-Designed/WC_Electricity_ElectricNoize_CT.wav
Cinetools Witchcraft【黑暗魔法巫术风火雷电咒语游戏技能音效素材】655544319933.zip,Cinetools Witchcraft/Pre-Designed/WC_Electricity_ElectroMagnetic_CT.wav,1840904,0c59508f,OK,/volume1/主目录/Collection/素材&模板&音库/音效/02_中文音效合集/魔法法术咒语技能释放音效/Cinetools Witchcraft/Pre-Designed/WC_Electricity_ElectroMagnetic_CT.wav
Cinetools Witchcraft【黑暗魔法巫术风火雷电咒语游戏技能音效素材】655544319933.zip,Cinetools Witchcraft/Pre-Designed/WC_Fire_FireBurst_CT.wav,2772044,edd1cbc6,OK,/volume1/主目录/Collection/素材&模板&音库/音效/02_中文音效合集/魔法法术咒语技能释放音效/Cinetools Witchcraft/Pre-Designed/WC_Fire_FireBurst_CT.wav
Cinetools Witchcraft【黑暗魔法巫术风火雷电咒语游戏技能音效素材】655544319933.zip,Cinetools Witchcraft/Pre-Designed/WC_Fire_FireStarter2_CT.wav,2772044,00c56041,OK,/volume1/主目录/Collection/素材&模板&音库/音效/02_中文音效合集/魔法法术咒语技能释放音效/Cinetools Witchcraft/Pre-Designed/WC_Fire_FireStarter2_CT.wav
Cinetools Witchcraft【黑暗魔法巫术风火雷电咒语游戏技能音效素材】655544319933.zip,Cinetools Witchcraft/Pre-Designed/WC_Fire_FireStarter3_CT.wav,2772044,697a37f4,OK,/volume1/主目录/Collection/素材&模板&音库/音效/02_中文音效合集/魔法法术咒语技能释放音效/Cinetools Witchcraft/Pre-Designed/WC_Fire_FireStarter3_CT.wav
Cinetools Witchcraft【黑暗魔法巫术风火雷电咒语游戏技能音效素材】655544319933.zip,Cinetools Witchcraft/Pre-Designed/WC_Fire_FireStarter_CT.wav,2772044,358c1f3e,OK,/volume1/主目录/Collection/素材&模板&音库/音效/02_中文音效合集/魔法法术咒语技能释放音效/Cinetools Witchcraft/Pre-Designed/WC_Fire_FireStarter_CT.wav
Cinetools Witchcraft【黑暗魔法巫术风火雷电咒语游戏技能音效素材】655544319933.zip,Cinetools Witchcraft/Pre-Designed/WC_Fire_FireVersusIce_CT.wav,10309778,83ccce18,OK,/volume1/主目录/Collection/素材&模板&音库/音效/02_中文音效合集/魔法法术咒语技能释放音效/Cinetools Witchcraft/Pre-Designed/WC_Fire_FireVersusIce_CT.wav
Cinetools Witchcraft【黑暗魔法巫术风火雷电咒语游戏技能音效素材】655544319933.zip,Cinetools Witchcraft/Pre-Designed/WC_Fire_GasFlame2_CT.wav,2023828,39ce04ef,OK,/volume1/主目录/Collection/素材&模板&音库/音效/02_中文音效合集/魔法法术咒语技能释放音效/Cinetools Witchcraft/Pre-Designed/WC_Fire_GasFlame2_CT.wav
Cinetools Witchcraft【黑暗魔法巫术风火雷电咒语游戏技能音效素材】655544319933.zip,Cinetools Witchcraft/Pre-Designed/WC_Fire_GasFlame3_CT.wav,2102374,ff54196e,NAME_ONLY,/volume1/主目录/Collection/素材&模板&音库/音效/02_中文音效合集/魔法法术咒语技能释放音效/Cinetools Witchcraft/Pre-Designed/WC_Fire_GasFlame3_CT.wav
Cinetools Witchcraft【黑暗魔法巫术风火雷电咒语游戏技能音效素材】655544319933.zip,Cinetools Witchcraft/Pre-Designed/WC_Fire_GasFlame_CT.wav,2108278,ea82a81f,OK,/volume1/主目录/Collection/素材&模板&音库/音效/02_中文音效合集/魔法法术咒语技能释放音效/Cinetools Witchcraft/Pre-Designed/WC_Fire_GasFlame_CT.wav
Cinetools Witchcraft【黑暗魔法巫术风火雷电咒语游戏技能音效素材】655544319933.zip,Cinetools Witchcraft/Pre-Designed/WC_Fire_InstantIncineration_CT.wav,2772044,ac5cc50c,OK,/volume1/主目录/Collection/素材&模板&音库/音效/02_中文音效合集/魔法法术咒语技能释放音效/Cinetools Witchcraft/Pre-Designed/WC_Fire_InstantIncineration_CT.wav
Cinetools Witchcraft【黑暗魔法巫术风火雷电咒语游戏技能音效素材】655544319933.zip,Cinetools Witchcraft/Pre-Designed/WC_Fire_MagicBurst2_CT.wav,2065748,46210655,OK,/volume1/主目录/Collection/素材&模板&音库/音效/02_中文音效合集/魔法法术咒语技能释放音效/Cinetools Witchcraft/Pre-Designed/WC_Fire_MagicBurst2_CT.wav
Cinetools Witchcraft【黑暗魔法巫术风火雷电咒语游戏技能音效素材】655544319933.zip,Cinetools Witchcraft/Pre-Designed/WC_Fire_MagicBurst_CT.wav,2040560,16c21282,OK,/volume1/主目录/Collection/素材&模板&音库/音效/02_中文音效合集/魔法法术咒语技能释放音效/Cinetools Witchcraft/Pre-Designed/WC_Fire_MagicBurst_CT.wav
Cinetools Witchcraft【黑暗魔法巫术风火雷电咒语游戏技能音效素材】655544319933.zip,Cinetools Witchcraft/Pre-Designed/WC_Fire_MagicIgnition2_CT.wav,2027224,11820f7a,OK,/volume1/主目录/Collection/素材&模板&音库/音效/02_中文音效合集/魔法法术咒语技能释放音效/Cinetools Witchcraft/Pre-Designed/WC_Fire_MagicIgnition2_CT.wav
Cinetools Witchcraft【黑暗魔法巫术风火雷电咒语游戏技能音效素材】655544319933.zip,Cinetools Witchcraft/Pre-Designed/WC_Fire_MagicIgnition_CT.wav,2006588,51493daf,OK,/volume1/主目录/Collection/素材&模板&音库/音效/02_中文音效合集/魔法法术咒语技能释放音效/Cinetools Witchcraft/Pre-Designed/WC_Fire_MagicIgnition_CT.wav
Cinetools Witchcraft【黑暗魔法巫术风火雷电咒语游戏技能音效素材】655544319933.zip,Cinetools Witchcraft/Pre-Designed/WC_Fire_SpiritFlame2_CT.wav,2056622,fdc024f7,OK,/volume1/主目录/Collection/素材&模板&音库/音效/02_中文音效合集/魔法法术咒语技能释放音效/Cinetools Witchcraft/Pre-Designed/WC_Fire_SpiritFlame2_CT.wav
Cinetools Witchcraft【黑暗魔法巫术风火雷电咒语游戏技能音效素材】655544319933.zip,Cinetools Witchcraft/Pre-Designed/WC_Fire_SpiritFlame_CT.wav,2033516,d0e481f2,OK,/volume1/主目录/Collection/素材&模板&音库/音效/02_中文音效合集/魔法法术咒语技能释放音效/Cinetools Witchcraft/Pre-Designed/WC_Fire_SpiritFlame_CT.wav
Cinetools Witchcraft【黑暗魔法巫术风火雷电咒语游戏技能音效素材】655544319933.zip,Cinetools Witchcraft/Pre-Designed/WC_Ice_FireBallOnGlacier2_CT.wav,3584234,6379ec82,OK,/volume1/主目录/Collection/素材&模板&音库/音效/02_中文音效合集/魔法法术咒语技能释放音效/Cinetools Witchcraft/Pre-Designed/WC_Ice_FireBallOnGlacier2_CT.wav
Cinetools Witchcraft【黑暗魔法巫术风火雷电咒语游戏技能音效素材】655544319933.zip,Cinetools Witchcraft/Pre-Designed/WC_Ice_FireBallOnGlacier_CT.wav,3576596,4697cd99,OK,/volume1/主目录/Collection/素材&模板&音库/音效/02_中文音效合集/魔法法术咒语技能释放音效/Cinetools Witchcraft/Pre-Designed/WC_Ice_FireBallOnGlacier_CT.wav
Cinetools Witchcraft【黑暗魔法巫术风火雷电咒语游戏技能音效素材】655544319933.zip,Cinetools Witchcraft/Pre-Designed/WC_Ice_FireboltOnGlacier_CT.wav,3780872,45b50e91,OK,/volume1/主目录/Collection/素材&模板&音库/音效/02_中文音效合集/魔法法术咒语技能释放音效/Cinetools Witchcraft/Pre-Designed/WC_Ice_FireboltOnGlacier_CT.wav
Cinetools Witchcraft【黑暗魔法巫术风火雷电咒语游戏技能音效素材】655544319933.zip,Cinetools Witchcraft/Pre-Designed/WC_Ice_GlacialDropping2_CT.wav,3039530,eb919b4b,OK,/volume1/主目录/Collection/素材&模板&音库/音效/02_中文音效合集/魔法法术咒语技能释放音效/Cinetools Witchcraft/Pre-Designed/WC_Ice_GlacialDropping2_CT.wav
Cinetools Witchcraft【黑暗魔法巫术风火雷电咒语游戏技能音效素材】655544319933.zip,Cinetools Witchcraft/Pre-Designed/WC_Ice_GlacialDropping3_CT.wav,3603704,067acbfa,OK,/volume1/主目录/Collection/素材&模板&音库/音效/02_中文音效合集/魔法法术咒语技能释放音效/Cinetools Witchcraft/Pre-Designed/WC_Ice_GlacialDropping3_CT.wav
Cinetools Witchcraft【黑暗魔法巫术风火雷电咒语游戏技能音效素材】655544319933.zip,Cinetools Witchcraft/Pre-Designed/WC_Ice_GlacialDropping_CT.wav,3586748,0cdfb055,OK,/volume1/主目录/Collection/素材&模板&音库/音效/02_中文音效合集/魔法法术咒语技能释放音效/Cinetools Witchcraft/Pre-Designed/WC_Ice_GlacialDropping_CT.wav
Cinetools Witchcraft【黑暗魔法巫术风火雷电咒语游戏技能音效素材】655544319933.zip,Cinetools Witchcraft/Pre-Designed/WC_Ice_GlacialSpike2_CT.wav,3607994,eb95f4b3,OK,/volume1/主目录/Collection/素材&模板&音库/音效/02_中文音效合集/魔法法术咒语技能释放音效/Cinetools Witchcraft/Pre-Designed/WC_Ice_GlacialSpike2_CT.wav
Cinetools Witchcraft【黑暗魔法巫术风火雷电咒语游戏技能音效素材】655544319933.zip,Cinetools Witchcraft/Pre-Designed/WC_Ice_GlacialSpike_CT.wav,3750992,2f2666ee,OK,/volume1/主目录/Collection/素材&模板&音库/音效/02_中文音效合集/魔法法术咒语技能释放音效/Cinetools Witchcraft/Pre-Designed/WC_Ice_GlacialSpike_CT.wav
Cinetools Witchcraft【黑暗魔法巫术风火雷电咒语游戏技能音效素材】655544319933.zip,Cinetools Witchcraft/Pre-Designed/WC_Ice_GlacierBreaking2_CT.wav,3798884,7b749f97,OK,/volume1/主目录/Collection/素材&模板&音库/音效/02_中文音效合集/魔法法术咒语技能释放音效/Cinetools Witchcraft/Pre-Designed/WC_Ice_GlacierBreaking2_CT.wav
Cinetools Witchcraft【黑暗魔法巫术风火雷电咒语游戏技能音效素材】655544319933.zip,Cinetools Witchcraft/Pre-Designed/WC_Ice_GlacierBreaking3_CT.wav,3913684,aa34da06,OK,/volume1/主目录/Collection/素材&模板&音库/音效/02_中文音效合集/魔法法术咒语技能释放音效/Cinetools Witchcraft/Pre-Designed/WC_Ice_GlacierBreaking3_CT.wav
Cinetools Witchcraft【黑暗魔法巫术风火雷电咒语游戏技能音效素材】655544319933.zip,Cinetools Witchcraft/Pre-Designed/WC_Ice_GlacierBreaking4_CT.wav,4093978,f0b49fe1,OK,/volume1/主目录/Collection/素材&模板&音库/音效/02_中文音效合集/魔法法术咒语技能释放音效/Cinetools Witchcraft/Pre-Designed/WC_Ice_GlacierBreaking4_CT.wav
Cinetools Witchcraft【黑暗魔法巫术风火雷电咒语游戏技能音效素材】655544319933.zip,Cinetools Witchcraft/Pre-Designed/WC_Ice_GlacierBreaking_CT.wav,3771326,3981d26a,OK,/volume1/主目录/Collection/素材&模板&音库/音效/02_中文音效合集/魔法法术咒语技能释放音效/Cinetools Witchcraft/Pre-Designed/WC_Ice_GlacierBreaking_CT.wav
Cinetools Witchcraft【黑暗魔法巫术风火雷电咒语游戏技能音效素材】655544319933.zip,Cinetools Witchcraft/Pre-Designed/WC_Ice_GlacierCracking2_CT.wav,3591080,14e235de,OK,/volume1/主目录/Collection/素材&模板&音库/音效/03_项目素材/LTT_V30All/WC_Ice_GlacierCracking2_CT.wav
Cinetools Witchcraft【黑暗魔法巫术风火雷电咒语游戏技能音效素材】655544319933.zip,Cinetools Witchcraft/Pre-Designed/WC_Ice_GlacierCracking_CT.wav,3616666,43eecd50,OK,/volume1/主目录/Collection/素材&模板&音库/音效/02_中文音效合集/魔法法术咒语技能释放音效/Cinetools Witchcraft/Pre-Designed/WC_Ice_GlacierCracking_CT.wav
Cinetools Witchcraft【黑暗魔法巫术风火雷电咒语游戏技能音效素材】655544319933.zip,Cinetools Witchcraft/Pre-Designed/WC_Ice_GlacierStress2_CT.wav,4752044,0f04c7ad,OK,/volume1/主目录/Collection/素材&模板&音库/音效/02_中文音效合集/魔法法术咒语技能释放音效/Cinetools Witchcraft/Pre-Designed/WC_Ice_GlacierStress2_CT.wav
Cinetools Witchcraft【黑暗魔法巫术风火雷电咒语游戏技能音效素材】655544319933.zip,Cinetools Witchcraft/Pre-Designed/WC_Ice_GlacierStress3_CT.wav,4356044,053d78f0,OK,/volume1/主目录/Collection/素材&模板&音库/音效/02_中文音效合集/魔法法术咒语技能释放音效/Cinetools Witchcraft/Pre-Designed/WC_Ice_GlacierStress3_CT.wav
Cinetools Witchcraft【黑暗魔法巫术风火雷电咒语游戏技能音效素材】655544319933.zip,Cinetools Witchcraft/Pre-Designed/WC_Ice_GlacierStress_CT.wav,7920044,80fae70a,OK,/volume1/主目录/Collection/素材&模板&音库/音效/02_中文音效合集/魔法法术咒语技能释放音效/Cinetools Witchcraft/Pre-Designed/WC_Ice_GlacierStress_CT.wav
Cinetools Witchcraft【黑暗魔法巫术风火雷电咒语游戏技能音效素材】655544319933.zip,Cinetools Witchcraft/Pre-Designed/WC_Ice_IceCrumble_CT.wav,6336044,5cc95b38,OK,/volume1/主目录/Collection/素材&模板&音库/音效/02_中文音效合集/魔法法术咒语技能释放音效/Cinetools Witchcraft/Pre-Designed/WC_Ice_IceCrumble_CT.wav
Cinetools Witchcraft【黑暗魔法巫术风火雷电咒语游戏技能音效素材】655544319933.zip,Cinetools Witchcraft/Pre-Designed/WC_Ice_IceRocks2_CT.wav,2054996,8129e444,OK,/volume1/主目录/Collection/素材&模板&音库/音效/02_中文音效合集/魔法法术咒语技能释放音效/Cinetools Witchcraft/Pre-Designed/WC_Ice_IceRocks2_CT.wav
Cinetools Witchcraft【黑暗魔法巫术风火雷电咒语游戏技能音效素材】655544319933.zip,Cinetools Witchcraft/Pre-Designed/WC_Ice_IceRocks3_CT.wav,1872044,3ccb3269,OK,/volume1/主目录/Collection/素材&模板&音库/音效/02_中文音效合集/魔法法术咒语技能释放音效/Cinetools Witchcraft/Pre-Designed/WC_Ice_IceRocks3_CT.wav
Cinetools Witchcraft【黑暗魔法巫术风火雷电咒语游戏技能音效素材】655544319933.zip,Cinetools Witchcraft/Pre-Designed/WC_Ice_IceRocks4_CT.wav,2054996,79c88347,OK,/volume1/主目录/Collection/素材&模板&音库/音效/02_中文音效合集/魔法法术咒语技能释放音效/Cinetools Witchcraft/Pre-Designed/WC_Ice_IceRocks4_CT.wav
Cinetools Witchcraft【黑暗魔法巫术风火雷电咒语游戏技能音效素材】655544319933.zip,Cinetools Witchcraft/Pre-Designed/WC_Ice_IceRocks5_CT.wav,2054996,2abe2549,OK,/volume1/主目录/Collection/素材&模板&音库/音效/02_中文音效合集/魔法法术咒语技能释放音效/Cinetools Witchcraft/Pre-Designed/WC_Ice_IceRocks5_CT.wav
Cinetools Witchcraft【黑暗魔法巫术风火雷电咒语游戏技能音效素材】655544319933.zip,Cinetools Witchcraft/Pre-Designed/WC_Ice_IceRocks6_CT.wav,3600044,0acf4a18,OK,/volume1/主目录/Collection/素材&模板&音库/音效/02_中文音效合集/魔法法术咒语技能释放音效/Cinetools Witchcraft/Pre-Designed/WC_Ice_IceRocks6_CT.wav
Cinetools Witchcraft【黑暗魔法巫术风火雷电咒语游戏技能音效素材】655544319933.zip,Cinetools Witchcraft/Pre-Designed/WC_Ice_IceRocks7_CT.wav,3600044,c9a3dda4,OK,/volume1/主目录/Collection/素材&模板&音库/音效/02_中文音效合集/魔法法术咒语技能释放音效/Cinetools Witchcraft/Pre-Designed/WC_Ice_IceRocks7_CT.wav
Cinetools Witchcraft【黑暗魔法巫术风火雷电咒语游戏技能音效素材】655544319933.zip,Cinetools Witchcraft/Pre-Designed/WC_Ice_IceRocks_CT.wav,1872044,028a72ac,OK,/volume1/主目录/Collection/素材&模板&音库/音效/02_中文音效合集/魔法法术咒语技能释放音效/Cinetools Witchcraft/Pre-Designed/WC_Ice_IceRocks_CT.wav
Cinetools Witchcraft【黑暗魔法巫术风火雷电咒语游戏技能音效素材】655544319933.zip,Cinetools Witchcraft/Pre-Designed/WC_Ice_Ice_Break2_CT.wav,3168044,751a18c0,OK,/volume1/主目录/Collection/素材&模板&音库/音效/02_中文音效合集/魔法法术咒语技能释放音效/Cinetools Witchcraft/Pre-Designed/WC_Ice_Ice_Break2_CT.wav
Cinetools Witchcraft【黑暗魔法巫术风火雷电咒语游戏技能音效素材】655544319933.zip,Cinetools Witchcraft/Pre-Designed/WC_Ice_Ice_Break_CT.wav,3168044,d81fc0fb,OK,/volume1/主目录/Collection/素材&模板&音库/音效/02_中文音效合集/魔法法术咒语技能释放音效/Cinetools Witchcraft/Pre-Designed/WC_Ice_Ice_Break_CT.wav
Cinetools Witchcraft【黑暗魔法巫术风火雷电咒语游戏技能音效素材】655544319933.zip,Cinetools Witchcraft/Pre-Designed/WC_Ice_Ice_Cracking2_CT.wav,2376044,614d1c52,OK,/volume1/主目录/Collection/素材&模板&音库/音效/02_中文音效合集/魔法法术咒语技能释放音效/Cinetools Witchcraft/Pre-Designed/WC_Ice_Ice_Cracking2_CT.wav
Cinetools Witchcraft【黑暗魔法巫术风火雷电咒语游戏技能音效素材】655544319933.zip,Cinetools Witchcraft/Pre-Designed/WC_Ice_Ice_Cracking_CT.wav,2367524,c399c8f2,OK,/volume1/主目录/Collection/素材&模板&音库/音效/02_中文音效合集/魔法法术咒语技能释放音效/Cinetools Witchcraft/Pre-Designed/WC_Ice_Ice_Cracking_CT.wav
Cinetools Witchcraft【黑暗魔法巫术风火雷电咒语游戏技能音效素材】655544319933.zip,Cinetools Witchcraft/Pre-Designed/WC_Ice_Ice_Stress2_CT.wav,8316044,470c8eed,OK,/volume1/主目录/Collection/素材&模板&音库/音效/02_中文音效合集/魔法法术咒语技能释放音效/Cinetools Witchcraft/Pre-Designed/WC_Ice_Ice_Stress2_CT.wav
Cinetools Witchcraft【黑暗魔法巫术风火雷电咒语游戏技能音效素材】655544319933.zip,Cinetools Witchcraft/Pre-Designed/WC_Ice_Ice_StressInWater2_CT.wav,17399630,65e2a72f,OK,/volume1/主目录/Collection/素材&模板&音库/音效/02_中文音效合集/魔法法术咒语技能释放音效/Cinetools Witchcraft/Pre-Designed/WC_Ice_Ice_StressInWater2_CT.wav
Cinetools Witchcraft【黑暗魔法巫术风火雷电咒语游戏技能音效素材】655544319933.zip,Cinetools Witchcraft/Pre-Designed/WC_Ice_Ice_StressInWater3_CT.wav,7778540,437583aa,OK,/volume1/主目录/Collection/素材&模板&音库/音效/02_中文音效合集/魔法法术咒语技能释放音效/Cinetools Witchcraft/Pre-Designed/WC_Ice_Ice_StressInWater3_CT.wav
Cinetools Witchcraft【黑暗魔法巫术风火雷电咒语游戏技能音效素材】655544319933.zip,Cinetools Witchcraft/Pre-Designed/WC_Ice_Ice_StressInWater_CT.wav,7778540,4bcbd959,OK,/volume1/主目录/Collection/素材&模板&音库/音效/02_中文音效合集/魔法法术咒语技能释放音效/Cinetools Witchcraft/Pre-Designed/WC_Ice_Ice_StressInWater_CT.wav
Cinetools Witchcraft【黑暗魔法巫术风火雷电咒语游戏技能音效素材】655544319933.zip,Cinetools Witchcraft/Pre-Designed/WC_Ice_Ice_Stress_CT.wav,11520044,ede94129,OK,/volume1/主目录/Collection/素材&模板&音库/音效/02_中文音效合集/魔法法术咒语技能释放音效/Cinetools Witchcraft/Pre-Designed/WC_Ice_Ice_Stress_CT.wav
Cinetools Witchcraft【黑暗魔法巫术风火雷电咒语游戏技能音效素材】655544319933.zip,Cinetools Witchcraft/Pre-Designed/WC_Ice_IceshelfBreaking2_CT.wav,4608124,a9ad6692,OK,/volume1/主目录/Collection/素材&模板&音库/音效/02_中文音效合集/魔法法术咒语技能释放音效/Cinetools Witchcraft/Pre-Designed/WC_Ice_IceshelfBreaking2_CT.wav
Cinetools Witchcraft【黑暗魔法巫术风火雷电咒语游戏技能音效素材】655544319933.zip,Cinetools Witchcraft/Pre-Designed/WC_Ice_IceshelfBreaking3_CT.wav,3323392,951244e1,OK,/volume1/主目录/Collection/素材&模板&音库/音效/02_中文音效合集/魔法法术咒语技能释放音效/Cinetools Witchcraft/Pre-Designed/WC_Ice_IceshelfBreaking3_CT.wav
Cinetools Witchcraft【黑暗魔法巫术风火雷电咒语游戏技能音效素材】655544319933.zip,Cinetools Witchcraft/Pre-Designed/WC_Ice_IceshelfBreaking_CT.wav,4608124,4ddb0a9f,OK,/volume1/主目录/Collection/素材&模板&音库/音效/02_中文音效合集/魔法法术咒语技能释放音效/Cinetools Witchcraft/Pre-Designed/WC_Ice_IceshelfBreaking_CT.wav
Cinetools Witchcraft【黑暗魔法巫术风火雷电咒语游戏技能音效素材】655544319933.zip,Cinetools Witchcraft/Pre-Designed/WC_Ice_Impact&Crumble2_CT.wav,863866,83e82d32,OK,/volume1/主目录/Collection/素材&模板&音库/音效/02_中文音效合集/魔法法术咒语技能释放音效/Cinetools Witchcraft/Pre-Designed/WC_Ice_Impact&Crumble2_CT.wav
Cinetools Witchcraft【黑暗魔法巫术风火雷电咒语游戏技能音效素材】655544319933.zip,Cinetools Witchcraft/Pre-Designed/WC_Ice_Impact&Crumble3_CT.wav,1008148,42ed7ffd,OK,/volume1/主目录/Collection/素材&模板&音库/音效/02_中文音效合集/魔法法术咒语技能释放音效/Cinetools Witchcraft/Pre-Designed/WC_Ice_Impact&Crumble3_CT.wav
Cinetools Witchcraft【黑暗魔法巫术风火雷电咒语游戏技能音效素材】655544319933.zip,Cinetools Witchcraft/Pre-Designed/WC_Ice_Impact&Crumble4_CT.wav,790096,d065b01e,OK,/volume1/主目录/Collection/素材&模板&音库/音效/02_中文音效合集/魔法法术咒语技能释放音效/Cinetools Witchcraft/Pre-Designed/WC_Ice_Impact&Crumble4_CT.wav
Cinetools Witchcraft【黑暗魔法巫术风火雷电咒语游戏技能音效素材】655544319933.zip,Cinetools Witchcraft/Pre-Designed/WC_Ice_Impact&Crumble5_CT.wav,511084,b4f04747,OK,/volume1/主目录/Collection/素材&模板&音库/音效/02_中文音效合集/魔法法术咒语技能释放音效/Cinetools Witchcraft/Pre-Designed/WC_Ice_Impact&Crumble5_CT.wav
Cinetools Witchcraft【黑暗魔法巫术风火雷电咒语游戏技能音效素材】655544319933.zip,Cinetools Witchcraft/Pre-Designed/WC_Ice_Impact&Crumble_CT.wav,1402702,edc6b72f,OK,/volume1/主目录/Collection/素材&模板&音库/音效/02_中文音效合集/魔法法术咒语技能释放音效/Cinetools Witchcraft/Pre-Designed/WC_Ice_Impact&Crumble_CT.wav
Cinetools Witchcraft【黑暗魔法巫术风火雷电咒语游戏技能音效素材】655544319933.zip,Cinetools Witchcraft/Pre-Designed/WC_Ice_MeltingGlacier2_CT.wav,4093996,c44231aa,OK,/volume1/主目录/Collection/素材&模板&音库/音效/02_中文音效合集/魔法法术咒语技能释放音效/Cinetools Witchcraft/Pre-Designed/WC_Ice_MeltingGlacier2_CT.wav
Cinetools Witchcraft【黑暗魔法巫术风火雷电咒语游戏技能音效素材】655544319933.zip,Cinetools Witchcraft/Pre-Designed/WC_Ice_MeltingGlacier3_CT.wav,3789794,a1024458,OK,/volume1/主目录/Collection/素材&模板&音库/音效/02_中文音效合集/魔法法术咒语技能释放音效/Cinetools Witchcraft/Pre-Designed/WC_Ice_MeltingGlacier3_CT.wav
Cinetools Witchcraft【黑暗魔法巫术风火雷电咒语游戏技能音效素材】655544319933.zip,Cinetools Witchcraft/Pre-Designed/WC_Ice_MeltingGlacier_CT.wav,3797456,ad86e651,OK,/volume1/主目录/Collection/素材&模板&音库/音效/02_中文音效合集/魔法法术咒语技能释放音效/Cinetools Witchcraft/Pre-Designed/WC_Ice_MeltingGlacier_CT.wav
Cinetools Witchcraft【黑暗魔法巫术风火雷电咒语游戏技能音效素材】655544319933.zip,Cinetools Witchcraft/Pre-Designed/WC_Nature_Earthquake2_CT.wav,6336050,efd5dc8c,OK,/volume1/主目录/Collection/素材&模板&音库/音效/02_中文音效合集/魔法法术咒语技能释放音效/Cinetools Witchcraft/Pre-Designed/WC_Nature_Earthquake2_CT.wav
Cinetools Witchcraft【黑暗魔法巫术风火雷电咒语游戏技能音效素材】655544319933.zip,Cinetools Witchcraft/Pre-Designed/WC_Nature_Earthquake3_CT.wav,4896044,9ccf1430,OK,/volume1/主目录/Collection/素材&模板&音库/音效/02_中文音效合集/魔法法术咒语技能释放音效/Cinetools Witchcraft/Pre-Designed/WC_Nature_Earthquake3_CT.wav
Cinetools Witchcraft【黑暗魔法巫术风火雷电咒语游戏技能音效素材】655544319933.zip,Cinetools Witchcraft/Pre-Designed/WC_Nature_Earthquake_CT.wav,13140050,3862c5af,OK,/volume1/主目录/Collection/素材&模板&音库/音效/02_中文音效合集/魔法法术咒语技能释放音效/Cinetools Witchcraft/Pre-Designed/WC_Nature_Earthquake_CT.wav
Cinetools Witchcraft【黑暗魔法巫术风火雷电咒语游戏技能音效素材】655544319933.zip,Cinetools Witchcraft/Pre-Designed/WC_Nature_Earthquake_Destruction_large2_CT.wav,2725420,0442ac1e,OK,/volume1/主目录/Collection/素材&模板&音库/音效/03_项目素材/LTT_V30All/WC_Nature_Earthquake_Destruction_large2_CT.wav
Cinetools Witchcraft【黑暗魔法巫术风火雷电咒语游戏技能音效素材】655544319933.zip,Cinetools Witchcraft/Pre-Designed/WC_Nature_Earthquake_Destruction_large3_CT.wav,2681638,9fbdc53d,OK,/volume1/主目录/Collection/素材&模板&音库/音效/02_中文音效合集/魔法法术咒语技能释放音效/Cinetools Witchcraft/Pre-Designed/WC_Nature_Earthquake_Destruction_large3_CT.wav
Cinetools Witchcraft【黑暗魔法巫术风火雷电咒语游戏技能音效素材】655544319933.zip,Cinetools Witchcraft/Pre-Designed/WC_Nature_Earthquake_Destruction_large4_CT.wav,4554944,8c1eec23,OK,/volume1/主目录/Collection/素材&模板&音库/音效/02_中文音效合集/魔法法术咒语技能释放音效/Cinetools Witchcraft/Pre-Designed/WC_Nature_Earthquake_Destruction_large4_CT.wav
Cinetools Witchcraft【黑暗魔法巫术风火雷电咒语游戏技能音效素材】655544319933.zip,Cinetools Witchcraft/Pre-Designed/WC_Nature_Earthquake_Destruction_large_CT.wav,9360044,31d4abaf,OK,/volume1/主目录/Collection/素材&模板&音库/音效/03_项目素材/LTT_V30All/WC_Nature_Earthquake_Destruction_large_CT.wav
Cinetools Witchcraft【黑暗魔法巫术风火雷电咒语游戏技能音效素材】655544319933.zip,Cinetools Witchcraft/Pre-Designed/WC_Nature_Earthquake_Destruction_medium_CT.wav,7488044,2e489705,OK,/volume1/主目录/Collection/素材&模板&音库/音效/02_中文音效合集/魔法法术咒语技能释放音效/Cinetools Witchcraft/Pre-Designed/WC_Nature_Earthquake_Destruction_medium_CT.wav
Cinetools Witchcraft【黑暗魔法巫术风火雷电咒语游戏技能音效素材】655544319933.zip,Cinetools Witchcraft/Pre-Designed/WC_Nature_Earthquake_Destruction_mega_CT.wav,16272044,2754d901,OK,/volume1/主目录/Collection/素材&模板&音库/音效/99_待整理/_命名冲突/03_项目素材/LTT_V30All/WC_Nature_Earthquake_Destruction_mega_CT.wav
Cinetools Witchcraft【黑暗魔法巫术风火雷电咒语游戏技能音效素材】655544319933.zip,Cinetools Witchcraft/Pre-Designed/WC_Nature_Earthquake_Destruction_small_CT.wav,2196044,284c2597,OK,/volume1/主目录/Collection/素材&模板&音库/音效/03_项目素材/LTT_V30All/WC_Nature_Earthquake_Destruction_small_CT.wav
Cinetools Witchcraft【黑暗魔法巫术风火雷电咒语游戏技能音效素材】655544319933.zip,Cinetools Witchcraft/Pre-Designed/WC_Nature_Earthquake_Landslip_mega_CT.wav,16272044,2ae4c1f8,NAME_ONLY,/volume1/主目录/Collection/素材&模板&音库/音效/02_中文音效合集/魔法法术咒语技能释放音效/Cinetools Witchcraft/Pre-Designed/WC_Nature_Earthquake_Landslip_mega_CT.wav
Cinetools Witchcraft【黑暗魔法巫术风火雷电咒语游戏技能音效素材】655544319933.zip,Cinetools Witchcraft/Pre-Designed/WC_Nature_Eartquake_Incoming_CT.wav,4443274,b95da978,OK,/volume1/主目录/Collection/素材&模板&音库/音效/03_项目素材/LTT_V30All/WC_Nature_Eartquake_Incoming_CT.wav
Cinetools Witchcraft【黑暗魔法巫术风火雷电咒语游戏技能音效素材】655544319933.zip,Cinetools Witchcraft/Pre-Designed/WC_Nature_GlacierErosion2_CT.wav,4377644,449e73c6,OK,/volume1/主目录/Collection/素材&模板&音库/音效/02_中文音效合集/魔法法术咒语技能释放音效/Cinetools Witchcraft/Pre-Designed/WC_Nature_GlacierErosion2_CT.wav
Cinetools Witchcraft【黑暗魔法巫术风火雷电咒语游戏技能音效素材】655544319933.zip,Cinetools Witchcraft/Pre-Designed/WC_Nature_GlacierErosion3_CT.wav,3904324,c8e77bd7,OK,/volume1/主目录/Collection/素材&模板&音库/音效/02_中文音效合集/魔法法术咒语技能释放音效/Cinetools Witchcraft/Pre-Designed/WC_Nature_GlacierErosion3_CT.wav
Cinetools Witchcraft【黑暗魔法巫术风火雷电咒语游戏技能音效素材】655544319933.zip,Cinetools Witchcraft/Pre-Designed/WC_Nature_GlacierErosion_CT.wav,4003244,bf475ffd,OK,/volume1/主目录/Collection/素材&模板&音库/音效/03_项目素材/LTT_V30All/WC_Nature_GlacierErosion_CT.wav
Cinetools Witchcraft【黑暗魔法巫术风火雷电咒语游戏技能音效素材】655544319933.zip,Cinetools Witchcraft/Pre-Designed/WC_Nature_IceAvalanche2_CT.wav,3680684,b6ecf73d,OK,/volume1/主目录/Collection/素材&模板&音库/音效/02_中文音效合集/魔法法术咒语技能释放音效/Cinetools Witchcraft/Pre-Designed/WC_Nature_IceAvalanche2_CT.wav
Cinetools Witchcraft【黑暗魔法巫术风火雷电咒语游戏技能音效素材】655544319933.zip,Cinetools Witchcraft/Pre-Designed/WC_Nature_IceAvalanche_CT.wav,4003244,2d9a515c,OK,/volume1/主目录/Collection/素材&模板&音库/音效/02_中文音效合集/魔法法术咒语技能释放音效/Cinetools Witchcraft/Pre-Designed/WC_Nature_IceAvalanche_CT.wav
Cinetools Witchcraft【黑暗魔法巫术风火雷电咒语游戏技能音效素材】655544319933.zip,Cinetools Witchcraft/Pre-Designed/WC_Nature_IcebergCollapsingIntoTheSea2_CT.wav,12672124,1535c101,OK,/volume1/主目录/Collection/素材&模板&音库/音效/02_中文音效合集/魔法法术咒语技能释放音效/Cinetools Witchcraft/Pre-Designed/WC_Nature_IcebergCollapsingIntoTheSea2_CT.wav
Cinetools Witchcraft【黑暗魔法巫术风火雷电咒语游戏技能音效素材】655544319933.zip,Cinetools Witchcraft/Pre-Designed/WC_Nature_IcebergCollapsingIntoTheSea3_CT.wav,11520124,cef9e387,OK,/volume1/主目录/Collection/素材&模板&音库/音效/02_中文音效合集/魔法法术咒语技能释放音效/Cinetools Witchcraft/Pre-Designed/WC_Nature_IcebergCollapsingIntoTheSea3_CT.wav
Cinetools Witchcraft【黑暗魔法巫术风火雷电咒语游戏技能音效素材】655544319933.zip,Cinetools Witchcraft/Pre-Designed/WC_Nature_IcebergCollapsingIntoTheSea4_CT.wav,9216124,2fb463e6,OK,/volume1/主目录/Collection/素材&模板&音库/音效/02_中文音效合集/魔法法术咒语技能释放音效/Cinetools Witchcraft/Pre-Designed/WC_Nature_IcebergCollapsingIntoTheSea4_CT.wav
Cinetools Witchcraft【黑暗魔法巫术风火雷电咒语游戏技能音效素材】655544319933.zip,Cinetools Witchcraft/Pre-Designed/WC_Nature_IcebergCollapsingIntoTheSea4_inside_CT.wav,6912124,7294980e,OK,/volume1/主目录/Collection/素材&模板&音库/音效/02_中文音效合集/魔法法术咒语技能释放音效/Cinetools Witchcraft/Pre-Designed/WC_Nature_IcebergCollapsingIntoTheSea4_inside_CT.wav
Cinetools Witchcraft【黑暗魔法巫术风火雷电咒语游戏技能音效素材】655544319933.zip,Cinetools Witchcraft/Pre-Designed/WC_Nature_IcebergCollapsingIntoTheSea5_underwater_CT.wav,9216124,a3fc67a0,OK,/volume1/主目录/Collection/素材&模板&音库/音效/02_中文音效合集/魔法法术咒语技能释放音效/Cinetools Witchcraft/Pre-Designed/WC_Nature_IcebergCollapsingIntoTheSea5_underwater_CT.wav
Cinetools Witchcraft【黑暗魔法巫术风火雷电咒语游戏技能音效素材】655544319933.zip,Cinetools Witchcraft/Pre-Designed/WC_Nature_IcebergCollapsingIntoTheSea_CT.wav,11245324,5e3fc2ec,OK,/volume1/主目录/Collection/素材&模板&音库/音效/02_中文音效合集/魔法法术咒语技能释放音效/Cinetools Witchcraft/Pre-Designed/WC_Nature_IcebergCollapsingIntoTheSea_CT.wav
Cinetools Witchcraft【黑暗魔法巫术风火雷电咒语游戏技能音效素材】655544319933.zip,Cinetools Witchcraft/Pre-Designed/WC_Nature_IcebergFracturing2_CT.wav,5932844,8947207f,OK,/volume1/主目录/Collection/素材&模板&音库/音效/02_中文音效合集/魔法法术咒语技能释放音效/Cinetools Witchcraft/Pre-Designed/WC_Nature_IcebergFracturing2_CT.wav
Cinetools Witchcraft【黑暗魔法巫术风火雷电咒语游戏技能音效素材】655544319933.zip,Cinetools Witchcraft/Pre-Designed/WC_Nature_IcebergFracturing3_CT.wav,5606602,386811d3,OK,/volume1/主目录/Collection/素材&模板&音库/音效/02_中文音效合集/魔法法术咒语技能释放音效/Cinetools Witchcraft/Pre-Designed/WC_Nature_IcebergFracturing3_CT.wav
Cinetools Witchcraft【黑暗魔法巫术风火雷电咒语游戏技能音效素材】655544319933.zip,Cinetools Witchcraft/Pre-Designed/WC_Nature_IcebergFracturing4_CT.wav,4763564,e33fc7ca,OK,/volume1/主目录/Collection/素材&模板&音库/音效/02_中文音效合集/魔法法术咒语技能释放音效/Cinetools Witchcraft/Pre-Designed/WC_Nature_IcebergFracturing4_CT.wav
Cinetools Witchcraft【黑暗魔法巫术风火雷电咒语游戏技能音效素材】655544319933.zip,Cinetools Witchcraft/Pre-Designed/WC_Nature_IcebergFracturing_CT.wav,4176044,43c32e7c,OK,/volume1/主目录/Collection/素材&模板&音库/音效/02_中文音效合集/魔法法术咒语技能释放音效/Cinetools Witchcraft/Pre-Designed/WC_Nature_IcebergFracturing_CT.wav
Cinetools Witchcraft【黑暗魔法巫术风火雷电咒语游戏技能音效素材】655544319933.zip,Cinetools Witchcraft/Pre-Designed/WC_Nature_Icequake2_CT.wav,4554944,75aabe81,OK,/volume1/主目录/Collection/素材&模板&音库/音效/02_中文音效合集/魔法法术咒语技能释放音效/Cinetools Witchcraft/Pre-Designed/WC_Nature_Icequake2_CT.wav
Cinetools Witchcraft【黑暗魔法巫术风火雷电咒语游戏技能音效素材】655544319933.zip,Cinetools Witchcraft/Pre-Designed/WC_Nature_Icequake3_CT.wav,4554944,be5ee087,OK,/volume1/主目录/Collection/素材&模板&音库/音效/02_中文音效合集/魔法法术咒语技能释放音效/Cinetools Witchcraft/Pre-Designed/WC_Nature_Icequake3_CT.wav
Cinetools Witchcraft【黑暗魔法巫术风火雷电咒语游戏技能音效素材】655544319933.zip,Cinetools Witchcraft/Pre-Designed/WC_Nature_Icequake4_CT.wav,4554944,0dc40f0b,OK,/volume1/主目录/Collection/素材&模板&音库/音效/02_中文音效合集/魔法法术咒语技能释放音效/Cinetools Witchcraft/Pre-Designed/WC_Nature_Icequake4_CT.wav
Cinetools Witchcraft【黑暗魔法巫术风火雷电咒语游戏技能音效素材】655544319933.zip,Cinetools Witchcraft/Pre-Designed/WC_Nature_Icequake5_CT.wav,4620014,4f640331,OK,/volume1/主目录/Collection/素材&模板&音库/音效/02_中文音效合集/魔法法术咒语技能释放音效/Cinetools Witchcraft/Pre-Designed/WC_Nature_Icequake5_CT.wav
Cinetools Witchcraft【黑暗魔法巫术风火雷电咒语游戏技能音效素材】655544319933.zip,Cinetools Witchcraft/Pre-Designed/WC_Nature_Icequake6_CT.wav,4424804,b5483742,OK,/volume1/主目录/Collection/素材&模板&音库/音效/02_中文音效合集/魔法法术咒语技能释放音效/Cinetools Witchcraft/Pre-Designed/WC_Nature_Icequake6_CT.wav
Cinetools Witchcraft【黑暗魔法巫术风火雷电咒语游戏技能音效素材】655544319933.zip,Cinetools Witchcraft/Pre-Designed/WC_Nature_Icequake7_CT.wav,4554944,9aa0f77d,OK,/volume1/主目录/Collection/素材&模板&音库/音效/02_中文音效合集/魔法法术咒语技能释放音效/Cinetools Witchcraft/Pre-Designed/WC_Nature_Icequake7_CT.wav
Cinetools Witchcraft【黑暗魔法巫术风火雷电咒语游戏技能音效素材】655544319933.zip,Cinetools Witchcraft/Pre-Designed/WC_Nature_Icequake8_CT.wav,6589484,75c9e19d,OK,/volume1/主目录/Collection/素材&模板&音库/音效/02_中文音效合集/魔法法术咒语技能释放音效/Cinetools Witchcraft/Pre-Designed/WC_Nature_Icequake8_CT.wav
Cinetools Witchcraft【黑暗魔法巫术风火雷电咒语游戏技能音效素材】655544319933.zip,Cinetools Witchcraft/Pre-Designed/WC_Nature_Icequake_CT.wav,5996204,e41c98ce,OK,/volume1/主目录/Collection/素材&模板&音库/音效/02_中文音效合集/魔法法术咒语技能释放音效/Cinetools Witchcraft/Pre-Designed/WC_Nature_Icequake_CT.wav
Cinetools Witchcraft【黑暗魔法巫术风火雷电咒语游戏技能音效素材】655544319933.zip,Cinetools Witchcraft/Pre-Designed/WC_Nature_IceshelfMelting_CT.wav,9216124,39e75e01,OK,/volume1/主目录/Collection/素材&模板&音库/音效/02_中文音效合集/魔法法术咒语技能释放音效/Cinetools Witchcraft/Pre-Designed/WC_Nature_IceshelfMelting_CT.wav
Rock The Speakerbox - Broken.zip,Rock The Speakerbox - Broken/Construction Kit/BROKEN - CK - 1X1 WOOD DROP On Concrete Single -12 01.wav,10380024,812b41ba,OK,/volume1/主目录/Collection/素材&模板&音库/音效/01_商业音效包/Rock The Speakerbox - Broken/Construction Kit/BROKEN - CK - 1X1 WOOD DROP On Concrete Single -12 01.wav
Rock The Speakerbox - Broken.zip,Rock The Speakerbox - Broken/Construction Kit/BROKEN - CK - 1X1 WOOD DROP On Concrete Single -12 02.wav,10532808,2fc5eaa6,OK,/volume1/主目录/Collection/素材&模板&音库/音效/01_商业音效包/Rock The Speakerbox - Broken/Construction Kit/BROKEN - CK - 1X1 WOOD DROP On Concrete Single -12 02.wav
Rock The Speakerbox - Broken.zip,Rock The Speakerbox - Broken/Construction Kit/BROKEN - CK - 1X1 WOOD DROP On Concrete Single -12 03.wav,8995902,3eb05b38,OK,/volume1/主目录/Collection/素材&模板&音库/音效/01_商业音效包/Rock The Speakerbox - Broken/Construction Kit/BROKEN - CK - 1X1 WOOD DROP On Concrete Single -12 03.wav
Rock The Speakerbox - Broken.zip,Rock The Speakerbox - Broken/Construction Kit/BROKEN - CK - 1X1 WOOD DROP On Concrete Single -24 01.wav,12522834,46456f86,OK,/volume1/主目录/Collection/素材&模板&音库/音效/01_商业音效包/Rock The Speakerbox - Broken/Construction Kit/BROKEN - CK - 1X1 WOOD DROP On Concrete Single -24 01.wav
Rock The Speakerbox - Broken.zip,Rock The Speakerbox - Broken/Construction Kit/BROKEN - CK - 1X1 WOOD DROP On Concrete Single -24 02.wav,11553636,cbab7e74,OK,/volume1/主目录/Collection/素材&模板&音库/音效/01_商业音效包/Rock The Speakerbox - Broken/Construction Kit/BROKEN - CK - 1X1 WOOD DROP On Concrete Single -24 02.wav
Rock The Speakerbox - Broken.zip,Rock The Speakerbox - Broken/Construction Kit/BROKEN - CK - 1X1 WOOD DROP On Concrete Single -24 03.wav,9763714,e297a571,OK,/volume1/主目录/Collection/素材&模板&音库/音效/01_商业音效包/Rock The Speakerbox - Broken/Construction Kit/BROKEN - CK - 1X1 WOOD DROP On Concrete Single -24 03.wav
Rock The Speakerbox - Broken.zip,Rock The Speakerbox - Broken/Construction Kit/BROKEN - CK - 1X1 WOOD DROP On Concrete Single -24 04.wav,9945808,255dbe8c,OK,/volume1/主目录/Collection/素材&模板&音库/音效/01_商业音效包/Rock The Speakerbox - Broken/Construction Kit/BROKEN - CK - 1X1 WOOD DROP On Concrete Single -24 04.wav
Rock The Speakerbox - Broken.zip,Rock The Speakerbox - Broken/Construction Kit/BROKEN - CK - 1X1 WOOD DROP On Concrete Single 01.wav,6592874,64d4906f,OK,/volume1/主目录/Collection/素材&模板&音库/音效/01_商业音效包/Rock The Speakerbox - Broken/Construction Kit/BROKEN - CK - 1X1 WOOD DROP On Concrete Single 01.wav
Rock The Speakerbox - Broken.zip,Rock The Speakerbox - Broken/Construction Kit/BROKEN - CK - 1X1 WOOD DROP On Concrete Single 02.wav,4881076,a7ba5380,OK,/volume1/主目录/Collection/素材&模板&音库/音效/01_商业音效包/Rock The Speakerbox - Broken/Construction Kit/BROKEN - CK - 1X1 WOOD DROP On Concrete Single 02.wav
Rock The Speakerbox - Broken.zip,Rock The Speakerbox - Broken/Construction Kit/BROKEN - CK - 1X1 WOOD DROP On Concrete Single 03.wav,6934418,76f1089d,OK,/volume1/主目录/Collection/素材&模板&音库/音效/01_商业音效包/Rock The Speakerbox - Broken/Construction Kit/BROKEN - CK - 1X1 WOOD DROP On Concrete Single 03.wav
Rock The Speakerbox - Broken.zip,Rock The Speakerbox - Broken/Construction Kit/BROKEN - CK - 1X1 WOOD DROP On Concrete Single 04.wav,5302184,ca2773fa,OK,/volume1/主目录/Collection/素材&模板&音库/音效/01_商业音效包/Rock The Speakerbox - Broken/Construction Kit/BROKEN - CK - 1X1 WOOD DROP On Concrete Single 04.wav
Rock The Speakerbox - Broken.zip,Rock The Speakerbox - Broken/Construction Kit/BROKEN - CK - 2X4 WOOD DROP On Concrete Multi -12 01.wav,8935656,40d5af0a,OK,/volume1/主目录/Collection/素材&模板&音库/音效/01_商业音效包/Rock The Speakerbox - Broken/Construction Kit/BROKEN - CK - 2X4 WOOD DROP On Concrete Multi -12 01.wav
Rock The Speakerbox - Broken.zip,Rock The Speakerbox - Broken/Construction Kit/BROKEN - CK - 2X4 WOOD DROP On Concrete Multi -12 02.wav,8640042,fcacb5e2,OK,/volume1/主目录/Collection/素材&模板&音库/音效/01_商业音效包/Rock The Speakerbox - Broken/Construction Kit/BROKEN - CK - 2X4 WOOD DROP On Concrete Multi -12 02.wav
Rock The Speakerbox - Broken.zip,Rock The Speakerbox - Broken/Construction Kit/BROKEN - CK - 2X4 WOOD DROP On Concrete Multi -12 03.wav,8391972,878f70b7,OK,/volume1/主目录/Collection/素材&模板&音库/音效/01_商业音效包/Rock The Speakerbox - Broken/Construction Kit/BROKEN - CK - 2X4 WOOD DROP On Concrete Multi -12 03.wav
Rock The Speakerbox - Broken.zip,Rock The Speakerbox - Broken/Construction Kit/BROKEN - CK - 2X4 WOOD DROP On Concrete Multi -24 01.wav,9543708,a3db39f6,OK,/volume1/主目录/Collection/素材&模板&音库/音效/01_商业音效包/Rock The Speakerbox - Broken/Construction Kit/BROKEN - CK - 2X4 WOOD DROP On Concrete Multi -24 01.wav
Rock The Speakerbox - Broken.zip,Rock The Speakerbox - Broken/Construction Kit/BROKEN - CK - 2X4 WOOD DROP On Concrete Multi -24 02.wav,8572026,da2ba000,OK,/volume1/主目录/Collection/素材&模板&音库/音效/01_商业音效包/Rock The Speakerbox - Broken/Construction Kit/BROKEN - CK - 2X4 WOOD DROP On Concrete Multi -24 02.wav
Rock The Speakerbox - Broken.zip,Rock The Speakerbox - Broken/Construction Kit/BROKEN - CK - 2X4 WOOD DROP On Concrete Multi -24 03.wav,10288548,9330a7c4,OK,/volume1/主目录/Collection/素材&模板&音库/音效/01_商业音效包/Rock The Speakerbox - Broken/Construction Kit/BROKEN - CK - 2X4 WOOD DROP On Concrete Multi -24 03.wav
Rock The Speakerbox - Broken.zip,Rock The Speakerbox - Broken/Construction Kit/BROKEN - CK - 2X4 WOOD DROP On Concrete Multi -24 04.wav,12137250,b4092d9b,OK,/volume1/主目录/Collection/素材&模板&音库/音效/01_商业音效包/Rock The Speakerbox - Broken/Construction Kit/BROKEN - CK - 2X4 WOOD DROP On Concrete Multi -24 04.wav
Rock The Speakerbox - Broken.zip,Rock The Speakerbox - Broken/Construction Kit/BROKEN - CK - 2X4 WOOD DROP On Concrete Multi 01.wav,10201916,27f8039c,OK,/volume1/主目录/Collection/素材&模板&音库/音效/01_商业音效包/Rock The Speakerbox - Broken/Construction Kit/BROKEN - CK - 2X4 WOOD DROP On Concrete Multi 01.wav
Rock The Speakerbox - Broken.zip,Rock The Speakerbox - Broken/Construction Kit/BROKEN - CK - 2X4 WOOD DROP On Concrete Multi 02.wav,8051196,d36a3997,OK,/volume1/主目录/Collection/素材&模板&音库/音效/01_商业音效包/Rock The Speakerbox - Broken/Construction Kit/BROKEN - CK - 2X4 WOOD DROP On Concrete Multi 02.wav
Rock The Speakerbox - Broken.zip,Rock The Speakerbox - Broken/Construction Kit/BROKEN - CK - 2X4 WOOD DROP On Concrete Single -12 01.wav,9252952,5038ab5f,OK,/volume1/主目录/Collection/素材&模板&音库/音效/01_商业音效包/Rock The Speakerbox - Broken/Construction Kit/BROKEN - CK - 2X4 WOOD DROP On Concrete Single -12 01.wav
Rock The Speakerbox - Broken.zip,Rock The Speakerbox - Broken/Construction Kit/BROKEN - CK - 2X4 WOOD DROP On Concrete Single -12 02.wav,8992636,7dcf7140,OK,/volume1/主目录/Collection/素材&模板&音库/音效/01_商业音效包/Rock The Speakerbox - Broken/Construction Kit/BROKEN - CK - 2X4 WOOD DROP On Concrete Single -12 02.wav
Rock The Speakerbox - Broken.zip,Rock The Speakerbox - Broken/Construction Kit/BROKEN - CK - 2X4 WOOD DROP On Concrete Single -12 03.wav,9194416,d5a54a9d,OK,/volume1/主目录/Collection/素材&模板&音库/音效/01_商业音效包/Rock The Speakerbox - Broken/Construction Kit/BROKEN - CK - 2X4 WOOD DROP On Concrete Single -12 03.wav
Rock The Speakerbox - Broken.zip,Rock The Speakerbox - Broken/Construction Kit/BROKEN - CK - 2X4 WOOD DROP On Concrete Single -24 01.wav,11387888,5abef5ef,OK,/volume1/主目录/Collection/素材&模板&音库/音效/01_商业音效包/Rock The Speakerbox - Broken/Construction Kit/BROKEN - CK - 2X4 WOOD DROP On Concrete Single -24 01.wav
Rock The Speakerbox - Broken.zip,Rock The Speakerbox - Broken/Construction Kit/BROKEN - CK - 2X4 WOOD DROP On Concrete Single -24 02.wav,11049812,3c3fa03a,OK,/volume1/主目录/Collection/素材&模板&音库/音效/01_商业音效包/Rock The Speakerbox - Broken/Construction Kit/BROKEN - CK - 2X4 WOOD DROP On Concrete Single -24 02.wav
Rock The Speakerbox - Broken.zip,Rock The Speakerbox - Broken/Construction Kit/BROKEN - CK - 2X4 WOOD DROP On Concrete Single -24 03.wav,11154116,5cd32b97,OK,/volume1/主目录/Collection/素材&模板&音库/音效/01_商业音效包/Rock The Speakerbox - Broken/Construction Kit/BROKEN - CK - 2X4 WOOD DROP On Concrete Single -24 03.wav
Rock The Speakerbox - Broken.zip,Rock The Speakerbox - Broken/Construction Kit/BROKEN - CK - 2X4 WOOD DROP On Concrete Single -24 04.wav,8317904,7f1cf7b4,OK,/volume1/主目录/Collection/素材&模板&音库/音效/01_商业音效包/Rock The Speakerbox - Broken/Construction Kit/BROKEN - CK - 2X4 WOOD DROP On Concrete Single -24 04.wav
Rock The Speakerbox - Broken.zip,Rock The Speakerbox - Broken/Construction Kit/BROKEN - CK - 2X4 WOOD DROP On Concrete Single 01.wav,7537220,61d391f4,OK,/volume1/主目录/Collection/素材&模板&音库/音效/01_商业音效包/Rock The Speakerbox - Broken/Construction Kit/BROKEN - CK - 2X4 WOOD DROP On Concrete Single 01.wav
Rock The Speakerbox - Broken.zip,Rock The Speakerbox - Broken/Construction Kit/BROKEN - CK - 2X4 WOOD DROP On Concrete Single 02.wav,7696832,a08dda7b,OK,/volume1/主目录/Collection/素材&模板&音库/音效/01_商业音效包/Rock The Speakerbox - Broken/Construction Kit/BROKEN - CK - 2X4 WOOD DROP On Concrete Single 02.wav
Rock The Speakerbox - Broken.zip,Rock The Speakerbox - Broken/Construction Kit/BROKEN - CK - 2X4 WOOD DROP On Concrete Single 03.wav,7182322,2569bfc3,OK,/volume1/主目录/Collection/素材&模板&音库/音效/01_商业音效包/Rock The Speakerbox - Broken/Construction Kit/BROKEN - CK - 2X4 WOOD DROP On Concrete Single 03.wav
Rock The Speakerbox - Broken.zip,Rock The Speakerbox - Broken/Construction Kit/BROKEN - CK - 2X4 WOOD DROP On Concrete Single 04.wav,5869790,c5b2a092,OK,/volume1/主目录/Collection/素材&模板&音库/音效/01_商业音效包/Rock The Speakerbox - Broken/Construction Kit/BROKEN - CK - 2X4 WOOD DROP On Concrete Single 04.wav
Rock The Speakerbox - Broken.zip,Rock The Speakerbox - Broken/Construction Kit/BROKEN - CK - AMBIENCE Abandoned House 01.wav,17913034,d09cd3fa,OK,/volume1/主目录/Collection/素材&模板&音库/音效/01_商业音效包/Rock The Speakerbox - Broken/Construction Kit/BROKEN - CK - AMBIENCE Abandoned House 01.wav
Rock The Speakerbox - Broken.zip,Rock The Speakerbox - Broken/Construction Kit/BROKEN - CK - AMBIENCE Abandoned House 02.wav,90436226,90c89a85,OK,/volume1/主目录/Collection/素材&模板&音库/音效/01_商业音效包/Rock The Speakerbox - Broken/Construction Kit/BROKEN - CK - AMBIENCE Abandoned House 02.wav
Rock The Speakerbox - Broken.zip,Rock The Speakerbox - Broken/Construction Kit/BROKEN - CK - AMBIENCE Abandoned House 03.wav,74322284,b4efb0d5,OK,/volume1/主目录/Collection/素材&模板&音库/音效/01_商业音效包/Rock The Speakerbox - Broken/Construction Kit/BROKEN - CK - AMBIENCE Abandoned House 03.wav
Rock The Speakerbox - Broken.zip,Rock The Speakerbox - Broken/Construction Kit/BROKEN - CK - AMBIENCE Abandoned House 04.wav,64850114,749ca976,OK,/volume1/主目录/Collection/素材&模板&音库/音效/01_商业音效包/Rock The Speakerbox - Broken/Construction Kit/BROKEN - CK - AMBIENCE Abandoned House 04.wav
Rock The Speakerbox - Broken.zip,Rock The Speakerbox - Broken/Construction Kit/BROKEN - CK - AMBIENCE Abandoned House 05.wav,38232840,22208855,OK,/volume1/主目录/Collection/素材&模板&音库/音效/01_商业音效包/Rock The Speakerbox - Broken/Construction Kit/BROKEN - CK - AMBIENCE Abandoned House 05.wav
Rock The Speakerbox - Broken.zip,Rock The Speakerbox - Broken/Construction Kit/BROKEN - CK - AMBIENCE Abandoned House 06.wav,41500748,a043c45f,OK,/volume1/主目录/Collection/素材&模板&音库/音效/01_商业音效包/Rock The Speakerbox - Broken/Construction Kit/BROKEN - CK - AMBIENCE Abandoned House 06.wav
Rock The Speakerbox - Broken.zip,Rock The Speakerbox - Broken/Construction Kit/BROKEN - CK - AMBIENCE Abandoned House 07.wav,38840300,cc683f35,OK,/volume1/主目录/Collection/素材&模板&音库/音效/01_商业音效包/Rock The Speakerbox - Broken/Construction Kit/BROKEN - CK - AMBIENCE Abandoned House 07.wav
Rock The Speakerbox - Broken.zip,Rock The Speakerbox - Broken/Construction Kit/BROKEN - CK - AMBIENCE Abandoned House 08.wav,122734630,483b9da4,OK,/volume1/主目录/Collection/素材&模板&音库/音效/01_商业音效包/Rock The Speakerbox - Broken/Construction Kit/BROKEN - CK - AMBIENCE Abandoned House 08.wav
Rock The Speakerbox - Broken.zip,Rock The Speakerbox - Broken/Construction Kit/BROKEN - CK - AMBIENCE Abandoned House 09.wav,96371644,96f97468,OK,/volume1/主目录/Collection/素材&模板&音库/音效/01_商业音效包/Rock The Speakerbox - Broken/Construction Kit/BROKEN - CK - AMBIENCE Abandoned House 09.wav
Rock The Speakerbox - Broken.zip,Rock The Speakerbox - Broken/Construction Kit/BROKEN - CK - AMBIENCE Abandoned House 10.wav,87461558,02096bfc,OK,/volume1/主目录/Collection/素材&模板&音库/音效/01_商业音效包/Rock The Speakerbox - Broken/Construction Kit/BROKEN - CK - AMBIENCE Abandoned House 10.wav
Rock The Speakerbox - Broken.zip,Rock The Speakerbox - Broken/Construction Kit/BROKEN - CK - AMBIENCE Roomtone .wav,38065036,cdc8bd7b,OK,/volume1/主目录/Collection/素材&模板&音库/音效/01_商业音效包/Rock The Speakerbox - Broken/Construction Kit/BROKEN - CK - AMBIENCE Roomtone .wav
Rock The Speakerbox - Broken.zip,Rock The Speakerbox - Broken/Construction Kit/BROKEN - CK - AMBIENCE Tunnel 01.wav,67251946,f7e05605,OK,/volume1/主目录/Collection/素材&模板&音库/音效/01_商业音效包/Rock The Speakerbox - Broken/Construction Kit/BROKEN - CK - AMBIENCE Tunnel 01.wav
Rock The Speakerbox - Broken.zip,Rock The Speakerbox - Broken/Construction Kit/BROKEN - CK - AMBIENCE Tunnel 02.wav,173368930,3a3b7d33,OK,/volume1/主目录/Collection/素材&模板&音库/音效/01_商业音效包/Rock The Speakerbox - Broken/Construction Kit/BROKEN - CK - AMBIENCE Tunnel 02.wav
Rock The Speakerbox - Broken.zip,Rock The Speakerbox - Broken/Construction Kit/BROKEN - CK - BAG PAPER STRESS LARGE 01.wav,12550430,3e953308,OK,/volume1/主目录/Collection/素材&模板&音库/音效/01_商业音效包/Rock The Speakerbox - Broken/Construction Kit/BROKEN - CK - BAG PAPER STRESS LARGE 01.wav
Rock The Speakerbox - Broken.zip,Rock The Speakerbox - Broken/Construction Kit/BROKEN - CK - BAG PAPER STRESS LARGE 02.wav,13963550,78b4da12,OK,/volume1/主目录/Collection/素材&模板&音库/音效/01_商业音效包/Rock The Speakerbox - Broken/Construction Kit/BROKEN - CK - BAG PAPER STRESS LARGE 02.wav
Rock The Speakerbox - Broken.zip,Rock The Speakerbox - Broken/Construction Kit/BROKEN - CK - BAG PAPER STRESS LARGE 03.wav,11904286,a581cbc0,OK,/volume1/主目录/Collection/素材&模板&音库/音效/01_商业音效包/Rock The Speakerbox - Broken/Construction Kit/BROKEN - CK - BAG PAPER STRESS LARGE 03.wav
Rock The Speakerbox - Broken.zip,Rock The Speakerbox - Broken/Construction Kit/BROKEN - CK - BAG PAPER STRESS LARGE 04.wav,9313132,5d5b92cd,OK,/volume1/主目录/Collection/素材&模板&音库/音效/01_商业音效包/Rock The Speakerbox - Broken/Construction Kit/BROKEN - CK - BAG PAPER STRESS LARGE 04.wav
Rock The Speakerbox - Broken.zip,Rock The Speakerbox - Broken/Construction Kit/BROKEN - CK - BALLOON LATEX STRESS 01.wav,10340764,8e44143b,OK,/volume1/主目录/Collection/素材&模板&音库/音效/01_商业音效包/Rock The Speakerbox - Broken/Construction Kit/BROKEN - CK - BALLOON LATEX STRESS 01.wav
Rock The Speakerbox - Broken.zip,Rock The Speakerbox - Broken/Construction Kit/BROKEN - CK - BALLOON LATEX STRESS 02.wav,13097602,b8d59721,OK,/volume1/主目录/Collection/素材&模板&音库/音效/01_商业音效包/Rock The Speakerbox - Broken/Construction Kit/BROKEN - CK - BALLOON LATEX STRESS 02.wav
Rock The Speakerbox - Broken.zip,Rock The Speakerbox - Broken/Construction Kit/BROKEN - CK - BALLOON LATEX STRESS 03.wav,12833074,cb4635df,OK,/volume1/主目录/Collection/素材&模板&音库/音效/01_商业音效包/Rock The Speakerbox - Broken/Construction Kit/BROKEN - CK - BALLOON LATEX STRESS 03.wav
Rock The Speakerbox - Broken.zip,Rock The Speakerbox - Broken/Construction Kit/BROKEN - CK - BARREL Metal Large Slide.wav,12814892,a22834ff,OK,/volume1/主目录/Collection/素材&模板&音库/音效/01_商业音效包/Rock The Speakerbox - Broken/Construction Kit/BROKEN - CK - BARREL Metal Large Slide.wav
Rock The Speakerbox - Broken.zip,Rock The Speakerbox - Broken/Construction Kit/BROKEN - CK - BEAM Wood Ceiling Drop On Concrete.wav,8272262,05cf2cff,OK,/volume1/主目录/Collection/素材&模板&音库/音效/01_商业音效包/Rock The Speakerbox - Broken/Construction Kit/BROKEN - CK - BEAM Wood Ceiling Drop On Concrete.wav
Rock The Speakerbox - Broken.zip,Rock The Speakerbox - Broken/Construction Kit/BROKEN - CK - BEAM Wood Hit Rattle.wav,9199462,ef9997c4,OK,/volume1/主目录/Collection/素材&模板&音库/音效/01_商业音效包/Rock The Speakerbox - Broken/Construction Kit/BROKEN - CK - BEAM Wood Hit Rattle.wav
Rock The Speakerbox - Broken.zip,Rock The Speakerbox - Broken/Construction Kit/BROKEN - CK - BOTTLE BEER Glass Smash.wav,6919540,9ee666a7,OK,/volume1/主目录/Collection/素材&模板&音库/音效/01_商业音效包/Rock The Speakerbox - Broken/Construction Kit/BROKEN - CK - BOTTLE BEER Glass Smash.wav
Rock The Speakerbox - Broken.zip,Rock The Speakerbox - Broken/Construction Kit/BROKEN - CK - BRICK Drop On Concrete 01.wav,9910980,dfc759fb,OK,/volume1/主目录/Collection/素材&模板&音库/音效/01_商业音效包/Rock The Speakerbox - Broken/Construction Kit/BROKEN - CK - BRICK Drop On Concrete 01.wav
Rock The Speakerbox - Broken.zip,Rock The Speakerbox - Broken/Construction Kit/BROKEN - CK - BRICK Drop On Concrete 02.wav,9995322,4e9dfb30,OK,/volume1/主目录/Collection/素材&模板&音库/音效/01_商业音效包/Rock The Speakerbox - Broken/Construction Kit/BROKEN - CK - BRICK Drop On Concrete 02.wav
Rock The Speakerbox - Broken.zip,Rock The Speakerbox - Broken/Construction Kit/BROKEN - CK - BRICK Drop On Concrete 03.wav,9528960,86ab8bf3,OK,/volume1/主目录/Collection/素材&模板&音库/音效/01_商业音效包/Rock The Speakerbox - Broken/Construction Kit/BROKEN - CK - BRICK Drop On Concrete 03.wav
Rock The Speakerbox - Broken.zip,Rock The Speakerbox - Broken/Construction Kit/BROKEN - CK - BRICK Engineered Drop On Concrete -12 01.wav,9926252,b579b37d,OK,/volume1/主目录/Collection/素材&模板&音库/音效/01_商业音效包/Rock The Speakerbox - Broken/Construction Kit/BROKEN - CK - BRICK Engineered Drop On Concrete -12 01.wav
Rock The Speakerbox - Broken.zip,Rock The Speakerbox - Broken/Construction Kit/BROKEN - CK - BRICK Engineered Drop On Concrete -12 02.wav,10401370,9ffc4e90,OK,/volume1/主目录/Collection/素材&模板&音库/音效/01_商业音效包/Rock The Speakerbox - Broken/Construction Kit/BROKEN - CK - BRICK Engineered Drop On Concrete -12 02.wav
Rock The Speakerbox - Broken.zip,Rock The Speakerbox - Broken/Construction Kit/BROKEN - CK - BRICK Engineered Drop On Concrete -12 03.wav,11607616,ed0dce3a,OK,/volume1/主目录/Collection/素材&模板&音库/音效/01_商业音效包/Rock The Speakerbox - Broken/Construction Kit/BROKEN - CK - BRICK Engineered Drop On Concrete -12 03.wav
Rock The Speakerbox - Broken.zip,Rock The Speakerbox - Broken/Construction Kit/BROKEN - CK - BRICK Engineered Drop On Concrete -12 04.wav,9080912,44f78b5c,OK,/volume1/主目录/Collection/素材&模板&音库/音效/01_商业音效包/Rock The Speakerbox - Broken/Construction Kit/BROKEN - CK - BRICK Engineered Drop On Concrete -12 04.wav
Rock The Speakerbox - Broken.zip,Rock The Speakerbox - Broken/Construction Kit/BROKEN - CK - BRICK Engineered Drop On Concrete -12 05.wav,7991486,81a95409,OK,/volume1/主目录/Collection/素材&模板&音库/音效/01_商业音效包/Rock The Speakerbox - Broken/Construction Kit/BROKEN - CK - BRICK Engineered Drop On Concrete -12 05.wav
Rock The Speakerbox - Broken.zip,Rock The Speakerbox - Broken/Construction Kit/BROKEN - CK - BRICK Engineered Drop On Concrete -24 01.wav,13901072,4a55b6b6,OK,/volume1/主目录/Collection/素材&模板&音库/音效/01_商业音效包/Rock The Speakerbox - Broken/Construction Kit/BROKEN - CK - BRICK Engineered Drop On Concrete -24 01.wav
Rock The Speakerbox - Broken.zip,Rock The Speakerbox - Broken/Construction Kit/BROKEN - CK - BRICK Engineered Drop On Concrete -24 02.wav,12781904,52ca901c,OK,/volume1/主目录/Collection/素材&模板&音库/音效/01_商业音效包/Rock The Speakerbox - Broken/Construction Kit/BROKEN - CK - BRICK Engineered Drop On Concrete -24 02.wav
Rock The Speakerbox - Broken.zip,Rock The Speakerbox - Broken/Construction Kit/BROKEN - CK - BRICK Engineered Drop On Concrete -24 03.wav,16162124,a581e414,OK,/volume1/主目录/Collection/素材&模板&音库/音效/01_商业音效包/Rock The Speakerbox - Broken/Construction Kit/BROKEN - CK - BRICK Engineered Drop On Concrete -24 03.wav
Rock The Speakerbox - Broken.zip,Rock The Speakerbox - Broken/Construction Kit/BROKEN - CK - BRICK Engineered Drop On Concrete -24 04.wav,12913814,07068b21,OK,/volume1/主目录/Collection/素材&模板&音库/音效/01_商业音效包/Rock The Speakerbox - Broken/Construction Kit/BROKEN - CK - BRICK Engineered Drop On Concrete -24 04.wav
Rock The Speakerbox - Broken.zip,Rock The Speakerbox - Broken/Construction Kit/BROKEN - CK - BRICK Engineered Drop On Concrete -24 05.wav,11498498,b939c54b,OK,/volume1/主目录/Collection/素材&模板&音库/音效/01_商业音效包/Rock The Speakerbox - Broken/Construction Kit/BROKEN - CK - BRICK Engineered Drop On Concrete -24 05.wav
Rock The Speakerbox - Broken.zip,Rock The Speakerbox - Broken/Construction Kit/BROKEN - CK - BRICK Engineered Drop On Concrete 01.wav,9203378,1e1dd9d5,OK,/volume1/主目录/Collection/素材&模板&音库/音效/01_商业音效包/Rock The Speakerbox - Broken/Construction Kit/BROKEN - CK - BRICK Engineered Drop On Concrete 01.wav
Rock The Speakerbox - Broken.zip,Rock The Speakerbox - Broken/Construction Kit/BROKEN - CK - BRICK Engineered Drop On Concrete 02.wav,9708800,8eaf68e9,OK,/volume1/主目录/Collection/素材&模板&音库/音效/01_商业音效包/Rock The Speakerbox - Broken/Construction Kit/BROKEN - CK - BRICK Engineered Drop On Concrete 02.wav
Rock The Speakerbox - Broken.zip,Rock The Speakerbox - Broken/Construction Kit/BROKEN - CK - BRICK Engineered Drop On Concrete 03.wav,10372360,25920e9a,OK,/volume1/主目录/Collection/素材&模板&音库/音效/01_商业音效包/Rock The Speakerbox - Broken/Construction Kit/BROKEN - CK - BRICK Engineered Drop On Concrete 03.wav
Rock The Speakerbox - Broken.zip,Rock The Speakerbox - Broken/Construction Kit/BROKEN - CK - BRICK Engineered Drop On Concrete 04.wav,6804050,3d3c3b78,OK,/volume1/主目录/Collection/素材&模板&音库/音效/01_商业音效包/Rock The Speakerbox - Broken/Construction Kit/BROKEN - CK - BRICK Engineered Drop On Concrete 04.wav
Rock The Speakerbox - Broken.zip,Rock The Speakerbox - Broken/Construction Kit/BROKEN - CK - BUCKET Metal Drop On Junk Metal 01.wav,8264788,dfbcce3b,OK,/volume1/主目录/Collection/素材&模板&音库/音效/01_商业音效包/Rock The Speakerbox - Broken/Construction Kit/BROKEN - CK - BUCKET Metal Drop On Junk Metal 01.wav
Rock The Speakerbox - Broken.zip,Rock The Speakerbox - Broken/Construction Kit/BROKEN - CK - BUCKET Metal Drop On Junk Metal 02.wav,11657890,26c05dd4,OK,/volume1/主目录/Collection/素材&模板&音库/音效/01_商业音效包/Rock The Speakerbox - Broken/Construction Kit/BROKEN - CK - BUCKET Metal Drop On Junk Metal 02.wav
Rock The Speakerbox - Broken.zip,Rock The Speakerbox - Broken/Construction Kit/BROKEN - CK - BUCKET Metal Drop On Junk Metal 03.wav,8027260,9669fcfd,OK,/volume1/主目录/Collection/素材&模板&音库/音效/01_商业音效包/Rock The Speakerbox - Broken/Construction Kit/BROKEN - CK - BUCKET Metal Drop On Junk Metal 03.wav
Rock The Speakerbox - Broken.zip,Rock The Speakerbox - Broken/Construction Kit/BROKEN - CK - BUCKET Plastic Drop On Junkpile Metal.wav,5541194,6de9f577,OK,/volume1/主目录/Collection/素材&模板&音库/音效/01_商业音效包/Rock The Speakerbox - Broken/Construction Kit/BROKEN - CK - BUCKET Plastic Drop On Junkpile Metal.wav
Rock The Speakerbox - Broken.zip,Rock The Speakerbox - Broken/Construction Kit/BROKEN - CK - CABINET Wood Fall 01.wav,7932976,6eba883a,OK,/volume1/主目录/Collection/素材&模板&音库/音效/01_商业音效包/Rock The Speakerbox - Broken/Construction Kit/BROKEN - CK - CABINET Wood Fall 01.wav
Rock The Speakerbox - Broken.zip,Rock The Speakerbox - Broken/Construction Kit/BROKEN - CK - CABINET Wood Fall 02.wav,6117578,ea9ba4ae,OK,/volume1/主目录/Collection/素材&模板&音库/音效/01_商业音效包/Rock The Speakerbox - Broken/Construction Kit/BROKEN - CK - CABINET Wood Fall 02.wav
Rock The Speakerbox - Broken.zip,Rock The Speakerbox - Broken/Construction Kit/BROKEN - CK - CABINET Wood Fall Long.wav,6532432,17b5fe6c,OK,/volume1/主目录/Collection/素材&模板&音库/音效/01_商业音效包/Rock The Speakerbox - Broken/Construction Kit/BROKEN - CK - CABINET Wood Fall Long.wav
Rock The Speakerbox - Broken.zip,Rock The Speakerbox - Broken/Construction Kit/BROKEN - CK - CAGE Wood Shake 01.wav,7272640,b39250f0,OK,/volume1/主目录/Collection/素材&模板&音库/音效/01_商业音效包/Rock The Speakerbox - Broken/Construction Kit/BROKEN - CK - CAGE Wood Shake 01.wav
Rock The Speakerbox - Broken.zip,Rock The Speakerbox - Broken/Construction Kit/BROKEN - CK - CAGE Wood Shake 02.wav,10546756,0f497534,OK,/volume1/主目录/Collection/素材&模板&音库/音效/01_商业音效包/Rock The Speakerbox - Broken/Construction Kit/BROKEN - CK - CAGE Wood Shake 02.wav
Rock The Speakerbox - Broken.zip,Rock The Speakerbox - Broken/Construction Kit/BROKEN - CK - CAGE Wood Shake Large 01.wav,10721192,44b9b37e,OK,/volume1/主目录/Collection/素材&模板&音库/音效/01_商业音效包/Rock The Speakerbox - Broken/Construction Kit/BROKEN - CK - CAGE Wood Shake Large 01.wav
Rock The Speakerbox - Broken.zip,Rock The Speakerbox - Broken/Construction Kit/BROKEN - CK - CAGE Wood Shake Large 02.wav,10432992,a6a5ca5b,OK,/volume1/主目录/Collection/素材&模板&音库/音效/01_商业音效包/Rock The Speakerbox - Broken/Construction Kit/BROKEN - CK - CAGE Wood Shake Large 02.wav
Rock The Speakerbox - Broken.zip,Rock The Speakerbox - Broken/Construction Kit/BROKEN - CK - CAGE Wood Shake Small.wav,15822922,2f43193d,OK,/volume1/主目录/Collection/素材&模板&音库/音效/01_商业音效包/Rock The Speakerbox - Broken/Construction Kit/BROKEN - CK - CAGE Wood Shake Small.wav
Rock The Speakerbox - Broken.zip,Rock The Speakerbox - Broken/Construction Kit/BROKEN - CK - CANDY Crush In Mouth Closed 01.wav,11208564,5c1d7c07,OK,/volume1/主目录/Collection/素材&模板&音库/音效/01_商业音效包/Rock The Speakerbox - Broken/Construction Kit/BROKEN - CK - CANDY Crush In Mouth Closed 01.wav
Rock The Speakerbox - Broken.zip,Rock The Speakerbox - Broken/Construction Kit/BROKEN - CK - CANDY Crush In Mouth Closed 02.wav,8922146,118200ab,OK,/volume1/主目录/Collection/素材&模板&音库/音效/01_商业音效包/Rock The Speakerbox - Broken/Construction Kit/BROKEN - CK - CANDY Crush In Mouth Closed 02.wav
Rock The Speakerbox - Broken.zip,Rock The Speakerbox - Broken/Construction Kit/BROKEN - CK - CANDY Crush In Mouth Open -12 01.wav,12273178,797790c5,OK,/volume1/主目录/Collection/素材&模板&音库/音效/01_商业音效包/Rock The Speakerbox - Broken/Construction Kit/BROKEN - CK - CANDY Crush In Mouth Open -12 01.wav
Rock The Speakerbox - Broken.zip,Rock The Speakerbox - Broken/Construction Kit/BROKEN - CK - CANDY Crush In Mouth Open -12 02.wav,12003628,b0b15fc6,OK,/volume1/主目录/Collection/素材&模板&音库/音效/01_商业音效包/Rock The Speakerbox - Broken/Construction Kit/BROKEN - CK - CANDY Crush In Mouth Open -12 02.wav
Rock The Speakerbox - Broken.zip,Rock The Speakerbox - Broken/Construction Kit/BROKEN - CK - CANDY Crush In Mouth Open -12 03.wav,12197032,f87e1397,OK,/volume1/主目录/Collection/素材&模板&音库/音效/01_商业音效包/Rock The Speakerbox - Broken/Construction Kit/BROKEN - CK - CANDY Crush In Mouth Open -12 03.wav
Rock The Speakerbox - Broken.zip,Rock The Speakerbox - Broken/Construction Kit/BROKEN - CK - CANDY Crush In Mouth Open 01.wav,6644714,c08ce5da,OK,/volume1/主目录/Collection/素材&模板&音库/音效/01_商业音效包/Rock The Speakerbox - Broken/Construction Kit/BROKEN - CK - CANDY Crush In Mouth Open 01.wav
Rock The Speakerbox - Broken.zip,Rock The Speakerbox - Broken/Construction Kit/BROKEN - CK - CANDY Crush In Mouth Open 02.wav,6562880,f0d820e6,OK,/volume1/主目录/Collection/素材&模板&音库/音效/01_商业音效包/Rock The Speakerbox - Broken/Construction Kit/BROKEN - CK - CANDY Crush In Mouth Open 02.wav
Rock The Speakerbox - Broken.zip,Rock The Speakerbox - Broken/Construction Kit/BROKEN - CK - CANDY Crush In Mouth Open 03.wav,11106592,c7275ea0,OK,/volume1/主目录/Collection/素材&模板&音库/音效/01_商业音效包/Rock The Speakerbox - Broken/Construction Kit/BROKEN - CK - CANDY Crush In Mouth Open 03.wav
Rock The Speakerbox - Broken.zip,Rock The Speakerbox - Broken/Construction Kit/BROKEN - CK - CAR HEADLIGHT Glass Smash 01.wav,12633008,c7d48ec2,OK,/volume1/主目录/Collection/素材&模板&音库/音效/01_商业音效包/Rock The Speakerbox - Broken/Construction Kit/BROKEN - CK - CAR HEADLIGHT Glass Smash 01.wav
Rock The Speakerbox - Broken.zip,Rock The Speakerbox - Broken/Construction Kit/BROKEN - CK - CAR HEADLIGHT Glass Smash 02.wav,12004466,f09cd789,OK,/volume1/主目录/Collection/素材&模板&音库/音效/01_商业音效包/Rock The Speakerbox - Broken/Construction Kit/BROKEN - CK - CAR HEADLIGHT Glass Smash 02.wav
Rock The Speakerbox - Broken.zip,Rock The Speakerbox - Broken/Construction Kit/BROKEN - CK - CEILING Wood Collapse.wav,3976218,0a08a04e,OK,/volume1/主目录/Collection/素材&模板&音库/音效/01_商业音效包/Rock The Speakerbox - Broken/Construction Kit/BROKEN - CK - CEILING Wood Collapse.wav
Rock The Speakerbox - Broken.zip,Rock The Speakerbox - Broken/Construction Kit/BROKEN - CK - CERAMIC Drop On Junk Metal.wav,9908780,262bfaf6,OK,/volume1/主目录/Collection/素材&模板&音库/音效/01_商业音效包/Rock The Speakerbox - Broken/Construction Kit/BROKEN - CK - CERAMIC Drop On Junk Metal.wav
Rock The Speakerbox - Broken.zip,Rock The Speakerbox - Broken/Construction Kit/BROKEN - CK - COIL Metal Drop On Concrete -12.wav,13273986,2da45be7,OK,/volume1/主目录/Collection/素材&模板&音库/音效/01_商业音效包/Rock The Speakerbox - Broken/Construction Kit/BROKEN - CK - COIL Metal Drop On Concrete -12.wav
Rock The Speakerbox - Broken.zip,Rock The Speakerbox - Broken/Construction Kit/BROKEN - CK - COIL Metal Drop On Concrete -24.wav,23450296,5166e981,OK,/volume1/主目录/Collection/素材&模板&音库/音效/01_商业音效包/Rock The Speakerbox - Broken/Construction Kit/BROKEN - CK - COIL Metal Drop On Concrete -24.wav
Rock The Speakerbox - Broken.zip,Rock The Speakerbox - Broken/Construction Kit/BROKEN - CK - COIL Metal Drop On Metal Hollow 01.wav,7098406,eece1ba4,OK,/volume1/主目录/Collection/素材&模板&音库/音效/01_商业音效包/Rock The Speakerbox - Broken/Construction Kit/BROKEN - CK - COIL Metal Drop On Metal Hollow 01.wav
Rock The Speakerbox - Broken.zip,Rock The Speakerbox - Broken/Construction Kit/BROKEN - CK - COIL Metal Drop On Metal Hollow 02.wav,7448302,3892cefc,OK,/volume1/主目录/Collection/素材&模板&音库/音效/01_商业音效包/Rock The Speakerbox - Broken/Construction Kit/BROKEN - CK - COIL Metal Drop On Metal Hollow 02.wav
Rock The Speakerbox - Broken.zip,Rock The Speakerbox - Broken/Construction Kit/BROKEN - CK - COIL Metal Drop On Metal Hollow 03.wav,8011906,1b04d4b1,OK,/volume1/主目录/Collection/素材&模板&音库/音效/01_商业音效包/Rock The Speakerbox - Broken/Construction Kit/BROKEN - CK - COIL Metal Drop On Metal Hollow 03.wav
Rock The Speakerbox - Broken.zip,Rock The Speakerbox - Broken/Construction Kit/BROKEN - CK - CROWBAR Curved Metal Drop On Concrete -12 01.wav,10841628,5d129f11,OK,/volume1/主目录/Collection/素材&模板&音库/音效/01_商业音效包/Rock The Speakerbox - Broken/Construction Kit/BROKEN - CK - CROWBAR Curved Metal Drop On Concrete -12 01.wav
Rock The Speakerbox - Broken.zip,Rock The Speakerbox - Broken/Construction Kit/BROKEN - CK - CROWBAR Curved Metal Drop On Concrete -12 02.wav,11234124,41006d3d,OK,/volume1/主目录/Collection/素材&模板&音库/音效/01_商业音效包/Rock The Speakerbox - Broken/Construction Kit/BROKEN - CK - CROWBAR Curved Metal Drop On Concrete -12 02.wav
Rock The Speakerbox - Broken.zip,Rock The Speakerbox - Broken/Construction Kit/BROKEN - CK - CROWBAR Curved Metal Drop On Concrete -24 01.wav,11888344,7d5ea463,OK,/volume1/主目录/Collection/素材&模板&音库/音效/01_商业音效包/Rock The Speakerbox - Broken/Construction Kit/BROKEN - CK - CROWBAR Curved Metal Drop On Concrete -24 01.wav
Rock The Speakerbox - Broken.zip,Rock The Speakerbox - Broken/Construction Kit/BROKEN - CK - CROWBAR Curved Metal Drop On Concrete -24 02.wav,12359410,b3457630,OK,/volume1/主目录/Collection/素材&模板&音库/音效/01_商业音效包/Rock The Speakerbox - Broken/Construction Kit/BROKEN - CK - CROWBAR Curved Metal Drop On Concrete -24 02.wav
Rock The Speakerbox - Broken.zip,Rock The Speakerbox - Broken/Construction Kit/BROKEN - CK - CROWBAR Curved Metal Drop On Concrete -24 03.wav,15777664,d760a873,OK,/volume1/主目录/Collection/素材&模板&音库/音效/01_商业音效包/Rock The Speakerbox - Broken/Construction Kit/BROKEN - CK - CROWBAR Curved Metal Drop On Concrete -24 03.wav
Rock The Speakerbox - Broken.zip,Rock The Speakerbox - Broken/Construction Kit/BROKEN - CK - CROWBAR Metal Drop On Concrete -12 01.wav,8122446,3bef8133,OK,/volume1/主目录/Collection/素材&模板&音库/音效/01_商业音效包/Rock The Speakerbox - Broken/Construction Kit/BROKEN - CK - CROWBAR Metal Drop On Concrete -12 01.wav
Rock The Speakerbox - Broken.zip,Rock The Speakerbox - Broken/Construction Kit/BROKEN - CK - CROWBAR Metal Drop On Concrete -12 02.wav,9647976,3d8bfa12,OK,/volume1/主目录/Collection/素材&模板&音库/音效/01_商业音效包/Rock The Speakerbox - Broken/Construction Kit/BROKEN - CK - CROWBAR Metal Drop On Concrete -12 02.wav
Rock The Speakerbox - Broken.zip,Rock The Speakerbox - Broken/Construction Kit/BROKEN - CK - CROWBAR Metal Drop On Concrete -24 01.wav,12048396,c703efaa,OK,/volume1/主目录/Collection/素材&模板&音库/音效/01_商业音效包/Rock The Speakerbox - Broken/Construction Kit/BROKEN - CK - CROWBAR Metal Drop On Concrete -24 01.wav
Rock The Speakerbox - Broken.zip,Rock The Speakerbox - Broken/Construction Kit/BROKEN - CK - CROWBAR Metal Drop On Concrete -24 02.wav,8806662,53d085ec,OK,/volume1/主目录/Collection/素材&模板&音库/音效/01_商业音效包/Rock The Speakerbox - Broken/Construction Kit/BROKEN - CK - CROWBAR Metal Drop On Concrete -24 02.wav
Rock The Speakerbox - Broken.zip,Rock The Speakerbox - Broken/Construction Kit/BROKEN - CK - CROWBAR Metal Drop On Concrete -24 03.wav,8461134,3cd4fce4,OK,/volume1/主目录/Collection/素材&模板&音库/音效/01_商业音效包/Rock The Speakerbox - Broken/Construction Kit/BROKEN - CK - CROWBAR Metal Drop On Concrete -24 03.wav
Rock The Speakerbox - Broken.zip,Rock The Speakerbox - Broken/Construction Kit/BROKEN - CK - DEBRIS Brick Small On Concrete Short -12 01.wav,12199416,3fd9042b,OK,/volume1/主目录/Collection/素材&模板&音库/音效/01_商业音效包/Rock The Speakerbox - Broken/Construction Kit/BROKEN - CK - DEBRIS Brick Small On Concrete Short -12 01.wav
Rock The Speakerbox - Broken.zip,Rock The Speakerbox - Broken/Construction Kit/BROKEN - CK - DEBRIS Brick Small On Concrete Short -12 02.wav,8896528,8696c37e,OK,/volume1/主目录/Collection/素材&模板&音库/音效/01_商业音效包/Rock The Speakerbox - Broken/Construction Kit/BROKEN - CK - DEBRIS Brick Small On Concrete Short -12 02.wav
Rock The Speakerbox - Broken.zip,Rock The Speakerbox - Broken/Construction Kit/BROKEN - CK - DEBRIS Brick Small On Concrete Short -24 01.wav,13974502,f1a97081,OK,/volume1/主目录/Collection/素材&模板&音库/音效/01_商业音效包/Rock The Speakerbox - Broken/Construction Kit/BROKEN - CK - DEBRIS Brick Small On Concrete Short -24 01.wav
Rock The Speakerbox - Broken.zip,Rock The Speakerbox - Broken/Construction Kit/BROKEN - CK - DEBRIS Brick Small On Concrete Short -24 02.wav,9038662,8b34562e,OK,/volume1/主目录/Collection/素材&模板&音库/音效/01_商业音效包/Rock The Speakerbox - Broken/Construction Kit/BROKEN - CK - DEBRIS Brick Small On Concrete Short -24 02.wav
Rock The Speakerbox - Broken.zip,Rock The Speakerbox - Broken/Construction Kit/BROKEN - CK - DEBRIS Brick Small On Concrete Short -24 03.wav,9242878,06a2592f,OK,/volume1/主目录/Collection/素材&模板&音库/音效/01_商业音效包/Rock The Speakerbox - Broken/Construction Kit/BROKEN - CK - DEBRIS Brick Small On Concrete Short -24 03.wav
Rock The Speakerbox - Broken.zip,Rock The Speakerbox - Broken/Construction Kit/BROKEN - CK - DEBRIS Brick Small On Concrete Short 01.wav,9479298,4061777b,OK,/volume1/主目录/Collection/素材&模板&音库/音效/01_商业音效包/Rock The Speakerbox - Broken/Construction Kit/BROKEN - CK - DEBRIS Brick Small On Concrete Short 01.wav
Rock The Speakerbox - Broken.zip,Rock The Speakerbox - Broken/Construction Kit/BROKEN - CK - DEBRIS Brick Small On Concrete Short 02.wav,6798440,0b64ab23,OK,/volume1/主目录/Collection/素材&模板&音库/音效/01_商业音效包/Rock The Speakerbox - Broken/Construction Kit/BROKEN - CK - DEBRIS Brick Small On Concrete Short 02.wav
Rock The Speakerbox - Broken.zip,Rock The Speakerbox - Broken/Construction Kit/BROKEN - CK - DEBRIS Dirt On Cement Long.wav,8141254,69778235,OK,/volume1/主目录/Collection/素材&模板&音库/音效/01_商业音效包/Rock The Speakerbox - Broken/Construction Kit/BROKEN - CK - DEBRIS Dirt On Cement Long.wav
Rock The Speakerbox - Broken.zip,Rock The Speakerbox - Broken/Construction Kit/BROKEN - CK - DEBRIS Dirt On Cement Medium.wav,11796190,94d7c44e,OK,/volume1/主目录/Collection/素材&模板&音库/音效/01_商业音效包/Rock The Speakerbox - Broken/Construction Kit/BROKEN - CK - DEBRIS Dirt On Cement Medium.wav
Rock The Speakerbox - Broken.zip,Rock The Speakerbox - Broken/Construction Kit/BROKEN - CK - DEBRIS Dirt On Concrete Spray Short.wav,3732252,df0b6d40,OK,/volume1/主目录/Collection/素材&模板&音库/音效/01_商业音效包/Rock The Speakerbox - Broken/Construction Kit/BROKEN - CK - DEBRIS Dirt On Concrete Spray Short.wav
Rock The Speakerbox - Broken.zip,Rock The Speakerbox - Broken/Construction Kit/BROKEN - CK - DEBRIS Dirt On Dirt Long 01.wav,12901642,d9878dfc,OK,/volume1/主目录/Collection/素材&模板&音库/音效/01_商业音效包/Rock The Speakerbox - Broken/Construction Kit/BROKEN - CK - DEBRIS Dirt On Dirt Long 01.wav
Rock The Speakerbox - Broken.zip,Rock The Speakerbox - Broken/Construction Kit/BROKEN - CK - DEBRIS Dirt On Dirt Long 02.wav,11434594,449e5560,OK,/volume1/主目录/Collection/素材&模板&音库/音效/01_商业音效包/Rock The Speakerbox - Broken/Construction Kit/BROKEN - CK - DEBRIS Dirt On Dirt Long 02.wav
Rock The Speakerbox - Broken.zip,Rock The Speakerbox - Broken/Construction Kit/BROKEN - CK - DEBRIS Dirt On Dirt Medium 01.wav,12403692,fa10fb4a,OK,/volume1/主目录/Collection/素材&模板&音库/音效/01_商业音效包/Rock The Speakerbox - Broken/Construction Kit/BROKEN - CK - DEBRIS Dirt On Dirt Medium 01.wav
Rock The Speakerbox - Broken.zip,Rock The Speakerbox - Broken/Construction Kit/BROKEN - CK - DEBRIS Dirt On Dirt Medium 02.wav,10038774,56397c11,OK,/volume1/主目录/Collection/素材&模板&音库/音效/01_商业音效包/Rock The Speakerbox - Broken/Construction Kit/BROKEN - CK - DEBRIS Dirt On Dirt Medium 02.wav
Rock The Speakerbox - Broken.zip,Rock The Speakerbox - Broken/Construction Kit/BROKEN - CK - DEBRIS Dirt On Dirt Medium 03.wav,10031016,76786256,OK,/volume1/主目录/Collection/素材&模板&音库/音效/01_商业音效包/Rock The Speakerbox - Broken/Construction Kit/BROKEN - CK - DEBRIS Dirt On Dirt Medium 03.wav
Rock The Speakerbox - Broken.zip,Rock The Speakerbox - Broken/Construction Kit/BROKEN - CK - DEBRIS Dirt On Dirt Short.wav,5206598,1b0b33be,OK,/volume1/主目录/Collection/素材&模板&音库/音效/01_商业音效包/Rock The Speakerbox - Broken/Construction Kit/BROKEN - CK - DEBRIS Dirt On Dirt Short.wav
Rock The Speakerbox - Broken.zip,Rock The Speakerbox - Broken/Construction Kit/BROKEN - CK - DEBRIS Dirt On Metal Hollow .wav,7220672,f5ccee46,OK,/volume1/主目录/Collection/素材&模板&音库/音效/01_商业音效包/Rock The Speakerbox - Broken/Construction Kit/BROKEN - CK - DEBRIS Dirt On Metal Hollow .wav
Rock The Speakerbox - Broken.zip,Rock The Speakerbox - Broken/Construction Kit/BROKEN - CK - DEBRIS Dirt On Metal Hollow Medium 01.wav,7739296,60033b6b,OK,/volume1/主目录/Collection/素材&模板&音库/音效/01_商业音效包/Rock The Speakerbox - Broken/Construction Kit/BROKEN - CK - DEBRIS Dirt On Metal Hollow Medium 01.wav
Rock The Speakerbox - Broken.zip,Rock The Speakerbox - Broken/Construction Kit/BROKEN - CK - DEBRIS Dirt On Metal Hollow Medium 02.wav,9417412,e68ae21e,OK,/volume1/主目录/Collection/素材&模板&音库/音效/01_商业音效包/Rock The Speakerbox - Broken/Construction Kit/BROKEN - CK - DEBRIS Dirt On Metal Hollow Medium 02.wav
Rock The Speakerbox - Broken.zip,Rock The Speakerbox - Broken/Construction Kit/BROKEN - CK - DEBRIS Dirt On Metal Hollow Medium 03.wav,8239972,60775c17,OK,/volume1/主目录/Collection/素材&模板&音库/音效/01_商业音效包/Rock The Speakerbox - Broken/Construction Kit/BROKEN - CK - DEBRIS Dirt On Metal Hollow Medium 03.wav
Rock The Speakerbox - Broken.zip,Rock The Speakerbox - Broken/Construction Kit/BROKEN - CK - DEBRIS Dirt On Metal Hollow Medium 04.wav,9326776,afc8ed30,OK,/volume1/主目录/Collection/素材&模板&音库/音效/01_商业音效包/Rock The Speakerbox - Broken/Construction Kit/BROKEN - CK - DEBRIS Dirt On Metal Hollow Medium 04.wav
Rock The Speakerbox - Broken.zip,Rock The Speakerbox - Broken/Construction Kit/BROKEN - CK - DEBRIS Dirt On Metal Hollow Small.wav,8381772,24461ada,OK,/volume1/主目录/Collection/素材&模板&音库/音效/01_商业音效包/Rock The Speakerbox - Broken/Construction Kit/BROKEN - CK - DEBRIS Dirt On Metal Hollow Small.wav
Rock The Speakerbox - Broken.zip,Rock The Speakerbox - Broken/Construction Kit/BROKEN - CK - DEBRIS Dirt On Plastic Medium.wav,4449000,752996cc,OK,/volume1/主目录/Collection/素材&模板&音库/音效/01_商业音效包/Rock The Speakerbox - Broken/Construction Kit/BROKEN - CK - DEBRIS Dirt On Plastic Medium.wav
Rock The Speakerbox - Broken.zip,Rock The Speakerbox - Broken/Construction Kit/BROKEN - CK - DEBRIS Dirt On Plastic Short.wav,5799982,bb493404,OK,/volume1/主目录/Collection/素材&模板&音库/音效/01_商业音效包/Rock The Speakerbox - Broken/Construction Kit/BROKEN - CK - DEBRIS Dirt On Plastic Short.wav
Rock The Speakerbox - Broken.zip,Rock The Speakerbox - Broken/Construction Kit/BROKEN - CK - DEBRIS Drywall On Wood.wav,10195094,7e565e98,OK,/volume1/主目录/Collection/素材&模板&音库/音效/01_商业音效包/Rock The Speakerbox - Broken/Construction Kit/BROKEN - CK - DEBRIS Drywall On Wood.wav
Rock The Speakerbox - Broken.zip,Rock The Speakerbox - Broken/Construction Kit/BROKEN - CK - DEBRIS Glass On Concrete Medium.wav,8119418,0fa90ba5,OK,/volume1/主目录/Collection/素材&模板&音库/音效/01_商业音效包/Rock The Speakerbox - Broken/Construction Kit/BROKEN - CK - DEBRIS Glass On Concrete Medium.wav
Rock The Speakerbox - Broken.zip,Rock The Speakerbox - Broken/Construction Kit/BROKEN - CK - DEBRIS Glass On Concrete Small -12 01.wav,11688704,1a8da501,OK,/volume1/主目录/Collection/素材&模板&音库/音效/01_商业音效包/Rock The Speakerbox - Broken/Construction Kit/BROKEN - CK - DEBRIS Glass On Concrete Small -12 01.wav
Rock The Speakerbox - Broken.zip,Rock The Speakerbox - Broken/Construction Kit/BROKEN - CK - DEBRIS Glass On Concrete Small -12 02.wav,12801236,e8a1cc6d,OK,/volume1/主目录/Collection/素材&模板&音库/音效/01_商业音效包/Rock The Speakerbox - Broken/Construction Kit/BROKEN - CK - DEBRIS Glass On Concrete Small -12 02.wav
Rock The Speakerbox - Broken.zip,Rock The Speakerbox - Broken/Construction Kit/BROKEN - CK - DEBRIS Glass On Concrete Small -12 03.wav,11843738,645c487e,OK,/volume1/主目录/Collection/素材&模板&音库/音效/01_商业音效包/Rock The Speakerbox - Broken/Construction Kit/BROKEN - CK - DEBRIS Glass On Concrete Small -12 03.wav
Rock The Speakerbox - Broken.zip,Rock The Speakerbox - Broken/Construction Kit/BROKEN - CK - DEBRIS Glass On Concrete Small -24 01.wav,12888140,3c12dfb3,OK,/volume1/主目录/Collection/素材&模板&音库/音效/01_商业音效包/Rock The Speakerbox - Broken/Construction Kit/BROKEN - CK - DEBRIS Glass On Concrete Small -24 01.wav
Rock The Speakerbox - Broken.zip,Rock The Speakerbox - Broken/Construction Kit/BROKEN - CK - DEBRIS Glass On Concrete Small -24 02.wav,13179668,338ba105,OK,/volume1/主目录/Collection/素材&模板&音库/音效/01_商业音效包/Rock The Speakerbox - Broken/Construction Kit/BROKEN - CK - DEBRIS Glass On Concrete Small -24 02.wav
Rock The Speakerbox - Broken.zip,Rock The Speakerbox - Broken/Construction Kit/BROKEN - CK - DEBRIS Glass On Concrete Small -24 03.wav,13244606,a289495b,OK,/volume1/主目录/Collection/素材&模板&音库/音效/01_商业音效包/Rock The Speakerbox - Broken/Construction Kit/BROKEN - CK - DEBRIS Glass On Concrete Small -24 03.wav
Rock The Speakerbox - Broken.zip,Rock The Speakerbox - Broken/Construction Kit/BROKEN - CK - DEBRIS Glass On Concrete Small -24 04.wav,12689336,12d0a75b,OK,/volume1/主目录/Collection/素材&模板&音库/音效/01_商业音效包/Rock The Speakerbox - Broken/Construction Kit/BROKEN - CK - DEBRIS Glass On Concrete Small -24 04.wav
Rock The Speakerbox - Broken.zip,Rock The Speakerbox - Broken/Construction Kit/BROKEN - CK - DEBRIS Glass On Concrete Small -24 05.wav,10631840,ca5edbc6,OK,/volume1/主目录/Collection/素材&模板&音库/音效/01_商业音效包/Rock The Speakerbox - Broken/Construction Kit/BROKEN - CK - DEBRIS Glass On Concrete Small -24 05.wav
Rock The Speakerbox - Broken.zip,Rock The Speakerbox - Broken/Construction Kit/BROKEN - CK - DEBRIS Glass On Concrete Small.wav,9973100,8a689885,OK,/volume1/主目录/Collection/素材&模板&音库/音效/01_商业音效包/Rock The Speakerbox - Broken/Construction Kit/BROKEN - CK - DEBRIS Glass On Concrete Small.wav
Rock The Speakerbox - Broken.zip,Rock The Speakerbox - Broken/Construction Kit/BROKEN - CK - DEBRIS Glass On Concrete Very Small 01.wav,9139532,2e074c4a,OK,/volume1/主目录/Collection/素材&模板&音库/音效/01_商业音效包/Rock The Speakerbox - Broken/Construction Kit/BROKEN - CK - DEBRIS Glass On Concrete Very Small 01.wav
Rock The Speakerbox - Broken.zip,Rock The Speakerbox - Broken/Construction Kit/BROKEN - CK - DEBRIS Glass On Concrete Very Small 02.wav,9100286,c42e458d,OK,/volume1/主目录/Collection/素材&模板&音库/音效/01_商业音效包/Rock The Speakerbox - Broken/Construction Kit/BROKEN - CK - DEBRIS Glass On Concrete Very Small 02.wav
Rock The Speakerbox - Broken.zip,Rock The Speakerbox - Broken/Construction Kit/BROKEN - CK - DEBRIS Glass On Concrete Very Small 03.wav,10344620,c88f84a0,OK,/volume1/主目录/Collection/素材&模板&音库/音效/01_商业音效包/Rock The Speakerbox - Broken/Construction Kit/BROKEN - CK - DEBRIS Glass On Concrete Very Small 03.wav
Rock The Speakerbox - Broken.zip,Rock The Speakerbox - Broken/Construction Kit/BROKEN - CK - DEBRIS Glass Window Pane On Concrete 01.wav,9547318,4fa09e01,OK,/volume1/主目录/Collection/素材&模板&音库/音效/01_商业音效包/Rock The Speakerbox - Broken/Construction Kit/BROKEN - CK - DEBRIS Glass Window Pane On Concrete 01.wav
Rock The Speakerbox - Broken.zip,Rock The Speakerbox - Broken/Construction Kit/BROKEN - CK - DEBRIS Glass Window Pane On Concrete 02.wav,7639168,35e96040,OK,/volume1/主目录/Collection/素材&模板&音库/音效/01_商业音效包/Rock The Speakerbox - Broken/Construction Kit/BROKEN - CK - DEBRIS Glass Window Pane On Concrete 02.wav
Rock The Speakerbox - Broken.zip,Rock The Speakerbox - Broken/Construction Kit/BROKEN - CK - DEBRIS Glass Window Pane On Concrete 03.wav,7142518,43bafc7b,OK,/volume1/主目录/Collection/素材&模板&音库/音效/01_商业音效包/Rock The Speakerbox - Broken/Construction Kit/BROKEN - CK - DEBRIS Glass Window Pane On Concrete 03.wav
Rock The Speakerbox - Broken.zip,Rock The Speakerbox - Broken/Construction Kit/BROKEN - CK - DEBRIS Glass Window Shard On Concrete Medium 01.wav,8962152,f31bb01e,OK,/volume1/主目录/Collection/素材&模板&音库/音效/01_商业音效包/Rock The Speakerbox - Broken/Construction Kit/BROKEN - CK - DEBRIS Glass Window Shard On Concrete Medium 01.wav
Rock The Speakerbox - Broken.zip,Rock The Speakerbox - Broken/Construction Kit/BROKEN - CK - DEBRIS Glass Window Shard On Concrete Medium 02.wav,7872522,fbc15766,OK,/volume1/主目录/Collection/素材&模板&音库/音效/01_商业音效包/Rock The Speakerbox - Broken/Construction Kit/BROKEN - CK - DEBRIS Glass Window Shard On Concrete Medium 02.wav
Rock The Speakerbox - Broken.zip,Rock The Speakerbox - Broken/Construction Kit/BROKEN - CK - DEBRIS Glass Window Shard On Concrete Medium 03.wav,7154246,1c776794,OK,/volume1/主目录/Collection/素材&模板&音库/音效/01_商业音效包/Rock The Speakerbox - Broken/Construction Kit/BROKEN - CK - DEBRIS Glass Window Shard On Concrete Medium 03.wav
Rock The Speakerbox - Broken.zip,Rock The Speakerbox - Broken/Construction Kit/BROKEN - CK - DEBRIS Glass Window Shard On Concrete Small 01.wav,7643856,2cc6ed44,OK,/volume1/主目录/Collection/素材&模板&音库/音效/01_商业音效包/Rock The Speakerbox - Broken/Construction Kit/BROKEN - CK - DEBRIS Glass Window Shard On Concrete Small 01.wav
Rock The Speakerbox - Broken.zip,Rock The Speakerbox - Broken/Construction Kit/BROKEN - CK - DEBRIS Glass Window Shard On Concrete Small 02.wav,6937876,7ca2f18d,OK,/volume1/主目录/Collection/素材&模板&音库/音效/01_商业音效包/Rock The Speakerbox - Broken/Construction Kit/BROKEN - CK - DEBRIS Glass Window Shard On Concrete Small 02.wav
Rock The Speakerbox - Broken.zip,Rock The Speakerbox - Broken/Construction Kit/BROKEN - CK - DEBRIS Glass Window Shard On Concrete Small 03.wav,8547402,d71012e6,OK,/volume1/主目录/Collection/素材&模板&音库/音效/01_商业音效包/Rock The Speakerbox - Broken/Construction Kit/BROKEN - CK - DEBRIS Glass Window Shard On Concrete Small 03.wav
Rock The Speakerbox - Broken.zip,Rock The Speakerbox - Broken/Construction Kit/BROKEN - CK - DEBRIS Metal Small Drop On Carpet.wav,5692310,3d460e12,OK,/volume1/主目录/Collection/素材&模板&音库/音效/01_商业音效包/Rock The Speakerbox - Broken/Construction Kit/BROKEN - CK - DEBRIS Metal Small Drop On Carpet.wav
Rock The Speakerbox - Broken.zip,Rock The Speakerbox - Broken/Construction Kit/BROKEN - CK - DEBRIS Metal Small Forrage 01.wav,13337594,75be3c94,OK,/volume1/主目录/Collection/素材&模板&音库/音效/01_商业音效包/Rock The Speakerbox - Broken/Construction Kit/BROKEN - CK - DEBRIS Metal Small Forrage 01.wav
Rock The Speakerbox - Broken.zip,Rock The Speakerbox - Broken/Construction Kit/BROKEN - CK - DEBRIS Metal Small Forrage 02.wav,12573278,159f0788,OK,/volume1/主目录/Collection/素材&模板&音库/音效/01_商业音效包/Rock The Speakerbox - Broken/Construction Kit/BROKEN - CK - DEBRIS Metal Small Forrage 02.wav
Rock The Speakerbox - Broken.zip,Rock The Speakerbox - Broken/Construction Kit/BROKEN - CK - DEBRIS Metal Small Forrage Constant 01.wav,13694196,848bccee,OK,/volume1/主目录/Collection/素材&模板&音库/音效/01_商业音效包/Rock The Speakerbox - Broken/Construction Kit/BROKEN - CK - DEBRIS Metal Small Forrage Constant 01.wav
Rock The Speakerbox - Broken.zip,Rock The Speakerbox - Broken/Construction Kit/BROKEN - CK - DEBRIS Metal Small Forrage Constant 02.wav,8369536,3cdaf683,OK,/volume1/主目录/Collection/素材&模板&音库/音效/01_商业音效包/Rock The Speakerbox - Broken/Construction Kit/BROKEN - CK - DEBRIS Metal Small Forrage Constant 02.wav
Rock The Speakerbox - Broken.zip,Rock The Speakerbox - Broken/Construction Kit/BROKEN - CK - DEBRIS Metal Small Forrage Constant 03.wav,9218488,f0ba6f45,OK,/volume1/主目录/Collection/素材&模板&音库/音效/01_商业音效包/Rock The Speakerbox - Broken/Construction Kit/BROKEN - CK - DEBRIS Metal Small Forrage Constant 03.wav
Rock The Speakerbox - Broken.zip,Rock The Speakerbox - Broken/Construction Kit/BROKEN - CK - DEBRIS Sand Spray On Concrete Small 01.wav,9635912,ec45dda2,OK,/volume1/主目录/Collection/素材&模板&音库/音效/01_商业音效包/Rock The Speakerbox - Broken/Construction Kit/BROKEN - CK - DEBRIS Sand Spray On Concrete Small 01.wav
Rock The Speakerbox - Broken.zip,Rock The Speakerbox - Broken/Construction Kit/BROKEN - CK - DEBRIS Sand Spray On Concrete Small 02.wav,9749396,47a0609c,OK,/volume1/主目录/Collection/素材&模板&音库/音效/01_商业音效包/Rock The Speakerbox - Broken/Construction Kit/BROKEN - CK - DEBRIS Sand Spray On Concrete Small 02.wav
Rock The Speakerbox - Broken.zip,Rock The Speakerbox - Broken/Construction Kit/BROKEN - CK - DEBRIS Sand Spray On Concrete.wav,14727814,5f4f8b79,OK,/volume1/主目录/Collection/素材&模板&音库/音效/01_商业音效包/Rock The Speakerbox - Broken/Construction Kit/BROKEN - CK - DEBRIS Sand Spray On Concrete.wav
Rock The Speakerbox - Broken.zip,Rock The Speakerbox - Broken/Construction Kit/BROKEN - CK - DEBRIS Sand Sprinkle On Concrete Constant.wav,11016920,c13ec330,OK,/volume1/主目录/Collection/素材&模板&音库/音效/01_商业音效包/Rock The Speakerbox - Broken/Construction Kit/BROKEN - CK - DEBRIS Sand Sprinkle On Concrete Constant.wav
Rock The Speakerbox - Broken.zip,Rock The Speakerbox - Broken/Construction Kit/BROKEN - CK - DEBRIS Sand Sprinkle On Concrete Long.wav,15276572,b684c7aa,OK,/volume1/主目录/Collection/素材&模板&音库/音效/01_商业音效包/Rock The Speakerbox - Broken/Construction Kit/BROKEN - CK - DEBRIS Sand Sprinkle On Concrete Long.wav
Rock The Speakerbox - Broken.zip,Rock The Speakerbox - Broken/Construction Kit/BROKEN - CK - DEBRIS Sand Sprinkle On Concrete Medium.wav,9885154,ed84d2d7,OK,/volume1/主目录/Collection/素材&模板&音库/音效/01_商业音效包/Rock The Speakerbox - Broken/Construction Kit/BROKEN - CK - DEBRIS Sand Sprinkle On Concrete Medium.wav
Rock The Speakerbox - Broken.zip,Rock The Speakerbox - Broken/Construction Kit/BROKEN - CK - DEBRIS Sand Sprinkle On Concrete Short 01.wav,11261560,76a6d6e4,OK,/volume1/主目录/Collection/素材&模板&音库/音效/01_商业音效包/Rock The Speakerbox - Broken/Construction Kit/BROKEN - CK - DEBRIS Sand Sprinkle On Concrete Short 01.wav
Rock The Speakerbox - Broken.zip,Rock The Speakerbox - Broken/Construction Kit/BROKEN - CK - DEBRIS Sand Sprinkle On Concrete Short 02.wav,10078000,7ede223b,OK,/volume1/主目录/Collection/素材&模板&音库/音效/01_商业音效包/Rock The Speakerbox - Broken/Construction Kit/BROKEN - CK - DEBRIS Sand Sprinkle On Concrete Short 02.wav
Rock The Speakerbox - Broken.zip,Rock The Speakerbox - Broken/Construction Kit/BROKEN - CK - DEBRIS Wood Sticks On Concrete Medium 01.wav,12090390,30d522f5,OK,/volume1/主目录/Collection/素材&模板&音库/音效/01_商业音效包/Rock The Speakerbox - Broken/Construction Kit/BROKEN - CK - DEBRIS Wood Sticks On Concrete Medium 01.wav
Rock The Speakerbox - Broken.zip,Rock The Speakerbox - Broken/Construction Kit/BROKEN - CK - DEBRIS Wood Sticks On Concrete Medium 02.wav,11431090,39e3a815,OK,/volume1/主目录/Collection/素材&模板&音库/音效/01_商业音效包/Rock The Speakerbox - Broken/Construction Kit/BROKEN - CK - DEBRIS Wood Sticks On Concrete Medium 02.wav
Rock The Speakerbox - Broken.zip,Rock The Speakerbox - Broken/Construction Kit/BROKEN - CK - DEBRIS Wood Sticks On Concrete Small 01.wav,8103292,7dfb71ff,OK,/volume1/主目录/Collection/素材&模板&音库/音效/01_商业音效包/Rock The Speakerbox - Broken/Construction Kit/BROKEN - CK - DEBRIS Wood Sticks On Concrete Small 01.wav
Rock The Speakerbox - Broken.zip,Rock The Speakerbox - Broken/Construction Kit/BROKEN - CK - DEBRIS Wood Sticks On Concrete Small 02.wav,7246510,58aa920d,OK,/volume1/主目录/Collection/素材&模板&音库/音效/01_商业音效包/Rock The Speakerbox - Broken/Construction Kit/BROKEN - CK - DEBRIS Wood Sticks On Concrete Small 02.wav
Rock The Speakerbox - Broken.zip,Rock The Speakerbox - Broken/Construction Kit/BROKEN - CK - DOOR Church Wood Close Rattle.wav,5595036,4a9b2e3f,OK,/volume1/主目录/Collection/素材&模板&音库/音效/01_商业音效包/Rock The Speakerbox - Broken/Construction Kit/BROKEN - CK - DOOR Church Wood Close Rattle.wav
Rock The Speakerbox - Broken.zip,Rock The Speakerbox - Broken/Construction Kit/BROKEN - CK - DOOR Church Wood Close.wav,10482968,2bb10478,OK,/volume1/主目录/Collection/素材&模板&音库/音效/01_商业音效包/Rock The Speakerbox - Broken/Construction Kit/BROKEN - CK - DOOR Church Wood Close.wav
Rock The Speakerbox - Broken.zip,Rock The Speakerbox - Broken/Construction Kit/BROKEN - CK - DOOR Church Wood Shake.wav,7691310,0a0d54c6,OK,/volume1/主目录/Collection/素材&模板&音库/音效/01_商业音效包/Rock The Speakerbox - Broken/Construction Kit/BROKEN - CK - DOOR Church Wood Shake.wav
Rock The Speakerbox - Broken.zip,Rock The Speakerbox - Broken/Construction Kit/BROKEN - CK - DOOR Church Wood Slam Shut.wav,11718324,878b3a8d,OK,/volume1/主目录/Collection/素材&模板&音库/音效/01_商业音效包/Rock The Speakerbox - Broken/Construction Kit/BROKEN - CK - DOOR Church Wood Slam Shut.wav
Rock The Speakerbox - Broken.zip,Rock The Speakerbox - Broken/Construction Kit/BROKEN - CK - DOOR Church Wood Squeak.wav,14470812,774b566d,OK,/volume1/主目录/Collection/素材&模板&音库/音效/01_商业音效包/Rock The Speakerbox - Broken/Construction Kit/BROKEN - CK - DOOR Church Wood Squeak.wav
Rock The Speakerbox - Broken.zip,Rock The Speakerbox - Broken/Construction Kit/BROKEN - CK - DOOR Closet Metal Movement Wail 01.wav,10928746,12f07700,OK,/volume1/主目录/Collection/素材&模板&音库/音效/01_商业音效包/Rock The Speakerbox - Broken/Construction Kit/BROKEN - CK - DOOR Closet Metal Movement Wail 01.wav
Rock The Speakerbox - Broken.zip,Rock The Speakerbox - Broken/Construction Kit/BROKEN - CK - DOOR Closet Metal Movement Wail 02.wav,8638766,1dd3db95,OK,/volume1/主目录/Collection/素材&模板&音库/音效/01_商业音效包/Rock The Speakerbox - Broken/Construction Kit/BROKEN - CK - DOOR Closet Metal Movement Wail 02.wav
Rock The Speakerbox - Broken.zip,Rock The Speakerbox - Broken/Construction Kit/BROKEN - CK - DOOR Closet Metal Movement Wail 03.wav,6360836,0d099dc3,OK,/volume1/主目录/Collection/素材&模板&音库/音效/01_商业音效包/Rock The Speakerbox - Broken/Construction Kit/BROKEN - CK - DOOR Closet Metal Movement Wail 03.wav
Rock The Speakerbox - Broken.zip,Rock The Speakerbox - Broken/Construction Kit/BROKEN - CK - DOOR Closet Metal Movement Wail 04.wav,10675624,8586713b,OK,/volume1/主目录/Collection/素材&模板&音库/音效/01_商业音效包/Rock The Speakerbox - Broken/Construction Kit/BROKEN - CK - DOOR Closet Metal Movement Wail 04.wav
Rock The Speakerbox - Broken.zip,Rock The Speakerbox - Broken/Construction Kit/BROKEN - CK - DOOR Closet Metal Movement Wail 05.wav,10801462,82ca9695,OK,/volume1/主目录/Collection/素材&模板&音库/音效/01_商业音效包/Rock The Speakerbox - Broken/Construction Kit/BROKEN - CK - DOOR Closet Metal Movement Wail 05.wav
Rock The Speakerbox - Broken.zip,Rock The Speakerbox - Broken/Construction Kit/BROKEN - CK - DOOR Closet Metal Movement Wail 06.wav,9062576,813f8718,OK,/volume1/主目录/Collection/素材&模板&音库/音效/01_商业音效包/Rock The Speakerbox - Broken/Construction Kit/BROKEN - CK - DOOR Closet Metal Movement Wail 06.wav
Rock The Speakerbox - Broken.zip,Rock The Speakerbox - Broken/Construction Kit/BROKEN - CK - DOOR Metal And Wood Shake.wav,4448572,1298d3c3,NAME_ONLY,/volume1/主目录/Collection/素材&模板&音库/音效/01_商业音效包/Rock The Speakerbox - Broken/Construction Kit/BROKEN - CK - DOOR Metal And Wood Shake.wav
Rock The Speakerbox - Broken.zip,Rock The Speakerbox - Broken/Construction Kit/BROKEN - CK - DOOR Metal Closet Screech Open.wav,9327086,2934b748,OK,/volume1/主目录/Collection/素材&模板&音库/音效/01_商业音效包/Rock The Speakerbox - Broken/Construction Kit/BROKEN - CK - DOOR Metal Closet Screech Open.wav
Rock The Speakerbox - Broken.zip,Rock The Speakerbox - Broken/Construction Kit/BROKEN - CK - DOOR Transformer Box Metal Rusty 01.wav,16217056,b55123f5,OK,/volume1/主目录/Collection/素材&模板&音库/音效/01_商业音效包/Rock The Speakerbox - Broken/Construction Kit/BROKEN - CK - DOOR Transformer Box Metal Rusty 01.wav
Rock The Speakerbox - Broken.zip,Rock The Speakerbox - Broken/Construction Kit/BROKEN - CK - DOOR Transformer Box Metal Rusty 02.wav,11183038,3dbfb297,OK,/volume1/主目录/Collection/素材&模板&音库/音效/01_商业音效包/Rock The Speakerbox - Broken/Construction Kit/BROKEN - CK - DOOR Transformer Box Metal Rusty 02.wav
Rock The Speakerbox - Broken.zip,Rock The Speakerbox - Broken/Construction Kit/BROKEN - CK - DOOR Van Sliding Metal Old Rusty Hit 01.wav,9982466,6f9c6d49,OK,/volume1/主目录/Collection/素材&模板&音库/音效/01_商业音效包/Rock The Speakerbox - Broken/Construction Kit/BROKEN - CK - DOOR Van Sliding Metal Old Rusty Hit 01.wav
Rock The Speakerbox - Broken.zip,Rock The Speakerbox - Broken/Construction Kit/BROKEN - CK - DOOR Van Sliding Metal Old Rusty Hit 02.wav,6706932,b7c7c33d,OK,/volume1/主目录/Collection/素材&模板&音库/音效/01_商业音效包/Rock The Speakerbox - Broken/Construction Kit/BROKEN - CK - DOOR Van Sliding Metal Old Rusty Hit 02.wav
Rock The Speakerbox - Broken.zip,Rock The Speakerbox - Broken/Construction Kit/BROKEN - CK - DOOR Van Sliding Metal Old Rusty Shake 01.wav,11603036,dc925899,OK,/volume1/主目录/Collection/素材&模板&音库/音效/01_商业音效包/Rock The Speakerbox - Broken/Construction Kit/BROKEN - CK - DOOR Van Sliding Metal Old Rusty Shake 01.wav
Rock The Speakerbox - Broken.zip,Rock The Speakerbox - Broken/Construction Kit/BROKEN - CK - DOOR Van Sliding Metal Old Rusty Shake 02.wav,13178762,baccfb05,OK,/volume1/主目录/Collection/素材&模板&音库/音效/01_商业音效包/Rock The Speakerbox - Broken/Construction Kit/BROKEN - CK - DOOR Van Sliding Metal Old Rusty Shake 02.wav
Rock The Speakerbox - Broken.zip,Rock The Speakerbox - Broken/Construction Kit/BROKEN - CK - DOOR Van Sliding Metal Old Rusty Shake Hard.wav,4006598,7b3722c6,OK,/volume1/主目录/Collection/素材&模板&音库/音效/01_商业音效包/Rock The Speakerbox - Broken/Construction Kit/BROKEN - CK - DOOR Van Sliding Metal Old Rusty Shake Hard.wav
Rock The Speakerbox - Broken.zip,Rock The Speakerbox - Broken/Construction Kit/BROKEN - CK - DOOR Wood Creaks Long.wav,8850710,0f687cff,OK,/volume1/主目录/Collection/素材&模板&音库/音效/01_商业音效包/Rock The Speakerbox - Broken/Construction Kit/BROKEN - CK - DOOR Wood Creaks Long.wav
Rock The Speakerbox - Broken.zip,Rock The Speakerbox - Broken/Construction Kit/BROKEN - CK - DOOR Wood Opening Creaky Long.wav,13912406,bb697d8e,OK,/volume1/主目录/Collection/素材&模板&音库/音效/01_商业音效包/Rock The Speakerbox - Broken/Construction Kit/BROKEN - CK - DOOR Wood Opening Creaky Long.wav
Rock The Speakerbox - Broken.zip,Rock The Speakerbox - Broken/Construction Kit/BROKEN - CK - DOOR Wood Opening Creaky Short.wav,5733296,a1b04180,OK,/volume1/主目录/Collection/素材&模板&音库/音效/01_商业音效包/Rock The Speakerbox - Broken/Construction Kit/BROKEN - CK - DOOR Wood Opening Creaky Short.wav
Rock The Speakerbox - Broken.zip,Rock The Speakerbox - Broken/Construction Kit/BROKEN - CK - DOOR Wood Slam.wav,1861230,4894d88b,OK,/volume1/主目录/Collection/素材&模板&音库/音效/01_商业音效包/Rock The Speakerbox - Broken/Construction Kit/BROKEN - CK - DOOR Wood Slam.wav
Rock The Speakerbox - Broken.zip,Rock The Speakerbox - Broken/Construction Kit/BROKEN - CK - EXPLOSION Boomy Crack Distant.wav,9789288,e48bb401,OK,/volume1/主目录/Collection/素材&模板&音库/音效/01_商业音效包/Rock The Speakerbox - Broken/Construction Kit/BROKEN - CK - EXPLOSION Boomy Crack Distant.wav
Rock The Speakerbox - Broken.zip,Rock The Speakerbox - Broken/Construction Kit/BROKEN - CK - EXPLOSION Boomy Crack.wav,25668964,9308f494,OK,/volume1/主目录/Collection/素材&模板&音库/音效/01_商业音效包/Rock The Speakerbox - Broken/Construction Kit/BROKEN - CK - EXPLOSION Boomy Crack.wav
Rock The Speakerbox - Broken.zip,Rock The Speakerbox - Broken/Construction Kit/BROKEN - CK - EXPLOSION Interior Distant 01.wav,18596438,c1d4ca52,OK,/volume1/主目录/Collection/素材&模板&音库/音效/01_商业音效包/Rock The Speakerbox - Broken/Construction Kit/BROKEN - CK - EXPLOSION Interior Distant 01.wav
Rock The Speakerbox - Broken.zip,Rock The Speakerbox - Broken/Construction Kit/BROKEN - CK - EXPLOSION Interior Distant 02.wav,17831578,c3c0df8f,OK,/volume1/主目录/Collection/素材&模板&音库/音效/01_商业音效包/Rock The Speakerbox - Broken/Construction Kit/BROKEN - CK - EXPLOSION Interior Distant 02.wav
Rock The Speakerbox - Broken.zip,Rock The Speakerbox - Broken/Construction Kit/BROKEN - CK - EXPLOSION Kaboom.wav,18579578,7ae0f445,OK,/volume1/主目录/Collection/素材&模板&音库/音效/01_商业音效包/Rock The Speakerbox - Broken/Construction Kit/BROKEN - CK - EXPLOSION Kaboom.wav
Rock The Speakerbox - Broken.zip,Rock The Speakerbox - Broken/Construction Kit/BROKEN - CK - EXPLOSION Midrange Crack.wav,37932408,a12cff26,OK,/volume1/主目录/Collection/素材&模板&音库/音效/01_商业音效包/Rock The Speakerbox - Broken/Construction Kit/BROKEN - CK - EXPLOSION Midrange Crack.wav
Rock The Speakerbox - Broken.zip,Rock The Speakerbox - Broken/Construction Kit/BROKEN - CK - EXPLOSION Midrange.wav,28677836,0bda2766,OK,/volume1/主目录/Collection/素材&模板&音库/音效/01_商业音效包/Rock The Speakerbox - Broken/Construction Kit/BROKEN - CK - EXPLOSION Midrange.wav
Rock The Speakerbox - Broken.zip,Rock The Speakerbox - Broken/Construction Kit/BROKEN - CK - EXPLOSION Nearfield 01.wav,26610534,80421ddc,OK,/volume1/主目录/Collection/素材&模板&音库/音效/01_商业音效包/Rock The Speakerbox - Broken/Construction Kit/BROKEN - CK - EXPLOSION Nearfield 01.wav
Rock The Speakerbox - Broken.zip,Rock The Speakerbox - Broken/Construction Kit/BROKEN - CK - EXPLOSION Nearfield 02.wav,19793358,23ba79d4,OK,/volume1/主目录/Collection/素材&模板&音库/音效/01_商业音效包/Rock The Speakerbox - Broken/Construction Kit/BROKEN - CK - EXPLOSION Nearfield 02.wav
Rock The Speakerbox - Broken.zip,Rock The Speakerbox - Broken/Construction Kit/BROKEN - CK - EXPLOSION Nearfield 03.wav,15029180,6442cf89,OK,/volume1/主目录/Collection/素材&模板&音库/音效/01_商业音效包/Rock The Speakerbox - Broken/Construction Kit/BROKEN - CK - EXPLOSION Nearfield 03.wav
Rock The Speakerbox - Broken.zip,Rock The Speakerbox - Broken/Construction Kit/BROKEN - CK - EXPLOSION Nearfield 04.wav,22344258,20e40e53,OK,/volume1/主目录/Collection/素材&模板&音库/音效/01_商业音效包/Rock The Speakerbox - Broken/Construction Kit/BROKEN - CK - EXPLOSION Nearfield 04.wav
Rock The Speakerbox - Broken.zip,Rock The Speakerbox - Broken/Construction Kit/BROKEN - CK - EXPLOSION Sweetener Thunder Tail.wav,33598078,465b9e1a,OK,/volume1/主目录/Collection/素材&模板&音库/音效/01_商业音效包/Rock The Speakerbox - Broken/Construction Kit/BROKEN - CK - EXPLOSION Sweetener Thunder Tail.wav
Rock The Speakerbox - Broken.zip,Rock The Speakerbox - Broken/Construction Kit/BROKEN - CK - EXPLOSION Tight 01.wav,20505916,5acf85c8,OK,/volume1/主目录/Collection/素材&模板&音库/音效/01_商业音效包/Rock The Speakerbox - Broken/Construction Kit/BROKEN - CK - EXPLOSION Tight 01.wav
Rock The Speakerbox - Broken.zip,Rock The Speakerbox - Broken/Construction Kit/BROKEN - CK - EXPLOSION Tight 02.wav,29926214,dcd72169,OK,/volume1/主目录/Collection/素材&模板&音库/音效/01_商业音效包/Rock The Speakerbox - Broken/Construction Kit/BROKEN - CK - EXPLOSION Tight 02.wav
Rock The Speakerbox - Broken.zip,Rock The Speakerbox - Broken/Construction Kit/BROKEN - CK - EXPLOSION Tight Bright .wav,26410454,de928b34,OK,/volume1/主目录/Collection/素材&模板&音库/音效/01_商业音效包/Rock The Speakerbox - Broken/Construction Kit/BROKEN - CK - EXPLOSION Tight Bright .wav
Rock The Speakerbox - Broken.zip,Rock The Speakerbox - Broken/Construction Kit/BROKEN - CK - FIRE Wood Blaze Inferno 01.wav,156925040,948758ec,OK,/volume1/主目录/Collection/素材&模板&音库/音效/01_商业音效包/Rock The Speakerbox - Broken/Construction Kit/BROKEN - CK - FIRE Wood Blaze Inferno 01.wav
Rock The Speakerbox - Broken.zip,Rock The Speakerbox - Broken/Construction Kit/BROKEN - CK - FIRE Wood Blaze Inferno 02.wav,88614942,25e0a6e2,OK,/volume1/主目录/Collection/素材&模板&音库/音效/01_商业音效包/Rock The Speakerbox - Broken/Construction Kit/BROKEN - CK - FIRE Wood Blaze Inferno 02.wav
Rock The Speakerbox - Broken.zip,Rock The Speakerbox - Broken/Construction Kit/BROKEN - CK - FIRE Wood Blaze Inferno 03.wav,120615320,9c46418a,OK,/volume1/主目录/Collection/素材&模板&音库/音效/01_商业音效包/Rock The Speakerbox - Broken/Construction Kit/BROKEN - CK - FIRE Wood Blaze Inferno 03.wav
Rock The Speakerbox - Broken.zip,Rock The Speakerbox - Broken/Construction Kit/BROKEN - CK - FIRE Wood Blaze Inferno 04.wav,91716500,f222c60a,OK,/volume1/主目录/Collection/素材&模板&音库/音效/01_商业音效包/Rock The Speakerbox - Broken/Construction Kit/BROKEN - CK - FIRE Wood Blaze Inferno 04.wav
Rock The Speakerbox - Broken.zip,Rock The Speakerbox - Broken/Construction Kit/BROKEN - CK - FIRE Wood Blaze Inferno 05.wav,112549226,b64826f7,OK,/volume1/主目录/Collection/素材&模板&音库/音效/01_商业音效包/Rock The Speakerbox - Broken/Construction Kit/BROKEN - CK - FIRE Wood Blaze Inferno 05.wav
Rock The Speakerbox - Broken.zip,Rock The Speakerbox - Broken/Construction Kit/BROKEN - CK - FIRE Wood Blaze Inferno 06.wav,80887718,846101b4,OK,/volume1/主目录/Collection/素材&模板&音库/音效/01_商业音效包/Rock The Speakerbox - Broken/Construction Kit/BROKEN - CK - FIRE Wood Blaze Inferno 06.wav
Rock The Speakerbox - Broken.zip,Rock The Speakerbox - Broken/Construction Kit/BROKEN - CK - FIRE Wood Blaze Inferno 07.wav,60403944,4701cbc1,OK,/volume1/主目录/Collection/素材&模板&音库/音效/01_商业音效包/Rock The Speakerbox - Broken/Construction Kit/BROKEN - CK - FIRE Wood Blaze Inferno 07.wav
Rock The Speakerbox - Broken.zip,Rock The Speakerbox - Broken/Construction Kit/BROKEN - CK - FRAME Metal Drop On Junk Metal.wav,9049912,3d8d7413,OK,/volume1/主目录/Collection/素材&模板&音库/音效/01_商业音效包/Rock The Speakerbox - Broken/Construction Kit/BROKEN - CK - FRAME Metal Drop On Junk Metal.wav
Rock The Speakerbox - Broken.zip,Rock The Speakerbox - Broken/Construction Kit/BROKEN - CK - GLASS Stress Crunch Constant 01.wav,12239238,02ccdd16,OK,/volume1/主目录/Collection/素材&模板&音库/音效/01_商业音效包/Rock The Speakerbox - Broken/Construction Kit/BROKEN - CK - GLASS Stress Crunch Constant 01.wav
Rock The Speakerbox - Broken.zip,Rock The Speakerbox - Broken/Construction Kit/BROKEN - CK - GLASS Stress Crunch Constant 02.wav,14479158,d73ec0e1,OK,/volume1/主目录/Collection/素材&模板&音库/音效/01_商业音效包/Rock The Speakerbox - Broken/Construction Kit/BROKEN - CK - GLASS Stress Crunch Constant 02.wav
Rock The Speakerbox - Broken.zip,Rock The Speakerbox - Broken/Construction Kit/BROKEN - CK - GLASS Stress Crunch Constant 03.wav,10260174,f8746318,OK,/volume1/主目录/Collection/素材&模板&音库/音效/01_商业音效包/Rock The Speakerbox - Broken/Construction Kit/BROKEN - CK - GLASS Stress Crunch Constant 03.wav
Rock The Speakerbox - Broken.zip,Rock The Speakerbox - Broken/Construction Kit/BROKEN - CK - GLASS Stress Crunch Constant 04.wav,14611932,dd520b0a,OK,/volume1/主目录/Collection/素材&模板&音库/音效/01_商业音效包/Rock The Speakerbox - Broken/Construction Kit/BROKEN - CK - GLASS Stress Crunch Constant 04.wav
Rock The Speakerbox - Broken.zip,Rock The Speakerbox - Broken/Construction Kit/BROKEN - CK - GLASS Stress Crunch Constant Interior 01.wav,8901174,576f63b2,OK,/volume1/主目录/Collection/素材&模板&音库/音效/01_商业音效包/Rock The Speakerbox - Broken/Construction Kit/BROKEN - CK - GLASS Stress Crunch Constant Interior 01.wav
Rock The Speakerbox - Broken.zip,Rock The Speakerbox - Broken/Construction Kit/BROKEN - CK - GLASS Stress Crunch Constant Interior 02.wav,7380900,0f67c64e,OK,/volume1/主目录/Collection/素材&模板&音库/音效/01_商业音效包/Rock The Speakerbox - Broken/Construction Kit/BROKEN - CK - GLASS Stress Crunch Constant Interior 02.wav
Rock The Speakerbox - Broken.zip,Rock The Speakerbox - Broken/Construction Kit/BROKEN - CK - GLASS Stress Crunch Constant Interior 03.wav,7767498,960fcc14,OK,/volume1/主目录/Collection/素材&模板&音库/音效/01_商业音效包/Rock The Speakerbox - Broken/Construction Kit/BROKEN - CK - GLASS Stress Crunch Constant Interior 03.wav
Rock The Speakerbox - Broken.zip,Rock The Speakerbox - Broken/Construction Kit/BROKEN - CK - GLASS Stress Crunch Constant Interior 04.wav,10329194,54301f57,OK,/volume1/主目录/Collection/素材&模板&音库/音效/01_商业音效包/Rock The Speakerbox - Broken/Construction Kit/BROKEN - CK - GLASS Stress Crunch Constant Interior 04.wav
Rock The Speakerbox - Broken.zip,Rock The Speakerbox - Broken/Construction Kit/BROKEN - CK - GLASS Stress Crunch Interior Medium 01.wav,6407894,345ee515,OK,/volume1/主目录/Collection/素材&模板&音库/音效/01_商业音效包/Rock The Speakerbox - Broken/Construction Kit/BROKEN - CK - GLASS Stress Crunch Interior Medium 01.wav
Rock The Speakerbox - Broken.zip,Rock The Speakerbox - Broken/Construction Kit/BROKEN - CK - GLASS Stress Crunch Interior Medium 02.wav,10015972,26df8652,OK,/volume1/主目录/Collection/素材&模板&音库/音效/01_商业音效包/Rock The Speakerbox - Broken/Construction Kit/BROKEN - CK - GLASS Stress Crunch Interior Medium 02.wav
Rock The Speakerbox - Broken.zip,Rock The Speakerbox - Broken/Construction Kit/BROKEN - CK - GLASS Stress Crunch Interior Medium 03.wav,5939288,c3e00b1d,OK,/volume1/主目录/Collection/素材&模板&音库/音效/01_商业音效包/Rock The Speakerbox - Broken/Construction Kit/BROKEN - CK - GLASS Stress Crunch Interior Medium 03.wav
Rock The Speakerbox - Broken.zip,Rock The Speakerbox - Broken/Construction Kit/BROKEN - CK - GLASS Stress Crunch Interior.wav,9758206,61393d23,OK,/volume1/主目录/Collection/素材&模板&音库/音效/01_商业音效包/Rock The Speakerbox - Broken/Construction Kit/BROKEN - CK - GLASS Stress Crunch Interior.wav
Rock The Speakerbox - Broken.zip,Rock The Speakerbox - Broken/Construction Kit/BROKEN - CK - GLASS Stress Crunch.wav,10422556,62c66043,OK,/volume1/主目录/Collection/素材&模板&音库/音效/01_商业音效包/Rock The Speakerbox - Broken/Construction Kit/BROKEN - CK - GLASS Stress Crunch.wav
Rock The Speakerbox - Broken.zip,Rock The Speakerbox - Broken/Construction Kit/BROKEN - CK - JUNK Metal Bump.wav,3271794,9a1340fa,OK,/volume1/主目录/Collection/素材&模板&音库/音效/01_商业音效包/Rock The Speakerbox - Broken/Construction Kit/BROKEN - CK - JUNK Metal Bump.wav
Rock The Speakerbox - Broken.zip,Rock The Speakerbox - Broken/Construction Kit/BROKEN - CK - JUNK Metal Drag.wav,12266034,dad201b7,OK,/volume1/主目录/Collection/素材&模板&音库/音效/01_商业音效包/Rock The Speakerbox - Broken/Construction Kit/BROKEN - CK - JUNK Metal Drag.wav
Rock The Speakerbox - Broken.zip,Rock The Speakerbox - Broken/Construction Kit/BROKEN - CK - JUNK Metal Drop On Junkpile Metal Heavy.wav,13904274,0b191b40,OK,/volume1/主目录/Collection/素材&模板&音库/音效/01_商业音效包/Rock The Speakerbox - Broken/Construction Kit/BROKEN - CK - JUNK Metal Drop On Junkpile Metal Heavy.wav
Rock The Speakerbox - Broken.zip,Rock The Speakerbox - Broken/Construction Kit/BROKEN - CK - JUNK Metal Drop On Junkpile Metal Light.wav,11457912,59bda452,OK,/volume1/主目录/Collection/素材&模板&音库/音效/01_商业音效包/Rock The Speakerbox - Broken/Construction Kit/BROKEN - CK - JUNK Metal Drop On Junkpile Metal Light.wav
Rock The Speakerbox - Broken.zip,Rock The Speakerbox - Broken/Construction Kit/BROKEN - CK - JUNK Metal Drop.wav,10419904,0dd0519c,OK,/volume1/主目录/Collection/素材&模板&音库/音效/01_商业音效包/Rock The Speakerbox - Broken/Construction Kit/BROKEN - CK - JUNK Metal Drop.wav
Rock The Speakerbox - Broken.zip,Rock The Speakerbox - Broken/Construction Kit/BROKEN - CK - JUNK Metal Forrage Long.wav,30461096,b354d565,OK,/volume1/主目录/Collection/素材&模板&音库/音效/01_商业音效包/Rock The Speakerbox - Broken/Construction Kit/BROKEN - CK - JUNK Metal Forrage Long.wav
Rock The Speakerbox - Broken.zip,Rock The Speakerbox - Broken/Construction Kit/BROKEN - CK - JUNK Metal Forrage.wav,15085238,632d90f4,OK,/volume1/主目录/Collection/素材&模板&音库/音效/01_商业音效包/Rock The Speakerbox - Broken/Construction Kit/BROKEN - CK - JUNK Metal Forrage.wav
Rock The Speakerbox - Broken.zip,Rock The Speakerbox - Broken/Construction Kit/BROKEN - CK - JUNK Metal Slide.wav,7509610,4b4df996,OK,/volume1/主目录/Collection/素材&模板&音库/音效/01_商业音效包/Rock The Speakerbox - Broken/Construction Kit/BROKEN - CK - JUNK Metal Slide.wav
Rock The Speakerbox - Broken.zip,Rock The Speakerbox - Broken/Construction Kit/BROKEN - CK - JUNK Metal Throw Hollow.wav,9982452,2476f387,OK,/volume1/主目录/Collection/素材&模板&音库/音效/01_商业音效包/Rock The Speakerbox - Broken/Construction Kit/BROKEN - CK - JUNK Metal Throw Hollow.wav
Rock The Speakerbox - Broken.zip,Rock The Speakerbox - Broken/Construction Kit/BROKEN - CK - JUNK Metal Throw Light 01.wav,9607642,ce947a92,OK,/volume1/主目录/Collection/素材&模板&音库/音效/01_商业音效包/Rock The Speakerbox - Broken/Construction Kit/BROKEN - CK - JUNK Metal Throw Light 01.wav
Rock The Speakerbox - Broken.zip,Rock The Speakerbox - Broken/Construction Kit/BROKEN - CK - JUNK Metal Throw Light 02.wav,9875476,6df1ba96,OK,/volume1/主目录/Collection/素材&模板&音库/音效/01_商业音效包/Rock The Speakerbox - Broken/Construction Kit/BROKEN - CK - JUNK Metal Throw Light 02.wav
Rock The Speakerbox - Broken.zip,Rock The Speakerbox - Broken/Construction Kit/BROKEN - CK - JUNK Metal Throw Light 03.wav,10227802,4cb8450e,OK,/volume1/主目录/Collection/素材&模板&音库/音效/01_商业音效包/Rock The Speakerbox - Broken/Construction Kit/BROKEN - CK - JUNK Metal Throw Light 03.wav
Rock The Speakerbox - Broken.zip,Rock The Speakerbox - Broken/Construction Kit/BROKEN - CK - JUNK Metal Throw Thin.wav,5635758,2572436e,OK,/volume1/主目录/Collection/素材&模板&音库/音效/01_商业音效包/Rock The Speakerbox - Broken/Construction Kit/BROKEN - CK - JUNK Metal Throw Thin.wav
Rock The Speakerbox - Broken.zip,Rock The Speakerbox - Broken/Construction Kit/BROKEN - CK - LOG Wood Drop On Concrete -12 01.wav,11467054,afe56d30,OK,/volume1/主目录/Collection/素材&模板&音库/音效/01_商业音效包/Rock The Speakerbox - Broken/Construction Kit/BROKEN - CK - LOG Wood Drop On Concrete -12 01.wav
Rock The Speakerbox - Broken.zip,Rock The Speakerbox - Broken/Construction Kit/BROKEN - CK - LOG Wood Drop On Concrete -12 02.wav,9731552,e73051aa,OK,/volume1/主目录/Collection/素材&模板&音库/音效/01_商业音效包/Rock The Speakerbox - Broken/Construction Kit/BROKEN - CK - LOG Wood Drop On Concrete -12 02.wav
Rock The Speakerbox - Broken.zip,Rock The Speakerbox - Broken/Construction Kit/BROKEN - CK - LOG Wood Drop On Concrete -12 03.wav,7986800,babe81e9,OK,/volume1/主目录/Collection/素材&模板&音库/音效/01_商业音效包/Rock The Speakerbox - Broken/Construction Kit/BROKEN - CK - LOG Wood Drop On Concrete -12 03.wav
Rock The Speakerbox - Broken.zip,Rock The Speakerbox - Broken/Construction Kit/BROKEN - CK - LOG Wood Drop On Concrete -24 01.wav,11407526,58889b39,OK,/volume1/主目录/Collection/素材&模板&音库/音效/01_商业音效包/Rock The Speakerbox - Broken/Construction Kit/BROKEN - CK - LOG Wood Drop On Concrete -24 01.wav
Rock The Speakerbox - Broken.zip,Rock The Speakerbox - Broken/Construction Kit/BROKEN - CK - LOG Wood Drop On Concrete -24 02.wav,11410358,0b8878e7,OK,/volume1/主目录/Collection/素材&模板&音库/音效/01_商业音效包/Rock The Speakerbox - Broken/Construction Kit/BROKEN - CK - LOG Wood Drop On Concrete -24 02.wav
Rock The Speakerbox - Broken.zip,Rock The Speakerbox - Broken/Construction Kit/BROKEN - CK - LOG Wood Drop On Concrete -24 03.wav,10994300,7da508a3,OK,/volume1/主目录/Collection/素材&模板&音库/音效/01_商业音效包/Rock The Speakerbox - Broken/Construction Kit/BROKEN - CK - LOG Wood Drop On Concrete -24 03.wav
Rock The Speakerbox - Broken.zip,Rock The Speakerbox - Broken/Construction Kit/BROKEN - CK - LOG Wood Drop On Concrete -24 04.wav,7792490,e3380eab,OK,/volume1/主目录/Collection/素材&模板&音库/音效/01_商业音效包/Rock The Speakerbox - Broken/Construction Kit/BROKEN - CK - LOG Wood Drop On Concrete -24 04.wav
Rock The Speakerbox - Broken.zip,Rock The Speakerbox - Broken/Construction Kit/BROKEN - CK - LOG Wood Drop On Concrete 01.wav,12318120,75d7bd91,OK,/volume1/主目录/Collection/素材&模板&音库/音效/01_商业音效包/Rock The Speakerbox - Broken/Construction Kit/BROKEN - CK - LOG Wood Drop On Concrete 01.wav
Rock The Speakerbox - Broken.zip,Rock The Speakerbox - Broken/Construction Kit/BROKEN - CK - LOG Wood Drop On Concrete 02.wav,10083534,b6301a01,OK,/volume1/主目录/Collection/素材&模板&音库/音效/01_商业音效包/Rock The Speakerbox - Broken/Construction Kit/BROKEN - CK - LOG Wood Drop On Concrete 02.wav
Rock The Speakerbox - Broken.zip,Rock The Speakerbox - Broken/Construction Kit/BROKEN - CK - METAL AND WOOD Stress 01.wav,14563938,a97e8787,OK,/volume1/主目录/Collection/素材&模板&音库/音效/01_商业音效包/Rock The Speakerbox - Broken/Construction Kit/BROKEN - CK - METAL AND WOOD Stress 01.wav
Rock The Speakerbox - Broken.zip,Rock The Speakerbox - Broken/Construction Kit/BROKEN - CK - METAL AND WOOD Stress 02.wav,13315368,f11d85f4,OK,/volume1/主目录/Collection/素材&模板&音库/音效/01_商业音效包/Rock The Speakerbox - Broken/Construction Kit/BROKEN - CK - METAL AND WOOD Stress 02.wav
Rock The Speakerbox - Broken.zip,Rock The Speakerbox - Broken/Construction Kit/BROKEN - CK - METAL AND WOOD Stress 03.wav,14114682,a96a7ad3,OK,/volume1/主目录/Collection/素材&模板&音库/音效/01_商业音效包/Rock The Speakerbox - Broken/Construction Kit/BROKEN - CK - METAL AND WOOD Stress 03.wav
Rock The Speakerbox - Broken.zip,Rock The Speakerbox - Broken/Construction Kit/BROKEN - CK - METAL AND WOOD Stress 04.wav,14942820,6293c34b,OK,/volume1/主目录/Collection/素材&模板&音库/音效/01_商业音效包/Rock The Speakerbox - Broken/Construction Kit/BROKEN - CK - METAL AND WOOD Stress 04.wav
Rock The Speakerbox - Broken.zip,Rock The Speakerbox - Broken/Construction Kit/BROKEN - CK - METAL AND WOOD Stress 05.wav,18798918,e2dff757,OK,/volume1/主目录/Collection/素材&模板&音库/音效/01_商业音效包/Rock The Speakerbox - Broken/Construction Kit/BROKEN - CK - METAL AND WOOD Stress 05.wav
Rock The Speakerbox - Broken.zip,Rock The Speakerbox - Broken/Construction Kit/BROKEN - CK - METAL AND WOOD Stress 06.wav,23651316,54a930be,OK,/volume1/主目录/Collection/素材&模板&音库/音效/01_商业音效包/Rock The Speakerbox - Broken/Construction Kit/BROKEN - CK - METAL AND WOOD Stress 06.wav
Rock The Speakerbox - Broken.zip,Rock The Speakerbox - Broken/Construction Kit/BROKEN - CK - METAL Hollow Hit Rattle.wav,27119156,020c42f7,NAME_ONLY,/volume1/主目录/Collection/素材&模板&音库/音效/01_商业音效包/Rock The Speakerbox - Broken/Construction Kit/BROKEN - CK - METAL Hollow Hit Rattle.wav
Rock The Speakerbox - Broken.zip,Rock The Speakerbox - Broken/Construction Kit/BROKEN - CK - METAL Hollow Hit Ring.wav,11520110,ee75907a,OK,/volume1/主目录/Collection/素材&模板&音库/音效/01_商业音效包/Rock The Speakerbox - Broken/Construction Kit/BROKEN - CK - METAL Hollow Hit Ring.wav
Rock The Speakerbox - Broken.zip,Rock The Speakerbox - Broken/Construction Kit/BROKEN - CK - METAL Hollow Hit Short.wav,2137226,f464f027,OK,/volume1/主目录/Collection/素材&模板&音库/音效/01_商业音效包/Rock The Speakerbox - Broken/Construction Kit/BROKEN - CK - METAL Hollow Hit Short.wav
Rock The Speakerbox - Broken.zip,Rock The Speakerbox - Broken/Construction Kit/BROKEN - CK - METAL Hollow Hit.wav,21323450,26d32d04,OK,/volume1/主目录/Collection/素材&模板&音库/音效/01_商业音效包/Rock The Speakerbox - Broken/Construction Kit/BROKEN - CK - METAL Hollow Hit.wav
Rock The Speakerbox - Broken.zip,Rock The Speakerbox - Broken/Construction Kit/BROKEN - CK - METAL Hollow Junk Slide.wav,10111726,6cab40b0,OK,/volume1/主目录/Collection/素材&模板&音库/音效/01_商业音效包/Rock The Speakerbox - Broken/Construction Kit/BROKEN - CK - METAL Hollow Junk Slide.wav
Rock The Speakerbox - Broken.zip,Rock The Speakerbox - Broken/Construction Kit/BROKEN - CK - METAL Hollow Shake.wav,7457496,94265e02,OK,/volume1/主目录/Collection/素材&模板&音库/音效/01_商业音效包/Rock The Speakerbox - Broken/Construction Kit/BROKEN - CK - METAL Hollow Shake.wav
Rock The Speakerbox - Broken.zip,Rock The Speakerbox - Broken/Construction Kit/BROKEN - CK - METAL Hollow Slide.wav,13766808,6210bd3b,OK,/volume1/主目录/Collection/素材&模板&音库/音效/01_商业音效包/Rock The Speakerbox - Broken/Construction Kit/BROKEN - CK - METAL Hollow Slide.wav
Rock The Speakerbox - Broken.zip,Rock The Speakerbox - Broken/Construction Kit/BROKEN - CK - METAL Junk Forrage.wav,8005638,7d26a219,OK,/volume1/主目录/Collection/素材&模板&音库/音效/01_商业音效包/Rock The Speakerbox - Broken/Construction Kit/BROKEN - CK - METAL Junk Forrage.wav
Rock The Speakerbox - Broken.zip,Rock The Speakerbox - Broken/Construction Kit/BROKEN - CK - METAL Stress Hatch.wav,6572992,c0a192e1,OK,/volume1/主目录/Collection/素材&模板&音库/音效/01_商业音效包/Rock The Speakerbox - Broken/Construction Kit/BROKEN - CK - METAL Stress Hatch.wav
Rock The Speakerbox - Broken.zip,Rock The Speakerbox - Broken/Construction Kit/BROKEN - CK - METAL Stress Prying 01.wav,10346686,f6956df4,OK,/volume1/主目录/Collection/素材&模板&音库/音效/01_商业音效包/Rock The Speakerbox - Broken/Construction Kit/BROKEN - CK - METAL Stress Prying 01.wav
Rock The Speakerbox - Broken.zip,Rock The Speakerbox - Broken/Construction Kit/BROKEN - CK - METAL Stress Prying 02.wav,13440556,45437942,OK,/volume1/主目录/Collection/素材&模板&音库/音效/01_商业音效包/Rock The Speakerbox - Broken/Construction Kit/BROKEN - CK - METAL Stress Prying 02.wav
Rock The Speakerbox - Broken.zip,Rock The Speakerbox - Broken/Construction Kit/BROKEN - CK - METAL Stress Prying Large.wav,7275256,bfc80f5d,OK,/volume1/主目录/Collection/素材&模板&音库/音效/01_商业音效包/Rock The Speakerbox - Broken/Construction Kit/BROKEN - CK - METAL Stress Prying Large.wav
Rock The Speakerbox - Broken.zip,Rock The Speakerbox - Broken/Construction Kit/BROKEN - CK - METAL Stress Prying Medium.wav,20307760,2316d69e,OK,/volume1/主目录/Collection/素材&模板&音库/音效/01_商业音效包/Rock The Speakerbox - Broken/Construction Kit/BROKEN - CK - METAL Stress Prying Medium.wav
Rock The Speakerbox - Broken.zip,Rock The Speakerbox - Broken/Construction Kit/BROKEN - CK - METAL Stress.wav,7015828,9c08409f,OK,/volume1/主目录/Collection/素材&模板&音库/音效/01_商业音效包/Rock The Speakerbox - Broken/Construction Kit/BROKEN - CK - METAL Stress.wav
Rock The Speakerbox - Broken.zip,Rock The Speakerbox - Broken/Construction Kit/BROKEN - CK - PAPER Rip Hard.wav,5887428,66e5ab2f,OK,/volume1/主目录/Collection/素材&模板&音库/音效/01_商业音效包/Rock The Speakerbox - Broken/Construction Kit/BROKEN - CK - PAPER Rip Hard.wav
Rock The Speakerbox - Broken.zip,Rock The Speakerbox - Broken/Construction Kit/BROKEN - CK - PAPER Rip Long 01.wav,8461178,a09d2820,OK,/volume1/主目录/Collection/素材&模板&音库/音效/01_商业音效包/Rock The Speakerbox - Broken/Construction Kit/BROKEN - CK - PAPER Rip Long 01.wav
Rock The Speakerbox - Broken.zip,Rock The Speakerbox - Broken/Construction Kit/BROKEN - CK - PAPER Rip Long 02.wav,9875384,4816cabe,OK,/volume1/主目录/Collection/素材&模板&音库/音效/01_商业音效包/Rock The Speakerbox - Broken/Construction Kit/BROKEN - CK - PAPER Rip Long 02.wav
Rock The Speakerbox - Broken.zip,Rock The Speakerbox - Broken/Construction Kit/BROKEN - CK - PAPER Rip Medium 01.wav,11122792,96ad685d,OK,/volume1/主目录/Collection/素材&模板&音库/音效/01_商业音效包/Rock The Speakerbox - Broken/Construction Kit/BROKEN - CK - PAPER Rip Medium 01.wav
Rock The Speakerbox - Broken.zip,Rock The Speakerbox - Broken/Construction Kit/BROKEN - CK - PAPER Rip Medium 02.wav,11001688,8b7c4b07,OK,/volume1/主目录/Collection/素材&模板&音库/音效/01_商业音效包/Rock The Speakerbox - Broken/Construction Kit/BROKEN - CK - PAPER Rip Medium 02.wav
Rock The Speakerbox - Broken.zip,Rock The Speakerbox - Broken/Construction Kit/BROKEN - CK - PAPER Rip Medium 03.wav,7994714,8b8b377a,OK,/volume1/主目录/Collection/素材&模板&音库/音效/01_商业音效包/Rock The Speakerbox - Broken/Construction Kit/BROKEN - CK - PAPER Rip Medium 03.wav
Rock The Speakerbox - Broken.zip,Rock The Speakerbox - Broken/Construction Kit/BROKEN - CK - PAVING BLOCK Drop On Concrete -12 01.wav,7979844,a883b65e,OK,/volume1/主目录/Collection/素材&模板&音库/音效/01_商业音效包/Rock The Speakerbox - Broken/Construction Kit/BROKEN - CK - PAVING BLOCK Drop On Concrete -12 01.wav
Rock The Speakerbox - Broken.zip,Rock The Speakerbox - Broken/Construction Kit/BROKEN - CK - PAVING BLOCK Drop On Concrete -12 02.wav,7585842,55507a6b,OK,/volume1/主目录/Collection/素材&模板&音库/音效/01_商业音效包/Rock The Speakerbox - Broken/Construction Kit/BROKEN - CK - PAVING BLOCK Drop On Concrete -12 02.wav
Rock The Speakerbox - Broken.zip,Rock The Speakerbox - Broken/Construction Kit/BROKEN - CK - PAVING BLOCK Drop On Concrete -24 01.wav,10187412,d6f153b0,OK,/volume1/主目录/Collection/素材&模板&音库/音效/01_商业音效包/Rock The Speakerbox - Broken/Construction Kit/BROKEN - CK - PAVING BLOCK Drop On Concrete -24 01.wav
Rock The Speakerbox - Broken.zip,Rock The Speakerbox - Broken/Construction Kit/BROKEN - CK - PAVING BLOCK Drop On Concrete -24 02.wav,12355082,d2b1c803,OK,/volume1/主目录/Collection/素材&模板&音库/音效/01_商业音效包/Rock The Speakerbox - Broken/Construction Kit/BROKEN - CK - PAVING BLOCK Drop On Concrete -24 02.wav
Rock The Speakerbox - Broken.zip,Rock The Speakerbox - Broken/Construction Kit/BROKEN - CK - PAVING BLOCK Drop On Concrete 01.wav,7766340,68144e45,OK,/volume1/主目录/Collection/素材&模板&音库/音效/01_商业音效包/Rock The Speakerbox - Broken/Construction Kit/BROKEN - CK - PAVING BLOCK Drop On Concrete 01.wav
Rock The Speakerbox - Broken.zip,Rock The Speakerbox - Broken/Construction Kit/BROKEN - CK - PAVING BLOCK Drop On Concrete 02.wav,7927158,fbda0518,OK,/volume1/主目录/Collection/素材&模板&音库/音效/01_商业音效包/Rock The Speakerbox - Broken/Construction Kit/BROKEN - CK - PAVING BLOCK Drop On Concrete 02.wav
Rock The Speakerbox - Broken.zip,Rock The Speakerbox - Broken/Construction Kit/BROKEN - CK - PIPE Metal Drop On Junk Metal.wav,7667340,225d63a0,OK,/volume1/主目录/Collection/素材&模板&音库/音效/01_商业音效包/Rock The Speakerbox - Broken/Construction Kit/BROKEN - CK - PIPE Metal Drop On Junk Metal.wav
Rock The Speakerbox - Broken.zip,Rock The Speakerbox - Broken/Construction Kit/BROKEN - CK - PIPE Metal Hit Ring.wav,13153984,b006905d,OK,/volume1/主目录/Collection/素材&模板&音库/音效/01_商业音效包/Rock The Speakerbox - Broken/Construction Kit/BROKEN - CK - PIPE Metal Hit Ring.wav
Rock The Speakerbox - Broken.zip,Rock The Speakerbox - Broken/Construction Kit/BROKEN - CK - PLANK Wood Old Drop On Concrete 01.wav,10746980,60945cf3,OK,/volume1/主目录/Collection/素材&模板&音库/音效/01_商业音效包/Rock The Speakerbox - Broken/Construction Kit/BROKEN - CK - PLANK Wood Old Drop On Concrete 01.wav
Rock The Speakerbox - Broken.zip,Rock The Speakerbox - Broken/Construction Kit/BROKEN - CK - PLANK Wood Old Drop On Concrete 02.wav,9212988,fc4ac7d9,OK,/volume1/主目录/Collection/素材&模板&音库/音效/01_商业音效包/Rock The Speakerbox - Broken/Construction Kit/BROKEN - CK - PLANK Wood Old Drop On Concrete 02.wav
Rock The Speakerbox - Broken.zip,Rock The Speakerbox - Broken/Construction Kit/BROKEN - CK - PLASTIC Glass Smash Heavy 01.wav,5923058,8a9beeab,OK,/volume1/主目录/Collection/素材&模板&音库/音效/01_商业音效包/Rock The Speakerbox - Broken/Construction Kit/BROKEN - CK - PLASTIC Glass Smash Heavy 01.wav
Rock The Speakerbox - Broken.zip,Rock The Speakerbox - Broken/Construction Kit/BROKEN - CK - PLASTIC Glass Smash Heavy 02.wav,9852314,e33671fe,OK,/volume1/主目录/Collection/素材&模板&音库/音效/01_商业音效包/Rock The Speakerbox - Broken/Construction Kit/BROKEN - CK - PLASTIC Glass Smash Heavy 02.wav
Rock The Speakerbox - Broken.zip,Rock The Speakerbox - Broken/Construction Kit/BROKEN - CK - RIM Metal Drop On Junk Metal 01.wav,7326716,6d025e32,OK,/volume1/主目录/Collection/素材&模板&音库/音效/01_商业音效包/Rock The Speakerbox - Broken/Construction Kit/BROKEN - CK - RIM Metal Drop On Junk Metal 01.wav
Rock The Speakerbox - Broken.zip,Rock The Speakerbox - Broken/Construction Kit/BROKEN - CK - RIM Metal Drop On Junk Metal 02.wav,8062202,abc3f5e6,OK,/volume1/主目录/Collection/素材&模板&音库/音效/01_商业音效包/Rock The Speakerbox - Broken/Construction Kit/BROKEN - CK - RIM Metal Drop On Junk Metal 02.wav
Rock The Speakerbox - Broken.zip,Rock The Speakerbox - Broken/Construction Kit/BROKEN - CK - ROOF Metal Tin Hit And Rattle.wav,15530252,94840c86,OK,/volume1/主目录/Collection/素材&模板&音库/音效/01_商业音效包/Rock The Speakerbox - Broken/Construction Kit/BROKEN - CK - ROOF Metal Tin Hit And Rattle.wav
Rock The Speakerbox - Broken.zip,Rock The Speakerbox - Broken/Construction Kit/BROKEN - CK - ROOF Metal Tin Shake And Rattle.wav,11532728,5552356c,OK,/volume1/主目录/Collection/素材&模板&音库/音效/01_商业音效包/Rock The Speakerbox - Broken/Construction Kit/BROKEN - CK - ROOF Metal Tin Shake And Rattle.wav
Rock The Speakerbox - Broken.zip,Rock The Speakerbox - Broken/Construction Kit/BROKEN - CK - SHEET METAL Drag On Junk Metal 01.wav,16116894,3940c02b,OK,/volume1/主目录/Collection/素材&模板&音库/音效/01_商业音效包/Rock The Speakerbox - Broken/Construction Kit/BROKEN - CK - SHEET METAL Drag On Junk Metal 01.wav
Rock The Speakerbox - Broken.zip,Rock The Speakerbox - Broken/Construction Kit/BROKEN - CK - SHEET METAL Drag On Junk Metal 02.wav,13618866,0f1d025d,OK,/volume1/主目录/Collection/素材&模板&音库/音效/01_商业音效包/Rock The Speakerbox - Broken/Construction Kit/BROKEN - CK - SHEET METAL Drag On Junk Metal 02.wav
Rock The Speakerbox - Broken.zip,Rock The Speakerbox - Broken/Construction Kit/BROKEN - CK - SHEET Metal Drop On Junkpile Metal.wav,8325140,d2ea8145,OK,/volume1/主目录/Collection/素材&模板&音库/音效/01_商业音效包/Rock The Speakerbox - Broken/Construction Kit/BROKEN - CK - SHEET Metal Drop On Junkpile Metal.wav
Rock The Speakerbox - Broken.zip,Rock The Speakerbox - Broken/Construction Kit/BROKEN - CK - SHEET METAL Heavy Movement 01.wav,14165680,73a8dde0,OK,/volume1/主目录/Collection/素材&模板&音库/音效/01_商业音效包/Rock The Speakerbox - Broken/Construction Kit/BROKEN - CK - SHEET METAL Heavy Movement 01.wav
Rock The Speakerbox - Broken.zip,Rock The Speakerbox - Broken/Construction Kit/BROKEN - CK - SHEET METAL Heavy Movement 02.wav,13051186,2959a8bf,OK,/volume1/主目录/Collection/素材&模板&音库/音效/01_商业音效包/Rock The Speakerbox - Broken/Construction Kit/BROKEN - CK - SHEET METAL Heavy Movement 02.wav
Rock The Speakerbox - Broken.zip,Rock The Speakerbox - Broken/Construction Kit/BROKEN - CK - SHEET METAL Heavy Movement 03.wav,13728748,76780254,OK,/volume1/主目录/Collection/素材&模板&音库/音效/01_商业音效包/Rock The Speakerbox - Broken/Construction Kit/BROKEN - CK - SHEET METAL Heavy Movement 03.wav
Rock The Speakerbox - Broken.zip,Rock The Speakerbox - Broken/Construction Kit/BROKEN - CK - SHEET METAL Hit Heavy 01.wav,8141494,be6efa23,OK,/volume1/主目录/Collection/素材&模板&音库/音效/01_商业音效包/Rock The Speakerbox - Broken/Construction Kit/BROKEN - CK - SHEET METAL Hit Heavy 01.wav
Rock The Speakerbox - Broken.zip,Rock The Speakerbox - Broken/Construction Kit/BROKEN - CK - SHEET METAL Hit Heavy 02.wav,9404230,ba303092,OK,/volume1/主目录/Collection/素材&模板&音库/音效/01_商业音效包/Rock The Speakerbox - Broken/Construction Kit/BROKEN - CK - SHEET METAL Hit Heavy 02.wav
Rock The Speakerbox - Broken.zip,Rock The Speakerbox - Broken/Construction Kit/BROKEN - CK - SHEET METAL Hit Hollow.wav,12538060,3198fa23,OK,/volume1/主目录/Collection/素材&模板&音库/音效/01_商业音效包/Rock The Speakerbox - Broken/Construction Kit/BROKEN - CK - SHEET METAL Hit Hollow.wav
Rock The Speakerbox - Broken.zip,Rock The Speakerbox - Broken/Construction Kit/BROKEN - CK - SHEET METAL Hit Light.wav,4427338,45cf006e,OK,/volume1/主目录/Collection/素材&模板&音库/音效/01_商业音效包/Rock The Speakerbox - Broken/Construction Kit/BROKEN - CK - SHEET METAL Hit Light.wav
Rock The Speakerbox - Broken.zip,Rock The Speakerbox - Broken/Construction Kit/BROKEN - CK - SHEET METAL Low Tremor Long 01.wav,15405106,ebeb3ff5,OK,/volume1/主目录/Collection/素材&模板&音库/音效/01_商业音效包/Rock The Speakerbox - Broken/Construction Kit/BROKEN - CK - SHEET METAL Low Tremor Long 01.wav
Rock The Speakerbox - Broken.zip,Rock The Speakerbox - Broken/Construction Kit/BROKEN - CK - SHEET METAL Low Tremor Long 02.wav,16827742,34d2b4df,OK,/volume1/主目录/Collection/素材&模板&音库/音效/01_商业音效包/Rock The Speakerbox - Broken/Construction Kit/BROKEN - CK - SHEET METAL Low Tremor Long 02.wav
Rock The Speakerbox - Broken.zip,Rock The Speakerbox - Broken/Construction Kit/BROKEN - CK - SHEET METAL Low Tremor Long 03.wav,13785712,0d6fa0a0,OK,/volume1/主目录/Collection/素材&模板&音库/音效/01_商业音效包/Rock The Speakerbox - Broken/Construction Kit/BROKEN - CK - SHEET METAL Low Tremor Long 03.wav
Rock The Speakerbox - Broken.zip,Rock The Speakerbox - Broken/Construction Kit/BROKEN - CK - SHEET METAL Low Tremor Short.wav,18973866,68fcef4a,OK,/volume1/主目录/Collection/素材&模板&音库/音效/01_商业音效包/Rock The Speakerbox - Broken/Construction Kit/BROKEN - CK - SHEET METAL Low Tremor Short.wav
Rock The Speakerbox - Broken.zip,Rock The Speakerbox - Broken/Construction Kit/BROKEN - CK - SHEET METAL Roll.wav,11820070,866dfe7b,OK,/volume1/主目录/Collection/素材&模板&音库/音效/01_商业音效包/Rock The Speakerbox - Broken/Construction Kit/BROKEN - CK - SHEET METAL Roll.wav
Rock The Speakerbox - Broken.zip,Rock The Speakerbox - Broken/Construction Kit/BROKEN - CK - SHEET METAL Shake.wav,7796450,ca8c53fa,OK,/volume1/主目录/Collection/素材&模板&音库/音效/01_商业音效包/Rock The Speakerbox - Broken/Construction Kit/BROKEN - CK - SHEET METAL Shake.wav
Rock The Speakerbox - Broken.zip,Rock The Speakerbox - Broken/Construction Kit/BROKEN - CK - SHEET METAL Stress.wav,9883370,8f3c7038,OK,/volume1/主目录/Collection/素材&模板&音库/音效/01_商业音效包/Rock The Speakerbox - Broken/Construction Kit/BROKEN - CK - SHEET METAL Stress.wav
Rock The Speakerbox - Broken.zip,Rock The Speakerbox - Broken/Construction Kit/BROKEN - CK - SHINGLE Wood Drop On Concrete 01.wav,10142522,bf5c9731,OK,/volume1/主目录/Collection/素材&模板&音库/音效/01_商业音效包/Rock The Speakerbox - Broken/Construction Kit/BROKEN - CK - SHINGLE Wood Drop On Concrete 01.wav
Rock The Speakerbox - Broken.zip,Rock The Speakerbox - Broken/Construction Kit/BROKEN - CK - SHINGLE Wood Drop On Concrete 02.wav,9529544,c4169519,OK,/volume1/主目录/Collection/素材&模板&音库/音效/01_商业音效包/Rock The Speakerbox - Broken/Construction Kit/BROKEN - CK - SHINGLE Wood Drop On Concrete 02.wav
Rock The Speakerbox - Broken.zip,Rock The Speakerbox - Broken/Construction Kit/BROKEN - CK - STONE Cinder Block Slide Fast -12 01.wav,11369158,ea9e269f,OK,/volume1/主目录/Collection/素材&模板&音库/音效/01_商业音效包/Rock The Speakerbox - Broken/Construction Kit/BROKEN - CK - STONE Cinder Block Slide Fast -12 01.wav
Rock The Speakerbox - Broken.zip,Rock The Speakerbox - Broken/Construction Kit/BROKEN - CK - STONE Cinder Block Slide Fast -12 02.wav,8891542,99547f8b,OK,/volume1/主目录/Collection/素材&模板&音库/音效/01_商业音效包/Rock The Speakerbox - Broken/Construction Kit/BROKEN - CK - STONE Cinder Block Slide Fast -12 02.wav
Rock The Speakerbox - Broken.zip,Rock The Speakerbox - Broken/Construction Kit/BROKEN - CK - STONE Cinder Block Slide Fast Center 01.wav,8862214,ff339362,OK,/volume1/主目录/Collection/素材&模板&音库/音效/01_商业音效包/Rock The Speakerbox - Broken/Construction Kit/BROKEN - CK - STONE Cinder Block Slide Fast Center 01.wav
Rock The Speakerbox - Broken.zip,Rock The Speakerbox - Broken/Construction Kit/BROKEN - CK - STONE Cinder Block Slide Fast Center 02.wav,7289842,b3331fc0,OK,/volume1/主目录/Collection/素材&模板&音库/音效/01_商业音效包/Rock The Speakerbox - Broken/Construction Kit/BROKEN - CK - STONE Cinder Block Slide Fast Center 02.wav
Rock The Speakerbox - Broken.zip,Rock The Speakerbox - Broken/Construction Kit/BROKEN - CK - STONE Cinder Block Slide LR -12.wav,18364812,7033df32,OK,/volume1/主目录/Collection/素材&模板&音库/音效/01_商业音效包/Rock The Speakerbox - Broken/Construction Kit/BROKEN - CK - STONE Cinder Block Slide LR -12.wav
Rock The Speakerbox - Broken.zip,Rock The Speakerbox - Broken/Construction Kit/BROKEN - CK - STONE Cinder Block Slide LR -24.wav,21257926,886b0cfb,OK,/volume1/主目录/Collection/素材&模板&音库/音效/01_商业音效包/Rock The Speakerbox - Broken/Construction Kit/BROKEN - CK - STONE Cinder Block Slide LR -24.wav
Rock The Speakerbox - Broken.zip,Rock The Speakerbox - Broken/Construction Kit/BROKEN - CK - STONE Cinder Block Slide LR .wav,12664132,309b3c53,OK,/volume1/主目录/Collection/素材&模板&音库/音效/01_商业音效包/Rock The Speakerbox - Broken/Construction Kit/BROKEN - CK - STONE Cinder Block Slide LR .wav
Rock The Speakerbox - Broken.zip,Rock The Speakerbox - Broken/Construction Kit/BROKEN - CK - STONE Large Rock Slide Fast -12.wav,4865660,604d29e5,OK,/volume1/主目录/Collection/素材&模板&音库/音效/01_商业音效包/Rock The Speakerbox - Broken/Construction Kit/BROKEN - CK - STONE Large Rock Slide Fast -12.wav
Rock The Speakerbox - Broken.zip,Rock The Speakerbox - Broken/Construction Kit/BROKEN - CK - STONE Large Rock Slide Fast.wav,4359520,680bce38,OK,/volume1/主目录/Collection/素材&模板&音库/音效/01_商业音效包/Rock The Speakerbox - Broken/Construction Kit/BROKEN - CK - STONE Large Rock Slide Fast.wav
Rock The Speakerbox - Broken.zip,Rock The Speakerbox - Broken/Construction Kit/BROKEN - CK - STONE Large Rock Slide Slow -12 01.wav,11603114,f2cf70f3,OK,/volume1/主目录/Collection/素材&模板&音库/音效/01_商业音效包/Rock The Speakerbox - Broken/Construction Kit/BROKEN - CK - STONE Large Rock Slide Slow -12 01.wav
Rock The Speakerbox - Broken.zip,Rock The Speakerbox - Broken/Construction Kit/BROKEN - CK - STONE Large Rock Slide Slow -12 02.wav,11163978,4d00e3f5,OK,/volume1/主目录/Collection/素材&模板&音库/音效/01_商业音效包/Rock The Speakerbox - Broken/Construction Kit/BROKEN - CK - STONE Large Rock Slide Slow -12 02.wav
Rock The Speakerbox - Broken.zip,Rock The Speakerbox - Broken/Construction Kit/BROKEN - CK - STONE Large Rock Slide Slow 01.wav,7752496,becad56b,OK,/volume1/主目录/Collection/素材&模板&音库/音效/01_商业音效包/Rock The Speakerbox - Broken/Construction Kit/BROKEN - CK - STONE Large Rock Slide Slow 01.wav
Rock The Speakerbox - Broken.zip,Rock The Speakerbox - Broken/Construction Kit/BROKEN - CK - STONE Large Rock Slide Slow 02.wav,7359478,10127d05,OK,/volume1/主目录/Collection/素材&模板&音库/音效/01_商业音效包/Rock The Speakerbox - Broken/Construction Kit/BROKEN - CK - STONE Large Rock Slide Slow 02.wav
Rock The Speakerbox - Broken.zip,Rock The Speakerbox - Broken/Construction Kit/BROKEN - CK - STONE Rock Drop On Rocks Large A 01.wav,9070500,09388b4d,OK,/volume1/主目录/Collection/素材&模板&音库/音效/01_商业音效包/Rock The Speakerbox - Broken/Construction Kit/BROKEN - CK - STONE Rock Drop On Rocks Large A 01.wav
Rock The Speakerbox - Broken.zip,Rock The Speakerbox - Broken/Construction Kit/BROKEN - CK - STONE Rock Drop On Rocks Large A 02.wav,9286560,ab74ec5c,OK,/volume1/主目录/Collection/素材&模板&音库/音效/01_商业音效包/Rock The Speakerbox - Broken/Construction Kit/BROKEN - CK - STONE Rock Drop On Rocks Large A 02.wav
Rock The Speakerbox - Broken.zip,Rock The Speakerbox - Broken/Construction Kit/BROKEN - CK - STONE Rock Drop On Rocks Large A 03.wav,10314654,0f317db6,OK,/volume1/主目录/Collection/素材&模板&音库/音效/01_商业音效包/Rock The Speakerbox - Broken/Construction Kit/BROKEN - CK - STONE Rock Drop On Rocks Large A 03.wav
Rock The Speakerbox - Broken.zip,Rock The Speakerbox - Broken/Construction Kit/BROKEN - CK - STONE Rock Drop On Rocks Large A 04.wav,11038644,804ccc43,OK,/volume1/主目录/Collection/素材&模板&音库/音效/01_商业音效包/Rock The Speakerbox - Broken/Construction Kit/BROKEN - CK - STONE Rock Drop On Rocks Large A 04.wav
Rock The Speakerbox - Broken.zip,Rock The Speakerbox - Broken/Construction Kit/BROKEN - CK - STONE Rock Drop On Rocks Large A 05.wav,9968436,2c3d4dac,OK,/volume1/主目录/Collection/素材&模板&音库/音效/01_商业音效包/Rock The Speakerbox - Broken/Construction Kit/BROKEN - CK - STONE Rock Drop On Rocks Large A 05.wav
Rock The Speakerbox - Broken.zip,Rock The Speakerbox - Broken/Construction Kit/BROKEN - CK - STONE Rock Drop On Rocks Large B 01.wav,7962168,2d5ce110,OK,/volume1/主目录/Collection/素材&模板&音库/音效/01_商业音效包/Rock The Speakerbox - Broken/Construction Kit/BROKEN - CK - STONE Rock Drop On Rocks Large B 01.wav
Rock The Speakerbox - Broken.zip,Rock The Speakerbox - Broken/Construction Kit/BROKEN - CK - STONE Rock Drop On Rocks Large B 02.wav,8204532,e24b9918,OK,/volume1/主目录/Collection/素材&模板&音库/音效/01_商业音效包/Rock The Speakerbox - Broken/Construction Kit/BROKEN - CK - STONE Rock Drop On Rocks Large B 02.wav
Rock The Speakerbox - Broken.zip,Rock The Speakerbox - Broken/Construction Kit/BROKEN - CK - STONE Rock Drop On Rocks Large B 03.wav,8146120,84ce4bf3,OK,/volume1/主目录/Collection/素材&模板&音库/音效/01_商业音效包/Rock The Speakerbox - Broken/Construction Kit/BROKEN - CK - STONE Rock Drop On Rocks Large B 03.wav
Rock The Speakerbox - Broken.zip,Rock The Speakerbox - Broken/Construction Kit/BROKEN - CK - STONE Rock Drop On Rocks Medium A 01.wav,6846400,4287b66f,OK,/volume1/主目录/Collection/素材&模板&音库/音效/01_商业音效包/Rock The Speakerbox - Broken/Construction Kit/BROKEN - CK - STONE Rock Drop On Rocks Medium A 01.wav
Rock The Speakerbox - Broken.zip,Rock The Speakerbox - Broken/Construction Kit/BROKEN - CK - STONE Rock Drop On Rocks Medium A 02.wav,5683680,5b72160b,OK,/volume1/主目录/Collection/素材&模板&音库/音效/01_商业音效包/Rock The Speakerbox - Broken/Construction Kit/BROKEN - CK - STONE Rock Drop On Rocks Medium A 02.wav
Rock The Speakerbox - Broken.zip,Rock The Speakerbox - Broken/Construction Kit/BROKEN - CK - STONE Rock Drop On Rocks Medium A 03.wav,5666350,2cf8e7a2,OK,/volume1/主目录/Collection/素材&模板&音库/音效/01_商业音效包/Rock The Speakerbox - Broken/Construction Kit/BROKEN - CK - STONE Rock Drop On Rocks Medium A 03.wav
Rock The Speakerbox - Broken.zip,Rock The Speakerbox - Broken/Construction Kit/BROKEN - CK - STONE Rock Drop On Rocks Medium A 04.wav,4451702,e3276349,OK,/volume1/主目录/Collection/素材&模板&音库/音效/01_商业音效包/Rock The Speakerbox - Broken/Construction Kit/BROKEN - CK - STONE Rock Drop On Rocks Medium A 04.wav
Rock The Speakerbox - Broken.zip,Rock The Speakerbox - Broken/Construction Kit/BROKEN - CK - STONE Rock Drop On Rocks Medium B 01.wav,5626810,aa8df99b,OK,/volume1/主目录/Collection/素材&模板&音库/音效/01_商业音效包/Rock The Speakerbox - Broken/Construction Kit/BROKEN - CK - STONE Rock Drop On Rocks Medium B 01.wav
Rock The Speakerbox - Broken.zip,Rock The Speakerbox - Broken/Construction Kit/BROKEN - CK - STONE Rock Drop On Rocks Medium B 02.wav,5279318,7780514b,OK,/volume1/主目录/Collection/素材&模板&音库/音效/01_商业音效包/Rock The Speakerbox - Broken/Construction Kit/BROKEN - CK - STONE Rock Drop On Rocks Medium B 02.wav
Rock The Speakerbox - Broken.zip,Rock The Speakerbox - Broken/Construction Kit/BROKEN - CK - STONE Rock Drop On Rocks Medium B 03.wav,6091102,61c311e3,OK,/volume1/主目录/Collection/素材&模板&音库/音效/01_商业音效包/Rock The Speakerbox - Broken/Construction Kit/BROKEN - CK - STONE Rock Drop On Rocks Medium B 03.wav
Rock The Speakerbox - Broken.zip,Rock The Speakerbox - Broken/Construction Kit/BROKEN - CK - STONE Rock Drop On Rocks Medium B 04.wav,4851758,8d371390,OK,/volume1/主目录/Collection/素材&模板&音库/音效/01_商业音效包/Rock The Speakerbox - Broken/Construction Kit/BROKEN - CK - STONE Rock Drop On Rocks Medium B 04.wav
Rock The Speakerbox - Broken.zip,Rock The Speakerbox - Broken/Construction Kit/BROKEN - CK - STONE Rock Drop On Rocks Medium B 05.wav,5870602,4c485489,OK,/volume1/主目录/Collection/素材&模板&音库/音效/01_商业音效包/Rock The Speakerbox - Broken/Construction Kit/BROKEN - CK - STONE Rock Drop On Rocks Medium B 05.wav
Rock The Speakerbox - Broken.zip,Rock The Speakerbox - Broken/Construction Kit/BROKEN - CK - STONE Rock Drop On Rocks Medium B 06.wav,4672874,299c69d2,OK,/volume1/主目录/Collection/素材&模板&音库/音效/01_商业音效包/Rock The Speakerbox - Broken/Construction Kit/BROKEN - CK - STONE Rock Drop On Rocks Medium B 06.wav
Rock The Speakerbox - Broken.zip,Rock The Speakerbox - Broken/Construction Kit/BROKEN - CK - STONE Rock Drop On Rocks Medium C 01.wav,8359072,12eb32c3,OK,/volume1/主目录/Collection/素材&模板&音库/音效/01_商业音效包/Rock The Speakerbox - Broken/Construction Kit/BROKEN - CK - STONE Rock Drop On Rocks Medium C 01.wav
Rock The Speakerbox - Broken.zip,Rock The Speakerbox - Broken/Construction Kit/BROKEN - CK - STONE Rock Drop On Rocks Medium C 02.wav,8515972,207acb04,OK,/volume1/主目录/Collection/素材&模板&音库/音效/01_商业音效包/Rock The Speakerbox - Broken/Construction Kit/BROKEN - CK - STONE Rock Drop On Rocks Medium C 02.wav
Rock The Speakerbox - Broken.zip,Rock The Speakerbox - Broken/Construction Kit/BROKEN - CK - STONE Rock Drop On Rocks Medium C 03.wav,8605294,aea79dea,OK,/volume1/主目录/Collection/素材&模板&音库/音效/01_商业音效包/Rock The Speakerbox - Broken/Construction Kit/BROKEN - CK - STONE Rock Drop On Rocks Medium C 03.wav
Rock The Speakerbox - Broken.zip,Rock The Speakerbox - Broken/Construction Kit/BROKEN - CK - STONE Rock Drop On Rocks Medium.wav,8935916,ddf0b9b3,OK,/volume1/主目录/Collection/素材&模板&音库/音效/01_商业音效包/Rock The Speakerbox - Broken/Construction Kit/BROKEN - CK - STONE Rock Drop On Rocks Medium.wav
Rock The Speakerbox - Broken.zip,Rock The Speakerbox - Broken/Construction Kit/BROKEN - CK - STONE Rock Drop On Rocks Small 01.wav,7327722,73348cea,OK,/volume1/主目录/Collection/素材&模板&音库/音效/01_商业音效包/Rock The Speakerbox - Broken/Construction Kit/BROKEN - CK - STONE Rock Drop On Rocks Small 01.wav
Rock The Speakerbox - Broken.zip,Rock The Speakerbox - Broken/Construction Kit/BROKEN - CK - STONE Rock Drop On Rocks Small 02.wav,8642958,0d676a7d,OK,/volume1/主目录/Collection/素材&模板&音库/音效/01_商业音效包/Rock The Speakerbox - Broken/Construction Kit/BROKEN - CK - STONE Rock Drop On Rocks Small 02.wav
Rock The Speakerbox - Broken.zip,Rock The Speakerbox - Broken/Construction Kit/BROKEN - CK - STONE Rock Drop On Rocks Small 03.wav,7488380,fa02a0d6,OK,/volume1/主目录/Collection/素材&模板&音库/音效/01_商业音效包/Rock The Speakerbox - Broken/Construction Kit/BROKEN - CK - STONE Rock Drop On Rocks Small 03.wav
Rock The Speakerbox - Broken.zip,Rock The Speakerbox - Broken/Construction Kit/BROKEN - CK - STONE Rock Medium Drop On Concrete 01.wav,11215062,72d35984,OK,/volume1/主目录/Collection/素材&模板&音库/音效/01_商业音效包/Rock The Speakerbox - Broken/Construction Kit/BROKEN - CK - STONE Rock Medium Drop On Concrete 01.wav
Rock The Speakerbox - Broken.zip,Rock The Speakerbox - Broken/Construction Kit/BROKEN - CK - STONE Rock Medium Drop On Concrete 02.wav,11629032,22172b79,OK,/volume1/主目录/Collection/素材&模板&音库/音效/01_商业音效包/Rock The Speakerbox - Broken/Construction Kit/BROKEN - CK - STONE Rock Medium Drop On Concrete 02.wav
Rock The Speakerbox - Broken.zip,Rock The Speakerbox - Broken/Construction Kit/BROKEN - CK - STONE Rock Medium Drop On Concrete 03.wav,10284690,240f6f20,OK,/volume1/主目录/Collection/素材&模板&音库/音效/01_商业音效包/Rock The Speakerbox - Broken/Construction Kit/BROKEN - CK - STONE Rock Medium Drop On Concrete 03.wav
Rock The Speakerbox - Broken.zip,Rock The Speakerbox - Broken/Construction Kit/BROKEN - CK - STONE Rock Small Drop Concrete 01.wav,10774734,11549939,OK,/volume1/主目录/Collection/素材&模板&音库/音效/01_商业音效包/Rock The Speakerbox - Broken/Construction Kit/BROKEN - CK - STONE Rock Small Drop Concrete 01.wav
Rock The Speakerbox - Broken.zip,Rock The Speakerbox - Broken/Construction Kit/BROKEN - CK - STONE Rock Small Drop Concrete 02.wav,9909836,7784d237,OK,/volume1/主目录/Collection/素材&模板&音库/音效/01_商业音效包/Rock The Speakerbox - Broken/Construction Kit/BROKEN - CK - STONE Rock Small Drop Concrete 02.wav
Rock The Speakerbox - Broken.zip,Rock The Speakerbox - Broken/Construction Kit/BROKEN - CK - STONE Rock Small Drop Concrete 03.wav,6585870,65a5c8d1,OK,/volume1/主目录/Collection/素材&模板&音库/音效/01_商业音效包/Rock The Speakerbox - Broken/Construction Kit/BROKEN - CK - STONE Rock Small Drop Concrete 03.wav
Rock The Speakerbox - Broken.zip,Rock The Speakerbox - Broken/Construction Kit/BROKEN - CK - STONE Rock Small Drop On Rocks 01.wav,7998854,8696b698,OK,/volume1/主目录/Collection/素材&模板&音库/音效/01_商业音效包/Rock The Speakerbox - Broken/Construction Kit/BROKEN - CK - STONE Rock Small Drop On Rocks 01.wav
Rock The Speakerbox - Broken.zip,Rock The Speakerbox - Broken/Construction Kit/BROKEN - CK - STONE Rock Small Drop On Rocks 02.wav,7675502,1b8e55cc,OK,/volume1/主目录/Collection/素材&模板&音库/音效/01_商业音效包/Rock The Speakerbox - Broken/Construction Kit/BROKEN - CK - STONE Rock Small Drop On Rocks 02.wav
Rock The Speakerbox - Broken.zip,Rock The Speakerbox - Broken/Construction Kit/BROKEN - CK - STONE Rock Small Drop On Rocks 03.wav,7754738,7eb572ec,OK,/volume1/主目录/Collection/素材&模板&音库/音效/01_商业音效包/Rock The Speakerbox - Broken/Construction Kit/BROKEN - CK - STONE Rock Small Drop On Rocks 03.wav
Rock The Speakerbox - Broken.zip,Rock The Speakerbox - Broken/Construction Kit/BROKEN - CK - STONE Rocks Large B Drop On Concrete -24 01.wav,10553906,7451161a,OK,/volume1/主目录/Collection/素材&模板&音库/音效/01_商业音效包/Rock The Speakerbox - Broken/Construction Kit/BROKEN - CK - STONE Rocks Large B Drop On Concrete -24 01.wav
Rock The Speakerbox - Broken.zip,Rock The Speakerbox - Broken/Construction Kit/BROKEN - CK - STONE Rocks Large B Drop On Concrete -24 02.wav,10423394,143de84f,OK,/volume1/主目录/Collection/素材&模板&音库/音效/01_商业音效包/Rock The Speakerbox - Broken/Construction Kit/BROKEN - CK - STONE Rocks Large B Drop On Concrete -24 02.wav
Rock The Speakerbox - Broken.zip,Rock The Speakerbox - Broken/Construction Kit/BROKEN - CK - STONE Rocks Large B Drop On Concrete -24 03.wav,10570294,3eecef2f,OK,/volume1/主目录/Collection/素材&模板&音库/音效/01_商业音效包/Rock The Speakerbox - Broken/Construction Kit/BROKEN - CK - STONE Rocks Large B Drop On Concrete -24 03.wav
Rock The Speakerbox - Broken.zip,Rock The Speakerbox - Broken/Construction Kit/BROKEN - CK - STONE Rocks Large B Drop On Concrete -24 04.wav,11450258,3d72047d,OK,/volume1/主目录/Collection/素材&模板&音库/音效/01_商业音效包/Rock The Speakerbox - Broken/Construction Kit/BROKEN - CK - STONE Rocks Large B Drop On Concrete -24 04.wav
Rock The Speakerbox - Broken.zip,Rock The Speakerbox - Broken/Construction Kit/BROKEN - CK - STONE Rocks Large B Drop On Concrete -24 05.wav,9853436,4019da62,OK,/volume1/主目录/Collection/素材&模板&音库/音效/01_商业音效包/Rock The Speakerbox - Broken/Construction Kit/BROKEN - CK - STONE Rocks Large B Drop On Concrete -24 05.wav
Rock The Speakerbox - Broken.zip,Rock The Speakerbox - Broken/Construction Kit/BROKEN - CK - STONE Rocks Large B Drop On Concrete -24 06.wav,16615148,78156e6a,OK,/volume1/主目录/Collection/素材&模板&音库/音效/01_商业音效包/Rock The Speakerbox - Broken/Construction Kit/BROKEN - CK - STONE Rocks Large B Drop On Concrete -24 06.wav
Rock The Speakerbox - Broken.zip,Rock The Speakerbox - Broken/Construction Kit/BROKEN - CK - STONE Rocks Medium Drop On Concrete 01.wav,12535938,9987899d,OK,/volume1/主目录/Collection/素材&模板&音库/音效/01_商业音效包/Rock The Speakerbox - Broken/Construction Kit/BROKEN - CK - STONE Rocks Medium Drop On Concrete 01.wav
Rock The Speakerbox - Broken.zip,Rock The Speakerbox - Broken/Construction Kit/BROKEN - CK - STONE Rocks Medium Drop On Concrete 02.wav,9192874,1a84d9c0,OK,/volume1/主目录/Collection/素材&模板&音库/音效/01_商业音效包/Rock The Speakerbox - Broken/Construction Kit/BROKEN - CK - STONE Rocks Medium Drop On Concrete 02.wav
Rock The Speakerbox - Broken.zip,Rock The Speakerbox - Broken/Construction Kit/BROKEN - CK - STONE Rocks Medium Drop On Concrete 03.wav,6871238,37547c16,OK,/volume1/主目录/Collection/素材&模板&音库/音效/01_商业音效包/Rock The Speakerbox - Broken/Construction Kit/BROKEN - CK - STONE Rocks Medium Drop On Concrete 03.wav
Rock The Speakerbox - Broken.zip,Rock The Speakerbox - Broken/Construction Kit/BROKEN - CK - STONE Rocks Small A Drop On Concrete -12 01.wav,14443616,65f3784f,OK,/volume1/主目录/Collection/素材&模板&音库/音效/01_商业音效包/Rock The Speakerbox - Broken/Construction Kit/BROKEN - CK - STONE Rocks Small A Drop On Concrete -12 01.wav
Rock The Speakerbox - Broken.zip,Rock The Speakerbox - Broken/Construction Kit/BROKEN - CK - STONE Rocks Small A Drop On Concrete -12 02.wav,16504664,514d89f3,OK,/volume1/主目录/Collection/素材&模板&音库/音效/01_商业音效包/Rock The Speakerbox - Broken/Construction Kit/BROKEN - CK - STONE Rocks Small A Drop On Concrete -12 02.wav
Rock The Speakerbox - Broken.zip,Rock The Speakerbox - Broken/Construction Kit/BROKEN - CK - STONE Rocks Small A Drop On Concrete -24 01.wav,12961452,25b857ef,OK,/volume1/主目录/Collection/素材&模板&音库/音效/01_商业音效包/Rock The Speakerbox - Broken/Construction Kit/BROKEN - CK - STONE Rocks Small A Drop On Concrete -24 01.wav
Rock The Speakerbox - Broken.zip,Rock The Speakerbox - Broken/Construction Kit/BROKEN - CK - STONE Rocks Small A Drop On Concrete -24 02.wav,14023200,bcd73888,OK,/volume1/主目录/Collection/素材&模板&音库/音效/01_商业音效包/Rock The Speakerbox - Broken/Construction Kit/BROKEN - CK - STONE Rocks Small A Drop On Concrete -24 02.wav
Rock The Speakerbox - Broken.zip,Rock The Speakerbox - Broken/Construction Kit/BROKEN - CK - STONE Rocks Small A Drop On Concrete -24 03.wav,12402810,4808447e,OK,/volume1/主目录/Collection/素材&模板&音库/音效/01_商业音效包/Rock The Speakerbox - Broken/Construction Kit/BROKEN - CK - STONE Rocks Small A Drop On Concrete -24 03.wav
Rock The Speakerbox - Broken.zip,Rock The Speakerbox - Broken/Construction Kit/BROKEN - CK - STONE Rocks Small A Drop On Concrete -24 04.wav,10132158,41dcac31,OK,/volume1/主目录/Collection/素材&模板&音库/音效/01_商业音效包/Rock The Speakerbox - Broken/Construction Kit/BROKEN - CK - STONE Rocks Small A Drop On Concrete -24 04.wav
Rock The Speakerbox - Broken.zip,Rock The Speakerbox - Broken/Construction Kit/BROKEN - CK - STONE Rocks Small B Drop On Concrete -12 01.wav,9805134,56358681,OK,/volume1/主目录/Collection/素材&模板&音库/音效/01_商业音效包/Rock The Speakerbox - Broken/Construction Kit/BROKEN - CK - STONE Rocks Small B Drop On Concrete -12 01.wav
Rock The Speakerbox - Broken.zip,Rock The Speakerbox - Broken/Construction Kit/BROKEN - CK - STONE Rocks Small B Drop On Concrete -12 02.wav,8899158,ddf5362e,OK,/volume1/主目录/Collection/素材&模板&音库/音效/01_商业音效包/Rock The Speakerbox - Broken/Construction Kit/BROKEN - CK - STONE Rocks Small B Drop On Concrete -12 02.wav
Rock The Speakerbox - Broken.zip,Rock The Speakerbox - Broken/Construction Kit/BROKEN - CK - STONE Rocks Small B Drop On Concrete -12 03.wav,10789134,52969eb7,OK,/volume1/主目录/Collection/素材&模板&音库/音效/01_商业音效包/Rock The Speakerbox - Broken/Construction Kit/BROKEN - CK - STONE Rocks Small B Drop On Concrete -12 03.wav
Rock The Speakerbox - Broken.zip,Rock The Speakerbox - Broken/Construction Kit/BROKEN - CK - STONE Rocks Small B Drop On Concrete -12 04.wav,15726672,badc9f01,OK,/volume1/主目录/Collection/素材&模板&音库/音效/01_商业音效包/Rock The Speakerbox - Broken/Construction Kit/BROKEN - CK - STONE Rocks Small B Drop On Concrete -12 04.wav
Rock The Speakerbox - Broken.zip,Rock The Speakerbox - Broken/Construction Kit/BROKEN - CK - STONE Rocks Small Drop On Concrete 01.wav,12498466,4c18bf43,OK,/volume1/主目录/Collection/素材&模板&音库/音效/01_商业音效包/Rock The Speakerbox - Broken/Construction Kit/BROKEN - CK - STONE Rocks Small Drop On Concrete 01.wav
Rock The Speakerbox - Broken.zip,Rock The Speakerbox - Broken/Construction Kit/BROKEN - CK - STONE Rocks Small Drop On Concrete 02.wav,10191112,f2c80050,OK,/volume1/主目录/Collection/素材&模板&音库/音效/01_商业音效包/Rock The Speakerbox - Broken/Construction Kit/BROKEN - CK - STONE Rocks Small Drop On Concrete 02.wav
Rock The Speakerbox - Broken.zip,Rock The Speakerbox - Broken/Construction Kit/BROKEN - CK - STOVE Metal Roll Long.wav,15398762,38bba257,OK,/volume1/主目录/Collection/素材&模板&音库/音效/01_商业音效包/Rock The Speakerbox - Broken/Construction Kit/BROKEN - CK - STOVE Metal Roll Long.wav
Rock The Speakerbox - Broken.zip,Rock The Speakerbox - Broken/Construction Kit/BROKEN - CK - STOVE Metal Roll Medium.wav,12457396,c8f9a21c,OK,/volume1/主目录/Collection/素材&模板&音库/音效/01_商业音效包/Rock The Speakerbox - Broken/Construction Kit/BROKEN - CK - STOVE Metal Roll Medium.wav
Rock The Speakerbox - Broken.zip,Rock The Speakerbox - Broken/Construction Kit/BROKEN - CK - STOVE Metal Slide Long 01 -12.wav,12977950,f038094b,OK,/volume1/主目录/Collection/素材&模板&音库/音效/01_商业音效包/Rock The Speakerbox - Broken/Construction Kit/BROKEN - CK - STOVE Metal Slide Long 01 -12.wav
Rock The Speakerbox - Broken.zip,Rock The Speakerbox - Broken/Construction Kit/BROKEN - CK - STOVE Metal Slide Long 01.wav,15231212,cf0a8d78,OK,/volume1/主目录/Collection/素材&模板&音库/音效/01_商业音效包/Rock The Speakerbox - Broken/Construction Kit/BROKEN - CK - STOVE Metal Slide Long 01.wav
Rock The Speakerbox - Broken.zip,Rock The Speakerbox - Broken/Construction Kit/BROKEN - CK - STOVE Metal Slide Long 02 -12.wav,15006700,79c8cf16,OK,/volume1/主目录/Collection/素材&模板&音库/音效/01_商业音效包/Rock The Speakerbox - Broken/Construction Kit/BROKEN - CK - STOVE Metal Slide Long 02 -12.wav
Rock The Speakerbox - Broken.zip,Rock The Speakerbox - Broken/Construction Kit/BROKEN - CK - STOVE Metal Slide Long 02.wav,15824030,f4257a9f,OK,/volume1/主目录/Collection/素材&模板&音库/音效/01_商业音效包/Rock The Speakerbox - Broken/Construction Kit/BROKEN - CK - STOVE Metal Slide Long 02.wav
Rock The Speakerbox - Broken.zip,Rock The Speakerbox - Broken/Construction Kit/BROKEN - CK - STOVE Metal Slide Long 03 -12.wav,11504950,cfea1bf5,OK,/volume1/主目录/Collection/素材&模板&音库/音效/01_商业音效包/Rock The Speakerbox - Broken/Construction Kit/BROKEN - CK - STOVE Metal Slide Long 03 -12.wav
Rock The Speakerbox - Broken.zip,Rock The Speakerbox - Broken/Construction Kit/BROKEN - CK - STOVE Metal Slide Long 04 -12.wav,17186434,13730ce3,OK,/volume1/主目录/Collection/素材&模板&音库/音效/01_商业音效包/Rock The Speakerbox - Broken/Construction Kit/BROKEN - CK - STOVE Metal Slide Long 04 -12.wav
Rock The Speakerbox - Broken.zip,Rock The Speakerbox - Broken/Construction Kit/BROKEN - CK - STOVE Metal Slide Medium -12.wav,13405968,7b6edbc3,OK,/volume1/主目录/Collection/素材&模板&音库/音效/01_商业音效包/Rock The Speakerbox - Broken/Construction Kit/BROKEN - CK - STOVE Metal Slide Medium -12.wav
Rock The Speakerbox - Broken.zip,Rock The Speakerbox - Broken/Construction Kit/BROKEN - CK - STOVE Metal Slide Medium.wav,8043788,567ab0b5,OK,/volume1/主目录/Collection/素材&模板&音库/音效/01_商业音效包/Rock The Speakerbox - Broken/Construction Kit/BROKEN - CK - STOVE Metal Slide Medium.wav
Rock The Speakerbox - Broken.zip,Rock The Speakerbox - Broken/Construction Kit/BROKEN - CK - STOVE Metal Slide Short.wav,7563154,51ba48d4,OK,/volume1/主目录/Collection/素材&模板&音库/音效/01_商业音效包/Rock The Speakerbox - Broken/Construction Kit/BROKEN - CK - STOVE Metal Slide Short.wav
Rock The Speakerbox - Broken.zip,Rock The Speakerbox - Broken/Construction Kit/BROKEN - CK - STRESS Balloon Latex Long.wav,13261004,e811cb7f,OK,/volume1/主目录/Collection/素材&模板&音库/音效/01_商业音效包/Rock The Speakerbox - Broken/Construction Kit/BROKEN - CK - STRESS Balloon Latex Long.wav
Rock The Speakerbox - Broken.zip,Rock The Speakerbox - Broken/Construction Kit/BROKEN - CK - STRESS Balloon Latex Short 01.wav,9801870,33828621,OK,/volume1/主目录/Collection/素材&模板&音库/音效/01_商业音效包/Rock The Speakerbox - Broken/Construction Kit/BROKEN - CK - STRESS Balloon Latex Short 01.wav
Rock The Speakerbox - Broken.zip,Rock The Speakerbox - Broken/Construction Kit/BROKEN - CK - STRESS Balloon Latex Short 02.wav,8970972,54b95d1f,OK,/volume1/主目录/Collection/素材&模板&音库/音效/01_商业音效包/Rock The Speakerbox - Broken/Construction Kit/BROKEN - CK - STRESS Balloon Latex Short 02.wav
Rock The Speakerbox - Broken.zip,Rock The Speakerbox - Broken/Construction Kit/BROKEN - CK - STRESS Balloon Latex Short 03.wav,9659874,4d2c35f2,OK,/volume1/主目录/Collection/素材&模板&音库/音效/01_商业音效包/Rock The Speakerbox - Broken/Construction Kit/BROKEN - CK - STRESS Balloon Latex Short 03.wav
Rock The Speakerbox - Broken.zip,Rock The Speakerbox - Broken/Construction Kit/BROKEN - CK - STYROFOAM Drop On Concrete Large 01.wav,6507556,af4fdb48,OK,/volume1/主目录/Collection/素材&模板&音库/音效/01_商业音效包/Rock The Speakerbox - Broken/Construction Kit/BROKEN - CK - STYROFOAM Drop On Concrete Large 01.wav
Rock The Speakerbox - Broken.zip,Rock The Speakerbox - Broken/Construction Kit/BROKEN - CK - STYROFOAM Drop On Concrete Large 02.wav,7528120,1950b106,OK,/volume1/主目录/Collection/素材&模板&音库/音效/01_商业音效包/Rock The Speakerbox - Broken/Construction Kit/BROKEN - CK - STYROFOAM Drop On Concrete Large 02.wav
Rock The Speakerbox - Broken.zip,Rock The Speakerbox - Broken/Construction Kit/BROKEN - CK - STYROFOAM Drop On Concrete Medium 01.wav,8640382,9a3e5f70,OK,/volume1/主目录/Collection/素材&模板&音库/音效/01_商业音效包/Rock The Speakerbox - Broken/Construction Kit/BROKEN - CK - STYROFOAM Drop On Concrete Medium 01.wav
Rock The Speakerbox - Broken.zip,Rock The Speakerbox - Broken/Construction Kit/BROKEN - CK - STYROFOAM Drop On Concrete Medium 02.wav,6833326,1567f768,OK,/volume1/主目录/Collection/素材&模板&音库/音效/01_商业音效包/Rock The Speakerbox - Broken/Construction Kit/BROKEN - CK - STYROFOAM Drop On Concrete Medium 02.wav
Rock The Speakerbox - Broken.zip,Rock The Speakerbox - Broken/Construction Kit/BROKEN - CK - STYROFOAM Drop On Concrete Medium 03.wav,10801688,abb505f0,OK,/volume1/主目录/Collection/素材&模板&音库/音效/01_商业音效包/Rock The Speakerbox - Broken/Construction Kit/BROKEN - CK - STYROFOAM Drop On Concrete Medium 03.wav
Rock The Speakerbox - Broken.zip,Rock The Speakerbox - Broken/Construction Kit/BROKEN - CK - STYROFOAM Drop On Concrete Small A.wav,7145736,30f66ea7,OK,/volume1/主目录/Collection/素材&模板&音库/音效/01_商业音效包/Rock The Speakerbox - Broken/Construction Kit/BROKEN - CK - STYROFOAM Drop On Concrete Small A.wav
Rock The Speakerbox - Broken.zip,Rock The Speakerbox - Broken/Construction Kit/BROKEN - CK - STYROFOAM Drop On Concrete Small B.wav,8923152,77278191,OK,/volume1/主目录/Collection/素材&模板&音库/音效/01_商业音效包/Rock The Speakerbox - Broken/Construction Kit/BROKEN - CK - STYROFOAM Drop On Concrete Small B.wav
Rock The Speakerbox - Broken.zip,Rock The Speakerbox - Broken/Construction Kit/BROKEN - CK - STYROFOAM Drop On Concrete Small C 01.wav,7470408,2a123421,OK,/volume1/主目录/Collection/素材&模板&音库/音效/01_商业音效包/Rock The Speakerbox - Broken/Construction Kit/BROKEN - CK - STYROFOAM Drop On Concrete Small C 01.wav
Rock The Speakerbox - Broken.zip,Rock The Speakerbox - Broken/Construction Kit/BROKEN - CK - STYROFOAM Drop On Concrete Small C 02.wav,6492388,4cf382c6,OK,/volume1/主目录/Collection/素材&模板&音库/音效/01_商业音效包/Rock The Speakerbox - Broken/Construction Kit/BROKEN - CK - STYROFOAM Drop On Concrete Small C 02.wav
Rock The Speakerbox - Broken.zip,Rock The Speakerbox - Broken/Construction Kit/BROKEN - CK - STYROFOAM Stress 01.wav,11074346,240347df,OK,/volume1/主目录/Collection/素材&模板&音库/音效/01_商业音效包/Rock The Speakerbox - Broken/Construction Kit/BROKEN - CK - STYROFOAM Stress 01.wav
Rock The Speakerbox - Broken.zip,Rock The Speakerbox - Broken/Construction Kit/BROKEN - CK - STYROFOAM Stress 02.wav,9829410,10adb944,OK,/volume1/主目录/Collection/素材&模板&音库/音效/01_商业音效包/Rock The Speakerbox - Broken/Construction Kit/BROKEN - CK - STYROFOAM Stress 02.wav
Rock The Speakerbox - Broken.zip,Rock The Speakerbox - Broken/Construction Kit/BROKEN - CK - STYROFOAM Stress 03.wav,8409876,c6213a08,OK,/volume1/主目录/Collection/素材&模板&音库/音效/01_商业音效包/Rock The Speakerbox - Broken/Construction Kit/BROKEN - CK - STYROFOAM Stress 03.wav
Rock The Speakerbox - Broken.zip,Rock The Speakerbox - Broken/Construction Kit/BROKEN - CK - STYROFOAM Stress Break 01.wav,7934940,c45bdc7b,OK,/volume1/主目录/Collection/素材&模板&音库/音效/01_商业音效包/Rock The Speakerbox - Broken/Construction Kit/BROKEN - CK - STYROFOAM Stress Break 01.wav
Rock The Speakerbox - Broken.zip,Rock The Speakerbox - Broken/Construction Kit/BROKEN - CK - STYROFOAM Stress Break 02.wav,1900404,0603ed34,OK,/volume1/主目录/Collection/素材&模板&音库/音效/01_商业音效包/Rock The Speakerbox - Broken/Construction Kit/BROKEN - CK - STYROFOAM Stress Break 02.wav
Rock The Speakerbox - Broken.zip,Rock The Speakerbox - Broken/Construction Kit/BROKEN - CK - SUB HIT Deep 01.wav,10597670,55a477b4,OK,/volume1/主目录/Collection/素材&模板&音库/音效/01_商业音效包/Rock The Speakerbox - Broken/Construction Kit/BROKEN - CK - SUB HIT Deep 01.wav
Rock The Speakerbox - Broken.zip,Rock The Speakerbox - Broken/Construction Kit/BROKEN - CK - SUB HIT Deep 02.wav,10276466,a74fdae8,OK,/volume1/主目录/Collection/素材&模板&音库/音效/01_商业音效包/Rock The Speakerbox - Broken/Construction Kit/BROKEN - CK - SUB HIT Deep 02.wav
Rock The Speakerbox - Broken.zip,Rock The Speakerbox - Broken/Construction Kit/BROKEN - CK - SUB HIT Deep 03.wav,10795790,a7c78d0f,OK,/volume1/主目录/Collection/素材&模板&音库/音效/01_商业音效包/Rock The Speakerbox - Broken/Construction Kit/BROKEN - CK - SUB HIT Deep 03.wav
Rock The Speakerbox - Broken.zip,Rock The Speakerbox - Broken/Construction Kit/BROKEN - CK - SUB HIT Deep 04.wav,13176282,c5d18c93,OK,/volume1/主目录/Collection/素材&模板&音库/音效/01_商业音效包/Rock The Speakerbox - Broken/Construction Kit/BROKEN - CK - SUB HIT Deep 04.wav
Rock The Speakerbox - Broken.zip,Rock The Speakerbox - Broken/Construction Kit/BROKEN - CK - SUB HIT Deep 05.wav,11384162,163599dd,OK,/volume1/主目录/Collection/素材&模板&音库/音效/01_商业音效包/Rock The Speakerbox - Broken/Construction Kit/BROKEN - CK - SUB HIT Deep 05.wav
Rock The Speakerbox - Broken.zip,Rock The Speakerbox - Broken/Construction Kit/BROKEN - CK - SUB HIT Deep 06.wav,10702736,602711cb,OK,/volume1/主目录/Collection/素材&模板&音库/音效/01_商业音效包/Rock The Speakerbox - Broken/Construction Kit/BROKEN - CK - SUB HIT Deep 06.wav
Rock The Speakerbox - Broken.zip,Rock The Speakerbox - Broken/Construction Kit/BROKEN - CK - SUB HIT Deep 07.wav,11074970,780e2b61,OK,/volume1/主目录/Collection/素材&模板&音库/音效/01_商业音效包/Rock The Speakerbox - Broken/Construction Kit/BROKEN - CK - SUB HIT Deep 07.wav
Rock The Speakerbox - Broken.zip,Rock The Speakerbox - Broken/Construction Kit/BROKEN - CK - SUB HIT Deep 08.wav,10267412,076b2dd2,OK,/volume1/主目录/Collection/素材&模板&音库/音效/01_商业音效包/Rock The Speakerbox - Broken/Construction Kit/BROKEN - CK - SUB HIT Deep 08.wav
Rock The Speakerbox - Broken.zip,Rock The Speakerbox - Broken/Construction Kit/BROKEN - CK - SUB HIT Deep 09.wav,11760902,fc8de3a3,OK,/volume1/主目录/Collection/素材&模板&音库/音效/01_商业音效包/Rock The Speakerbox - Broken/Construction Kit/BROKEN - CK - SUB HIT Deep 09.wav
Rock The Speakerbox - Broken.zip,Rock The Speakerbox - Broken/Construction Kit/BROKEN - CK - SUB HIT Deep 10.wav,11689922,2bed9846,OK,/volume1/主目录/Collection/素材&模板&音库/音效/01_商业音效包/Rock The Speakerbox - Broken/Construction Kit/BROKEN - CK - SUB HIT Deep 10.wav
Rock The Speakerbox - Broken.zip,Rock The Speakerbox - Broken/Construction Kit/BROKEN - CK - SUB HIT Deep 11.wav,11817998,653f65bb,OK,/volume1/主目录/Collection/素材&模板&音库/音效/01_商业音效包/Rock The Speakerbox - Broken/Construction Kit/BROKEN - CK - SUB HIT Deep 11.wav
Rock The Speakerbox - Broken.zip,Rock The Speakerbox - Broken/Construction Kit/BROKEN - CK - SWEETENER Wood Hollow Drop On Concrete -12 01.wav,11561544,d6b6d783,OK,/volume1/主目录/Collection/素材&模板&音库/音效/01_商业音效包/Rock The Speakerbox - Broken/Construction Kit/BROKEN - CK - SWEETENER Wood Hollow Drop On Concrete -12 01.wav
Rock The Speakerbox - Broken.zip,Rock The Speakerbox - Broken/Construction Kit/BROKEN - CK - SWEETENER Wood Hollow Drop On Concrete -12 02.wav,11107756,2bf2e8cb,OK,/volume1/主目录/Collection/素材&模板&音库/音效/01_商业音效包/Rock The Speakerbox - Broken/Construction Kit/BROKEN - CK - SWEETENER Wood Hollow Drop On Concrete -12 02.wav
Rock The Speakerbox - Broken.zip,Rock The Speakerbox - Broken/Construction Kit/BROKEN - CK - SWEETENER Wood Hollow Drop On Concrete -24 01.wav,11393872,e559ff09,OK,/volume1/主目录/Collection/素材&模板&音库/音效/01_商业音效包/Rock The Speakerbox - Broken/Construction Kit/BROKEN - CK - SWEETENER Wood Hollow Drop On Concrete -24 01.wav
Rock The Speakerbox - Broken.zip,Rock The Speakerbox - Broken/Construction Kit/BROKEN - CK - SWEETENER Wood Hollow Drop On Concrete -24 02.wav,8748112,fc214715,OK,/volume1/主目录/Collection/素材&模板&音库/音效/01_商业音效包/Rock The Speakerbox - Broken/Construction Kit/BROKEN - CK - SWEETENER Wood Hollow Drop On Concrete -24 02.wav
Rock The Speakerbox - Broken.zip,Rock The Speakerbox - Broken/Construction Kit/BROKEN - CK - SWEETENER Wood Hollow Drop On Concrete -24 03.wav,9062182,49853acc,OK,/volume1/主目录/Collection/素材&模板&音库/音效/01_商业音效包/Rock The Speakerbox - Broken/Construction Kit/BROKEN - CK - SWEETENER Wood Hollow Drop On Concrete -24 03.wav
Rock The Speakerbox - Broken.zip,Rock The Speakerbox - Broken/Construction Kit/BROKEN - CK - SWEETENER Wood Hollow Drop On Concrete 01.wav,9422134,d7b870f0,OK,/volume1/主目录/Collection/素材&模板&音库/音效/01_商业音效包/Rock The Speakerbox - Broken/Construction Kit/BROKEN - CK - SWEETENER Wood Hollow Drop On Concrete 01.wav
Rock The Speakerbox - Broken.zip,Rock The Speakerbox - Broken/Construction Kit/BROKEN - CK - SWEETENER Wood Hollow Drop On Concrete 02.wav,9391168,58700352,OK,/volume1/主目录/Collection/素材&模板&音库/音效/01_商业音效包/Rock The Speakerbox - Broken/Construction Kit/BROKEN - CK - SWEETENER Wood Hollow Drop On Concrete 02.wav
Rock The Speakerbox - Broken.zip,Rock The Speakerbox - Broken/Construction Kit/BROKEN - CK - TOILET BOWL Ceramic Hit Large 01.wav,8351022,5319976e,OK,/volume1/主目录/Collection/素材&模板&音库/音效/01_商业音效包/Rock The Speakerbox - Broken/Construction Kit/BROKEN - CK - TOILET BOWL Ceramic Hit Large 01.wav
Rock The Speakerbox - Broken.zip,Rock The Speakerbox - Broken/Construction Kit/BROKEN - CK - TOILET BOWL Ceramic Hit Large 02.wav,8609544,ad6367cd,OK,/volume1/主目录/Collection/素材&模板&音库/音效/01_商业音效包/Rock The Speakerbox - Broken/Construction Kit/BROKEN - CK - TOILET BOWL Ceramic Hit Large 02.wav
Rock The Speakerbox - Broken.zip,Rock The Speakerbox - Broken/Construction Kit/BROKEN - CK - TOILET BOWL Ceramic Hit Large 03.wav,7230210,8f712596,OK,/volume1/主目录/Collection/素材&模板&音库/音效/01_商业音效包/Rock The Speakerbox - Broken/Construction Kit/BROKEN - CK - TOILET BOWL Ceramic Hit Large 03.wav
Rock The Speakerbox - Broken.zip,Rock The Speakerbox - Broken/Construction Kit/BROKEN - CK - TOILET BOWL Ceramic Hit Medium 01.wav,6734822,8c246e84,OK,/volume1/主目录/Collection/素材&模板&音库/音效/01_商业音效包/Rock The Speakerbox - Broken/Construction Kit/BROKEN - CK - TOILET BOWL Ceramic Hit Medium 01.wav
Rock The Speakerbox - Broken.zip,Rock The Speakerbox - Broken/Construction Kit/BROKEN - CK - TOILET BOWL Ceramic Hit Medium 02.wav,6593756,f4a32e77,OK,/volume1/主目录/Collection/素材&模板&音库/音效/01_商业音效包/Rock The Speakerbox - Broken/Construction Kit/BROKEN - CK - TOILET BOWL Ceramic Hit Medium 02.wav
Rock The Speakerbox - Broken.zip,Rock The Speakerbox - Broken/Construction Kit/BROKEN - CK - TOILET BOWL Ceramic Hit Medium 03.wav,6191342,40e2f4e0,OK,/volume1/主目录/Collection/素材&模板&音库/音效/01_商业音效包/Rock The Speakerbox - Broken/Construction Kit/BROKEN - CK - TOILET BOWL Ceramic Hit Medium 03.wav
Rock The Speakerbox - Broken.zip,Rock The Speakerbox - Broken/Construction Kit/BROKEN - CK - TOILET BOWL Ceramic Hit Small 01.wav,6378828,af68bdef,OK,/volume1/主目录/Collection/素材&模板&音库/音效/01_商业音效包/Rock The Speakerbox - Broken/Construction Kit/BROKEN - CK - TOILET BOWL Ceramic Hit Small 01.wav
Rock The Speakerbox - Broken.zip,Rock The Speakerbox - Broken/Construction Kit/BROKEN - CK - TOILET BOWL Ceramic Hit Small 02.wav,6764310,2055d33b,OK,/volume1/主目录/Collection/素材&模板&音库/音效/01_商业音效包/Rock The Speakerbox - Broken/Construction Kit/BROKEN - CK - TOILET BOWL Ceramic Hit Small 02.wav
Rock The Speakerbox - Broken.zip,Rock The Speakerbox - Broken/Construction Kit/BROKEN - CK - TOILET BOWL Ceramic Hit Small 03.wav,6062016,edb3efc7,OK,/volume1/主目录/Collection/素材&模板&音库/音效/01_商业音效包/Rock The Speakerbox - Broken/Construction Kit/BROKEN - CK - TOILET BOWL Ceramic Hit Small 03.wav
Rock The Speakerbox - Broken.zip,Rock The Speakerbox - Broken/Construction Kit/BROKEN - CK - TOILET BOWL Ceramic Hit Very Small 01.wav,5938716,294cd845,OK,/volume1/主目录/Collection/素材&模板&音库/音效/01_商业音效包/Rock The Speakerbox - Broken/Construction Kit/BROKEN - CK - TOILET BOWL Ceramic Hit Very Small 01.wav
Rock The Speakerbox - Broken.zip,Rock The Speakerbox - Broken/Construction Kit/BROKEN - CK - TOILET BOWL Hit.wav,8956298,b6ddfd4e,OK,/volume1/主目录/Collection/素材&模板&音库/音效/01_商业音效包/Rock The Speakerbox - Broken/Construction Kit/BROKEN - CK - TOILET BOWL Hit.wav
Rock The Speakerbox - Broken.zip,Rock The Speakerbox - Broken/Construction Kit/BROKEN - CK - TRAINCART Metal Hit 01.wav,16489616,d570015c,OK,/volume1/主目录/Collection/素材&模板&音库/音效/01_商业音效包/Rock The Speakerbox - Broken/Construction Kit/BROKEN - CK - TRAINCART Metal Hit 01.wav
Rock The Speakerbox - Broken.zip,Rock The Speakerbox - Broken/Construction Kit/BROKEN - CK - TRAINCART Metal Hit 02.wav,12216716,9041b9ef,OK,/volume1/主目录/Collection/素材&模板&音库/音效/01_商业音效包/Rock The Speakerbox - Broken/Construction Kit/BROKEN - CK - TRAINCART Metal Hit 02.wav
Rock The Speakerbox - Broken.zip,Rock The Speakerbox - Broken/Construction Kit/BROKEN - CK - TREE TRUNK Wood Rip.wav,2491510,5e0f8afb,OK,/volume1/主目录/Collection/素材&模板&音库/音效/01_商业音效包/Rock The Speakerbox - Broken/Construction Kit/BROKEN - CK - TREE TRUNK Wood Rip.wav
Rock The Speakerbox - Broken.zip,Rock The Speakerbox - Broken/Construction Kit/BROKEN - CK - TV CRT Glass Smash Large.wav,11404904,7785fcbd,OK,/volume1/主目录/Collection/素材&模板&音库/音效/01_商业音效包/Rock The Speakerbox - Broken/Construction Kit/BROKEN - CK - TV CRT Glass Smash Large.wav
Rock The Speakerbox - Broken.zip,Rock The Speakerbox - Broken/Construction Kit/BROKEN - CK - TV CRT Glass Smash Medium 01.wav,8746916,f8c49908,OK,/volume1/主目录/Collection/素材&模板&音库/音效/01_商业音效包/Rock The Speakerbox - Broken/Construction Kit/BROKEN - CK - TV CRT Glass Smash Medium 01.wav
Rock The Speakerbox - Broken.zip,Rock The Speakerbox - Broken/Construction Kit/BROKEN - CK - TV CRT Glass Smash Medium 02.wav,10511984,5d09588d,OK,/volume1/主目录/Collection/素材&模板&音库/音效/01_商业音效包/Rock The Speakerbox - Broken/Construction Kit/BROKEN - CK - TV CRT Glass Smash Medium 02.wav
Rock The Speakerbox - Broken.zip,Rock The Speakerbox - Broken/Construction Kit/BROKEN - CK - TV FLATSCREEN Drop -12 01.wav,9917142,7abef032,OK,/volume1/主目录/Collection/素材&模板&音库/音效/01_商业音效包/Rock The Speakerbox - Broken/Construction Kit/BROKEN - CK - TV FLATSCREEN Drop -12 01.wav
Rock The Speakerbox - Broken.zip,Rock The Speakerbox - Broken/Construction Kit/BROKEN - CK - TV FLATSCREEN Drop -12 02.wav,7638036,43d406f5,OK,/volume1/主目录/Collection/素材&模板&音库/音效/01_商业音效包/Rock The Speakerbox - Broken/Construction Kit/BROKEN - CK - TV FLATSCREEN Drop -12 02.wav
Rock The Speakerbox - Broken.zip,Rock The Speakerbox - Broken/Construction Kit/BROKEN - CK - TV FLATSCREEN Drop -24 01.wav,16168188,f2bf9044,OK,/volume1/主目录/Collection/素材&模板&音库/音效/01_商业音效包/Rock The Speakerbox - Broken/Construction Kit/BROKEN - CK - TV FLATSCREEN Drop -24 01.wav
Rock The Speakerbox - Broken.zip,Rock The Speakerbox - Broken/Construction Kit/BROKEN - CK - TV FLATSCREEN Drop -24 02.wav,16200510,352667c7,OK,/volume1/主目录/Collection/素材&模板&音库/音效/01_商业音效包/Rock The Speakerbox - Broken/Construction Kit/BROKEN - CK - TV FLATSCREEN Drop -24 02.wav
Rock The Speakerbox - Broken.zip,Rock The Speakerbox - Broken/Construction Kit/BROKEN - CK - TV FLATSCREEN Drop 01.wav,7244688,a503c1d9,OK,/volume1/主目录/Collection/素材&模板&音库/音效/01_商业音效包/Rock The Speakerbox - Broken/Construction Kit/BROKEN - CK - TV FLATSCREEN Drop 01.wav
Rock The Speakerbox - Broken.zip,Rock The Speakerbox - Broken/Construction Kit/BROKEN - CK - TV FLATSCREEN Drop 02.wav,5781164,5303faef,OK,/volume1/主目录/Collection/素材&模板&音库/音效/01_商业音效包/Rock The Speakerbox - Broken/Construction Kit/BROKEN - CK - TV FLATSCREEN Drop 02.wav
Rock The Speakerbox - Broken.zip,Rock The Speakerbox - Broken/Construction Kit/BROKEN - CK - TV FLATSCREEN Stress Long -24.wav,29708044,e2eaa819,OK,/volume1/主目录/Collection/素材&模板&音库/音效/01_商业音效包/Rock The Speakerbox - Broken/Construction Kit/BROKEN - CK - TV FLATSCREEN Stress Long -24.wav
Rock The Speakerbox - Broken.zip,Rock The Speakerbox - Broken/Construction Kit/BROKEN - CK - TV FLATSCREEN Stress Long.wav,11997580,54588613,OK,/volume1/主目录/Collection/素材&模板&音库/音效/01_商业音效包/Rock The Speakerbox - Broken/Construction Kit/BROKEN - CK - TV FLATSCREEN Stress Long.wav
Rock The Speakerbox - Broken.zip,Rock The Speakerbox - Broken/Construction Kit/BROKEN - CK - TV FLATSCREEN Stress Medium 01.wav,9126286,77c4092f,OK,/volume1/主目录/Collection/素材&模板&音库/音效/01_商业音效包/Rock The Speakerbox - Broken/Construction Kit/BROKEN - CK - TV FLATSCREEN Stress Medium 01.wav
Rock The Speakerbox - Broken.zip,Rock The Speakerbox - Broken/Construction Kit/BROKEN - CK - TV FLATSCREEN Stress Medium 02.wav,9807202,a1a2aa9b,OK,/volume1/主目录/Collection/素材&模板&音库/音效/01_商业音效包/Rock The Speakerbox - Broken/Construction Kit/BROKEN - CK - TV FLATSCREEN Stress Medium 02.wav
Rock The Speakerbox - Broken.zip,Rock The Speakerbox - Broken/Construction Kit/BROKEN - CK - TV FLATSCREEN Stress Short -24.wav,15167852,1c8a085d,OK,/volume1/主目录/Collection/素材&模板&音库/音效/01_商业音效包/Rock The Speakerbox - Broken/Construction Kit/BROKEN - CK - TV FLATSCREEN Stress Short -24.wav
Rock The Speakerbox - Broken.zip,Rock The Speakerbox - Broken/Construction Kit/BROKEN - CK - VEGETABLE Cabbage Crumple -12.wav,7125666,d13aa98c,OK,/volume1/主目录/Collection/素材&模板&音库/音效/01_商业音效包/Rock The Speakerbox - Broken/Construction Kit/BROKEN - CK - VEGETABLE Cabbage Crumple -12.wav
Rock The Speakerbox - Broken.zip,Rock The Speakerbox - Broken/Construction Kit/BROKEN - CK - VEGETABLE Cabbage Crumple -24.wav,8151756,837da4a6,OK,/volume1/主目录/Collection/素材&模板&音库/音效/01_商业音效包/Rock The Speakerbox - Broken/Construction Kit/BROKEN - CK - VEGETABLE Cabbage Crumple -24.wav
Rock The Speakerbox - Broken.zip,Rock The Speakerbox - Broken/Construction Kit/BROKEN - CK - VEGETABLE Cabbage Crunch -12.wav,18009732,6b8e134a,OK,/volume1/主目录/Collection/素材&模板&音库/音效/01_商业音效包/Rock The Speakerbox - Broken/Construction Kit/BROKEN - CK - VEGETABLE Cabbage Crunch -12.wav
Rock The Speakerbox - Broken.zip,Rock The Speakerbox - Broken/Construction Kit/BROKEN - CK - VEGETABLE Cabbage Crunch -24.wav,19278180,240e1d3e,OK,/volume1/主目录/Collection/素材&模板&音库/音效/01_商业音效包/Rock The Speakerbox - Broken/Construction Kit/BROKEN - CK - VEGETABLE Cabbage Crunch -24.wav
Rock The Speakerbox - Broken.zip,Rock The Speakerbox - Broken/Construction Kit/BROKEN - CK - VEGETABLE Cabbage Crunch Slow -12.wav,19297302,2acd7558,OK,/volume1/主目录/Collection/素材&模板&音库/音效/01_商业音效包/Rock The Speakerbox - Broken/Construction Kit/BROKEN - CK - VEGETABLE Cabbage Crunch Slow -12.wav
Rock The Speakerbox - Broken.zip,Rock The Speakerbox - Broken/Construction Kit/BROKEN - CK - VEGETABLE Cabbage Crunch Slow -24.wav,26038578,0a7bf3a9,OK,/volume1/主目录/Collection/素材&模板&音库/音效/01_商业音效包/Rock The Speakerbox - Broken/Construction Kit/BROKEN - CK - VEGETABLE Cabbage Crunch Slow -24.wav
Rock The Speakerbox - Broken.zip,Rock The Speakerbox - Broken/Construction Kit/BROKEN - CK - VEGETABLE Cabbage Tension 01 -12.wav,26598480,54dc3fca,OK,/volume1/主目录/Collection/素材&模板&音库/音效/01_商业音效包/Rock The Speakerbox - Broken/Construction Kit/BROKEN - CK - VEGETABLE Cabbage Tension 01 -12.wav
Rock The Speakerbox - Broken.zip,Rock The Speakerbox - Broken/Construction Kit/BROKEN - CK - VEGETABLE Cabbage Tension 02 -12.wav,27239022,ced4d7bc,OK,/volume1/主目录/Collection/素材&模板&音库/音效/01_商业音效包/Rock The Speakerbox - Broken/Construction Kit/BROKEN - CK - VEGETABLE Cabbage Tension 02 -12.wav
Rock The Speakerbox - Broken.zip,Rock The Speakerbox - Broken/Construction Kit/BROKEN - CK - VEGETABLE Cabbage Tension 03 -12.wav,29614550,fa8c9a01,OK,/volume1/主目录/Collection/素材&模板&音库/音效/01_商业音效包/Rock The Speakerbox - Broken/Construction Kit/BROKEN - CK - VEGETABLE Cabbage Tension 03 -12.wav
Rock The Speakerbox - Broken.zip,Rock The Speakerbox - Broken/Construction Kit/BROKEN - CK - VEGETABLE Celery Twist -12.wav,17011510,6121a88d,OK,/volume1/主目录/Collection/素材&模板&音库/音效/01_商业音效包/Rock The Speakerbox - Broken/Construction Kit/BROKEN - CK - VEGETABLE Celery Twist -12.wav
Rock The Speakerbox - Broken.zip,Rock The Speakerbox - Broken/Construction Kit/BROKEN - CK - WAGON Wood Shake Medium 01.wav,17096882,05bc8c2f,OK,/volume1/主目录/Collection/素材&模板&音库/音效/01_商业音效包/Rock The Speakerbox - Broken/Construction Kit/BROKEN - CK - WAGON Wood Shake Medium 01.wav
Rock The Speakerbox - Broken.zip,Rock The Speakerbox - Broken/Construction Kit/BROKEN - CK - WAGON Wood Shake Medium 02.wav,4185416,9372d3e1,OK,/volume1/主目录/Collection/素材&模板&音库/音效/01_商业音效包/Rock The Speakerbox - Broken/Construction Kit/BROKEN - CK - WAGON Wood Shake Medium 02.wav
Rock The Speakerbox - Broken.zip,Rock The Speakerbox - Broken/Construction Kit/BROKEN - CK - WALL Drywall Wood Smash 01.wav,6871480,4551a3ee,OK,/volume1/主目录/Collection/素材&模板&音库/音效/01_商业音效包/Rock The Speakerbox - Broken/Construction Kit/BROKEN - CK - WALL Drywall Wood Smash 01.wav
Rock The Speakerbox - Broken.zip,Rock The Speakerbox - Broken/Construction Kit/BROKEN - CK - WALL Drywall Wood Smash 02.wav,6127828,83105fbc,OK,/volume1/主目录/Collection/素材&模板&音库/音效/01_商业音效包/Rock The Speakerbox - Broken/Construction Kit/BROKEN - CK - WALL Drywall Wood Smash 02.wav
Rock The Speakerbox - Broken.zip,Rock The Speakerbox - Broken/Construction Kit/BROKEN - CK - WALNUT Crack -12 01.wav,13357398,972d4d49,OK,/volume1/主目录/Collection/素材&模板&音库/音效/01_商业音效包/Rock The Speakerbox - Broken/Construction Kit/BROKEN - CK - WALNUT Crack -12 01.wav
Rock The Speakerbox - Broken.zip,Rock The Speakerbox - Broken/Construction Kit/BROKEN - CK - WALNUT Crack -12 02.wav,12541866,59cddb1e,OK,/volume1/主目录/Collection/素材&模板&音库/音效/01_商业音效包/Rock The Speakerbox - Broken/Construction Kit/BROKEN - CK - WALNUT Crack -12 02.wav
Rock The Speakerbox - Broken.zip,Rock The Speakerbox - Broken/Construction Kit/BROKEN - CK - WALNUT Crack -12 03.wav,10947142,14519950,OK,/volume1/主目录/Collection/素材&模板&音库/音效/01_商业音效包/Rock The Speakerbox - Broken/Construction Kit/BROKEN - CK - WALNUT Crack -12 03.wav
Rock The Speakerbox - Broken.zip,Rock The Speakerbox - Broken/Construction Kit/BROKEN - CK - WALNUT Crack -24 01.wav,11608586,f710ab3f,OK,/volume1/主目录/Collection/素材&模板&音库/音效/01_商业音效包/Rock The Speakerbox - Broken/Construction Kit/BROKEN - CK - WALNUT Crack -24 01.wav
Rock The Speakerbox - Broken.zip,Rock The Speakerbox - Broken/Construction Kit/BROKEN - CK - WALNUT Crack -24 02.wav,11236892,d0e04ddd,OK,/volume1/主目录/Collection/素材&模板&音库/音效/01_商业音效包/Rock The Speakerbox - Broken/Construction Kit/BROKEN - CK - WALNUT Crack -24 02.wav
Rock The Speakerbox - Broken.zip,Rock The Speakerbox - Broken/Construction Kit/BROKEN - CK - WALNUT Crack -24 03.wav,9721388,26cbb45d,OK,/volume1/主目录/Collection/素材&模板&音库/音效/01_商业音效包/Rock The Speakerbox - Broken/Construction Kit/BROKEN - CK - WALNUT Crack -24 03.wav
Rock The Speakerbox - Broken.zip,Rock The Speakerbox - Broken/Construction Kit/BROKEN - CK - WALNUT Crack -24 04.wav,10205382,1b9c5128,OK,/volume1/主目录/Collection/素材&模板&音库/音效/01_商业音效包/Rock The Speakerbox - Broken/Construction Kit/BROKEN - CK - WALNUT Crack -24 04.wav
Rock The Speakerbox - Broken.zip,Rock The Speakerbox - Broken/Construction Kit/BROKEN - CK - WINDOW Glass Smash 01.wav,10171696,064c4ae5,OK,/volume1/主目录/Collection/素材&模板&音库/音效/01_商业音效包/Rock The Speakerbox - Broken/Construction Kit/BROKEN - CK - WINDOW Glass Smash 01.wav
Rock The Speakerbox - Broken.zip,Rock The Speakerbox - Broken/Construction Kit/BROKEN - CK - WINDOW Glass Smash 02.wav,7808462,6e896178,OK,/volume1/主目录/Collection/素材&模板&音库/音效/01_商业音效包/Rock The Speakerbox - Broken/Construction Kit/BROKEN - CK - WINDOW Glass Smash 02.wav
Rock The Speakerbox - Broken.zip,Rock The Speakerbox - Broken/Construction Kit/BROKEN - CK - WINDOW Glass Smash 03.wav,5403540,acf53655,OK,/volume1/主目录/Collection/素材&模板&音库/音效/01_商业音效包/Rock The Speakerbox - Broken/Construction Kit/BROKEN - CK - WINDOW Glass Smash 03.wav
Rock The Speakerbox - Broken.zip,Rock The Speakerbox - Broken/Construction Kit/BROKEN - CK - WINDOW Glass Smash 04.wav,8006422,99cf578d,OK,/volume1/主目录/Collection/素材&模板&音库/音效/01_商业音效包/Rock The Speakerbox - Broken/Construction Kit/BROKEN - CK - WINDOW Glass Smash 04.wav
Rock The Speakerbox - Broken.zip,Rock The Speakerbox - Broken/Construction Kit/BROKEN - CK - WINDOW Glass Smash 05.wav,6227768,fe0feef1,OK,/volume1/主目录/Collection/素材&模板&音库/音效/01_商业音效包/Rock The Speakerbox - Broken/Construction Kit/BROKEN - CK - WINDOW Glass Smash 05.wav
Rock The Speakerbox - Broken.zip,Rock The Speakerbox - Broken/Construction Kit/BROKEN - CK - WINDOW Glass Smash 06.wav,9347282,dea3a05c,OK,/volume1/主目录/Collection/素材&模板&音库/音效/01_商业音效包/Rock The Speakerbox - Broken/Construction Kit/BROKEN - CK - WINDOW Glass Smash 06.wav
Rock The Speakerbox - Broken.zip,Rock The Speakerbox - Broken/Construction Kit/BROKEN - CK - WINDOW Glass Smash Hollow 01.wav,7465288,7f699155,OK,/volume1/主目录/Collection/素材&模板&音库/音效/01_商业音效包/Rock The Speakerbox - Broken/Construction Kit/BROKEN - CK - WINDOW Glass Smash Hollow 01.wav
Rock The Speakerbox - Broken.zip,Rock The Speakerbox - Broken/Construction Kit/BROKEN - CK - WINDOW Glass Smash Hollow 02.wav,6230900,0a301647,OK,/volume1/主目录/Collection/素材&模板&音库/音效/01_商业音效包/Rock The Speakerbox - Broken/Construction Kit/BROKEN - CK - WINDOW Glass Smash Hollow 02.wav
Rock The Speakerbox - Broken.zip,Rock The Speakerbox - Broken/Construction Kit/BROKEN - CK - WINDOW Glass Smash Medium.wav,8556742,8f7089f9,OK,/volume1/主目录/Collection/素材&模板&音库/音效/01_商业音效包/Rock The Speakerbox - Broken/Construction Kit/BROKEN - CK - WINDOW Glass Smash Medium.wav
Rock The Speakerbox - Broken.zip,Rock The Speakerbox - Broken/Construction Kit/BROKEN - CK - WINDOW Glass Smash Small 01.wav,8005396,34421a60,OK,/volume1/主目录/Collection/素材&模板&音库/音效/01_商业音效包/Rock The Speakerbox - Broken/Construction Kit/BROKEN - CK - WINDOW Glass Smash Small 01.wav
Rock The Speakerbox - Broken.zip,Rock The Speakerbox - Broken/Construction Kit/BROKEN - CK - WINDOW Glass Smash Small 02.wav,7869778,b647f44c,OK,/volume1/主目录/Collection/素材&模板&音库/音效/01_商业音效包/Rock The Speakerbox - Broken/Construction Kit/BROKEN - CK - WINDOW Glass Smash Small 02.wav
Rock The Speakerbox - Broken.zip,Rock The Speakerbox - Broken/Construction Kit/BROKEN - CK - WINDSHIELD Glass Stress Tearing Long 01.wav,13587886,72de289c,OK,/volume1/主目录/Collection/素材&模板&音库/音效/01_商业音效包/Rock The Speakerbox - Broken/Construction Kit/BROKEN - CK - WINDSHIELD Glass Stress Tearing Long 01.wav
Rock The Speakerbox - Broken.zip,Rock The Speakerbox - Broken/Construction Kit/BROKEN - CK - WINDSHIELD Glass Stress Tearing Long 02.wav,12212812,0fdc96d1,OK,/volume1/主目录/Collection/素材&模板&音库/音效/01_商业音效包/Rock The Speakerbox - Broken/Construction Kit/BROKEN - CK - WINDSHIELD Glass Stress Tearing Long 02.wav
Rock The Speakerbox - Broken.zip,Rock The Speakerbox - Broken/Construction Kit/BROKEN - CK - WINDSHIELD Glass Stress Tearing Long 03.wav,13827034,1f335e19,OK,/volume1/主目录/Collection/素材&模板&音库/音效/01_商业音效包/Rock The Speakerbox - Broken/Construction Kit/BROKEN - CK - WINDSHIELD Glass Stress Tearing Long 03.wav
Rock The Speakerbox - Broken.zip,Rock The Speakerbox - Broken/Construction Kit/BROKEN - CK - WINDSHIELD Glass Stress Tearing Long 04.wav,16175404,16195100,OK,/volume1/主目录/Collection/素材&模板&音库/音效/01_商业音效包/Rock The Speakerbox - Broken/Construction Kit/BROKEN - CK - WINDSHIELD Glass Stress Tearing Long 04.wav
Rock The Speakerbox - Broken.zip,Rock The Speakerbox - Broken/Construction Kit/BROKEN - CK - WINDSHIELD Glass Stress Tearing Medium 01.wav,13924524,6244e9e9,OK,/volume1/主目录/Collection/素材&模板&音库/音效/01_商业音效包/Rock The Speakerbox - Broken/Construction Kit/BROKEN - CK - WINDSHIELD Glass Stress Tearing Medium 01.wav
Rock The Speakerbox - Broken.zip,Rock The Speakerbox - Broken/Construction Kit/BROKEN - CK - WINDSHIELD Glass Stress Tearing Medium 02.wav,16045578,7816f345,OK,/volume1/主目录/Collection/素材&模板&音库/音效/01_商业音效包/Rock The Speakerbox - Broken/Construction Kit/BROKEN - CK - WINDSHIELD Glass Stress Tearing Medium 02.wav
Rock The Speakerbox - Broken.zip,Rock The Speakerbox - Broken/Construction Kit/BROKEN - CK - WINDSHIELD Glass Stress Tearing Short.wav,6629658,f4e6c786,OK,/volume1/主目录/Collection/素材&模板&音库/音效/01_商业音效包/Rock The Speakerbox - Broken/Construction Kit/BROKEN - CK - WINDSHIELD Glass Stress Tearing Short.wav
Rock The Speakerbox - Broken.zip,Rock The Speakerbox - Broken/Construction Kit/BROKEN - CK - WOOD Crack Small -12 01.wav,8212124,42d4659f,OK,/volume1/主目录/Collection/素材&模板&音库/音效/01_商业音效包/Rock The Speakerbox - Broken/Construction Kit/BROKEN - CK - WOOD Crack Small -12 01.wav
Rock The Speakerbox - Broken.zip,Rock The Speakerbox - Broken/Construction Kit/BROKEN - CK - WOOD Crack Small -12 02.wav,7799210,172b12e9,OK,/volume1/主目录/Collection/素材&模板&音库/音效/01_商业音效包/Rock The Speakerbox - Broken/Construction Kit/BROKEN - CK - WOOD Crack Small -12 02.wav
Rock The Speakerbox - Broken.zip,Rock The Speakerbox - Broken/Construction Kit/BROKEN - CK - WOOD Crack Small -12 03.wav,9004796,9b301705,OK,/volume1/主目录/Collection/素材&模板&音库/音效/01_商业音效包/Rock The Speakerbox - Broken/Construction Kit/BROKEN - CK - WOOD Crack Small -12 03.wav
Rock The Speakerbox - Broken.zip,Rock The Speakerbox - Broken/Construction Kit/BROKEN - CK - WOOD Crack Small -24 01.wav,9330450,234428bc,OK,/volume1/主目录/Collection/素材&模板&音库/音效/01_商业音效包/Rock The Speakerbox - Broken/Construction Kit/BROKEN - CK - WOOD Crack Small -24 01.wav
Rock The Speakerbox - Broken.zip,Rock The Speakerbox - Broken/Construction Kit/BROKEN - CK - WOOD Crack Small -24 02.wav,8536482,4150024d,OK,/volume1/主目录/Collection/素材&模板&音库/音效/01_商业音效包/Rock The Speakerbox - Broken/Construction Kit/BROKEN - CK - WOOD Crack Small -24 02.wav
Rock The Speakerbox - Broken.zip,Rock The Speakerbox - Broken/Construction Kit/BROKEN - CK - WOOD Crack Small -24 03.wav,8111646,4fb55792,OK,/volume1/主目录/Collection/素材&模板&音库/音效/01_商业音效包/Rock The Speakerbox - Broken/Construction Kit/BROKEN - CK - WOOD Crack Small -24 03.wav
Rock The Speakerbox - Broken.zip,Rock The Speakerbox - Broken/Construction Kit/BROKEN - CK - WOOD Crack Small -24 04.wav,9834432,d56b8b15,OK,/volume1/主目录/Collection/素材&模板&音库/音效/01_商业音效包/Rock The Speakerbox - Broken/Construction Kit/BROKEN - CK - WOOD Crack Small -24 04.wav
Rock The Speakerbox - Broken.zip,Rock The Speakerbox - Broken/Construction Kit/BROKEN - CK - WOOD Crack Small 01.wav,6379324,462b09f9,OK,/volume1/主目录/Collection/素材&模板&音库/音效/01_商业音效包/Rock The Speakerbox - Broken/Construction Kit/BROKEN - CK - WOOD Crack Small 01.wav
Rock The Speakerbox - Broken.zip,Rock The Speakerbox - Broken/Construction Kit/BROKEN - CK - WOOD Crack Small 02.wav,6165462,480ad9ce,OK,/volume1/主目录/Collection/素材&模板&音库/音效/01_商业音效包/Rock The Speakerbox - Broken/Construction Kit/BROKEN - CK - WOOD Crack Small 02.wav
Rock The Speakerbox - Broken.zip,Rock The Speakerbox - Broken/Construction Kit/BROKEN - CK - WOOD Crack Small 03.wav,6793026,bce1723d,OK,/volume1/主目录/Collection/素材&模板&音库/音效/01_商业音效包/Rock The Speakerbox - Broken/Construction Kit/BROKEN - CK - WOOD Crack Small 03.wav
Rock The Speakerbox - Broken.zip,Rock The Speakerbox - Broken/Construction Kit/BROKEN - CK - WOOD Crack.wav,14405972,e0d18f8a,OK,/volume1/主目录/Collection/素材&模板&音库/音效/01_商业音效包/Rock The Speakerbox - Broken/Construction Kit/BROKEN - CK - WOOD Crack.wav
Rock The Speakerbox - Broken.zip,Rock The Speakerbox - Broken/Construction Kit/BROKEN - CK - WOOD Creak.wav,3856978,d78a43ef,OK,/volume1/主目录/Collection/素材&模板&音库/音效/01_商业音效包/Rock The Speakerbox - Broken/Construction Kit/BROKEN - CK - WOOD Creak.wav
Rock The Speakerbox - Broken.zip,Rock The Speakerbox - Broken/Construction Kit/BROKEN - CK - WOOD Hit Heavy.wav,7849890,55001fc8,OK,/volume1/主目录/Collection/素材&模板&音库/音效/01_商业音效包/Rock The Speakerbox - Broken/Construction Kit/BROKEN - CK - WOOD Hit Heavy.wav
Rock The Speakerbox - Broken.zip,Rock The Speakerbox - Broken/Construction Kit/BROKEN - CK - WOOD Hit.wav,3438706,0483c509,OK,/volume1/主目录/Collection/素材&模板&音库/音效/01_商业音效包/Rock The Speakerbox - Broken/Construction Kit/BROKEN - CK - WOOD Hit.wav
Rock The Speakerbox - Broken.zip,Rock The Speakerbox - Broken/Construction Kit/BROKEN - CK - WOOD Slide Short.wav,3696784,7645aedd,OK,/volume1/主目录/Collection/素材&模板&音库/音效/01_商业音效包/Rock The Speakerbox - Broken/Construction Kit/BROKEN - CK - WOOD Slide Short.wav
Rock The Speakerbox - Broken.zip,Rock The Speakerbox - Broken/Construction Kit/BROKEN - CK - WOOD Stress 01.wav,14612724,5aed03e9,OK,/volume1/主目录/Collection/素材&模板&音库/音效/01_商业音效包/Rock The Speakerbox - Broken/Construction Kit/BROKEN - CK - WOOD Stress 01.wav
Rock The Speakerbox - Broken.zip,Rock The Speakerbox - Broken/Construction Kit/BROKEN - CK - WOOD Stress 02.wav,3382048,237174b8,OK,/volume1/主目录/Collection/素材&模板&音库/音效/01_商业音效包/Rock The Speakerbox - Broken/Construction Kit/BROKEN - CK - WOOD Stress 02.wav
Rock The Speakerbox - Broken.zip,Rock The Speakerbox - Broken/Construction Kit/BROKEN - CK - WOOD Stress 03.wav,12133584,87dd1a81,OK,/volume1/主目录/Collection/素材&模板&音库/音效/01_商业音效包/Rock The Speakerbox - Broken/Construction Kit/BROKEN - CK - WOOD Stress 03.wav
Rock The Speakerbox - Broken.zip,Rock The Speakerbox - Broken/Construction Kit/BROKEN - CK - WOOD Stress 04.wav,8998600,343259e2,OK,/volume1/主目录/Collection/素材&模板&音库/音效/01_商业音效包/Rock The Speakerbox - Broken/Construction Kit/BROKEN - CK - WOOD Stress 04.wav
Rock The Speakerbox - Broken.zip,Rock The Speakerbox - Broken/Construction Kit/BROKEN - CK - WOOD Stress 05.wav,9245658,84bd81d9,OK,/volume1/主目录/Collection/素材&模板&音库/音效/01_商业音效包/Rock The Speakerbox - Broken/Construction Kit/BROKEN - CK - WOOD Stress 05.wav
Rock The Speakerbox - Broken.zip,Rock The Speakerbox - Broken/Construction Kit/BROKEN - CK - WOOD Stress 06.wav,7580082,38c6f19a,OK,/volume1/主目录/Collection/素材&模板&音库/音效/01_商业音效包/Rock The Speakerbox - Broken/Construction Kit/BROKEN - CK - WOOD Stress 06.wav
Rock The Speakerbox - Broken.zip,Rock The Speakerbox - Broken/Construction Kit/BROKEN - CK - WOOD Stress 07.wav,8133140,e82b63dd,OK,/volume1/主目录/Collection/素材&模板&音库/音效/01_商业音效包/Rock The Speakerbox - Broken/Construction Kit/BROKEN - CK - WOOD Stress 07.wav
Rock The Speakerbox - Broken.zip,Rock The Speakerbox - Broken/Construction Kit/BROKEN - CK - WOOD Stress Break 01 -12.wav,8974262,d7cb7ef0,OK,/volume1/主目录/Collection/素材&模板&音库/音效/01_商业音效包/Rock The Speakerbox - Broken/Construction Kit/BROKEN - CK - WOOD Stress Break 01 -12.wav
Rock The Speakerbox - Broken.zip,Rock The Speakerbox - Broken/Construction Kit/BROKEN - CK - WOOD Stress Break 01.wav,5747904,bd822945,OK,/volume1/主目录/Collection/素材&模板&音库/音效/01_商业音效包/Rock The Speakerbox - Broken/Construction Kit/BROKEN - CK - WOOD Stress Break 01.wav
Rock The Speakerbox - Broken.zip,Rock The Speakerbox - Broken/Construction Kit/BROKEN - CK - WOOD Stress Break 02.wav,4704926,098cebdb,OK,/volume1/主目录/Collection/素材&模板&音库/音效/01_商业音效包/Rock The Speakerbox - Broken/Construction Kit/BROKEN - CK - WOOD Stress Break 02.wav
Rock The Speakerbox - Broken.zip,Rock The Speakerbox - Broken/Construction Kit/BROKEN - CK - WOOD Stress Break 03 -12.wav,4168060,284a5c13,OK,/volume1/主目录/Collection/素材&模板&音库/音效/01_商业音效包/Rock The Speakerbox - Broken/Construction Kit/BROKEN - CK - WOOD Stress Break 03 -12.wav
Rock The Speakerbox - Broken.zip,Rock The Speakerbox - Broken/Construction Kit/BROKEN - CK - WOOD Stress Break 03.wav,2778268,8791fa89,OK,/volume1/主目录/Collection/素材&模板&音库/音效/01_商业音效包/Rock The Speakerbox - Broken/Construction Kit/BROKEN - CK - WOOD Stress Break 03.wav
Rock The Speakerbox - Broken.zip,Rock The Speakerbox - Broken/Construction Kit/BROKEN - CK - WOOD Wronk 01 -12.wav,5669970,41e00f39,OK,/volume1/主目录/Collection/素材&模板&音库/音效/01_商业音效包/Rock The Speakerbox - Broken/Construction Kit/BROKEN - CK - WOOD Wronk 01 -12.wav
Rock The Speakerbox - Broken.zip,Rock The Speakerbox - Broken/Construction Kit/BROKEN - CK - WOOD Wronk 01.wav,5898004,bcc626ed,OK,/volume1/主目录/Collection/素材&模板&音库/音效/01_商业音效包/Rock The Speakerbox - Broken/Construction Kit/BROKEN - CK - WOOD Wronk 01.wav
Rock The Speakerbox - Broken.zip,Rock The Speakerbox - Broken/Construction Kit/BROKEN - CK - WRAP PLASTIC Stress Long 01.wav,13768750,55050bb3,OK,/volume1/主目录/Collection/素材&模板&音库/音效/01_商业音效包/Rock The Speakerbox - Broken/Construction Kit/BROKEN - CK - WRAP PLASTIC Stress Long 01.wav
Rock The Speakerbox - Broken.zip,Rock The Speakerbox - Broken/Construction Kit/BROKEN - CK - WRAP PLASTIC Stress Long 02.wav,12284968,61a43a4a,OK,/volume1/主目录/Collection/素材&模板&音库/音效/01_商业音效包/Rock The Speakerbox - Broken/Construction Kit/BROKEN - CK - WRAP PLASTIC Stress Long 02.wav
Rock The Speakerbox - Broken.zip,Rock The Speakerbox - Broken/Construction Kit/BROKEN - CK - WRAP PLASTIC Stress Long 03.wav,13211884,3136994b,OK,/volume1/主目录/Collection/素材&模板&音库/音效/01_商业音效包/Rock The Speakerbox - Broken/Construction Kit/BROKEN - CK - WRAP PLASTIC Stress Long 03.wav
Rock The Speakerbox - Broken.zip,Rock The Speakerbox - Broken/Construction Kit/BROKEN - CK - WRAP PLASTIC Stress Long 04.wav,16862800,b6d0f5f5,OK,/volume1/主目录/Collection/素材&模板&音库/音效/01_商业音效包/Rock The Speakerbox - Broken/Construction Kit/BROKEN - CK - WRAP PLASTIC Stress Long 04.wav
Rock The Speakerbox - Broken.zip,Rock The Speakerbox - Broken/Construction Kit/BROKEN - CK - WRAP PLASTIC Stress Long 05.wav,14707876,21de8876,OK,/volume1/主目录/Collection/素材&模板&音库/音效/01_商业音效包/Rock The Speakerbox - Broken/Construction Kit/BROKEN - CK - WRAP PLASTIC Stress Long 05.wav
Rock The Speakerbox - Broken.zip,Rock The Speakerbox - Broken/Construction Kit/BROKEN - CK - WRAP PLASTIC Stress Long 06.wav,8744168,d1b76a0e,OK,/volume1/主目录/Collection/素材&模板&音库/音效/01_商业音效包/Rock The Speakerbox - Broken/Construction Kit/BROKEN - CK - WRAP PLASTIC Stress Long 06.wav
Rock The Speakerbox - Broken.zip,Rock The Speakerbox - Broken/Construction Kit/BROKEN - CK - WRAP PLASTIC Stress Short 01.wav,9644446,bd715af1,OK,/volume1/主目录/Collection/素材&模板&音库/音效/01_商业音效包/Rock The Speakerbox - Broken/Construction Kit/BROKEN - CK - WRAP PLASTIC Stress Short 01.wav
Rock The Speakerbox - Broken.zip,Rock The Speakerbox - Broken/Construction Kit/BROKEN - CK - WRAP PLASTIC Stress Short 02.wav,9830452,041fcf1a,OK,/volume1/主目录/Collection/素材&模板&音库/音效/01_商业音效包/Rock The Speakerbox - Broken/Construction Kit/BROKEN - CK - WRAP PLASTIC Stress Short 02.wav
Rock The Speakerbox - Broken.zip,Rock The Speakerbox - Broken/Construction Kit/BROKEN - CK - WRAP PLASTIC Stress Short 03.wav,11439264,b78ac8a2,OK,/volume1/主目录/Collection/素材&模板&音库/音效/01_商业音效包/Rock The Speakerbox - Broken/Construction Kit/BROKEN - CK - WRAP PLASTIC Stress Short 03.wav
Rock The Speakerbox - Broken.zip,Rock The Speakerbox - Broken/Construction Kit/BROKEN - CK - WRAP PLASTIC Stress Short 04.wav,6936736,fbcdc4e6,OK,/volume1/主目录/Collection/素材&模板&音库/音效/01_商业音效包/Rock The Speakerbox - Broken/Construction Kit/BROKEN - CK - WRAP PLASTIC Stress Short 04.wav
Rock The Speakerbox - Broken.zip,Rock The Speakerbox - Broken/Construction Kit/BROKEN - CK - WRAP PLASTIC Stress Short 05.wav,9792046,87a51106,OK,/volume1/主目录/Collection/素材&模板&音库/音效/01_商业音效包/Rock The Speakerbox - Broken/Construction Kit/BROKEN - CK - WRAP PLASTIC Stress Short 05.wav
Rock The Speakerbox - Broken.zip,Rock The Speakerbox - Broken/Designed/AJ音乐大合集-AE模板常用配乐.url,335,35051180,OK,/volume1/主目录/Collection/素材&模板&音库/音效/01_商业音效包/Rock The Speakerbox - Broken/Designed/AJ音乐大合集-AE模板常用配乐.url
Rock The Speakerbox - Broken.zip,Rock The Speakerbox - Broken/Designed/BROKEN - DESIGNED - AMBIENCE Abandoned Warehouse 01.wav,124430034,d18b20d9,OK,/volume1/主目录/Collection/素材&模板&音库/音效/01_商业音效包/Rock The Speakerbox - Broken/Designed/BROKEN - DESIGNED - AMBIENCE Abandoned Warehouse 01.wav
Rock The Speakerbox - Broken.zip,Rock The Speakerbox - Broken/Designed/BROKEN - DESIGNED - AMBIENCE Abandoned Warehouse 02.wav,17996512,90e709a0,OK,/volume1/主目录/Collection/素材&模板&音库/音效/01_商业音效包/Rock The Speakerbox - Broken/Designed/BROKEN - DESIGNED - AMBIENCE Abandoned Warehouse 02.wav
Rock The Speakerbox - Broken.zip,Rock The Speakerbox - Broken/Designed/BROKEN - DESIGNED - AMBIENCE Abandoned Warehouse 03.wav,74709054,9de3c68a,OK,/volume1/主目录/Collection/素材&模板&音库/音效/01_商业音效包/Rock The Speakerbox - Broken/Designed/BROKEN - DESIGNED - AMBIENCE Abandoned Warehouse 03.wav
Rock The Speakerbox - Broken.zip,Rock The Speakerbox - Broken/Designed/BROKEN - DESIGNED - AMBIENCE Abandoned Warehouse 04.wav,89074392,3a9cef79,OK,/volume1/主目录/Collection/素材&模板&音库/音效/01_商业音效包/Rock The Speakerbox - Broken/Designed/BROKEN - DESIGNED - AMBIENCE Abandoned Warehouse 04.wav
Rock The Speakerbox - Broken.zip,Rock The Speakerbox - Broken/Designed/BROKEN - DESIGNED - AMBIENCE Abandoned Warehouse 05.wav,37729894,77497858,OK,/volume1/主目录/Collection/素材&模板&音库/音效/01_商业音效包/Rock The Speakerbox - Broken/Designed/BROKEN - DESIGNED - AMBIENCE Abandoned Warehouse 05.wav
Rock The Speakerbox - Broken.zip,Rock The Speakerbox - Broken/Designed/BROKEN - DESIGNED - AMBIENCE Abandoned Warehouse 06.wav,41751982,481b211d,OK,/volume1/主目录/Collection/素材&模板&音库/音效/01_商业音效包/Rock The Speakerbox - Broken/Designed/BROKEN - DESIGNED - AMBIENCE Abandoned Warehouse 06.wav
Rock The Speakerbox - Broken.zip,Rock The Speakerbox - Broken/Designed/BROKEN - DESIGNED - AMBIENCE Abandoned Warehouse 07.wav,71750074,1feef42f,OK,/volume1/主目录/Collection/素材&模板&音库/音效/01_商业音效包/Rock The Speakerbox - Broken/Designed/BROKEN - DESIGNED - AMBIENCE Abandoned Warehouse 07.wav
Rock The Speakerbox - Broken.zip,Rock The Speakerbox - Broken/Designed/BROKEN - DESIGNED - AMBIENCE Abandoned Warehouse 08.wav,36556780,ec2f1b1c,OK,/volume1/主目录/Collection/素材&模板&音库/音效/01_商业音效包/Rock The Speakerbox - Broken/Designed/BROKEN - DESIGNED - AMBIENCE Abandoned Warehouse 08.wav
Rock The Speakerbox - Broken.zip,Rock The Speakerbox - Broken/Designed/BROKEN - DESIGNED - AMBIENCE Abandoned Warehouse 09.wav,96238740,74134b35,OK,/volume1/主目录/Collection/素材&模板&音库/音效/01_商业音效包/Rock The Speakerbox - Broken/Designed/BROKEN - DESIGNED - AMBIENCE Abandoned Warehouse 09.wav
Rock The Speakerbox - Broken.zip,Rock The Speakerbox - Broken/Designed/BROKEN - DESIGNED - AMBIENCE Abandoned Warehouse 10.wav,86539638,2c1e4822,OK,/volume1/主目录/Collection/素材&模板&音库/音效/01_商业音效包/Rock The Speakerbox - Broken/Designed/BROKEN - DESIGNED - AMBIENCE Abandoned Warehouse 10.wav
Rock The Speakerbox - Broken.zip,Rock The Speakerbox - Broken/Designed/BROKEN - DESIGNED - BEAM Metal Collapse Element 01.wav,6479760,2ebe8a76,OK,/volume1/主目录/Collection/素材&模板&音库/音效/01_商业音效包/Rock The Speakerbox - Broken/Designed/BROKEN - DESIGNED - BEAM Metal Collapse Element 01.wav
Rock The Speakerbox - Broken.zip,Rock The Speakerbox - Broken/Designed/BROKEN - DESIGNED - BEAM Metal Collapse Element 02.wav,8617392,5e66562f,OK,/volume1/主目录/Collection/素材&模板&音库/音效/01_商业音效包/Rock The Speakerbox - Broken/Designed/BROKEN - DESIGNED - BEAM Metal Collapse Element 02.wav
Rock The Speakerbox - Broken.zip,Rock The Speakerbox - Broken/Designed/BROKEN - DESIGNED - BEAM Metal Collapse Element 03.wav,10170708,16f652fe,OK,/volume1/主目录/Collection/素材&模板&音库/音效/01_商业音效包/Rock The Speakerbox - Broken/Designed/BROKEN - DESIGNED - BEAM Metal Collapse Element 03.wav
Rock The Speakerbox - Broken.zip,Rock The Speakerbox - Broken/Designed/BROKEN - DESIGNED - BEAM Metal Collapse Element Medium 01.wav,7869940,e3095b99,OK,/volume1/主目录/Collection/素材&模板&音库/音效/01_商业音效包/Rock The Speakerbox - Broken/Designed/BROKEN - DESIGNED - BEAM Metal Collapse Element Medium 01.wav
Rock The Speakerbox - Broken.zip,Rock The Speakerbox - Broken/Designed/BROKEN - DESIGNED - BEAM Metal Collapse Element Medium 02.wav,9928378,e5c5adbc,OK,/volume1/主目录/Collection/素材&模板&音库/音效/01_商业音效包/Rock The Speakerbox - Broken/Designed/BROKEN - DESIGNED - BEAM Metal Collapse Element Medium 02.wav
Rock The Speakerbox - Broken.zip,Rock The Speakerbox - Broken/Designed/BROKEN - DESIGNED - BEAM Metal Collapse Element Medium 03.wav,6197908,88dea6cb,OK,/volume1/主目录/Collection/素材&模板&音库/音效/01_商业音效包/Rock The Speakerbox - Broken/Designed/BROKEN - DESIGNED - BEAM Metal Collapse Element Medium 03.wav
Rock The Speakerbox - Broken.zip,Rock The Speakerbox - Broken/Designed/BROKEN - DESIGNED - BEAM Metal Stress Distant 01.wav,18242622,488aa5df,OK,/volume1/主目录/Collection/素材&模板&音库/音效/01_商业音效包/Rock The Speakerbox - Broken/Designed/BROKEN - DESIGNED - BEAM Metal Stress Distant 01.wav
Rock The Speakerbox - Broken.zip,Rock The Speakerbox - Broken/Designed/BROKEN - DESIGNED - BEAM Metal Stress Distant 02.wav,16091094,db2afee6,OK,/volume1/主目录/Collection/素材&模板&音库/音效/01_商业音效包/Rock The Speakerbox - Broken/Designed/BROKEN - DESIGNED - BEAM Metal Stress Distant 02.wav
Rock The Speakerbox - Broken.zip,Rock The Speakerbox - Broken/Designed/BROKEN - DESIGNED - BEAM Metal Stress Distant 03.wav,23148258,7b86b893,OK,/volume1/主目录/Collection/素材&模板&音库/音效/01_商业音效包/Rock The Speakerbox - Broken/Designed/BROKEN - DESIGNED - BEAM Metal Stress Distant 03.wav
Rock The Speakerbox - Broken.zip,Rock The Speakerbox - Broken/Designed/BROKEN - DESIGNED - BEAM Metal Stress Distant 04.wav,19797894,06dcf1eb,OK,/volume1/主目录/Collection/素材&模板&音库/音效/01_商业音效包/Rock The Speakerbox - Broken/Designed/BROKEN - DESIGNED - BEAM Metal Stress Distant 04.wav
Rock The Speakerbox - Broken.zip,Rock The Speakerbox - Broken/Designed/BROKEN - DESIGNED - BEAM Metal Stress Screech Wet 01.wav,10495654,4015f898,OK,/volume1/主目录/Collection/素材&模板&音库/音效/01_商业音效包/Rock The Speakerbox - Broken/Designed/BROKEN - DESIGNED - BEAM Metal Stress Screech Wet 01.wav
Rock The Speakerbox - Broken.zip,Rock The Speakerbox - Broken/Designed/BROKEN - DESIGNED - BEAM Metal Stress Screech Wet 02.wav,13982476,8409cd2d,OK,/volume1/主目录/Collection/素材&模板&音库/音效/01_商业音效包/Rock The Speakerbox - Broken/Designed/BROKEN - DESIGNED - BEAM Metal Stress Screech Wet 02.wav
Rock The Speakerbox - Broken.zip,Rock The Speakerbox - Broken/Designed/BROKEN - DESIGNED - BEAM Metal Stress Wail Wet 01.wav,14609808,d9b95338,OK,/volume1/主目录/Collection/素材&模板&音库/音效/01_商业音效包/Rock The Speakerbox - Broken/Designed/BROKEN - DESIGNED - BEAM Metal Stress Wail Wet 01.wav
Rock The Speakerbox - Broken.zip,Rock The Speakerbox - Broken/Designed/BROKEN - DESIGNED - BEAM Metal Stress Wail Wet 02.wav,17193480,81446f35,OK,/volume1/主目录/Collection/素材&模板&音库/音效/01_商业音效包/Rock The Speakerbox - Broken/Designed/BROKEN - DESIGNED - BEAM Metal Stress Wail Wet 02.wav
Rock The Speakerbox - Broken.zip,Rock The Speakerbox - Broken/Designed/BROKEN - DESIGNED - BEAM Metal Stress Wail Wet 03.wav,14332680,86cb7460,OK,/volume1/主目录/Collection/素材&模板&音库/音效/01_商业音效包/Rock The Speakerbox - Broken/Designed/BROKEN - DESIGNED - BEAM Metal Stress Wail Wet 03.wav
Rock The Speakerbox - Broken.zip,Rock The Speakerbox - Broken/Designed/BROKEN - DESIGNED - BEAM Metal Stress Wail Wet 04.wav,19651120,31c07608,OK,/volume1/主目录/Collection/素材&模板&音库/音效/01_商业音效包/Rock The Speakerbox - Broken/Designed/BROKEN - DESIGNED - BEAM Metal Stress Wail Wet 04.wav
Rock The Speakerbox - Broken.zip,Rock The Speakerbox - Broken/Designed/BROKEN - DESIGNED - BEAM Metal Stress Wail Wet 05.wav,14844666,adcc5695,OK,/volume1/主目录/Collection/素材&模板&音库/音效/01_商业音效包/Rock The Speakerbox - Broken/Designed/BROKEN - DESIGNED - BEAM Metal Stress Wail Wet 05.wav
Rock The Speakerbox - Broken.zip,Rock The Speakerbox - Broken/Designed/BROKEN - DESIGNED - BEAM Metal Stress Wail Wet 06.wav,14075844,c8a49794,OK,/volume1/主目录/Collection/素材&模板&音库/音效/01_商业音效包/Rock The Speakerbox - Broken/Designed/BROKEN - DESIGNED - BEAM Metal Stress Wail Wet 06.wav
Rock The Speakerbox - Broken.zip,Rock The Speakerbox - Broken/Designed/BROKEN - DESIGNED - BEAM Metal Stress Wail Wet 07.wav,11151030,61fdbc0c,OK,/volume1/主目录/Collection/素材&模板&音库/音效/01_商业音效包/Rock The Speakerbox - Broken/Designed/BROKEN - DESIGNED - BEAM Metal Stress Wail Wet 07.wav
Rock The Speakerbox - Broken.zip,Rock The Speakerbox - Broken/Designed/BROKEN - DESIGNED - BEAM Metal Stress Wail Wet 08.wav,27837586,b7af3f67,OK,/volume1/主目录/Collection/素材&模板&音库/音效/01_商业音效包/Rock The Speakerbox - Broken/Designed/BROKEN - DESIGNED - BEAM Metal Stress Wail Wet 08.wav
Rock The Speakerbox - Broken.zip,Rock The Speakerbox - Broken/Designed/BROKEN - DESIGNED - BEAM Metal Stress Wail Wet Pitched 01.wav,19605738,256567c7,OK,/volume1/主目录/Collection/素材&模板&音库/音效/01_商业音效包/Rock The Speakerbox - Broken/Designed/BROKEN - DESIGNED - BEAM Metal Stress Wail Wet Pitched 01.wav
Rock The Speakerbox - Broken.zip,Rock The Speakerbox - Broken/Designed/BROKEN - DESIGNED - BEAM Metal Stress Wail Wet Pitched 02.wav,23496118,f4198438,OK,/volume1/主目录/Collection/素材&模板&音库/音效/01_商业音效包/Rock The Speakerbox - Broken/Designed/BROKEN - DESIGNED - BEAM Metal Stress Wail Wet Pitched 02.wav
Rock The Speakerbox - Broken.zip,Rock The Speakerbox - Broken/Designed/BROKEN - DESIGNED - BEAM Metal Stress Wail Wet Pitched 03.wav,18240516,028f3556,OK,/volume1/主目录/Collection/素材&模板&音库/音效/01_商业音效包/Rock The Speakerbox - Broken/Designed/BROKEN - DESIGNED - BEAM Metal Stress Wail Wet Pitched 03.wav
Rock The Speakerbox - Broken.zip,Rock The Speakerbox - Broken/Designed/BROKEN - DESIGNED - BEAM Metal Stress Wail Wet Pitched 04.wav,14964888,127b7e5e,OK,/volume1/主目录/Collection/素材&模板&音库/音效/01_商业音效包/Rock The Speakerbox - Broken/Designed/BROKEN - DESIGNED - BEAM Metal Stress Wail Wet Pitched 04.wav
Rock The Speakerbox - Broken.zip,Rock The Speakerbox - Broken/Designed/BROKEN - DESIGNED - BEAM Metal Stress Wail Wet Pitched 05.wav,19317022,e547e5a6,OK,/volume1/主目录/Collection/素材&模板&音库/音效/01_商业音效包/Rock The Speakerbox - Broken/Designed/BROKEN - DESIGNED - BEAM Metal Stress Wail Wet Pitched 05.wav
Rock The Speakerbox - Broken.zip,Rock The Speakerbox - Broken/Designed/BROKEN - DESIGNED - BEAM Metal Stress Wail Wet Pitched 06.wav,17290278,70db1bc0,OK,/volume1/主目录/Collection/素材&模板&音库/音效/01_商业音效包/Rock The Speakerbox - Broken/Designed/BROKEN - DESIGNED - BEAM Metal Stress Wail Wet Pitched 06.wav
Rock The Speakerbox - Broken.zip,Rock The Speakerbox - Broken/Designed/BROKEN - DESIGNED - BEAM Metal Stress Wail Wet Pitched 07.wav,14284230,f82ece5c,OK,/volume1/主目录/Collection/素材&模板&音库/音效/01_商业音效包/Rock The Speakerbox - Broken/Designed/BROKEN - DESIGNED - BEAM Metal Stress Wail Wet Pitched 07.wav
Rock The Speakerbox - Broken.zip,Rock The Speakerbox - Broken/Designed/BROKEN - DESIGNED - BEAM Metal Stress Wail Wet Pitched 08.wav,14179674,704d80f4,OK,/volume1/主目录/Collection/素材&模板&音库/音效/01_商业音效包/Rock The Speakerbox - Broken/Designed/BROKEN - DESIGNED - BEAM Metal Stress Wail Wet Pitched 08.wav
Rock The Speakerbox - Broken.zip,Rock The Speakerbox - Broken/Designed/BROKEN - DESIGNED - BOULDER Stone Drop Heavy 01.wav,10280440,343ac51b,OK,/volume1/主目录/Collection/素材&模板&音库/音效/01_商业音效包/Rock The Speakerbox - Broken/Designed/BROKEN - DESIGNED - BOULDER Stone Drop Heavy 01.wav
Rock The Speakerbox - Broken.zip,Rock The Speakerbox - Broken/Designed/BROKEN - DESIGNED - BOULDER Stone Drop Heavy 02.wav,10479074,a3cab1d0,OK,/volume1/主目录/Collection/素材&模板&音库/音效/01_商业音效包/Rock The Speakerbox - Broken/Designed/BROKEN - DESIGNED - BOULDER Stone Drop Heavy 02.wav
Rock The Speakerbox - Broken.zip,Rock The Speakerbox - Broken/Designed/BROKEN - DESIGNED - BOULDER Stone Drop Heavy 03.wav,11017558,162d63c9,OK,/volume1/主目录/Collection/素材&模板&音库/音效/01_商业音效包/Rock The Speakerbox - Broken/Designed/BROKEN - DESIGNED - BOULDER Stone Drop Heavy 03.wav
Rock The Speakerbox - Broken.zip,Rock The Speakerbox - Broken/Designed/BROKEN - DESIGNED - BOULDER Stone Drop Medium 01.wav,10982994,a1cfaef8,OK,/volume1/主目录/Collection/素材&模板&音库/音效/01_商业音效包/Rock The Speakerbox - Broken/Designed/BROKEN - DESIGNED - BOULDER Stone Drop Medium 01.wav
Rock The Speakerbox - Broken.zip,Rock The Speakerbox - Broken/Designed/BROKEN - DESIGNED - BOULDER Stone Drop Medium 02.wav,9971544,19f1c480,OK,/volume1/主目录/Collection/素材&模板&音库/音效/01_商业音效包/Rock The Speakerbox - Broken/Designed/BROKEN - DESIGNED - BOULDER Stone Drop Medium 02.wav
Rock The Speakerbox - Broken.zip,Rock The Speakerbox - Broken/Designed/BROKEN - DESIGNED - BOULDER Stone Drop On Rocks 01.wav,7413792,ff6cd5ca,OK,/volume1/主目录/Collection/素材&模板&音库/音效/01_商业音效包/Rock The Speakerbox - Broken/Designed/BROKEN - DESIGNED - BOULDER Stone Drop On Rocks 01.wav
Rock The Speakerbox - Broken.zip,Rock The Speakerbox - Broken/Designed/BROKEN - DESIGNED - BOULDER Stone Drop On Rocks 02.wav,7231608,22876e6c,OK,/volume1/主目录/Collection/素材&模板&音库/音效/01_商业音效包/Rock The Speakerbox - Broken/Designed/BROKEN - DESIGNED - BOULDER Stone Drop On Rocks 02.wav
Rock The Speakerbox - Broken.zip,Rock The Speakerbox - Broken/Designed/BROKEN - DESIGNED - BOULDER Stone Drop On Rocks 03.wav,9305376,c5b86aa6,OK,/volume1/主目录/Collection/素材&模板&音库/音效/01_商业音效包/Rock The Speakerbox - Broken/Designed/BROKEN - DESIGNED - BOULDER Stone Drop On Rocks 03.wav
Rock The Speakerbox - Broken.zip,Rock The Speakerbox - Broken/Designed/BROKEN - DESIGNED - BOULDER Stone Drop On Rocks 04.wav,11047398,a5e350df,OK,/volume1/主目录/Collection/素材&模板&音库/音效/01_商业音效包/Rock The Speakerbox - Broken/Designed/BROKEN - DESIGNED - BOULDER Stone Drop On Rocks 04.wav
Rock The Speakerbox - Broken.zip,Rock The Speakerbox - Broken/Designed/BROKEN - DESIGNED - BOULDER Stone Rolling 01.wav,5485054,b25e166c,OK,/volume1/主目录/Collection/素材&模板&音库/音效/01_商业音效包/Rock The Speakerbox - Broken/Designed/BROKEN - DESIGNED - BOULDER Stone Rolling 01.wav
Rock The Speakerbox - Broken.zip,Rock The Speakerbox - Broken/Designed/BROKEN - DESIGNED - BOULDER Stone Rolling 02.wav,4005894,1f792d7a,OK,/volume1/主目录/Collection/素材&模板&音库/音效/01_商业音效包/Rock The Speakerbox - Broken/Designed/BROKEN - DESIGNED - BOULDER Stone Rolling 02.wav
Rock The Speakerbox - Broken.zip,Rock The Speakerbox - Broken/Designed/BROKEN - DESIGNED - BUILDING Collapse Medium.wav,24692406,2fb854ce,OK,/volume1/主目录/Collection/素材&模板&音库/音效/01_商业音效包/Rock The Speakerbox - Broken/Designed/BROKEN - DESIGNED - BUILDING Collapse Medium.wav
Rock The Speakerbox - Broken.zip,Rock The Speakerbox - Broken/Designed/BROKEN - DESIGNED - BUILDING Demolition Distant.wav,21919038,dc970aef,OK,/volume1/主目录/Collection/素材&模板&音库/音效/01_商业音效包/Rock The Speakerbox - Broken/Designed/BROKEN - DESIGNED - BUILDING Demolition Distant.wav
Rock The Speakerbox - Broken.zip,Rock The Speakerbox - Broken/Designed/BROKEN - DESIGNED - BUILDING Explosion Demolition.wav,16037338,91b1ef1e,OK,/volume1/主目录/Collection/素材&模板&音库/音效/01_商业音效包/Rock The Speakerbox - Broken/Designed/BROKEN - DESIGNED - BUILDING Explosion Demolition.wav
Rock The Speakerbox - Broken.zip,Rock The Speakerbox - Broken/Designed/BROKEN - DESIGNED - CAR CRASH Roll Over.wav,15099268,ee98df40,OK,/volume1/主目录/Collection/素材&模板&音库/音效/01_商业音效包/Rock The Speakerbox - Broken/Designed/BROKEN - DESIGNED - CAR CRASH Roll Over.wav
Rock The Speakerbox - Broken.zip,Rock The Speakerbox - Broken/Designed/BROKEN - DESIGNED - EARTH RIP Apart.wav,33327544,a9703c32,OK,/volume1/主目录/Collection/素材&模板&音库/音效/01_商业音效包/Rock The Speakerbox - Broken/Designed/BROKEN - DESIGNED - EARTH RIP Apart.wav
Rock The Speakerbox - Broken.zip,Rock The Speakerbox - Broken/Designed/BROKEN - DESIGNED - EARTHQUAKE Rumble LFE 01.wav,8875482,9eea7a2b,OK,/volume1/主目录/Collection/素材&模板&音库/音效/01_商业音效包/Rock The Speakerbox - Broken/Designed/BROKEN - DESIGNED - EARTHQUAKE Rumble LFE 01.wav
Rock The Speakerbox - Broken.zip,Rock The Speakerbox - Broken/Designed/BROKEN - DESIGNED - EARTHQUAKE Rumble LFE 02.wav,35502910,a91478d9,OK,/volume1/主目录/Collection/素材&模板&音库/音效/01_商业音效包/Rock The Speakerbox - Broken/Designed/BROKEN - DESIGNED - EARTHQUAKE Rumble LFE 02.wav
Rock The Speakerbox - Broken.zip,Rock The Speakerbox - Broken/Designed/BROKEN - DESIGNED - EARTHQUAKE Rumble LFE 03.wav,59819476,b7500be7,OK,/volume1/主目录/Collection/素材&模板&音库/音效/01_商业音效包/Rock The Speakerbox - Broken/Designed/BROKEN - DESIGNED - EARTHQUAKE Rumble LFE 03.wav
Rock The Speakerbox - Broken.zip,Rock The Speakerbox - Broken/Designed/BROKEN - DESIGNED - EARTHQUAKE Tremor Inside Building 01.wav,13254236,bf5259c1,OK,/volume1/主目录/Collection/素材&模板&音库/音效/01_商业音效包/Rock The Speakerbox - Broken/Designed/BROKEN - DESIGNED - EARTHQUAKE Tremor Inside Building 01.wav
Rock The Speakerbox - Broken.zip,Rock The Speakerbox - Broken/Designed/BROKEN - DESIGNED - EARTHQUAKE Tremor Inside Building 02.wav,16425618,eec79cb3,OK,/volume1/主目录/Collection/素材&模板&音库/音效/01_商业音效包/Rock The Speakerbox - Broken/Designed/BROKEN - DESIGNED - EARTHQUAKE Tremor Inside Building 02.wav
Rock The Speakerbox - Broken.zip,Rock The Speakerbox - Broken/Designed/BROKEN - DESIGNED - EARTHQUAKE Tremor Inside Building 03.wav,10970850,5649e5bb,OK,/volume1/主目录/Collection/素材&模板&音库/音效/01_商业音效包/Rock The Speakerbox - Broken/Designed/BROKEN - DESIGNED - EARTHQUAKE Tremor Inside Building 03.wav
Rock The Speakerbox - Broken.zip,Rock The Speakerbox - Broken/Designed/BROKEN - DESIGNED - EARTHQUAKE Tremor Inside Building 04.wav,10427666,60ca1c3c,OK,/volume1/主目录/Collection/素材&模板&音库/音效/01_商业音效包/Rock The Speakerbox - Broken/Designed/BROKEN - DESIGNED - EARTHQUAKE Tremor Inside Building 04.wav
Rock The Speakerbox - Broken.zip,Rock The Speakerbox - Broken/Designed/BROKEN - DESIGNED - EARTHQUAKE Tremor Inside Building 05.wav,13579830,6cb99b15,OK,/volume1/主目录/Collection/素材&模板&音库/音效/01_商业音效包/Rock The Speakerbox - Broken/Designed/BROKEN - DESIGNED - EARTHQUAKE Tremor Inside Building 05.wav
Rock The Speakerbox - Broken.zip,Rock The Speakerbox - Broken/Designed/BROKEN - DESIGNED - EARTHQUAKE Tremor Metal Element Inside Elevator Shaft 01.wav,20968328,c911a08d,OK,/volume1/主目录/Collection/素材&模板&音库/音效/01_商业音效包/Rock The Speakerbox - Broken/Designed/BROKEN - DESIGNED - EARTHQUAKE Tremor Metal Element Inside Elevator Shaft 01.wav
Rock The Speakerbox - Broken.zip,Rock The Speakerbox - Broken/Designed/BROKEN - DESIGNED - EARTHQUAKE Tremor Metal Element Inside Elevator Shaft 02.wav,16329188,b277a9a0,OK,/volume1/主目录/Collection/素材&模板&音库/音效/01_商业音效包/Rock The Speakerbox - Broken/Designed/BROKEN - DESIGNED - EARTHQUAKE Tremor Metal Element Inside Elevator Shaft 02.wav
Rock The Speakerbox - Broken.zip,Rock The Speakerbox - Broken/Designed/BROKEN - DESIGNED - EARTHQUAKE Tremor Metal Element Inside Elevator Shaft 03.wav,18667400,c1ee607a,OK,/volume1/主目录/Collection/素材&模板&音库/音效/01_商业音效包/Rock The Speakerbox - Broken/Designed/BROKEN - DESIGNED - EARTHQUAKE Tremor Metal Element Inside Elevator Shaft 03.wav
Rock The Speakerbox - Broken.zip,Rock The Speakerbox - Broken/Designed/BROKEN - DESIGNED - EARTHQUAKE Tremor Metal Element Inside Elevator Shaft 04.wav,14091164,2b88c382,OK,/volume1/主目录/Collection/素材&模板&音库/音效/01_商业音效包/Rock The Speakerbox - Broken/Designed/BROKEN - DESIGNED - EARTHQUAKE Tremor Metal Element Inside Elevator Shaft 04.wav
Rock The Speakerbox - Broken.zip,Rock The Speakerbox - Broken/Designed/BROKEN - DESIGNED - EARTHQUAKE Tremor Metal Element Inside Elevator Shaft 05.wav,16857812,247ae4cb,OK,/volume1/主目录/Collection/素材&模板&音库/音效/01_商业音效包/Rock The Speakerbox - Broken/Designed/BROKEN - DESIGNED - EARTHQUAKE Tremor Metal Element Inside Elevator Shaft 05.wav
Rock The Speakerbox - Broken.zip,Rock The Speakerbox - Broken/Designed/BROKEN - DESIGNED - EARTHQUAKE Tremor Metal Element Inside Elevator Shaft 06.wav,21156626,81d9e65c,OK,/volume1/主目录/Collection/素材&模板&音库/音效/01_商业音效包/Rock The Speakerbox - Broken/Designed/BROKEN - DESIGNED - EARTHQUAKE Tremor Metal Element Inside Elevator Shaft 06.wav
Rock The Speakerbox - Broken.zip,Rock The Speakerbox - Broken/Designed/BROKEN - DESIGNED - ELEVATOR Mineshaft Descent.wav,15718592,da5b5d90,OK,/volume1/主目录/Collection/素材&模板&音库/音效/01_商业音效包/Rock The Speakerbox - Broken/Designed/BROKEN - DESIGNED - ELEVATOR Mineshaft Descent.wav
Rock The Speakerbox - Broken.zip,Rock The Speakerbox - Broken/Designed/BROKEN - DESIGNED - GHOST SHIP Metal Stress Groan 01.wav,16993170,fd9f28a8,OK,/volume1/主目录/Collection/素材&模板&音库/音效/01_商业音效包/Rock The Speakerbox - Broken/Designed/BROKEN - DESIGNED - GHOST SHIP Metal Stress Groan 01.wav
Rock The Speakerbox - Broken.zip,Rock The Speakerbox - Broken/Designed/BROKEN - DESIGNED - GHOST SHIP Metal Stress Groan 02.wav,18342894,7d858eb6,OK,/volume1/主目录/Collection/素材&模板&音库/音效/01_商业音效包/Rock The Speakerbox - Broken/Designed/BROKEN - DESIGNED - GHOST SHIP Metal Stress Groan 02.wav
Rock The Speakerbox - Broken.zip,Rock The Speakerbox - Broken/Designed/BROKEN - DESIGNED - GHOST SHIP Metal Stress Groan 03.wav,15544198,cabc818f,OK,/volume1/主目录/Collection/素材&模板&音库/音效/01_商业音效包/Rock The Speakerbox - Broken/Designed/BROKEN - DESIGNED - GHOST SHIP Metal Stress Groan 03.wav
Rock The Speakerbox - Broken.zip,Rock The Speakerbox - Broken/Designed/BROKEN - DESIGNED - GHOST SHIP Metal Stress Groan 04.wav,10756086,9c79f390,OK,/volume1/主目录/Collection/素材&模板&音库/音效/01_商业音效包/Rock The Speakerbox - Broken/Designed/BROKEN - DESIGNED - GHOST SHIP Metal Stress Groan 04.wav
Rock The Speakerbox - Broken.zip,Rock The Speakerbox - Broken/Designed/BROKEN - DESIGNED - GHOST SHIP Metal Stress Groan Long 01.wav,16032574,383d6847,OK,/volume1/主目录/Collection/素材&模板&音库/音效/01_商业音效包/Rock The Speakerbox - Broken/Designed/BROKEN - DESIGNED - GHOST SHIP Metal Stress Groan Long 01.wav
Rock The Speakerbox - Broken.zip,Rock The Speakerbox - Broken/Designed/BROKEN - DESIGNED - GHOST SHIP Metal Stress Groan Long 02.wav,17141932,bf3cef45,OK,/volume1/主目录/Collection/素材&模板&音库/音效/01_商业音效包/Rock The Speakerbox - Broken/Designed/BROKEN - DESIGNED - GHOST SHIP Metal Stress Groan Long 02.wav
Rock The Speakerbox - Broken.zip,Rock The Speakerbox - Broken/Designed/BROKEN - DESIGNED - GHOST SHIP Metal Stress Groan Long 03.wav,16984942,ab0ab82a,OK,/volume1/主目录/Collection/素材&模板&音库/音效/01_商业音效包/Rock The Speakerbox - Broken/Designed/BROKEN - DESIGNED - GHOST SHIP Metal Stress Groan Long 03.wav
Rock The Speakerbox - Broken.zip,Rock The Speakerbox - Broken/Designed/BROKEN - DESIGNED - GLACIER ICE Stress Movement 01.wav,12413880,9601c39d,OK,/volume1/主目录/Collection/素材&模板&音库/音效/01_商业音效包/Rock The Speakerbox - Broken/Designed/BROKEN - DESIGNED - GLACIER ICE Stress Movement 01.wav
Rock The Speakerbox - Broken.zip,Rock The Speakerbox - Broken/Designed/BROKEN - DESIGNED - GLACIER ICE Stress Movement 02.wav,15536290,dbeed8e2,OK,/volume1/主目录/Collection/素材&模板&音库/音效/01_商业音效包/Rock The Speakerbox - Broken/Designed/BROKEN - DESIGNED - GLACIER ICE Stress Movement 02.wav
Rock The Speakerbox - Broken.zip,Rock The Speakerbox - Broken/Designed/BROKEN - DESIGNED - GLACIER ICE Stress Movement 03.wav,12769062,320583da,OK,/volume1/主目录/Collection/素材&模板&音库/音效/01_商业音效包/Rock The Speakerbox - Broken/Designed/BROKEN - DESIGNED - GLACIER ICE Stress Movement 03.wav
Rock The Speakerbox - Broken.zip,Rock The Speakerbox - Broken/Designed/BROKEN - DESIGNED - ICE Stress light.wav,24442660,6955bd11,OK,/volume1/主目录/Collection/素材&模板&音库/音效/01_商业音效包/Rock The Speakerbox - Broken/Designed/BROKEN - DESIGNED - ICE Stress light.wav
Rock The Speakerbox - Broken.zip,Rock The Speakerbox - Broken/Designed/BROKEN - DESIGNED - LFE HIT Hollow 01.wav,8278740,e36b018b,OK,/volume1/主目录/Collection/素材&模板&音库/音效/01_商业音效包/Rock The Speakerbox - Broken/Designed/BROKEN - DESIGNED - LFE HIT Hollow 01.wav
Rock The Speakerbox - Broken.zip,Rock The Speakerbox - Broken/Designed/BROKEN - DESIGNED - LFE HIT Hollow 02.wav,8835744,82037589,OK,/volume1/主目录/Collection/素材&模板&音库/音效/01_商业音效包/Rock The Speakerbox - Broken/Designed/BROKEN - DESIGNED - LFE HIT Hollow 02.wav
Rock The Speakerbox - Broken.zip,Rock The Speakerbox - Broken/Designed/BROKEN - DESIGNED - LFE HIT Hollow 03.wav,8841888,532faa46,OK,/volume1/主目录/Collection/素材&模板&音库/音效/01_商业音效包/Rock The Speakerbox - Broken/Designed/BROKEN - DESIGNED - LFE HIT Hollow 03.wav
Rock The Speakerbox - Broken.zip,Rock The Speakerbox - Broken/Designed/BROKEN - DESIGNED - LFE HIT Hollow 04.wav,8917152,b4ed1569,OK,/volume1/主目录/Collection/素材&模板&音库/音效/01_商业音效包/Rock The Speakerbox - Broken/Designed/BROKEN - DESIGNED - LFE HIT Hollow 04.wav
Rock The Speakerbox - Broken.zip,Rock The Speakerbox - Broken/Designed/BROKEN - DESIGNED - LFE HIT Hollow 05.wav,8829600,0a7bfa30,OK,/volume1/主目录/Collection/素材&模板&音库/音效/01_商业音效包/Rock The Speakerbox - Broken/Designed/BROKEN - DESIGNED - LFE HIT Hollow 05.wav
Rock The Speakerbox - Broken.zip,Rock The Speakerbox - Broken/Designed/BROKEN - DESIGNED - LFE HIT Hollow 06.wav,8794272,a3cc9272,OK,/volume1/主目录/Collection/素材&模板&音库/音效/01_商业音效包/Rock The Speakerbox - Broken/Designed/BROKEN - DESIGNED - LFE HIT Hollow 06.wav
Rock The Speakerbox - Broken.zip,Rock The Speakerbox - Broken/Designed/BROKEN - DESIGNED - LFE HIT Hollow 07.wav,8255178,44b29cb4,OK,/volume1/主目录/Collection/素材&模板&音库/音效/01_商业音效包/Rock The Speakerbox - Broken/Designed/BROKEN - DESIGNED - LFE HIT Hollow 07.wav
Rock The Speakerbox - Broken.zip,Rock The Speakerbox - Broken/Designed/BROKEN - DESIGNED - LFE HIT Hollow 08.wav,8258244,db5579c4,OK,/volume1/主目录/Collection/素材&模板&音库/音效/01_商业音效包/Rock The Speakerbox - Broken/Designed/BROKEN - DESIGNED - LFE HIT Hollow 08.wav
Rock The Speakerbox - Broken.zip,Rock The Speakerbox - Broken/Designed/BROKEN - DESIGNED - LFE HIT Hollow 09.wav,8625312,e5d78e60,OK,/volume1/主目录/Collection/素材&模板&音库/音效/01_商业音效包/Rock The Speakerbox - Broken/Designed/BROKEN - DESIGNED - LFE HIT Hollow 09.wav
Rock The Speakerbox - Broken.zip,Rock The Speakerbox - Broken/Designed/BROKEN - DESIGNED - LFE HIT Hollow 10.wav,8889504,5e090cec,OK,/volume1/主目录/Collection/素材&模板&音库/音效/01_商业音效包/Rock The Speakerbox - Broken/Designed/BROKEN - DESIGNED - LFE HIT Hollow 10.wav
Rock The Speakerbox - Broken.zip,Rock The Speakerbox - Broken/Designed/BROKEN - DESIGNED - LFE HIT Hollow 11.wav,8814240,d854aba6,OK,/volume1/主目录/Collection/素材&模板&音库/音效/01_商业音效包/Rock The Speakerbox - Broken/Designed/BROKEN - DESIGNED - LFE HIT Hollow 11.wav
Rock The Speakerbox - Broken.zip,Rock The Speakerbox - Broken/Designed/BROKEN - DESIGNED - LFE HIT Hollow 12.wav,8789664,36bde503,OK,/volume1/主目录/Collection/素材&模板&音库/音效/01_商业音效包/Rock The Speakerbox - Broken/Designed/BROKEN - DESIGNED - LFE HIT Hollow 12.wav
Rock The Speakerbox - Broken.zip,Rock The Speakerbox - Broken/Designed/BROKEN - DESIGNED - LFE HIT Hollow 13.wav,8866464,56602c29,OK,/volume1/主目录/Collection/素材&模板&音库/音效/01_商业音效包/Rock The Speakerbox - Broken/Designed/BROKEN - DESIGNED - LFE HIT Hollow 13.wav
Rock The Speakerbox - Broken.zip,Rock The Speakerbox - Broken/Designed/BROKEN - DESIGNED - LFE HIT Hollow 14.wav,8868000,0f6f6f5f,OK,/volume1/主目录/Collection/素材&模板&音库/音效/01_商业音效包/Rock The Speakerbox - Broken/Designed/BROKEN - DESIGNED - LFE HIT Hollow 14.wav
Rock The Speakerbox - Broken.zip,Rock The Speakerbox - Broken/Designed/BROKEN - DESIGNED - LFE HIT Hollow 15.wav,9047712,e51ffee1,OK,/volume1/主目录/Collection/素材&模板&音库/音效/01_商业音效包/Rock The Speakerbox - Broken/Designed/BROKEN - DESIGNED - LFE HIT Hollow 15.wav
Rock The Speakerbox - Broken.zip,Rock The Speakerbox - Broken/Designed/BROKEN - DESIGNED - LFE HIT Hollow 16.wav,8414450,35980df3,OK,/volume1/主目录/Collection/素材&模板&音库/音效/01_商业音效包/Rock The Speakerbox - Broken/Designed/BROKEN - DESIGNED - LFE HIT Hollow 16.wav
Rock The Speakerbox - Broken.zip,Rock The Speakerbox - Broken/Designed/BROKEN - DESIGNED - METAL Collapse Element Distant Rumble 01.wav,13602884,17ea1e1d,OK,/volume1/主目录/Collection/素材&模板&音库/音效/01_商业音效包/Rock The Speakerbox - Broken/Designed/BROKEN - DESIGNED - METAL Collapse Element Distant Rumble 01.wav
Rock The Speakerbox - Broken.zip,Rock The Speakerbox - Broken/Designed/BROKEN - DESIGNED - METAL Collapse Element Distant Rumble 02.wav,9359564,068a2dd9,OK,/volume1/主目录/Collection/素材&模板&音库/音效/01_商业音效包/Rock The Speakerbox - Broken/Designed/BROKEN - DESIGNED - METAL Collapse Element Distant Rumble 02.wav
Rock The Speakerbox - Broken.zip,Rock The Speakerbox - Broken/Designed/BROKEN - DESIGNED - METAL Collapse Element Long 01.wav,14237678,46a3e973,OK,/volume1/主目录/Collection/素材&模板&音库/音效/01_商业音效包/Rock The Speakerbox - Broken/Designed/BROKEN - DESIGNED - METAL Collapse Element Long 01.wav
Rock The Speakerbox - Broken.zip,Rock The Speakerbox - Broken/Designed/BROKEN - DESIGNED - METAL Collapse Element Long 02.wav,9983834,abb0286f,OK,/volume1/主目录/Collection/素材&模板&音库/音效/01_商业音效包/Rock The Speakerbox - Broken/Designed/BROKEN - DESIGNED - METAL Collapse Element Long 02.wav
Rock The Speakerbox - Broken.zip,Rock The Speakerbox - Broken/Designed/BROKEN - DESIGNED - METAL Collapse Element Long 03.wav,14698898,8e749e7f,OK,/volume1/主目录/Collection/素材&模板&音库/音效/01_商业音效包/Rock The Speakerbox - Broken/Designed/BROKEN - DESIGNED - METAL Collapse Element Long 03.wav
Rock The Speakerbox - Broken.zip,Rock The Speakerbox - Broken/Designed/BROKEN - DESIGNED - METAL Collapse Element Medium.wav,16403082,7d235a76,OK,/volume1/主目录/Collection/素材&模板&音库/音效/01_商业音效包/Rock The Speakerbox - Broken/Designed/BROKEN - DESIGNED - METAL Collapse Element Medium.wav
Rock The Speakerbox - Broken.zip,Rock The Speakerbox - Broken/Designed/BROKEN - DESIGNED - METAL Collapse Element Short.wav,13232194,6e49316b,OK,/volume1/主目录/Collection/素材&模板&音库/音效/01_商业音效包/Rock The Speakerbox - Broken/Designed/BROKEN - DESIGNED - METAL Collapse Element Short.wav
Rock The Speakerbox - Broken.zip,Rock The Speakerbox - Broken/Designed/BROKEN - DESIGNED - METAL Collapse Movement Element 01.wav,32061878,b90bc182,OK,/volume1/主目录/Collection/素材&模板&音库/音效/01_商业音效包/Rock The Speakerbox - Broken/Designed/BROKEN - DESIGNED - METAL Collapse Movement Element 01.wav
Rock The Speakerbox - Broken.zip,Rock The Speakerbox - Broken/Designed/BROKEN - DESIGNED - METAL Collapse Movement Element 02.wav,31011584,319548d5,OK,/volume1/主目录/Collection/素材&模板&音库/音效/01_商业音效包/Rock The Speakerbox - Broken/Designed/BROKEN - DESIGNED - METAL Collapse Movement Element 02.wav
Rock The Speakerbox - Broken.zip,Rock The Speakerbox - Broken/Designed/BROKEN - DESIGNED - METAL Collapse Rumble Element.wav,8811296,8f8fa3ff,OK,/volume1/主目录/Collection/素材&模板&音库/音效/01_商业音效包/Rock The Speakerbox - Broken/Designed/BROKEN - DESIGNED - METAL Collapse Rumble Element.wav
Rock The Speakerbox - Broken.zip,Rock The Speakerbox - Broken/Designed/BROKEN - DESIGNED - METAL Collapse Rumble Settle Element.wav,19096490,20d8543f,OK,/volume1/主目录/Collection/素材&模板&音库/音效/01_商业音效包/Rock The Speakerbox - Broken/Designed/BROKEN - DESIGNED - METAL Collapse Rumble Settle Element.wav
Rock The Speakerbox - Broken.zip,Rock The Speakerbox - Broken/Designed/BROKEN - DESIGNED - METAL Deep Movement.wav,35435244,0f81c83c,OK,/volume1/主目录/Collection/素材&模板&音库/音效/01_商业音效包/Rock The Speakerbox - Broken/Designed/BROKEN - DESIGNED - METAL Deep Movement.wav
Rock The Speakerbox - Broken.zip,Rock The Speakerbox - Broken/Designed/BROKEN - DESIGNED - METAL HATCH Movement Distant.wav,6924232,9f8ed357,OK,/volume1/主目录/Collection/素材&模板&音库/音效/01_商业音效包/Rock The Speakerbox - Broken/Designed/BROKEN - DESIGNED - METAL HATCH Movement Distant.wav
Rock The Speakerbox - Broken.zip,Rock The Speakerbox - Broken/Designed/BROKEN - DESIGNED - METAL Hollow Hit 01.wav,15235562,9fa1a75d,OK,/volume1/主目录/Collection/素材&模板&音库/音效/01_商业音效包/Rock The Speakerbox - Broken/Designed/BROKEN - DESIGNED - METAL Hollow Hit 01.wav
Rock The Speakerbox - Broken.zip,Rock The Speakerbox - Broken/Designed/BROKEN - DESIGNED - METAL Hollow Hit 02.wav,10347098,c5e438b6,OK,/volume1/主目录/Collection/素材&模板&音库/音效/01_商业音效包/Rock The Speakerbox - Broken/Designed/BROKEN - DESIGNED - METAL Hollow Hit 02.wav
Rock The Speakerbox - Broken.zip,Rock The Speakerbox - Broken/Designed/BROKEN - DESIGNED - METAL Stress Groan Rattle 01.wav,18291464,a3076990,OK,/volume1/主目录/Collection/素材&模板&音库/音效/01_商业音效包/Rock The Speakerbox - Broken/Designed/BROKEN - DESIGNED - METAL Stress Groan Rattle 01.wav
Rock The Speakerbox - Broken.zip,Rock The Speakerbox - Broken/Designed/BROKEN - DESIGNED - METAL Stress Groan Rattle 02.wav,16506452,89d24e43,OK,/volume1/主目录/Collection/素材&模板&音库/音效/01_商业音效包/Rock The Speakerbox - Broken/Designed/BROKEN - DESIGNED - METAL Stress Groan Rattle 02.wav
Rock The Speakerbox - Broken.zip,Rock The Speakerbox - Broken/Designed/BROKEN - DESIGNED - METAL Stress Groan Rattle 03.wav,17599772,92b7d5f4,OK,/volume1/主目录/Collection/素材&模板&音库/音效/01_商业音效包/Rock The Speakerbox - Broken/Designed/BROKEN - DESIGNED - METAL Stress Groan Rattle 03.wav
Rock The Speakerbox - Broken.zip,Rock The Speakerbox - Broken/Designed/BROKEN - DESIGNED - METAL Stress Groan Rattle 04.wav,11532758,cc4f0659,OK,/volume1/主目录/Collection/素材&模板&音库/音效/01_商业音效包/Rock The Speakerbox - Broken/Designed/BROKEN - DESIGNED - METAL Stress Groan Rattle 04.wav
Rock The Speakerbox - Broken.zip,Rock The Speakerbox - Broken/Designed/BROKEN - DESIGNED - METAL Stress Groan Rattle Pitched 01.wav,16399388,20ec9d25,OK,/volume1/主目录/Collection/素材&模板&音库/音效/01_商业音效包/Rock The Speakerbox - Broken/Designed/BROKEN - DESIGNED - METAL Stress Groan Rattle Pitched 01.wav
Rock The Speakerbox - Broken.zip,Rock The Speakerbox - Broken/Designed/BROKEN - DESIGNED - METAL Stress Groan Rattle Pitched 02.wav,14955584,e294e667,OK,/volume1/主目录/Collection/素材&模板&音库/音效/01_商业音效包/Rock The Speakerbox - Broken/Designed/BROKEN - DESIGNED - METAL Stress Groan Rattle Pitched 02.wav
Rock The Speakerbox - Broken.zip,Rock The Speakerbox - Broken/Designed/BROKEN - DESIGNED - METAL Stress Groan Rattle Pitched 03.wav,13044254,df705b90,OK,/volume1/主目录/Collection/素材&模板&音库/音效/01_商业音效包/Rock The Speakerbox - Broken/Designed/BROKEN - DESIGNED - METAL Stress Groan Rattle Pitched 03.wav
Rock The Speakerbox - Broken.zip,Rock The Speakerbox - Broken/Designed/BROKEN - DESIGNED - METAL Stress Groan Rattle Pitched 04.wav,15438620,2eb55497,OK,/volume1/主目录/Collection/素材&模板&音库/音效/01_商业音效包/Rock The Speakerbox - Broken/Designed/BROKEN - DESIGNED - METAL Stress Groan Rattle Pitched 04.wav
Rock The Speakerbox - Broken.zip,Rock The Speakerbox - Broken/Designed/BROKEN - DESIGNED - METAL Stress Groan Rattle Pitched 05.wav,14954072,faf004a9,OK,/volume1/主目录/Collection/素材&模板&音库/音效/01_商业音效包/Rock The Speakerbox - Broken/Designed/BROKEN - DESIGNED - METAL Stress Groan Rattle Pitched 05.wav
Rock The Speakerbox - Broken.zip,Rock The Speakerbox - Broken/Designed/BROKEN - DESIGNED - METAL Stress Prying Huge.wav,11651150,2a4711f0,OK,/volume1/主目录/Collection/素材&模板&音库/音效/01_商业音效包/Rock The Speakerbox - Broken/Designed/BROKEN - DESIGNED - METAL Stress Prying Huge.wav
Rock The Speakerbox - Broken.zip,Rock The Speakerbox - Broken/Designed/BROKEN - DESIGNED - METAL Stress Prying Large.wav,13464740,5c82e7b4,OK,/volume1/主目录/Collection/素材&模板&音库/音效/01_商业音效包/Rock The Speakerbox - Broken/Designed/BROKEN - DESIGNED - METAL Stress Prying Large.wav
Rock The Speakerbox - Broken.zip,Rock The Speakerbox - Broken/Designed/BROKEN - DESIGNED - METAL Stress Wronk 01.wav,12081748,2b69f528,OK,/volume1/主目录/Collection/素材&模板&音库/音效/01_商业音效包/Rock The Speakerbox - Broken/Designed/BROKEN - DESIGNED - METAL Stress Wronk 01.wav
Rock The Speakerbox - Broken.zip,Rock The Speakerbox - Broken/Designed/BROKEN - DESIGNED - METAL Stress Wronk 02.wav,13950838,54ffd17a,OK,/volume1/主目录/Collection/素材&模板&音库/音效/01_商业音效包/Rock The Speakerbox - Broken/Designed/BROKEN - DESIGNED - METAL Stress Wronk 02.wav
Rock The Speakerbox - Broken.zip,Rock The Speakerbox - Broken/Designed/BROKEN - DESIGNED - MINE CART Metal Hit 01.wav,13695592,979e00f2,OK,/volume1/主目录/Collection/素材&模板&音库/音效/01_商业音效包/Rock The Speakerbox - Broken/Designed/BROKEN - DESIGNED - MINE CART Metal Hit 01.wav
Rock The Speakerbox - Broken.zip,Rock The Speakerbox - Broken/Designed/BROKEN - DESIGNED - MINE CART Metal Hit 02.wav,12144496,7dfdaf8a,OK,/volume1/主目录/Collection/素材&模板&音库/音效/01_商业音效包/Rock The Speakerbox - Broken/Designed/BROKEN - DESIGNED - MINE CART Metal Hit 02.wav
Rock The Speakerbox - Broken.zip,Rock The Speakerbox - Broken/Designed/BROKEN - DESIGNED - MINE CART Metal Hit 03.wav,21066646,e521f584,OK,/volume1/主目录/Collection/素材&模板&音库/音效/01_商业音效包/Rock The Speakerbox - Broken/Designed/BROKEN - DESIGNED - MINE CART Metal Hit 03.wav
Rock The Speakerbox - Broken.zip,Rock The Speakerbox - Broken/Designed/BROKEN - DESIGNED - MINE SHAFT Wood Metal Stress Extremely Long.wav,49165710,3ac5bc3b,OK,/volume1/主目录/Collection/素材&模板&音库/音效/01_商业音效包/Rock The Speakerbox - Broken/Designed/BROKEN - DESIGNED - MINE SHAFT Wood Metal Stress Extremely Long.wav
Rock The Speakerbox - Broken.zip,Rock The Speakerbox - Broken/Designed/BROKEN - DESIGNED - MINE SHAFT Wood Metal Stress Long 01.wav,11212418,45c56298,OK,/volume1/主目录/Collection/素材&模板&音库/音效/01_商业音效包/Rock The Speakerbox - Broken/Designed/BROKEN - DESIGNED - MINE SHAFT Wood Metal Stress Long 01.wav
Rock The Speakerbox - Broken.zip,Rock The Speakerbox - Broken/Designed/BROKEN - DESIGNED - MINE SHAFT Wood Metal Stress Long 02.wav,12911642,d85f33e7,OK,/volume1/主目录/Collection/素材&模板&音库/音效/01_商业音效包/Rock The Speakerbox - Broken/Designed/BROKEN - DESIGNED - MINE SHAFT Wood Metal Stress Long 02.wav
Rock The Speakerbox - Broken.zip,Rock The Speakerbox - Broken/Designed/BROKEN - DESIGNED - MINE SHAFT Wood Metal Stress Long 03.wav,10677164,4e6f5602,OK,/volume1/主目录/Collection/素材&模板&音库/音效/01_商业音效包/Rock The Speakerbox - Broken/Designed/BROKEN - DESIGNED - MINE SHAFT Wood Metal Stress Long 03.wav
Rock The Speakerbox - Broken.zip,Rock The Speakerbox - Broken/Designed/BROKEN - DESIGNED - MINE SHAFT Wood Metal Stress Long 04.wav,12182972,a6c34c80,OK,/volume1/主目录/Collection/素材&模板&音库/音效/01_商业音效包/Rock The Speakerbox - Broken/Designed/BROKEN - DESIGNED - MINE SHAFT Wood Metal Stress Long 04.wav
Rock The Speakerbox - Broken.zip,Rock The Speakerbox - Broken/Designed/BROKEN - DESIGNED - MINE SHAFT Wood Metal Stress Long 05.wav,10467800,1409e5a6,OK,/volume1/主目录/Collection/素材&模板&音库/音效/01_商业音效包/Rock The Speakerbox - Broken/Designed/BROKEN - DESIGNED - MINE SHAFT Wood Metal Stress Long 05.wav
Rock The Speakerbox - Broken.zip,Rock The Speakerbox - Broken/Designed/BROKEN - DESIGNED - MINE SHAFT Wood Metal Stress Medium 01.wav,18898518,040f8b79,OK,/volume1/主目录/Collection/素材&模板&音库/音效/01_商业音效包/Rock The Speakerbox - Broken/Designed/BROKEN - DESIGNED - MINE SHAFT Wood Metal Stress Medium 01.wav
Rock The Speakerbox - Broken.zip,Rock The Speakerbox - Broken/Designed/BROKEN - DESIGNED - MINE SHAFT Wood Metal Stress Medium 02.wav,19116162,8dc5e22e,OK,/volume1/主目录/Collection/素材&模板&音库/音效/01_商业音效包/Rock The Speakerbox - Broken/Designed/BROKEN - DESIGNED - MINE SHAFT Wood Metal Stress Medium 02.wav
Rock The Speakerbox - Broken.zip,Rock The Speakerbox - Broken/Designed/BROKEN - DESIGNED - MINE SHAFT Wood Metal Stress Medium 03.wav,24683856,5e995d68,OK,/volume1/主目录/Collection/素材&模板&音库/音效/01_商业音效包/Rock The Speakerbox - Broken/Designed/BROKEN - DESIGNED - MINE SHAFT Wood Metal Stress Medium 03.wav
Rock The Speakerbox - Broken.zip,Rock The Speakerbox - Broken/Designed/BROKEN - DESIGNED - MINE SHAFT Wood Metal Stress Shake Rattle Long 01.wav,12522626,58abdfd1,OK,/volume1/主目录/Collection/素材&模板&音库/音效/01_商业音效包/Rock The Speakerbox - Broken/Designed/BROKEN - DESIGNED - MINE SHAFT Wood Metal Stress Shake Rattle Long 01.wav
Rock The Speakerbox - Broken.zip,Rock The Speakerbox - Broken/Designed/BROKEN - DESIGNED - MINE SHAFT Wood Metal Stress Shake Rattle Long 02.wav,11732144,9d85dca5,OK,/volume1/主目录/Collection/素材&模板&音库/音效/01_商业音效包/Rock The Speakerbox - Broken/Designed/BROKEN - DESIGNED - MINE SHAFT Wood Metal Stress Shake Rattle Long 02.wav
Rock The Speakerbox - Broken.zip,Rock The Speakerbox - Broken/Designed/BROKEN - DESIGNED - MINE SHAFT Wood Metal Stress Shake Rattle Medium 01.wav,7593750,1fc660fd,OK,/volume1/主目录/Collection/素材&模板&音库/音效/01_商业音效包/Rock The Speakerbox - Broken/Designed/BROKEN - DESIGNED - MINE SHAFT Wood Metal Stress Shake Rattle Medium 01.wav
Rock The Speakerbox - Broken.zip,Rock The Speakerbox - Broken/Designed/BROKEN - DESIGNED - MINE SHAFT Wood Metal Stress Shake Rattle Medium 02.wav,6101938,5fa84e35,OK,/volume1/主目录/Collection/素材&模板&音库/音效/01_商业音效包/Rock The Speakerbox - Broken/Designed/BROKEN - DESIGNED - MINE SHAFT Wood Metal Stress Shake Rattle Medium 02.wav
Rock The Speakerbox - Broken.zip,Rock The Speakerbox - Broken/Designed/BROKEN - DESIGNED - MINE SHAFT Wood Metal Stress Short 01.wav,16801150,53d7abb7,OK,/volume1/主目录/Collection/素材&模板&音库/音效/01_商业音效包/Rock The Speakerbox - Broken/Designed/BROKEN - DESIGNED - MINE SHAFT Wood Metal Stress Short 01.wav
Rock The Speakerbox - Broken.zip,Rock The Speakerbox - Broken/Designed/BROKEN - DESIGNED - MINE SHAFT Wood Metal Stress Short 02.wav,16469464,8d073e60,OK,/volume1/主目录/Collection/素材&模板&音库/音效/01_商业音效包/Rock The Speakerbox - Broken/Designed/BROKEN - DESIGNED - MINE SHAFT Wood Metal Stress Short 02.wav
Rock The Speakerbox - Broken.zip,Rock The Speakerbox - Broken/Designed/BROKEN - DESIGNED - MINE SHAFT Wood Metal Stress Short 03.wav,23430298,58d91925,OK,/volume1/主目录/Collection/素材&模板&音库/音效/01_商业音效包/Rock The Speakerbox - Broken/Designed/BROKEN - DESIGNED - MINE SHAFT Wood Metal Stress Short 03.wav
Rock The Speakerbox - Broken.zip,Rock The Speakerbox - Broken/Designed/BROKEN - DESIGNED - MINE SHAFT Wood Metal Stress Very Long 01.wav,15546606,c85528f6,OK,/volume1/主目录/Collection/素材&模板&音库/音效/01_商业音效包/Rock The Speakerbox - Broken/Designed/BROKEN - DESIGNED - MINE SHAFT Wood Metal Stress Very Long 01.wav
Rock The Speakerbox - Broken.zip,Rock The Speakerbox - Broken/Designed/BROKEN - DESIGNED - MINE SHAFT Wood Metal Stress Very Long 02.wav,14148834,e1cbc8c4,OK,/volume1/主目录/Collection/素材&模板&音库/音效/01_商业音效包/Rock The Speakerbox - Broken/Designed/BROKEN - DESIGNED - MINE SHAFT Wood Metal Stress Very Long 02.wav
Rock The Speakerbox - Broken.zip,Rock The Speakerbox - Broken/Designed/BROKEN - DESIGNED - MINE SHAFT Wood Metal Stress Very Long 03.wav,13540422,703e1000,OK,/volume1/主目录/Collection/素材&模板&音库/音效/01_商业音效包/Rock The Speakerbox - Broken/Designed/BROKEN - DESIGNED - MINE SHAFT Wood Metal Stress Very Long 03.wav
Rock The Speakerbox - Broken.zip,Rock The Speakerbox - Broken/Designed/BROKEN - DESIGNED - MINE SHAFT Wood Metal Stress Very Long 04.wav,14561388,0ae11fe1,OK,/volume1/主目录/Collection/素材&模板&音库/音效/01_商业音效包/Rock The Speakerbox - Broken/Designed/BROKEN - DESIGNED - MINE SHAFT Wood Metal Stress Very Long 04.wav
Rock The Speakerbox - Broken.zip,Rock The Speakerbox - Broken/Designed/BROKEN - DESIGNED - MINE SHAFT Wood Metal Stress Very Long 05.wav,12793206,7e35f54d,OK,/volume1/主目录/Collection/素材&模板&音库/音效/01_商业音效包/Rock The Speakerbox - Broken/Designed/BROKEN - DESIGNED - MINE SHAFT Wood Metal Stress Very Long 05.wav
Rock The Speakerbox - Broken.zip,Rock The Speakerbox - Broken/Designed/BROKEN - DESIGNED - MINE SHAFT Wood Metal Stress Very Long 06.wav,14944590,2e49e7e5,OK,/volume1/主目录/Collection/素材&模板&音库/音效/01_商业音效包/Rock The Speakerbox - Broken/Designed/BROKEN - DESIGNED - MINE SHAFT Wood Metal Stress Very Long 06.wav
Rock The Speakerbox - Broken.zip,Rock The Speakerbox - Broken/Designed/BROKEN - DESIGNED - MINE SHAFT Wood Metal Stress Very Long 07.wav,14388030,32b0ba99,OK,/volume1/主目录/Collection/素材&模板&音库/音效/01_商业音效包/Rock The Speakerbox - Broken/Designed/BROKEN - DESIGNED - MINE SHAFT Wood Metal Stress Very Long 07.wav
Rock The Speakerbox - Broken.zip,Rock The Speakerbox - Broken/Designed/BROKEN - DESIGNED - MINE SHAFT Wood Metal Stress Very Very Long 01.wav,18059494,c6ae4bde,OK,/volume1/主目录/Collection/素材&模板&音库/音效/01_商业音效包/Rock The Speakerbox - Broken/Designed/BROKEN - DESIGNED - MINE SHAFT Wood Metal Stress Very Very Long 01.wav
Rock The Speakerbox - Broken.zip,Rock The Speakerbox - Broken/Designed/BROKEN - DESIGNED - MINE SHAFT Wood Metal Stress Very Very Long 02.wav,20983714,0724a252,OK,/volume1/主目录/Collection/素材&模板&音库/音效/01_商业音效包/Rock The Speakerbox - Broken/Designed/BROKEN - DESIGNED - MINE SHAFT Wood Metal Stress Very Very Long 02.wav
Rock The Speakerbox - Broken.zip,Rock The Speakerbox - Broken/Designed/BROKEN - DESIGNED - MINE SHAFT Wood Metal Stress Very Very Long 03.wav,19148194,a1f61ca3,OK,/volume1/主目录/Collection/素材&模板&音库/音效/01_商业音效包/Rock The Speakerbox - Broken/Designed/BROKEN - DESIGNED - MINE SHAFT Wood Metal Stress Very Very Long 03.wav
Rock The Speakerbox - Broken.zip,Rock The Speakerbox - Broken/Designed/BROKEN - DESIGNED - STONE Rock Crush.wav,14278986,d3ee67a4,OK,/volume1/主目录/Collection/素材&模板&音库/音效/01_商业音效包/Rock The Speakerbox - Broken/Designed/BROKEN - DESIGNED - STONE Rock Crush.wav
Rock The Speakerbox - Broken.zip,Rock The Speakerbox - Broken/Designed/BROKEN - DESIGNED - STONE Rock Grind.wav,12994014,6bb0fe43,OK,/volume1/主目录/Collection/素材&模板&音库/音效/01_商业音效包/Rock The Speakerbox - Broken/Designed/BROKEN - DESIGNED - STONE Rock Grind.wav
Rock The Speakerbox - Broken.zip,Rock The Speakerbox - Broken/Designed/BROKEN - DESIGNED - STONE Rock Stress Rip Element Large 01.wav,12310232,b084b705,OK,/volume1/主目录/Collection/素材&模板&音库/音效/01_商业音效包/Rock The Speakerbox - Broken/Designed/BROKEN - DESIGNED - STONE Rock Stress Rip Element Large 01.wav
Rock The Speakerbox - Broken.zip,Rock The Speakerbox - Broken/Designed/BROKEN - DESIGNED - STONE Rock Stress Rip Element Large 02.wav,10515160,2cc70d2b,OK,/volume1/主目录/Collection/素材&模板&音库/音效/01_商业音效包/Rock The Speakerbox - Broken/Designed/BROKEN - DESIGNED - STONE Rock Stress Rip Element Large 02.wav
Rock The Speakerbox - Broken.zip,Rock The Speakerbox - Broken/Designed/BROKEN - DESIGNED - STRUCTURE Metal Collapse Element 01.wav,12162618,6cb2faaa,OK,/volume1/主目录/Collection/素材&模板&音库/音效/01_商业音效包/Rock The Speakerbox - Broken/Designed/BROKEN - DESIGNED - STRUCTURE Metal Collapse Element 01.wav
Rock The Speakerbox - Broken.zip,Rock The Speakerbox - Broken/Designed/BROKEN - DESIGNED - STRUCTURE Metal Collapse Element 02.wav,11930778,556a6346,OK,/volume1/主目录/Collection/素材&模板&音库/音效/01_商业音效包/Rock The Speakerbox - Broken/Designed/BROKEN - DESIGNED - STRUCTURE Metal Collapse Element 02.wav
Rock The Speakerbox - Broken.zip,Rock The Speakerbox - Broken/Designed/BROKEN - DESIGNED - STRUCTURE Metal Collapse Rumble Element.wav,15889474,5e54d455,OK,/volume1/主目录/Collection/素材&模板&音库/音效/01_商业音效包/Rock The Speakerbox - Broken/Designed/BROKEN - DESIGNED - STRUCTURE Metal Collapse Rumble Element.wav
Rock The Speakerbox - Broken.zip,Rock The Speakerbox - Broken/Designed/BROKEN - DESIGNED - TRUCK CRASH Roll Over.wav,11675822,4478de0c,OK,/volume1/主目录/Collection/素材&模板&音库/音效/01_商业音效包/Rock The Speakerbox - Broken/Designed/BROKEN - DESIGNED - TRUCK CRASH Roll Over.wav
Rock The Speakerbox - Broken.zip,Rock The Speakerbox - Broken/Designed/BROKEN - DESIGNED - WALL Brick Smash.wav,8179894,8b5fc55d,OK,/volume1/主目录/Collection/素材&模板&音库/音效/01_商业音效包/Rock The Speakerbox - Broken/Designed/BROKEN - DESIGNED - WALL Brick Smash.wav
Rock The Speakerbox - Broken.zip,Rock The Speakerbox - Broken/Designed/BROKEN - DESIGNED - WALL Drywall Wood Smash 01.wav,9273252,9beffb03,OK,/volume1/主目录/Collection/素材&模板&音库/音效/01_商业音效包/Rock The Speakerbox - Broken/Designed/BROKEN - DESIGNED - WALL Drywall Wood Smash 01.wav
Rock The Speakerbox - Broken.zip,Rock The Speakerbox - Broken/Designed/BROKEN - DESIGNED - WALL Drywall Wood Smash 02.wav,9123280,d312ea1c,OK,/volume1/主目录/Collection/素材&模板&音库/音效/01_商业音效包/Rock The Speakerbox - Broken/Designed/BROKEN - DESIGNED - WALL Drywall Wood Smash 02.wav
Rock The Speakerbox - Broken.zip,Rock The Speakerbox - Broken/Designed/BROKEN - DESIGNED - WALL Drywall Wood Smash 03.wav,5786194,bc9d5421,OK,/volume1/主目录/Collection/素材&模板&音库/音效/01_商业音效包/Rock The Speakerbox - Broken/Designed/BROKEN - DESIGNED - WALL Drywall Wood Smash 03.wav
Rock The Speakerbox - Broken.zip,Rock The Speakerbox - Broken/Designed/BROKEN - DESIGNED - WALL Drywall Wood Smash 04.wav,4434652,b157bb34,OK,/volume1/主目录/Collection/素材&模板&音库/音效/01_商业音效包/Rock The Speakerbox - Broken/Designed/BROKEN - DESIGNED - WALL Drywall Wood Smash 04.wav
Rock The Speakerbox - Broken.zip,Rock The Speakerbox - Broken/Designed/BROKEN - DESIGNED - WINDSHIELD Glass Stress and Pop.wav,8392834,8b7bff94,OK,/volume1/主目录/Collection/素材&模板&音库/音效/01_商业音效包/Rock The Speakerbox - Broken/Designed/BROKEN - DESIGNED - WINDSHIELD Glass Stress and Pop.wav
Rock The Speakerbox - Broken.zip,Rock The Speakerbox - Broken/Designed/BROKEN - DESIGNED - WINDSHIELD Glass Stress Tearing Wet 01.wav,16285334,4c572f77,OK,/volume1/主目录/Collection/素材&模板&音库/音效/01_商业音效包/Rock The Speakerbox - Broken/Designed/BROKEN - DESIGNED - WINDSHIELD Glass Stress Tearing Wet 01.wav
Rock The Speakerbox - Broken.zip,Rock The Speakerbox - Broken/Designed/BROKEN - DESIGNED - WINDSHIELD Glass Stress Tearing Wet 02.wav,14834396,2bf3cae3,OK,/volume1/主目录/Collection/素材&模板&音库/音效/01_商业音效包/Rock The Speakerbox - Broken/Designed/BROKEN - DESIGNED - WINDSHIELD Glass Stress Tearing Wet 02.wav
Rock The Speakerbox - Broken.zip,Rock The Speakerbox - Broken/Designed/BROKEN - DESIGNED - WINDSHIELD Glass Stress Tearing Wet 03.wav,16238342,c27dff64,OK,/volume1/主目录/Collection/素材&模板&音库/音效/01_商业音效包/Rock The Speakerbox - Broken/Designed/BROKEN - DESIGNED - WINDSHIELD Glass Stress Tearing Wet 03.wav
Rock The Speakerbox - Broken.zip,Rock The Speakerbox - Broken/Designed/BROKEN - DESIGNED - WINDSHIELD Glass Stress Tearing Wet 04.wav,19368740,728b37fd,OK,/volume1/主目录/Collection/素材&模板&音库/音效/01_商业音效包/Rock The Speakerbox - Broken/Designed/BROKEN - DESIGNED - WINDSHIELD Glass Stress Tearing Wet 04.wav
Rock The Speakerbox - Broken.zip,Rock The Speakerbox - Broken/Designed/BROKEN - DESIGNED - WINDSHIELD Glass Stress Tearing Wet 05.wav,7065966,711fcde9,OK,/volume1/主目录/Collection/素材&模板&音库/音效/01_商业音效包/Rock The Speakerbox - Broken/Designed/BROKEN - DESIGNED - WINDSHIELD Glass Stress Tearing Wet 05.wav
Rock The Speakerbox - Broken.zip,Rock The Speakerbox - Broken/Designed/BROKEN - DESIGNED - WOOD Break Large Short.wav,10005994,ede165bb,OK,/volume1/主目录/Collection/素材&模板&音库/音效/01_商业音效包/Rock The Speakerbox - Broken/Designed/BROKEN - DESIGNED - WOOD Break Large Short.wav
Rock The Speakerbox - Broken.zip,Rock The Speakerbox - Broken/Designed/BROKEN - DESIGNED - WOOD Break Large.wav,12232878,3e42c6d2,OK,/volume1/主目录/Collection/素材&模板&音库/音效/01_商业音效包/Rock The Speakerbox - Broken/Designed/BROKEN - DESIGNED - WOOD Break Large.wav
Rock The Speakerbox - Broken.zip,Rock The Speakerbox - Broken/Designed/BROKEN - DESIGNED - WOOD Break Medium.wav,13583032,1c5b9362,OK,/volume1/主目录/Collection/素材&模板&音库/音效/01_商业音效包/Rock The Speakerbox - Broken/Designed/BROKEN - DESIGNED - WOOD Break Medium.wav
Rock The Speakerbox - Broken.zip,Rock The Speakerbox - Broken/Designed/BROKEN - DESIGNED - WOOD Break Small.wav,12359474,dbc64644,OK,/volume1/主目录/Collection/素材&模板&音库/音效/01_商业音效包/Rock The Speakerbox - Broken/Designed/BROKEN - DESIGNED - WOOD Break Small.wav
Rock The Speakerbox - Broken.zip,Rock The Speakerbox - Broken/Designed/BROKEN - DESIGNED - WOOD Stress Deep.wav,14643682,462aea92,OK,/volume1/主目录/Collection/素材&模板&音库/音效/01_商业音效包/Rock The Speakerbox - Broken/Designed/BROKEN - DESIGNED - WOOD Stress Deep.wav
Rock The Speakerbox - Broken.zip,Rock The Speakerbox - Broken/LookAE.com/AudioJungle音乐合集AE模板常用配乐.url,335,35051180,OK_Q,/volume1/主目录/Collection/素材&模板&音库/音效_去重待删_20260919/A Sound Effect - Animal Hyperrealism Vol II/LookAE.com/AudioJungle音乐合集AE模板常用配乐.url
Rock The Speakerbox - Broken.zip,Rock The Speakerbox - Broken/LookAE.com/FCPX资源站  专注 Final Cut Pro X.url,152,6439235e,OK,/volume1/主目录/Collection/素材&模板&音库/音效/01_商业音效包/Rock The Speakerbox - Broken/LookAE.com/FCPX资源站  专注 Final Cut Pro X.url
Rock The Speakerbox - Broken.zip,Rock The Speakerbox - Broken/LookAE.com/LookAE.com  大众脸影视后期特效.url,249,b263841f,OK,/volume1/主目录/Collection/素材&模板&音库/音效/01_商业音效包/Rock The Speakerbox - Broken/LookAE.com/LookAE.com  大众脸影视后期特效.url
Rock The Speakerbox - Broken.zip,Rock The Speakerbox - Broken/LookAE.com/LookAE官网淘宝店.url,52,bd6fe2ac,OK,/volume1/主目录/Collection/素材&模板&音库/音效/01_商业音效包/Rock The Speakerbox - Broken/LookAE.com/LookAE官网淘宝店.url
Rock The Speakerbox - Broken.zip,Rock The Speakerbox - Broken/LookAE.com/Mac解决身份不明的开发者程序安装.url,52,3f777fcd,OK,/volume1/主目录/Collection/素材&模板&音库/音效/01_商业音效包/Rock The Speakerbox - Broken/LookAE.com/Mac解决身份不明的开发者程序安装.url
Rock The Speakerbox - Broken.zip,Rock The Speakerbox - Broken/LookAE.com/免责声明.txt,2446,6dcedef2,OK,/volume1/主目录/Collection/素材&模板&音库/音效/01_商业音效包/Rock The Speakerbox - Broken/LookAE.com/免责声明.txt
Sound Morph - Sinematic.zip,Sound Morph - Sinematic/1. Stutter Risers/Sinematic - Stutter Risers_01.wav,8456678,7a3eba8f,OK,/volume1/主目录/Collection/素材&模板&音库/音效/03_项目素材/预告/Sound Morph - Sinematic/1. Stutter Risers/Sinematic - Stutter Risers_01.wav
Sound Morph - Sinematic.zip,Sound Morph - Sinematic/1. Stutter Risers/Sinematic - Stutter Risers_02.wav,6735986,7efb29da,OK,/volume1/主目录/Collection/素材&模板&音库/音效/03_项目素材/预告/Sound Morph - Sinematic/1. Stutter Risers/Sinematic - Stutter Risers_02.wav
Sound Morph - Sinematic.zip,Sound Morph - Sinematic/1. Stutter Risers/Sinematic - Stutter Risers_03.wav,8791156,dc3e610e,OK,/volume1/主目录/Collection/素材&模板&音库/音效/03_项目素材/预告/Sound Morph - Sinematic/1. Stutter Risers/Sinematic - Stutter Risers_03.wav
Sound Morph - Sinematic.zip,Sound Morph - Sinematic/1. Stutter Risers/Sinematic - Stutter Risers_04.wav,5903866,702847a0,OK,/volume1/主目录/Collection/素材&模板&音库/音效/03_项目素材/预告/Sound Morph - Sinematic/1. Stutter Risers/Sinematic - Stutter Risers_04.wav
Sound Morph - Sinematic.zip,Sound Morph - Sinematic/1. Stutter Risers/Sinematic - Stutter Risers_05.wav,7494758,f9fb24b9,OK,/volume1/主目录/Collection/素材&模板&音库/音效/03_项目素材/预告/Sound Morph - Sinematic/1. Stutter Risers/Sinematic - Stutter Risers_05.wav
Sound Morph - Sinematic.zip,Sound Morph - Sinematic/1. Stutter Risers/Sinematic - Stutter Risers_06.wav,8499928,36c66470,OK,/volume1/主目录/Collection/素材&模板&音库/音效/03_项目素材/预告/Sound Morph - Sinematic/1. Stutter Risers/Sinematic - Stutter Risers_06.wav
Sound Morph - Sinematic.zip,Sound Morph - Sinematic/1. Stutter Risers/Sinematic - Stutter Risers_07.wav,8818804,62b634bc,OK,/volume1/主目录/Collection/素材&模板&音库/音效/03_项目素材/预告/Sound Morph - Sinematic/1. Stutter Risers/Sinematic - Stutter Risers_07.wav
Sound Morph - Sinematic.zip,Sound Morph - Sinematic/1. Stutter Risers/Sinematic - Stutter Risers_08.wav,11193436,48c4ac8a,OK,/volume1/主目录/Collection/素材&模板&音库/音效/03_项目素材/预告/Sound Morph - Sinematic/1. Stutter Risers/Sinematic - Stutter Risers_08.wav
Sound Morph - Sinematic.zip,Sound Morph - Sinematic/1. Stutter Risers/Sinematic - Stutter Risers_09.wav,3288780,19ad264c,OK,/volume1/主目录/Collection/素材&模板&音库/音效/03_项目素材/预告/Sound Morph - Sinematic/1. Stutter Risers/Sinematic - Stutter Risers_09.wav
Sound Morph - Sinematic.zip,Sound Morph - Sinematic/1. Stutter Risers/Sinematic - Stutter Risers_10.wav,7672924,344b396c,OK,/volume1/主目录/Collection/素材&模板&音库/音效/03_项目素材/预告/Sound Morph - Sinematic/1. Stutter Risers/Sinematic - Stutter Risers_10.wav
Sound Morph - Sinematic.zip,Sound Morph - Sinematic/10. Whoosh Bys/Sinematic - Whoosh Bys - Abyss Sub_01.wav,6004140,b4d530dc,OK,/volume1/主目录/Collection/素材&模板&音库/音效/03_项目素材/预告/Sound Morph - Sinematic/10. Whoosh Bys/Sinematic - Whoosh Bys - Abyss Sub_01.wav
Sound Morph - Sinematic.zip,Sound Morph - Sinematic/10. Whoosh Bys/Sinematic - Whoosh Bys - Abyss Sub_02.wav,5162478,b0ef647c,OK,/volume1/主目录/Collection/素材&模板&音库/音效/03_项目素材/预告/Sound Morph - Sinematic/10. Whoosh Bys/Sinematic - Whoosh Bys - Abyss Sub_02.wav
Sound Morph - Sinematic.zip,Sound Morph - Sinematic/10. Whoosh Bys/Sinematic - Whoosh Bys - Abyss Sub_03.wav,5716524,29fc800b,OK,/volume1/主目录/Collection/素材&模板&音库/音效/03_项目素材/预告/Sound Morph - Sinematic/10. Whoosh Bys/Sinematic - Whoosh Bys - Abyss Sub_03.wav
Sound Morph - Sinematic.zip,Sound Morph - Sinematic/10. Whoosh Bys/Sinematic - Whoosh Bys - Abyss Sub_04.wav,2547712,e629cea0,OK,/volume1/主目录/Collection/素材&模板&音库/音效/03_项目素材/预告/Sound Morph - Sinematic/10. Whoosh Bys/Sinematic - Whoosh Bys - Abyss Sub_04.wav
Sound Morph - Sinematic.zip,Sound Morph - Sinematic/10. Whoosh Bys/Sinematic - Whoosh Bys - Abyss Sub_05.wav,6242622,4f655464,OK,/volume1/主目录/Collection/素材&模板&音库/音效/03_项目素材/预告/Sound Morph - Sinematic/10. Whoosh Bys/Sinematic - Whoosh Bys - Abyss Sub_05.wav
Sound Morph - Sinematic.zip,Sound Morph - Sinematic/10. Whoosh Bys/Sinematic - Whoosh Bys - Abyss Sub_06.wav,7398240,d20afd93,OK,/volume1/主目录/Collection/素材&模板&音库/音效/03_项目素材/预告/Sound Morph - Sinematic/10. Whoosh Bys/Sinematic - Whoosh Bys - Abyss Sub_06.wav
Sound Morph - Sinematic.zip,Sound Morph - Sinematic/10. Whoosh Bys/Sinematic - Whoosh Bys - Abyss Sub_07.wav,2838328,b6bde42a,OK,/volume1/主目录/Collection/素材&模板&音库/音效/03_项目素材/预告/Sound Morph - Sinematic/10. Whoosh Bys/Sinematic - Whoosh Bys - Abyss Sub_07.wav
Sound Morph - Sinematic.zip,Sound Morph - Sinematic/10. Whoosh Bys/Sinematic - Whoosh Bys - Abyss Sub_08.wav,3682444,e58a62d3,OK,/volume1/主目录/Collection/素材&模板&音库/音效/03_项目素材/预告/Sound Morph - Sinematic/10. Whoosh Bys/Sinematic - Whoosh Bys - Abyss Sub_08.wav
Sound Morph - Sinematic.zip,Sound Morph - Sinematic/10. Whoosh Bys/Sinematic - Whoosh Bys - Subtle Ripplers.wav,7301288,3d9e57af,OK,/volume1/主目录/Collection/素材&模板&音库/音效/03_项目素材/预告/Sound Morph - Sinematic/10. Whoosh Bys/Sinematic - Whoosh Bys - Subtle Ripplers.wav
Sound Morph - Sinematic.zip,Sound Morph - Sinematic/10. Whoosh Bys/Sinematic - Whoosh Bys - Warp Speed_01.wav,3437412,caea1e49,OK,/volume1/主目录/Collection/素材&模板&音库/音效/03_项目素材/预告/Sound Morph - Sinematic/10. Whoosh Bys/Sinematic - Whoosh Bys - Warp Speed_01.wav
Sound Morph - Sinematic.zip,Sound Morph - Sinematic/10. Whoosh Bys/Sinematic - Whoosh Bys - Warp Speed_02.wav,2426524,de834af5,OK,/volume1/主目录/Collection/素材&模板&音库/音效/03_项目素材/预告/Sound Morph - Sinematic/10. Whoosh Bys/Sinematic - Whoosh Bys - Warp Speed_02.wav
Sound Morph - Sinematic.zip,Sound Morph - Sinematic/10. Whoosh Bys/Sinematic - Whoosh Bys - Warp Speed_03.wav,2277458,96732dda,OK,/volume1/主目录/Collection/素材&模板&音库/音效/03_项目素材/预告/Sound Morph - Sinematic/10. Whoosh Bys/Sinematic - Whoosh Bys - Warp Speed_03.wav
Sound Morph - Sinematic.zip,Sound Morph - Sinematic/10. Whoosh Bys/Sinematic - Whoosh Bys - Warp Speed_04.wav,5219476,2ca4eca5,OK,/volume1/主目录/Collection/素材&模板&音库/音效/03_项目素材/预告/Sound Morph - Sinematic/10. Whoosh Bys/Sinematic - Whoosh Bys - Warp Speed_04.wav
Sound Morph - Sinematic.zip,Sound Morph - Sinematic/10. Whoosh Bys/Sinematic - Whoosh Bys - Warp Speed_05.wav,3184670,2f158462,OK,/volume1/主目录/Collection/素材&模板&音库/音效/03_项目素材/预告/Sound Morph - Sinematic/10. Whoosh Bys/Sinematic - Whoosh Bys - Warp Speed_05.wav
Sound Morph - Sinematic.zip,Sound Morph - Sinematic/10. Whoosh Bys/Sinematic - Whoosh Bys - Warp Speed_06.wav,2044186,8436dc5a,OK,/volume1/主目录/Collection/素材&模板&音库/音效/03_项目素材/预告/Sound Morph - Sinematic/10. Whoosh Bys/Sinematic - Whoosh Bys - Warp Speed_06.wav
Sound Morph - Sinematic.zip,Sound Morph - Sinematic/10. Whoosh Bys/Sinematic - Whoosh Bys - Warp Speed_07.wav,2239050,0fb2e474,OK,/volume1/主目录/Collection/素材&模板&音库/音效/03_项目素材/预告/Sound Morph - Sinematic/10. Whoosh Bys/Sinematic - Whoosh Bys - Warp Speed_07.wav
Sound Morph - Sinematic.zip,Sound Morph - Sinematic/10. Whoosh Bys/Sinematic - Whoosh Bys - Warp Speed_08.wav,1597858,de0adc17,OK,/volume1/主目录/Collection/素材&模板&音库/音效/03_项目素材/预告/Sound Morph - Sinematic/10. Whoosh Bys/Sinematic - Whoosh Bys - Warp Speed_08.wav
Sound Morph - Sinematic.zip,Sound Morph - Sinematic/10. Whoosh Bys/Sinematic - Whoosh Bys - Warp Speed_09.wav,1625060,ab74b95e,OK,/volume1/主目录/Collection/素材&模板&音库/音效/03_项目素材/预告/Sound Morph - Sinematic/10. Whoosh Bys/Sinematic - Whoosh Bys - Warp Speed_09.wav
Sound Morph - Sinematic.zip,Sound Morph - Sinematic/10. Whoosh Bys/Sinematic - Whoosh Bys - Warp Speed_10.wav,2005470,34c05acc,OK,/volume1/主目录/Collection/素材&模板&音库/音效/03_项目素材/预告/Sound Morph - Sinematic/10. Whoosh Bys/Sinematic - Whoosh Bys - Warp Speed_10.wav
Sound Morph - Sinematic.zip,Sound Morph - Sinematic/10. Whoosh Bys/Sinematic - Whoosh Bys - Warp Speed_11.wav,1839028,eff996d7,OK,/volume1/主目录/Collection/素材&模板&音库/音效/03_项目素材/预告/Sound Morph - Sinematic/10. Whoosh Bys/Sinematic - Whoosh Bys - Warp Speed_11.wav
Sound Morph - Sinematic.zip,Sound Morph - Sinematic/10. Whoosh Bys/Sinematic - Whoosh Bys - Warp Speed_12.wav,1937522,c1e5dd6b,OK,/volume1/主目录/Collection/素材&模板&音库/音效/03_项目素材/预告/Sound Morph - Sinematic/10. Whoosh Bys/Sinematic - Whoosh Bys - Warp Speed_12.wav
Sound Morph - Sinematic.zip,Sound Morph - Sinematic/10. Whoosh Bys/Sinematic - Whoosh Bys - Warp Speed_13.wav,1796392,7c018737,OK,/volume1/主目录/Collection/素材&模板&音库/音效/03_项目素材/预告/Sound Morph - Sinematic/10. Whoosh Bys/Sinematic - Whoosh Bys - Warp Speed_13.wav
Sound Morph - Sinematic.zip,Sound Morph - Sinematic/10. Whoosh Bys/Sinematic - Whoosh Bys - Warp Speed_14.wav,1636746,d851822e,OK,/volume1/主目录/Collection/素材&模板&音库/音效/03_项目素材/预告/Sound Morph - Sinematic/10. Whoosh Bys/Sinematic - Whoosh Bys - Warp Speed_14.wav
Sound Morph - Sinematic.zip,Sound Morph - Sinematic/10. Whoosh Bys/Sinematic - Whoosh Bys - Warp Speed_15.wav,1725054,a9b5660a,OK,/volume1/主目录/Collection/素材&模板&音库/音效/03_项目素材/预告/Sound Morph - Sinematic/10. Whoosh Bys/Sinematic - Whoosh Bys - Warp Speed_15.wav
Sound Morph - Sinematic.zip,Sound Morph - Sinematic/10. Whoosh Bys/Sinematic - Whoosh Bys - Warp Speed_16.wav,1971504,1ef06b54,OK,/volume1/主目录/Collection/素材&模板&音库/音效/03_项目素材/预告/Sound Morph - Sinematic/10. Whoosh Bys/Sinematic - Whoosh Bys - Warp Speed_16.wav
Sound Morph - Sinematic.zip,Sound Morph - Sinematic/10. Whoosh Bys/Sinematic - Whoosh Bys - Warp Speed_17.wav,1550342,152a2d40,OK,/volume1/主目录/Collection/素材&模板&音库/音效/03_项目素材/预告/Sound Morph - Sinematic/10. Whoosh Bys/Sinematic - Whoosh Bys - Warp Speed_17.wav
Sound Morph - Sinematic.zip,Sound Morph - Sinematic/10. Whoosh Bys/Sinematic - Whoosh Bys - Warp Speed_18.wav,1550342,4764a2c7,OK,/volume1/主目录/Collection/素材&模板&音库/音效/03_项目素材/预告/Sound Morph - Sinematic/10. Whoosh Bys/Sinematic - Whoosh Bys - Warp Speed_18.wav
Sound Morph - Sinematic.zip,Sound Morph - Sinematic/10. Whoosh Bys/Sinematic - Whoosh Bys - Warp Speed_19.wav,1497688,68387ed9,OK,/volume1/主目录/Collection/素材&模板&音库/音效/03_项目素材/预告/Sound Morph - Sinematic/10. Whoosh Bys/Sinematic - Whoosh Bys - Warp Speed_19.wav
Sound Morph - Sinematic.zip,Sound Morph - Sinematic/10. Whoosh Bys/Sinematic - Whoosh Bys - Warp Speed_20.wav,2343228,c1f37eca,OK,/volume1/主目录/Collection/素材&模板&音库/音效/03_项目素材/预告/Sound Morph - Sinematic/10. Whoosh Bys/Sinematic - Whoosh Bys - Warp Speed_20.wav
Sound Morph - Sinematic.zip,Sound Morph - Sinematic/10. Whoosh Bys/Sinematic - Whoosh Bys - Warp Speed_21.wav,2135866,df3ea3a7,OK,/volume1/主目录/Collection/素材&模板&音库/音效/03_项目素材/预告/Sound Morph - Sinematic/10. Whoosh Bys/Sinematic - Whoosh Bys - Warp Speed_21.wav
Sound Morph - Sinematic.zip,Sound Morph - Sinematic/10. Whoosh Bys/Sinematic - Whoosh Bys - Warp Speed_22.wav,1908940,5a1b8dfa,OK,/volume1/主目录/Collection/素材&模板&音库/音效/03_项目素材/预告/Sound Morph - Sinematic/10. Whoosh Bys/Sinematic - Whoosh Bys - Warp Speed_22.wav
Sound Morph - Sinematic.zip,Sound Morph - Sinematic/10. Whoosh Bys/Sinematic - Whoosh Bys - Warp Speed_23.wav,1502760,ccb8a1de,OK,/volume1/主目录/Collection/素材&模板&音库/音效/03_项目素材/预告/Sound Morph - Sinematic/10. Whoosh Bys/Sinematic - Whoosh Bys - Warp Speed_23.wav
Sound Morph - Sinematic.zip,Sound Morph - Sinematic/10. Whoosh Bys/Sinematic - Whoosh Bys - Warp Speed_24.wav,2008944,7ea91019,OK,/volume1/主目录/Collection/素材&模板&音库/音效/03_项目素材/预告/Sound Morph - Sinematic/10. Whoosh Bys/Sinematic - Whoosh Bys - Warp Speed_24.wav
Sound Morph - Sinematic.zip,Sound Morph - Sinematic/10. Whoosh Bys/Sinematic - Whoosh Bys - Warp Speed_25.wav,1951600,e99d32e8,OK,/volume1/主目录/Collection/素材&模板&音库/音效/03_项目素材/预告/Sound Morph - Sinematic/10. Whoosh Bys/Sinematic - Whoosh Bys - Warp Speed_25.wav
Sound Morph - Sinematic.zip,Sound Morph - Sinematic/10. Whoosh Bys/Sinematic - Whoosh Bys - Warp Speed_26.wav,1980844,59ad6e30,OK,/volume1/主目录/Collection/素材&模板&音库/音效/03_项目素材/预告/Sound Morph - Sinematic/10. Whoosh Bys/Sinematic - Whoosh Bys - Warp Speed_26.wav
Sound Morph - Sinematic.zip,Sound Morph - Sinematic/10. Whoosh Bys/Sinematic - Whoosh Bys - With Impact_01.wav,4491006,29b61c41,OK,/volume1/主目录/Collection/素材&模板&音库/音效/03_项目素材/预告/Sound Morph - Sinematic/10. Whoosh Bys/Sinematic - Whoosh Bys - With Impact_01.wav
Sound Morph - Sinematic.zip,Sound Morph - Sinematic/10. Whoosh Bys/Sinematic - Whoosh Bys - With Impact_02.wav,4061210,5cdc3a84,OK,/volume1/主目录/Collection/素材&模板&音库/音效/03_项目素材/预告/Sound Morph - Sinematic/10. Whoosh Bys/Sinematic - Whoosh Bys - With Impact_02.wav
Sound Morph - Sinematic.zip,Sound Morph - Sinematic/10. Whoosh Bys/Sinematic - Whoosh Bys - With Impact_03.wav,4506622,2701c3c4,OK,/volume1/主目录/Collection/素材&模板&音库/音效/03_项目素材/预告/Sound Morph - Sinematic/10. Whoosh Bys/Sinematic - Whoosh Bys - With Impact_03.wav
Sound Morph - Sinematic.zip,Sound Morph - Sinematic/10. Whoosh Bys/Sinematic - Whoosh Bys - With Impact_04.wav,4676386,dae78f63,OK,/volume1/主目录/Collection/素材&模板&音库/音效/03_项目素材/预告/Sound Morph - Sinematic/10. Whoosh Bys/Sinematic - Whoosh Bys - With Impact_04.wav
Sound Morph - Sinematic.zip,Sound Morph - Sinematic/11. Bowed Cymbal Designed/Sinematic - Bowed Cymbal - Design_01.wav,10135400,0e7a6cb5,OK,/volume1/主目录/Collection/素材&模板&音库/音效/03_项目素材/预告/Sound Morph - Sinematic/11. Bowed Cymbal Designed/Sinematic - Bowed Cymbal - Design_01.wav
Sound Morph - Sinematic.zip,Sound Morph - Sinematic/11. Bowed Cymbal Designed/Sinematic - Bowed Cymbal - Design_02.wav,15101304,5f839f7b,OK,/volume1/主目录/Collection/素材&模板&音库/音效/03_项目素材/预告/Sound Morph - Sinematic/11. Bowed Cymbal Designed/Sinematic - Bowed Cymbal - Design_02.wav
Sound Morph - Sinematic.zip,Sound Morph - Sinematic/11. Bowed Cymbal Designed/Sinematic - Bowed Cymbal - Design_03.wav,9988190,da68d27b,OK,/volume1/主目录/Collection/素材&模板&音库/音效/03_项目素材/预告/Sound Morph - Sinematic/11. Bowed Cymbal Designed/Sinematic - Bowed Cymbal - Design_03.wav
Sound Morph - Sinematic.zip,Sound Morph - Sinematic/11. Bowed Cymbal Designed/Sinematic - Bowed Cymbal - Design_04.wav,9667982,79a7576a,OK,/volume1/主目录/Collection/素材&模板&音库/音效/03_项目素材/预告/Sound Morph - Sinematic/11. Bowed Cymbal Designed/Sinematic - Bowed Cymbal - Design_04.wav
Sound Morph - Sinematic.zip,Sound Morph - Sinematic/11. Bowed Cymbal Designed/Sinematic - Bowed Cymbal - Design_05.wav,8926344,ecf7ae13,OK,/volume1/主目录/Collection/素材&模板&音库/音效/03_项目素材/预告/Sound Morph - Sinematic/11. Bowed Cymbal Designed/Sinematic - Bowed Cymbal - Design_05.wav
Sound Morph - Sinematic.zip,Sound Morph - Sinematic/11. Bowed Cymbal Designed/Sinematic - Bowed Cymbal - Design_06.wav,11465064,f3ab0e33,OK,/volume1/主目录/Collection/素材&模板&音库/音效/03_项目素材/预告/Sound Morph - Sinematic/11. Bowed Cymbal Designed/Sinematic - Bowed Cymbal - Design_06.wav
Sound Morph - Sinematic.zip,Sound Morph - Sinematic/11. Bowed Cymbal Designed/Sinematic - Bowed Cymbal - Design_07.wav,14053300,97681a25,OK,/volume1/主目录/Collection/素材&模板&音库/音效/03_项目素材/预告/Sound Morph - Sinematic/11. Bowed Cymbal Designed/Sinematic - Bowed Cymbal - Design_07.wav
Sound Morph - Sinematic.zip,Sound Morph - Sinematic/11. Bowed Cymbal Designed/Sinematic - Bowed Cymbal - Design_08.wav,12806706,933c7b8c,OK,/volume1/主目录/Collection/素材&模板&音库/音效/03_项目素材/预告/Sound Morph - Sinematic/11. Bowed Cymbal Designed/Sinematic - Bowed Cymbal - Design_08.wav
Sound Morph - Sinematic.zip,Sound Morph - Sinematic/11. Bowed Cymbal Designed/Sinematic - Bowed Cymbal - Design_09.wav,8834736,003502a8,OK,/volume1/主目录/Collection/素材&模板&音库/音效/03_项目素材/预告/Sound Morph - Sinematic/11. Bowed Cymbal Designed/Sinematic - Bowed Cymbal - Design_09.wav
Sound Morph - Sinematic.zip,Sound Morph - Sinematic/11. Bowed Cymbal Designed/Sinematic - Bowed Cymbal - Design_10.wav,13600856,75e7f454,OK,/volume1/主目录/Collection/素材&模板&音库/音效/03_项目素材/预告/Sound Morph - Sinematic/11. Bowed Cymbal Designed/Sinematic - Bowed Cymbal - Design_10.wav
Sound Morph - Sinematic.zip,Sound Morph - Sinematic/11. Bowed Cymbal Designed/Sinematic - Bowed Cymbal - Design_11.wav,14784640,f0b02ce7,OK,/volume1/主目录/Collection/素材&模板&音库/音效/03_项目素材/预告/Sound Morph - Sinematic/11. Bowed Cymbal Designed/Sinematic - Bowed Cymbal - Design_11.wav
Sound Morph - Sinematic.zip,Sound Morph - Sinematic/11. Bowed Cymbal Designed/Sinematic - Bowed Cymbal - Design_12.wav,11399074,11fb0603,OK,/volume1/主目录/Collection/素材&模板&音库/音效/03_项目素材/预告/Sound Morph - Sinematic/11. Bowed Cymbal Designed/Sinematic - Bowed Cymbal - Design_12.wav
Sound Morph - Sinematic.zip,Sound Morph - Sinematic/11. Bowed Cymbal Designed/Sinematic - Bowed Cymbal - Design_13.wav,13871476,ea78c914,OK,/volume1/主目录/Collection/素材&模板&音库/音效/03_项目素材/预告/Sound Morph - Sinematic/11. Bowed Cymbal Designed/Sinematic - Bowed Cymbal - Design_13.wav
Sound Morph - Sinematic.zip,Sound Morph - Sinematic/11. Bowed Cymbal Designed/Sinematic - Bowed Cymbal - Design_14.wav,17655216,1a00a6ba,OK,/volume1/主目录/Collection/素材&模板&音库/音效/03_项目素材/预告/Sound Morph - Sinematic/11. Bowed Cymbal Designed/Sinematic - Bowed Cymbal - Design_14.wav
Sound Morph - Sinematic.zip,Sound Morph - Sinematic/11. Bowed Cymbal Designed/Sinematic - Bowed Cymbal - Design_15.wav,17038852,decb23b9,OK,/volume1/主目录/Collection/素材&模板&音库/音效/03_项目素材/预告/Sound Morph - Sinematic/11. Bowed Cymbal Designed/Sinematic - Bowed Cymbal - Design_15.wav
Sound Morph - Sinematic.zip,Sound Morph - Sinematic/12. Source Recordings Distorted Synths/Sinematic - Source Recordings - Synth - Bassy Electric_01.wav,2117742,4215030f,OK,/volume1/主目录/Collection/素材&模板&音库/音效/03_项目素材/预告/Sound Morph - Sinematic/12. Source Recordings Distorted Synths/Sinematic - Source Recordings - Synth - Bassy Electric_01.wav
Sound Morph - Sinematic.zip,Sound Morph - Sinematic/12. Source Recordings Distorted Synths/Sinematic - Source Recordings - Synth - Bassy Electric_02.wav,2827806,1838eff1,OK,/volume1/主目录/Collection/素材&模板&音库/音效/03_项目素材/预告/Sound Morph - Sinematic/12. Source Recordings Distorted Synths/Sinematic - Source Recordings - Synth - Bassy Electric_02.wav
Sound Morph - Sinematic.zip,Sound Morph - Sinematic/12. Source Recordings Distorted Synths/Sinematic - Source Recordings - Synth - Bassy Electric_03.wav,1651200,ad802575,OK,/volume1/主目录/Collection/素材&模板&音库/音效/03_项目素材/预告/Sound Morph - Sinematic/12. Source Recordings Distorted Synths/Sinematic - Source Recordings - Synth - Bassy Electric_03.wav
Sound Morph - Sinematic.zip,Sound Morph - Sinematic/12. Source Recordings Distorted Synths/Sinematic - Source Recordings - Synth - Bassy Electric_04.wav,1600756,3bdd459c,OK,/volume1/主目录/Collection/素材&模板&音库/音效/03_项目素材/预告/Sound Morph - Sinematic/12. Source Recordings Distorted Synths/Sinematic - Source Recordings - Synth - Bassy Electric_04.wav
Sound Morph - Sinematic.zip,Sound Morph - Sinematic/12. Source Recordings Distorted Synths/Sinematic - Source Recordings - Synth - Gnarled_01.wav,2307642,702609d1,OK,/volume1/主目录/Collection/素材&模板&音库/音效/03_项目素材/预告/Sound Morph - Sinematic/12. Source Recordings Distorted Synths/Sinematic - Source Recordings - Synth - Gnarled_01.wav
Sound Morph - Sinematic.zip,Sound Morph - Sinematic/12. Source Recordings Distorted Synths/Sinematic - Source Recordings - Synth - Gnarled_02.wav,2351130,d4ee6e92,OK,/volume1/主目录/Collection/素材&模板&音库/音效/03_项目素材/预告/Sound Morph - Sinematic/12. Source Recordings Distorted Synths/Sinematic - Source Recordings - Synth - Gnarled_02.wav
Sound Morph - Sinematic.zip,Sound Morph - Sinematic/12. Source Recordings Distorted Synths/Sinematic - Source Recordings - Synth - Gnarled_03.wav,1525322,3bb99b48,OK,/volume1/主目录/Collection/素材&模板&音库/音效/03_项目素材/预告/Sound Morph - Sinematic/12. Source Recordings Distorted Synths/Sinematic - Source Recordings - Synth - Gnarled_03.wav
Sound Morph - Sinematic.zip,Sound Morph - Sinematic/12. Source Recordings Distorted Synths/Sinematic - Source Recordings - Synth - Gnarled_04.wav,1578342,ef1f95fb,OK,/volume1/主目录/Collection/素材&模板&音库/音效/03_项目素材/预告/Sound Morph - Sinematic/12. Source Recordings Distorted Synths/Sinematic - Source Recordings - Synth - Gnarled_04.wav
Sound Morph - Sinematic.zip,Sound Morph - Sinematic/12. Source Recordings Distorted Synths/Sinematic - Source Recordings - Synth - Gnarled_05.wav,2199296,810f8b5e,OK,/volume1/主目录/Collection/素材&模板&音库/音效/03_项目素材/预告/Sound Morph - Sinematic/12. Source Recordings Distorted Synths/Sinematic - Source Recordings - Synth - Gnarled_05.wav
Sound Morph - Sinematic.zip,Sound Morph - Sinematic/12. Source Recordings Distorted Synths/Sinematic - Source Recordings - Synth - Gnarled_06.wav,1978086,f89e7901,OK,/volume1/主目录/Collection/素材&模板&音库/音效/03_项目素材/预告/Sound Morph - Sinematic/12. Source Recordings Distorted Synths/Sinematic - Source Recordings - Synth - Gnarled_06.wav
Sound Morph - Sinematic.zip,Sound Morph - Sinematic/12. Source Recordings Distorted Synths/Sinematic - Source Recordings - Synth - Gnarled_07.wav,1525566,e8ae531f,OK,/volume1/主目录/Collection/素材&模板&音库/音效/03_项目素材/预告/Sound Morph - Sinematic/12. Source Recordings Distorted Synths/Sinematic - Source Recordings - Synth - Gnarled_07.wav
Sound Morph - Sinematic.zip,Sound Morph - Sinematic/12. Source Recordings Distorted Synths/Sinematic - Source Recordings - Synth - Gnarled_08.wav,2546228,f7c01675,OK,/volume1/主目录/Collection/素材&模板&音库/音效/03_项目素材/预告/Sound Morph - Sinematic/12. Source Recordings Distorted Synths/Sinematic - Source Recordings - Synth - Gnarled_08.wav
Sound Morph - Sinematic.zip,Sound Morph - Sinematic/12. Source Recordings Distorted Synths/Sinematic - Source Recordings - Synth - Gnarled_09.wav,1691016,a5a03182,OK,/volume1/主目录/Collection/素材&模板&音库/音效/03_项目素材/预告/Sound Morph - Sinematic/12. Source Recordings Distorted Synths/Sinematic - Source Recordings - Synth - Gnarled_09.wav
Sound Morph - Sinematic.zip,Sound Morph - Sinematic/12. Source Recordings Distorted Synths/Sinematic - Source Recordings - Synth - Gnarled_10.wav,2748876,ed9773c0,OK,/volume1/主目录/Collection/素材&模板&音库/音效/03_项目素材/预告/Sound Morph - Sinematic/12. Source Recordings Distorted Synths/Sinematic - Source Recordings - Synth - Gnarled_10.wav
Sound Morph - Sinematic.zip,Sound Morph - Sinematic/12. Source Recordings Distorted Synths/Sinematic - Source Recordings - Synth - Gnarled_11.wav,2477544,45b762c1,OK,/volume1/主目录/Collection/素材&模板&音库/音效/03_项目素材/预告/Sound Morph - Sinematic/12. Source Recordings Distorted Synths/Sinematic - Source Recordings - Synth - Gnarled_11.wav
Sound Morph - Sinematic.zip,Sound Morph - Sinematic/12. Source Recordings Distorted Synths/Sinematic - Source Recordings - Synth - Gnarled_12.wav,1698630,852a3ad7,OK,/volume1/主目录/Collection/素材&模板&音库/音效/03_项目素材/预告/Sound Morph - Sinematic/12. Source Recordings Distorted Synths/Sinematic - Source Recordings - Synth - Gnarled_12.wav
Sound Morph - Sinematic.zip,Sound Morph - Sinematic/12. Source Recordings Distorted Synths/Sinematic - Source Recordings - Synth - Mangled_01.wav,2582724,e6428436,OK,/volume1/主目录/Collection/素材&模板&音库/音效/03_项目素材/预告/Sound Morph - Sinematic/12. Source Recordings Distorted Synths/Sinematic - Source Recordings - Synth - Mangled_01.wav
Sound Morph - Sinematic.zip,Sound Morph - Sinematic/12. Source Recordings Distorted Synths/Sinematic - Source Recordings - Synth - Mangled_02.wav,2345460,6c9b8fd4,OK,/volume1/主目录/Collection/素材&模板&音库/音效/03_项目素材/预告/Sound Morph - Sinematic/12. Source Recordings Distorted Synths/Sinematic - Source Recordings - Synth - Mangled_02.wav
Sound Morph - Sinematic.zip,Sound Morph - Sinematic/12. Source Recordings Distorted Synths/Sinematic - Source Recordings - Synth - Mangled_03.wav,2213382,a9548e91,OK,/volume1/主目录/Collection/素材&模板&音库/音效/03_项目素材/预告/Sound Morph - Sinematic/12. Source Recordings Distorted Synths/Sinematic - Source Recordings - Synth - Mangled_03.wav
Sound Morph - Sinematic.zip,Sound Morph - Sinematic/12. Source Recordings Distorted Synths/Sinematic - Source Recordings - Synth - Mangled_04.wav,2623830,71b7dc51,OK,/volume1/主目录/Collection/素材&模板&音库/音效/03_项目素材/预告/Sound Morph - Sinematic/12. Source Recordings Distorted Synths/Sinematic - Source Recordings - Synth - Mangled_04.wav
Sound Morph - Sinematic.zip,Sound Morph - Sinematic/12. Source Recordings Distorted Synths/Sinematic - Source Recordings - Synth - Mangled_05.wav,2020710,3911dc7d,OK,/volume1/主目录/Collection/素材&模板&音库/音效/03_项目素材/预告/Sound Morph - Sinematic/12. Source Recordings Distorted Synths/Sinematic - Source Recordings - Synth - Mangled_05.wav
Sound Morph - Sinematic.zip,Sound Morph - Sinematic/12. Source Recordings Distorted Synths/Sinematic - Source Recordings - Synth - Mangled_06.wav,2625630,f942ee10,OK,/volume1/主目录/Collection/素材&模板&音库/音效/03_项目素材/预告/Sound Morph - Sinematic/12. Source Recordings Distorted Synths/Sinematic - Source Recordings - Synth - Mangled_06.wav
Sound Morph - Sinematic.zip,Sound Morph - Sinematic/12. Source Recordings Distorted Synths/Sinematic - Source Recordings - Synth - Rectified Electric_01.wav,2156002,c3b5ad4e,OK,/volume1/主目录/Collection/素材&模板&音库/音效/03_项目素材/预告/Sound Morph - Sinematic/12. Source Recordings Distorted Synths/Sinematic - Source Recordings - Synth - Rectified Electric_01.wav
Sound Morph - Sinematic.zip,Sound Morph - Sinematic/12. Source Recordings Distorted Synths/Sinematic - Source Recordings - Synth - Rectified Electric_02.wav,2148168,aa8bf837,OK,/volume1/主目录/Collection/素材&模板&音库/音效/03_项目素材/预告/Sound Morph - Sinematic/12. Source Recordings Distorted Synths/Sinematic - Source Recordings - Synth - Rectified Electric_02.wav
Sound Morph - Sinematic.zip,Sound Morph - Sinematic/12. Source Recordings Distorted Synths/Sinematic - Source Recordings - Synth - Rectified Electric_03.wav,2034022,e2704ef5,OK,/volume1/主目录/Collection/素材&模板&音库/音效/03_项目素材/预告/Sound Morph - Sinematic/12. Source Recordings Distorted Synths/Sinematic - Source Recordings - Synth - Rectified Electric_03.wav
Sound Morph - Sinematic.zip,Sound Morph - Sinematic/12. Source Recordings Distorted Synths/Sinematic - Source Recordings - Synth - Rectified Electric_04.wav,2060944,2e62757a,OK,/volume1/主目录/Collection/素材&模板&音库/音效/03_项目素材/预告/Sound Morph - Sinematic/12. Source Recordings Distorted Synths/Sinematic - Source Recordings - Synth - Rectified Electric_04.wav
Sound Morph - Sinematic.zip,Sound Morph - Sinematic/12. Source Recordings Distorted Synths/Sinematic - Source Recordings - Synth - Rectified Electric_05.wav,1718112,b7a70674,OK,/volume1/主目录/Collection/素材&模板&音库/音效/03_项目素材/预告/Sound Morph - Sinematic/12. Source Recordings Distorted Synths/Sinematic - Source Recordings - Synth - Rectified Electric_05.wav
Sound Morph - Sinematic.zip,Sound Morph - Sinematic/12. Source Recordings Distorted Synths/Sinematic - Source Recordings - Synth - Rectified Electric_06.wav,1525278,18326349,OK,/volume1/主目录/Collection/素材&模板&音库/音效/03_项目素材/预告/Sound Morph - Sinematic/12. Source Recordings Distorted Synths/Sinematic - Source Recordings - Synth - Rectified Electric_06.wav
Sound Morph - Sinematic.zip,Sound Morph - Sinematic/12. Source Recordings Distorted Synths/Sinematic - Source Recordings - Synth - Rectified Harsh_01.wav,1439592,9b16f6d1,OK,/volume1/主目录/Collection/素材&模板&音库/音效/03_项目素材/预告/Sound Morph - Sinematic/12. Source Recordings Distorted Synths/Sinematic - Source Recordings - Synth - Rectified Harsh_01.wav
Sound Morph - Sinematic.zip,Sound Morph - Sinematic/12. Source Recordings Distorted Synths/Sinematic - Source Recordings - Synth - Rectified Harsh_02.wav,2000592,11541c09,OK,/volume1/主目录/Collection/素材&模板&音库/音效/03_项目素材/预告/Sound Morph - Sinematic/12. Source Recordings Distorted Synths/Sinematic - Source Recordings - Synth - Rectified Harsh_02.wav
Sound Morph - Sinematic.zip,Sound Morph - Sinematic/12. Source Recordings Distorted Synths/Sinematic - Source Recordings - Synth - Rectified Harsh_03.wav,1636272,fa47483b,OK,/volume1/主目录/Collection/素材&模板&音库/音效/03_项目素材/预告/Sound Morph - Sinematic/12. Source Recordings Distorted Synths/Sinematic - Source Recordings - Synth - Rectified Harsh_03.wav
Sound Morph - Sinematic.zip,Sound Morph - Sinematic/12. Source Recordings Distorted Synths/Sinematic - Source Recordings - Synth - Rectified Harsh_04.wav,1309678,4f11af68,OK,/volume1/主目录/Collection/素材&模板&音库/音效/03_项目素材/预告/Sound Morph - Sinematic/12. Source Recordings Distorted Synths/Sinematic - Source Recordings - Synth - Rectified Harsh_04.wav
Sound Morph - Sinematic.zip,Sound Morph - Sinematic/12. Source Recordings Distorted Synths/Sinematic - Source Recordings - Synth - Rectified Harsh_05.wav,1321944,e72b1362,OK,/volume1/主目录/Collection/素材&模板&音库/音效/03_项目素材/预告/Sound Morph - Sinematic/12. Source Recordings Distorted Synths/Sinematic - Source Recordings - Synth - Rectified Harsh_05.wav
Sound Morph - Sinematic.zip,Sound Morph - Sinematic/12. Source Recordings Distorted Synths/Sinematic - Source Recordings - Synth - Rectified Harsh_06.wav,1692684,9a777ef5,OK,/volume1/主目录/Collection/素材&模板&音库/音效/03_项目素材/预告/Sound Morph - Sinematic/12. Source Recordings Distorted Synths/Sinematic - Source Recordings - Synth - Rectified Harsh_06.wav
Sound Morph - Sinematic.zip,Sound Morph - Sinematic/12. Source Recordings Distorted Synths/Sinematic - Source Recordings - Synth - Rectified Harsh_07.wav,1912038,15fb5770,OK,/volume1/主目录/Collection/素材&模板&音库/音效/03_项目素材/预告/Sound Morph - Sinematic/12. Source Recordings Distorted Synths/Sinematic - Source Recordings - Synth - Rectified Harsh_07.wav
Sound Morph - Sinematic.zip,Sound Morph - Sinematic/12. Source Recordings Distorted Synths/Sinematic - Source Recordings - Synth - Rectified Harsh_08.wav,1375758,de867707,OK,/volume1/主目录/Collection/素材&模板&音库/音效/03_项目素材/预告/Sound Morph - Sinematic/12. Source Recordings Distorted Synths/Sinematic - Source Recordings - Synth - Rectified Harsh_08.wav
Sound Morph - Sinematic.zip,Sound Morph - Sinematic/12. Source Recordings Distorted Synths/Sinematic - Source Recordings - Synth - Rectified Harsh_09.wav,1375758,87677114,OK,/volume1/主目录/Collection/素材&模板&音库/音效/03_项目素材/预告/Sound Morph - Sinematic/12. Source Recordings Distorted Synths/Sinematic - Source Recordings - Synth - Rectified Harsh_09.wav
Sound Morph - Sinematic.zip,Sound Morph - Sinematic/12. Source Recordings Distorted Synths/Sinematic - Source Recordings - Synth - Rectified Harsh_10.wav,2295752,2c94f63f,OK,/volume1/主目录/Collection/素材&模板&音库/音效/03_项目素材/预告/Sound Morph - Sinematic/12. Source Recordings Distorted Synths/Sinematic - Source Recordings - Synth - Rectified Harsh_10.wav
Sound Morph - Sinematic.zip,Sound Morph - Sinematic/12. Source Recordings Distorted Synths/Sinematic - Source Recordings - Synth - Rectified Harsh_11.wav,1491390,9f38ba8f,OK,/volume1/主目录/Collection/素材&模板&音库/音效/03_项目素材/预告/Sound Morph - Sinematic/12. Source Recordings Distorted Synths/Sinematic - Source Recordings - Synth - Rectified Harsh_11.wav
Sound Morph - Sinematic.zip,Sound Morph - Sinematic/12. Source Recordings Distorted Synths/Sinematic - Source Recordings - Synth - Rectified Harsh_12.wav,1594710,e383af0c,OK,/volume1/主目录/Collection/素材&模板&音库/音效/03_项目素材/预告/Sound Morph - Sinematic/12. Source Recordings Distorted Synths/Sinematic - Source Recordings - Synth - Rectified Harsh_12.wav
Sound Morph - Sinematic.zip,Sound Morph - Sinematic/12. Source Recordings Distorted Synths/Sinematic - Source Recordings - Synth - Rectified Harsh_13.wav,1718744,60e37b9c,OK,/volume1/主目录/Collection/素材&模板&音库/音效/03_项目素材/预告/Sound Morph - Sinematic/12. Source Recordings Distorted Synths/Sinematic - Source Recordings - Synth - Rectified Harsh_13.wav
Sound Morph - Sinematic.zip,Sound Morph - Sinematic/12. Source Recordings Distorted Synths/Sinematic - Source Recordings - Synth - Rectified Harsh_14.wav,2188890,2d6e5e7c,OK,/volume1/主目录/Collection/素材&模板&音库/音效/03_项目素材/预告/Sound Morph - Sinematic/12. Source Recordings Distorted Synths/Sinematic - Source Recordings - Synth - Rectified Harsh_14.wav
Sound Morph - Sinematic.zip,Sound Morph - Sinematic/12. Source Recordings Distorted Synths/Sinematic - Source Recordings - Synth - Rectified Harsh_15.wav,2420286,6c5ea6ac,OK,/volume1/主目录/Collection/素材&模板&音库/音效/03_项目素材/预告/Sound Morph - Sinematic/12. Source Recordings Distorted Synths/Sinematic - Source Recordings - Synth - Rectified Harsh_15.wav
Sound Morph - Sinematic.zip,Sound Morph - Sinematic/13. Source Recordings Impacts Synthesized/Sinematic - Source Recordings - Impact Synths - Comb Filter Resonance.wav,33806878,ce34bf53,OK,/volume1/主目录/Collection/素材&模板&音库/音效/03_项目素材/预告/Sound Morph - Sinematic/13. Source Recordings Impacts Synthesized/Sinematic - Source Recordings - Impact Synths - Comb Filter Resonance.wav
Sound Morph - Sinematic.zip,Sound Morph - Sinematic/13. Source Recordings Impacts Synthesized/Sinematic - Source Recordings - Impact Synths - FM Drum Dissonant.wav,14557836,dd435fa6,OK,/volume1/主目录/Collection/素材&模板&音库/音效/03_项目素材/预告/Sound Morph - Sinematic/13. Source Recordings Impacts Synthesized/Sinematic - Source Recordings - Impact Synths - FM Drum Dissonant.wav
Sound Morph - Sinematic.zip,Sound Morph - Sinematic/13. Source Recordings Impacts Synthesized/Sinematic - Source Recordings - Impact Synths - FM Drum Subby.wav,22457276,bc601013,OK,/volume1/主目录/Collection/素材&模板&音库/音效/03_项目素材/预告/Sound Morph - Sinematic/13. Source Recordings Impacts Synthesized/Sinematic - Source Recordings - Impact Synths - FM Drum Subby.wav
Sound Morph - Sinematic.zip,Sound Morph - Sinematic/13. Source Recordings Impacts Synthesized/Sinematic - Source Recordings - Impact Synths - FM Drum.wav,17296030,6c08ce69,OK,/volume1/主目录/Collection/素材&模板&音库/音效/03_项目素材/预告/Sound Morph - Sinematic/13. Source Recordings Impacts Synthesized/Sinematic - Source Recordings - Impact Synths - FM Drum.wav
Sound Morph - Sinematic.zip,Sound Morph - Sinematic/13. Source Recordings Impacts Synthesized/Sinematic - Source Recordings - Impact Synths - Low n Sweet.wav,5615790,6a7147fb,OK,/volume1/主目录/Collection/素材&模板&音库/音效/03_项目素材/预告/Sound Morph - Sinematic/13. Source Recordings Impacts Synthesized/Sinematic - Source Recordings - Impact Synths - Low n Sweet.wav
Sound Morph - Sinematic.zip,Sound Morph - Sinematic/13. Source Recordings Impacts Synthesized/Sinematic - Source Recordings - Impact Synths - Sci fi Blast 001.wav,58569932,57c3645d,OK,/volume1/主目录/Collection/素材&模板&音库/音效/03_项目素材/预告/Sound Morph - Sinematic/13. Source Recordings Impacts Synthesized/Sinematic - Source Recordings - Impact Synths - Sci fi Blast 001.wav
Sound Morph - Sinematic.zip,Sound Morph - Sinematic/13. Source Recordings Impacts Synthesized/Sinematic - Source Recordings - Impact Synths - Sci fi Blast 002.wav,16104836,594362ad,OK,/volume1/主目录/Collection/素材&模板&音库/音效/03_项目素材/预告/Sound Morph - Sinematic/13. Source Recordings Impacts Synthesized/Sinematic - Source Recordings - Impact Synths - Sci fi Blast 002.wav
Sound Morph - Sinematic.zip,Sound Morph - Sinematic/13. Source Recordings Impacts Synthesized/Sinematic - Source Recordings - Impact Synths - Synthesized CleanVerb 001.wav,52832488,63fc9da6,OK,/volume1/主目录/Collection/素材&模板&音库/音效/03_项目素材/预告/Sound Morph - Sinematic/13. Source Recordings Impacts Synthesized/Sinematic - Source Recordings - Impact Synths - Synthesized CleanVerb 001.wav
Sound Morph - Sinematic.zip,Sound Morph - Sinematic/13. Source Recordings Impacts Synthesized/Sinematic - Source Recordings - Impact Synths - Synthesized CleanVerb 002.wav,42109474,6eba3a58,OK,/volume1/主目录/Collection/素材&模板&音库/音效/03_项目素材/预告/Sound Morph - Sinematic/13. Source Recordings Impacts Synthesized/Sinematic - Source Recordings - Impact Synths - Synthesized CleanVerb 002.wav
Sound Morph - Sinematic.zip,Sound Morph - Sinematic/13. Source Recordings Impacts Synthesized/Sinematic - Source Recordings - Impact Synths - Synthesized CleanVerb 003.wav,14763718,c880848e,OK,/volume1/主目录/Collection/素材&模板&音库/音效/03_项目素材/预告/Sound Morph - Sinematic/13. Source Recordings Impacts Synthesized/Sinematic - Source Recordings - Impact Synths - Synthesized CleanVerb 003.wav
Sound Morph - Sinematic.zip,Sound Morph - Sinematic/13. Source Recordings Impacts Synthesized/Sinematic - Source Recordings - Impact Synths - Taiko Drum.wav,37927880,20d4adc7,OK,/volume1/主目录/Collection/素材&模板&音库/音效/03_项目素材/预告/Sound Morph - Sinematic/13. Source Recordings Impacts Synthesized/Sinematic - Source Recordings - Impact Synths - Taiko Drum.wav
Sound Morph - Sinematic.zip,Sound Morph - Sinematic/13. Source Recordings Impacts Synthesized/Sinematic - Source Recordings - Impact Synths - Tom Large.wav,28711560,41cfa410,OK,/volume1/主目录/Collection/素材&模板&音库/音效/03_项目素材/预告/Sound Morph - Sinematic/13. Source Recordings Impacts Synthesized/Sinematic - Source Recordings - Impact Synths - Tom Large.wav
Sound Morph - Sinematic.zip,Sound Morph - Sinematic/13. Source Recordings Impacts Synthesized/Sinematic - Source Recordings - Impact Synths - Tonal Wobble.wav,56029772,b456f34e,OK,/volume1/主目录/Collection/素材&模板&音库/音效/03_项目素材/预告/Sound Morph - Sinematic/13. Source Recordings Impacts Synthesized/Sinematic - Source Recordings - Impact Synths - Tonal Wobble.wav
Sound Morph - Sinematic.zip,Sound Morph - Sinematic/14. Source Recordings Metal/Sinematic - Source Recordings - Metal Booms with Debris.WAV,32617678,ac444653,OK,/volume1/主目录/Collection/素材&模板&音库/音效/03_项目素材/预告/Sound Morph - Sinematic/14. Source Recordings Metal/Sinematic - Source Recordings - Metal Booms with Debris.WAV
Sound Morph - Sinematic.zip,Sound Morph - Sinematic/14. Source Recordings Metal/Sinematic - Source Recordings - Metal Container Rocking.WAV,14628448,466cc8f3,OK,/volume1/主目录/Collection/素材&模板&音库/音效/03_项目素材/预告/Sound Morph - Sinematic/14. Source Recordings Metal/Sinematic - Source Recordings - Metal Container Rocking.WAV
Sound Morph - Sinematic.zip,Sound Morph - Sinematic/14. Source Recordings Metal/Sinematic - Source Recordings - Metal Garbage Lid Slams.wav,3122968,7a3246f5,OK,/volume1/主目录/Collection/素材&模板&音库/音效/03_项目素材/预告/Sound Morph - Sinematic/14. Source Recordings Metal/Sinematic - Source Recordings - Metal Garbage Lid Slams.wav
Sound Morph - Sinematic.zip,Sound Morph - Sinematic/14. Source Recordings Metal/Sinematic - Source Recordings - Metal Hits Light.WAV,13257652,305ec712,OK,/volume1/主目录/Collection/素材&模板&音库/音效/03_项目素材/预告/Sound Morph - Sinematic/14. Source Recordings Metal/Sinematic - Source Recordings - Metal Hits Light.WAV
Sound Morph - Sinematic.zip,Sound Morph - Sinematic/14. Source Recordings Metal/Sinematic - Source Recordings - Metal Light Booms_01.wav,10342934,17e1ed65,OK,/volume1/主目录/Collection/素材&模板&音库/音效/03_项目素材/预告/Sound Morph - Sinematic/14. Source Recordings Metal/Sinematic - Source Recordings - Metal Light Booms_01.wav
Sound Morph - Sinematic.zip,Sound Morph - Sinematic/14. Source Recordings Metal/Sinematic - Source Recordings - Metal Light Booms_02.wav,11168414,5789eadd,OK,/volume1/主目录/Collection/素材&模板&音库/音效/03_项目素材/预告/Sound Morph - Sinematic/14. Source Recordings Metal/Sinematic - Source Recordings - Metal Light Booms_02.wav
Sound Morph - Sinematic.zip,Sound Morph - Sinematic/14. Source Recordings Metal/Sinematic - Source Recordings - Metal Resonant Hits.WAV,46481906,4616476c,OK,/volume1/主目录/Collection/素材&模板&音库/音效/03_项目素材/预告/Sound Morph - Sinematic/14. Source Recordings Metal/Sinematic - Source Recordings - Metal Resonant Hits.WAV
Sound Morph - Sinematic.zip,Sound Morph - Sinematic/15. Source Recordings Various/Sinematic - Source Recordings - Door Slams.wav,4180512,b42637d0,OK,/volume1/主目录/Collection/素材&模板&音库/音效/03_项目素材/预告/Sound Morph - Sinematic/15. Source Recordings Various/Sinematic - Source Recordings - Door Slams.wav
Sound Morph - Sinematic.zip,Sound Morph - Sinematic/15. Source Recordings Various/Sinematic - Source Recordings - Tape Duct Rips.wav,7946658,ef0a8b5b,OK,/volume1/主目录/Collection/素材&模板&音库/音效/03_项目素材/预告/Sound Morph - Sinematic/15. Source Recordings Various/Sinematic - Source Recordings - Tape Duct Rips.wav
Sound Morph - Sinematic.zip,Sound Morph - Sinematic/15. Source Recordings Various/Sinematic - Source Recordings - Tape Flutter.wav,4941104,97d2319e,OK,/volume1/主目录/Collection/素材&模板&音库/音效/03_项目素材/预告/Sound Morph - Sinematic/15. Source Recordings Various/Sinematic - Source Recordings - Tape Flutter.wav
Sound Morph - Sinematic.zip,Sound Morph - Sinematic/16. Source Recordings Robo Synths/Sinematic - Source Recordings - Robo Synths - Belchy Verb Robo_01.wav,7831604,084574f7,OK,/volume1/主目录/Collection/素材&模板&音库/音效/03_项目素材/预告/Sound Morph - Sinematic/16. Source Recordings Robo Synths/Sinematic - Source Recordings - Robo Synths - Belchy Verb Robo_01.wav
Sound Morph - Sinematic.zip,Sound Morph - Sinematic/16. Source Recordings Robo Synths/Sinematic - Source Recordings - Robo Synths - Belchy Verb Robo_02.wav,6819248,3a7660f6,OK,/volume1/主目录/Collection/素材&模板&音库/音效/03_项目素材/预告/Sound Morph - Sinematic/16. Source Recordings Robo Synths/Sinematic - Source Recordings - Robo Synths - Belchy Verb Robo_02.wav
Sound Morph - Sinematic.zip,Sound Morph - Sinematic/16. Source Recordings Robo Synths/Sinematic - Source Recordings - Robo Synths - Glassy Robo_01.wav,2782274,60383907,OK,/volume1/主目录/Collection/素材&模板&音库/音效/03_项目素材/预告/Sound Morph - Sinematic/16. Source Recordings Robo Synths/Sinematic - Source Recordings - Robo Synths - Glassy Robo_01.wav
Sound Morph - Sinematic.zip,Sound Morph - Sinematic/16. Source Recordings Robo Synths/Sinematic - Source Recordings - Robo Synths - Glassy Robo_02.wav,3912408,59d42190,OK,/volume1/主目录/Collection/素材&模板&音库/音效/03_项目素材/预告/Sound Morph - Sinematic/16. Source Recordings Robo Synths/Sinematic - Source Recordings - Robo Synths - Glassy Robo_02.wav
Sound Morph - Sinematic.zip,Sound Morph - Sinematic/16. Source Recordings Robo Synths/Sinematic - Source Recordings - Robo Synths - Glassy Robo_03.wav,2931736,713e3913,OK,/volume1/主目录/Collection/素材&模板&音库/音效/03_项目素材/预告/Sound Morph - Sinematic/16. Source Recordings Robo Synths/Sinematic - Source Recordings - Robo Synths - Glassy Robo_03.wav
Sound Morph - Sinematic.zip,Sound Morph - Sinematic/16. Source Recordings Robo Synths/Sinematic - Source Recordings - Robo Synths - Glassy Robo_04.wav,2366046,8c648628,OK,/volume1/主目录/Collection/素材&模板&音库/音效/03_项目素材/预告/Sound Morph - Sinematic/16. Source Recordings Robo Synths/Sinematic - Source Recordings - Robo Synths - Glassy Robo_04.wav
Sound Morph - Sinematic.zip,Sound Morph - Sinematic/16. Source Recordings Robo Synths/Sinematic - Source Recordings - Robo Synths - Glassy Robo_05.wav,2978114,403ebb1f,OK,/volume1/主目录/Collection/素材&模板&音库/音效/03_项目素材/预告/Sound Morph - Sinematic/16. Source Recordings Robo Synths/Sinematic - Source Recordings - Robo Synths - Glassy Robo_05.wav
Sound Morph - Sinematic.zip,Sound Morph - Sinematic/16. Source Recordings Robo Synths/Sinematic - Source Recordings - Robo Synths - Glassy Robo_06.wav,8795956,1cd7c637,OK,/volume1/主目录/Collection/素材&模板&音库/音效/03_项目素材/预告/Sound Morph - Sinematic/16. Source Recordings Robo Synths/Sinematic - Source Recordings - Robo Synths - Glassy Robo_06.wav
Sound Morph - Sinematic.zip,Sound Morph - Sinematic/16. Source Recordings Robo Synths/Sinematic - Source Recordings - Robo Synths - Glassy Robo_07.wav,7204580,1ea97305,OK,/volume1/主目录/Collection/素材&模板&音库/音效/03_项目素材/预告/Sound Morph - Sinematic/16. Source Recordings Robo Synths/Sinematic - Source Recordings - Robo Synths - Glassy Robo_07.wav
Sound Morph - Sinematic.zip,Sound Morph - Sinematic/16. Source Recordings Robo Synths/Sinematic - Source Recordings - Robo Synths - Growly Robo_01.wav,1389336,cb682806,OK,/volume1/主目录/Collection/素材&模板&音库/音效/03_项目素材/预告/Sound Morph - Sinematic/16. Source Recordings Robo Synths/Sinematic - Source Recordings - Robo Synths - Growly Robo_01.wav
Sound Morph - Sinematic.zip,Sound Morph - Sinematic/16. Source Recordings Robo Synths/Sinematic - Source Recordings - Robo Synths - Growly Robo_02.wav,1247046,d6404868,OK,/volume1/主目录/Collection/素材&模板&音库/音效/03_项目素材/预告/Sound Morph - Sinematic/16. Source Recordings Robo Synths/Sinematic - Source Recordings - Robo Synths - Growly Robo_02.wav
Sound Morph - Sinematic.zip,Sound Morph - Sinematic/16. Source Recordings Robo Synths/Sinematic - Source Recordings - Robo Synths - Growly Robo_03.wav,1445388,ca0ac75f,OK,/volume1/主目录/Collection/素材&模板&音库/音效/03_项目素材/预告/Sound Morph - Sinematic/16. Source Recordings Robo Synths/Sinematic - Source Recordings - Robo Synths - Growly Robo_03.wav
Sound Morph - Sinematic.zip,Sound Morph - Sinematic/16. Source Recordings Robo Synths/Sinematic - Source Recordings - Robo Synths - Monster Robo_01.wav,3915562,34aeec3e,OK,/volume1/主目录/Collection/素材&模板&音库/音效/03_项目素材/预告/Sound Morph - Sinematic/16. Source Recordings Robo Synths/Sinematic - Source Recordings - Robo Synths - Monster Robo_01.wav
Sound Morph - Sinematic.zip,Sound Morph - Sinematic/16. Source Recordings Robo Synths/Sinematic - Source Recordings - Robo Synths - Monster Robo_02.wav,1986134,23c74cb6,OK,/volume1/主目录/Collection/素材&模板&音库/音效/03_项目素材/预告/Sound Morph - Sinematic/16. Source Recordings Robo Synths/Sinematic - Source Recordings - Robo Synths - Monster Robo_02.wav
Sound Morph - Sinematic.zip,Sound Morph - Sinematic/16. Source Recordings Robo Synths/Sinematic - Source Recordings - Robo Synths - Monster Robo_03.wav,2089364,720bcfac,OK,/volume1/主目录/Collection/素材&模板&音库/音效/03_项目素材/预告/Sound Morph - Sinematic/16. Source Recordings Robo Synths/Sinematic - Source Recordings - Robo Synths - Monster Robo_03.wav
Sound Morph - Sinematic.zip,Sound Morph - Sinematic/16. Source Recordings Robo Synths/Sinematic - Source Recordings - Robo Synths - Monster Robo_04.wav,3489974,dd804c1a,OK,/volume1/主目录/Collection/素材&模板&音库/音效/03_项目素材/预告/Sound Morph - Sinematic/16. Source Recordings Robo Synths/Sinematic - Source Recordings - Robo Synths - Monster Robo_04.wav
Sound Morph - Sinematic.zip,Sound Morph - Sinematic/16. Source Recordings Robo Synths/Sinematic - Source Recordings - Robo Synths - Monster Robo_05.wav,2342254,605a3fae,OK,/volume1/主目录/Collection/素材&模板&音库/音效/03_项目素材/预告/Sound Morph - Sinematic/16. Source Recordings Robo Synths/Sinematic - Source Recordings - Robo Synths - Monster Robo_05.wav
Sound Morph - Sinematic.zip,Sound Morph - Sinematic/16. Source Recordings Robo Synths/Sinematic - Source Recordings - Robo Synths - Monster Robo_06.wav,4099868,c3ecc96e,OK,/volume1/主目录/Collection/素材&模板&音库/音效/03_项目素材/预告/Sound Morph - Sinematic/16. Source Recordings Robo Synths/Sinematic - Source Recordings - Robo Synths - Monster Robo_06.wav
Sound Morph - Sinematic.zip,Sound Morph - Sinematic/16. Source Recordings Robo Synths/Sinematic - Source Recordings - Robo Synths - Monster Robo_07.wav,4002458,93920c90,OK,/volume1/主目录/Collection/素材&模板&音库/音效/03_项目素材/预告/Sound Morph - Sinematic/16. Source Recordings Robo Synths/Sinematic - Source Recordings - Robo Synths - Monster Robo_07.wav
Sound Morph - Sinematic.zip,Sound Morph - Sinematic/16. Source Recordings Robo Synths/Sinematic - Source Recordings - Robo Synths - Monster Robo_08.wav,7334216,12ba37d9,OK,/volume1/主目录/Collection/素材&模板&音库/音效/03_项目素材/预告/Sound Morph - Sinematic/16. Source Recordings Robo Synths/Sinematic - Source Recordings - Robo Synths - Monster Robo_08.wav
Sound Morph - Sinematic.zip,Sound Morph - Sinematic/16. Source Recordings Robo Synths/Sinematic - Source Recordings - Robo Synths - Monster Robo_09.wav,13076564,e79496ad,OK,/volume1/主目录/Collection/素材&模板&音库/音效/03_项目素材/预告/Sound Morph - Sinematic/16. Source Recordings Robo Synths/Sinematic - Source Recordings - Robo Synths - Monster Robo_09.wav
Sound Morph - Sinematic.zip,Sound Morph - Sinematic/16. Source Recordings Robo Synths/Sinematic - Source Recordings - Robo Synths - Monster Robo_10.wav,9256296,09fa1a9c,OK,/volume1/主目录/Collection/素材&模板&音库/音效/03_项目素材/预告/Sound Morph - Sinematic/16. Source Recordings Robo Synths/Sinematic - Source Recordings - Robo Synths - Monster Robo_10.wav
Sound Morph - Sinematic.zip,Sound Morph - Sinematic/16. Source Recordings Robo Synths/Sinematic - Source Recordings - Robo Synths - Monster Robo_11.wav,9740012,a16b4a0b,OK,/volume1/主目录/Collection/素材&模板&音库/音效/03_项目素材/预告/Sound Morph - Sinematic/16. Source Recordings Robo Synths/Sinematic - Source Recordings - Robo Synths - Monster Robo_11.wav
Sound Morph - Sinematic.zip,Sound Morph - Sinematic/16. Source Recordings Robo Synths/Sinematic - Source Recordings - Robo Synths - Punchy Robo_01.wav,9090278,e95e6277,OK,/volume1/主目录/Collection/素材&模板&音库/音效/03_项目素材/预告/Sound Morph - Sinematic/16. Source Recordings Robo Synths/Sinematic - Source Recordings - Robo Synths - Punchy Robo_01.wav
Sound Morph - Sinematic.zip,Sound Morph - Sinematic/16. Source Recordings Robo Synths/Sinematic - Source Recordings - Robo Synths - Punchy Robo_02.wav,2733252,56e697af,OK,/volume1/主目录/Collection/素材&模板&音库/音效/03_项目素材/预告/Sound Morph - Sinematic/16. Source Recordings Robo Synths/Sinematic - Source Recordings - Robo Synths - Punchy Robo_02.wav
Sound Morph - Sinematic.zip,Sound Morph - Sinematic/16. Source Recordings Robo Synths/Sinematic - Source Recordings - Robo Synths - Punchy Robo_03.wav,2417044,0d15de45,OK,/volume1/主目录/Collection/素材&模板&音库/音效/03_项目素材/预告/Sound Morph - Sinematic/16. Source Recordings Robo Synths/Sinematic - Source Recordings - Robo Synths - Punchy Robo_03.wav
Sound Morph - Sinematic.zip,Sound Morph - Sinematic/16. Source Recordings Robo Synths/Sinematic - Source Recordings - Robo Synths - Punchy Robo_04.wav,3194880,4c198ae1,OK,/volume1/主目录/Collection/素材&模板&音库/音效/03_项目素材/预告/Sound Morph - Sinematic/16. Source Recordings Robo Synths/Sinematic - Source Recordings - Robo Synths - Punchy Robo_04.wav
Sound Morph - Sinematic.zip,Sound Morph - Sinematic/16. Source Recordings Robo Synths/Sinematic - Source Recordings - Robo Synths - Punchy Robo_05.wav,4371750,6420fc72,OK,/volume1/主目录/Collection/素材&模板&音库/音效/03_项目素材/预告/Sound Morph - Sinematic/16. Source Recordings Robo Synths/Sinematic - Source Recordings - Robo Synths - Punchy Robo_05.wav
Sound Morph - Sinematic.zip,Sound Morph - Sinematic/16. Source Recordings Robo Synths/Sinematic - Source Recordings - Robo Synths - Robo Scratching_01.wav,3691830,684813f1,OK,/volume1/主目录/Collection/素材&模板&音库/音效/03_项目素材/预告/Sound Morph - Sinematic/16. Source Recordings Robo Synths/Sinematic - Source Recordings - Robo Synths - Robo Scratching_01.wav
Sound Morph - Sinematic.zip,Sound Morph - Sinematic/16. Source Recordings Robo Synths/Sinematic - Source Recordings - Robo Synths - Stutter Robo_01.wav,3933742,fc3ac798,OK,/volume1/主目录/Collection/素材&模板&音库/音效/03_项目素材/预告/Sound Morph - Sinematic/16. Source Recordings Robo Synths/Sinematic - Source Recordings - Robo Synths - Stutter Robo_01.wav
Sound Morph - Sinematic.zip,Sound Morph - Sinematic/16. Source Recordings Robo Synths/Sinematic - Source Recordings - Robo Synths - Stutter Robo_02.wav,4721738,40532cd7,OK,/volume1/主目录/Collection/素材&模板&音库/音效/03_项目素材/预告/Sound Morph - Sinematic/16. Source Recordings Robo Synths/Sinematic - Source Recordings - Robo Synths - Stutter Robo_02.wav
Sound Morph - Sinematic.zip,Sound Morph - Sinematic/16. Source Recordings Robo Synths/Sinematic - Source Recordings - Robo Synths - Stutter Robo_03.wav,7645694,0ebbef1d,OK,/volume1/主目录/Collection/素材&模板&音库/音效/03_项目素材/预告/Sound Morph - Sinematic/16. Source Recordings Robo Synths/Sinematic - Source Recordings - Robo Synths - Stutter Robo_03.wav
Sound Morph - Sinematic.zip,Sound Morph - Sinematic/16. Source Recordings Robo Synths/Sinematic - Source Recordings - Robo Synths - Stutter Robo_04.wav,6779028,80434c5d,OK,/volume1/主目录/Collection/素材&模板&音库/音效/03_项目素材/预告/Sound Morph - Sinematic/16. Source Recordings Robo Synths/Sinematic - Source Recordings - Robo Synths - Stutter Robo_04.wav
Sound Morph - Sinematic.zip,Sound Morph - Sinematic/16. Source Recordings Robo Synths/Sinematic - Source Recordings - Robo Synths - Stutter Robo_05.wav,7469274,06fcdeb5,OK,/volume1/主目录/Collection/素材&模板&音库/音效/03_项目素材/预告/Sound Morph - Sinematic/16. Source Recordings Robo Synths/Sinematic - Source Recordings - Robo Synths - Stutter Robo_05.wav
Sound Morph - Sinematic.zip,Sound Morph - Sinematic/16. Source Recordings Robo Synths/Sinematic - Source Recordings - Robo Synths - Throaty Robo_01.wav,3139376,10a6f6a2,OK,/volume1/主目录/Collection/素材&模板&音库/音效/03_项目素材/预告/Sound Morph - Sinematic/16. Source Recordings Robo Synths/Sinematic - Source Recordings - Robo Synths - Throaty Robo_01.wav
Sound Morph - Sinematic.zip,Sound Morph - Sinematic/16. Source Recordings Robo Synths/Sinematic - Source Recordings - Robo Synths - Throaty Robo_02.wav,4104320,37b5f771,OK,/volume1/主目录/Collection/素材&模板&音库/音效/03_项目素材/预告/Sound Morph - Sinematic/16. Source Recordings Robo Synths/Sinematic - Source Recordings - Robo Synths - Throaty Robo_02.wav
Sound Morph - Sinematic.zip,Sound Morph - Sinematic/16. Source Recordings Robo Synths/Sinematic - Source Recordings - Robo Synths - Throaty Robo_03.wav,4923836,5a4b4911,OK,/volume1/主目录/Collection/素材&模板&音库/音效/03_项目素材/预告/Sound Morph - Sinematic/16. Source Recordings Robo Synths/Sinematic - Source Recordings - Robo Synths - Throaty Robo_03.wav
Sound Morph - Sinematic.zip,Sound Morph - Sinematic/16. Source Recordings Robo Synths/Sinematic - Source Recordings - Robo Synths - Throaty Robo_04.wav,1539994,a40decb4,OK,/volume1/主目录/Collection/素材&模板&音库/音效/03_项目素材/预告/Sound Morph - Sinematic/16. Source Recordings Robo Synths/Sinematic - Source Recordings - Robo Synths - Throaty Robo_04.wav
Sound Morph - Sinematic.zip,Sound Morph - Sinematic/16. Source Recordings Robo Synths/Sinematic - Source Recordings - Robo Synths - Throaty Robo_05.wav,1579676,8abea300,OK,/volume1/主目录/Collection/素材&模板&音库/音效/03_项目素材/预告/Sound Morph - Sinematic/16. Source Recordings Robo Synths/Sinematic - Source Recordings - Robo Synths - Throaty Robo_05.wav
Sound Morph - Sinematic.zip,Sound Morph - Sinematic/17. Source Recordings Bowed Cymbal/Sinematic - Bowed Cymbal - Dry_01.wav,13853600,3db5070f,OK,/volume1/主目录/Collection/素材&模板&音库/音效/03_项目素材/预告/Sound Morph - Sinematic/17. Source Recordings Bowed Cymbal/Sinematic - Bowed Cymbal - Dry_01.wav
Sound Morph - Sinematic.zip,Sound Morph - Sinematic/17. Source Recordings Bowed Cymbal/Sinematic - Bowed Cymbal - Dry_02.wav,6367680,c9c90439,OK,/volume1/主目录/Collection/素材&模板&音库/音效/03_项目素材/预告/Sound Morph - Sinematic/17. Source Recordings Bowed Cymbal/Sinematic - Bowed Cymbal - Dry_02.wav
Sound Morph - Sinematic.zip,Sound Morph - Sinematic/17. Source Recordings Bowed Cymbal/Sinematic - Bowed Cymbal - Dry_03.wav,9178016,b2b1b70f,OK,/volume1/主目录/Collection/素材&模板&音库/音效/03_项目素材/预告/Sound Morph - Sinematic/17. Source Recordings Bowed Cymbal/Sinematic - Bowed Cymbal - Dry_03.wav
Sound Morph - Sinematic.zip,Sound Morph - Sinematic/17. Source Recordings Bowed Cymbal/Sinematic - Bowed Cymbal - Dry_04.wav,8442984,97467e32,OK,/volume1/主目录/Collection/素材&模板&音库/音效/03_项目素材/预告/Sound Morph - Sinematic/17. Source Recordings Bowed Cymbal/Sinematic - Bowed Cymbal - Dry_04.wav
Sound Morph - Sinematic.zip,Sound Morph - Sinematic/17. Source Recordings Bowed Cymbal/Sinematic - Bowed Cymbal - Dry_05.wav,13273032,6b16ff9c,OK,/volume1/主目录/Collection/素材&模板&音库/音效/03_项目素材/预告/Sound Morph - Sinematic/17. Source Recordings Bowed Cymbal/Sinematic - Bowed Cymbal - Dry_05.wav
Sound Morph - Sinematic.zip,Sound Morph - Sinematic/17. Source Recordings Bowed Cymbal/Sinematic - Bowed Cymbal - Dry_06.wav,8510952,4d50c4ea,OK,/volume1/主目录/Collection/素材&模板&音库/音效/03_项目素材/预告/Sound Morph - Sinematic/17. Source Recordings Bowed Cymbal/Sinematic - Bowed Cymbal - Dry_06.wav
Sound Morph - Sinematic.zip,Sound Morph - Sinematic/17. Source Recordings Bowed Cymbal/Sinematic - Bowed Cymbal - Dry_07.wav,10950672,135894fe,OK,/volume1/主目录/Collection/素材&模板&音库/音效/03_项目素材/预告/Sound Morph - Sinematic/17. Source Recordings Bowed Cymbal/Sinematic - Bowed Cymbal - Dry_07.wav
Sound Morph - Sinematic.zip,Sound Morph - Sinematic/17. Source Recordings Bowed Cymbal/Sinematic - Bowed Cymbal - Dry_08.wav,6343000,65f3b693,OK,/volume1/主目录/Collection/素材&模板&音库/音效/03_项目素材/预告/Sound Morph - Sinematic/17. Source Recordings Bowed Cymbal/Sinematic - Bowed Cymbal - Dry_08.wav
Sound Morph - Sinematic.zip,Sound Morph - Sinematic/17. Source Recordings Bowed Cymbal/Sinematic - Bowed Cymbal - Fast Dry_01.wav,5743912,513441e3,OK,/volume1/主目录/Collection/素材&模板&音库/音效/03_项目素材/预告/Sound Morph - Sinematic/17. Source Recordings Bowed Cymbal/Sinematic - Bowed Cymbal - Fast Dry_01.wav
Sound Morph - Sinematic.zip,Sound Morph - Sinematic/17. Source Recordings Bowed Cymbal/Sinematic - Bowed Cymbal - Fast Dry_02.wav,6871128,b697fe64,OK,/volume1/主目录/Collection/素材&模板&音库/音效/03_项目素材/预告/Sound Morph - Sinematic/17. Source Recordings Bowed Cymbal/Sinematic - Bowed Cymbal - Fast Dry_02.wav
Sound Morph - Sinematic.zip,Sound Morph - Sinematic/17. Source Recordings Bowed Cymbal/Sinematic - Bowed Cymbal - Fast Dry_03.wav,7757432,59c5fabb,OK,/volume1/主目录/Collection/素材&模板&音库/音效/03_项目素材/预告/Sound Morph - Sinematic/17. Source Recordings Bowed Cymbal/Sinematic - Bowed Cymbal - Fast Dry_03.wav
Sound Morph - Sinematic.zip,Sound Morph - Sinematic/17. Source Recordings Bowed Cymbal/Sinematic - Bowed Cymbal - Fast Dry_04.wav,6602448,4bb82cf6,OK,/volume1/主目录/Collection/素材&模板&音库/音效/03_项目素材/预告/Sound Morph - Sinematic/17. Source Recordings Bowed Cymbal/Sinematic - Bowed Cymbal - Fast Dry_04.wav
Sound Morph - Sinematic.zip,Sound Morph - Sinematic/17. Source Recordings Bowed Cymbal/Sinematic - Bowed Cymbal - Fast Dry_05.wav,5308472,7c46b3e3,OK,/volume1/主目录/Collection/素材&模板&音库/音效/03_项目素材/预告/Sound Morph - Sinematic/17. Source Recordings Bowed Cymbal/Sinematic - Bowed Cymbal - Fast Dry_05.wav
Sound Morph - Sinematic.zip,Sound Morph - Sinematic/17. Source Recordings Bowed Cymbal/Sinematic - Bowed Cymbal - Fast Dry_06.wav,3915338,98a18b2c,OK,/volume1/主目录/Collection/素材&模板&音库/音效/03_项目素材/预告/Sound Morph - Sinematic/17. Source Recordings Bowed Cymbal/Sinematic - Bowed Cymbal - Fast Dry_06.wav
Sound Morph - Sinematic.zip,Sound Morph - Sinematic/17. Source Recordings Bowed Cymbal/Sinematic - Bowed Cymbal - Fast Dry_07.wav,3915338,a0c949fc,OK,/volume1/主目录/Collection/素材&模板&音库/音效/03_项目素材/预告/Sound Morph - Sinematic/17. Source Recordings Bowed Cymbal/Sinematic - Bowed Cymbal - Fast Dry_07.wav
Sound Morph - Sinematic.zip,Sound Morph - Sinematic/17. Source Recordings Bowed Cymbal/Sinematic - Bowed Cymbal - Proximity Dry_01.wav,8591288,6f04d409,OK,/volume1/主目录/Collection/素材&模板&音库/音效/03_项目素材/预告/Sound Morph - Sinematic/17. Source Recordings Bowed Cymbal/Sinematic - Bowed Cymbal - Proximity Dry_01.wav
Sound Morph - Sinematic.zip,Sound Morph - Sinematic/17. Source Recordings Bowed Cymbal/Sinematic - Bowed Cymbal - Proximity Dry_02.wav,9258352,72e19669,OK,/volume1/主目录/Collection/素材&模板&音库/音效/03_项目素材/预告/Sound Morph - Sinematic/17. Source Recordings Bowed Cymbal/Sinematic - Bowed Cymbal - Proximity Dry_02.wav
Sound Morph - Sinematic.zip,Sound Morph - Sinematic/17. Source Recordings Bowed Cymbal/Sinematic - Bowed Cymbal - Proximity Dry_03.wav,10333064,cef512f7,OK,/volume1/主目录/Collection/素材&模板&音库/音效/03_项目素材/预告/Sound Morph - Sinematic/17. Source Recordings Bowed Cymbal/Sinematic - Bowed Cymbal - Proximity Dry_03.wav
Sound Morph - Sinematic.zip,Sound Morph - Sinematic/17. Source Recordings Bowed Cymbal/Sinematic - Bowed Cymbal - Proximity Dry_04.wav,11210144,b599c424,OK,/volume1/主目录/Collection/素材&模板&音库/音效/03_项目素材/预告/Sound Morph - Sinematic/17. Source Recordings Bowed Cymbal/Sinematic - Bowed Cymbal - Proximity Dry_04.wav
Sound Morph - Sinematic.zip,Sound Morph - Sinematic/17. Source Recordings Bowed Cymbal/Sinematic - Bowed Cymbal - Proximity Dry_05.wav,11296592,65618bb6,OK,/volume1/主目录/Collection/素材&模板&音库/音效/03_项目素材/预告/Sound Morph - Sinematic/17. Source Recordings Bowed Cymbal/Sinematic - Bowed Cymbal - Proximity Dry_05.wav
Sound Morph - Sinematic.zip,Sound Morph - Sinematic/17. Source Recordings Bowed Cymbal/Sinematic - Bowed Cymbal - Proximity Dry_06.wav,9604256,a9696745,OK,/volume1/主目录/Collection/素材&模板&音库/音效/03_项目素材/预告/Sound Morph - Sinematic/17. Source Recordings Bowed Cymbal/Sinematic - Bowed Cymbal - Proximity Dry_06.wav
Sound Morph - Sinematic.zip,Sound Morph - Sinematic/17. Source Recordings Bowed Cymbal/Sinematic - Bowed Cymbal - Proximity Dry_07.wav,9134840,b9333d63,OK,/volume1/主目录/Collection/素材&模板&音库/音效/03_项目素材/预告/Sound Morph - Sinematic/17. Source Recordings Bowed Cymbal/Sinematic - Bowed Cymbal - Proximity Dry_07.wav
Sound Morph - Sinematic.zip,Sound Morph - Sinematic/17. Source Recordings Bowed Cymbal/Sinematic - Bowed Cymbal - Proximity Dry_08.wav,12581328,609f9a68,OK,/volume1/主目录/Collection/素材&模板&音库/音效/03_项目素材/预告/Sound Morph - Sinematic/17. Source Recordings Bowed Cymbal/Sinematic - Bowed Cymbal - Proximity Dry_08.wav
Sound Morph - Sinematic.zip,Sound Morph - Sinematic/17. Source Recordings Bowed Cymbal/Sinematic - Bowed Cymbal - Proximity Dry_09.wav,11654856,81934c1d,OK,/volume1/主目录/Collection/素材&模板&音库/音效/03_项目素材/预告/Sound Morph - Sinematic/17. Source Recordings Bowed Cymbal/Sinematic - Bowed Cymbal - Proximity Dry_09.wav
Sound Morph - Sinematic.zip,Sound Morph - Sinematic/17. Source Recordings Bowed Cymbal/Sinematic - Bowed Cymbal - Proximity Dry_10.wav,8702464,69960ac7,OK,/volume1/主目录/Collection/素材&模板&音库/音效/03_项目素材/预告/Sound Morph - Sinematic/17. Source Recordings Bowed Cymbal/Sinematic - Bowed Cymbal - Proximity Dry_10.wav
Sound Morph - Sinematic.zip,Sound Morph - Sinematic/17. Source Recordings Bowed Cymbal/Sinematic - Bowed Cymbal - Proximity Dry_11.wav,9097784,5d438216,OK,/volume1/主目录/Collection/素材&模板&音库/音效/03_项目素材/预告/Sound Morph - Sinematic/17. Source Recordings Bowed Cymbal/Sinematic - Bowed Cymbal - Proximity Dry_11.wav
Sound Morph - Sinematic.zip,Sound Morph - Sinematic/17. Source Recordings Bowed Cymbal/Sinematic - Bowed Cymbal - Proximity Dry_12.wav,8405992,da0fdf8f,OK,/volume1/主目录/Collection/素材&模板&音库/音效/03_项目素材/预告/Sound Morph - Sinematic/17. Source Recordings Bowed Cymbal/Sinematic - Bowed Cymbal - Proximity Dry_12.wav
Sound Morph - Sinematic.zip,Sound Morph - Sinematic/17. Source Recordings Bowed Cymbal/Sinematic - Bowed Cymbal - Proximity Dry_13.wav,10098376,6a083f84,OK,/volume1/主目录/Collection/素材&模板&音库/音效/03_项目素材/预告/Sound Morph - Sinematic/17. Source Recordings Bowed Cymbal/Sinematic - Bowed Cymbal - Proximity Dry_13.wav
Sound Morph - Sinematic.zip,Sound Morph - Sinematic/17. Source Recordings Bowed Cymbal/Sinematic - Bowed Cymbal - Proximity Dry_14.wav,5675670,bf883d38,OK,/volume1/主目录/Collection/素材&模板&音库/音效/03_项目素材/预告/Sound Morph - Sinematic/17. Source Recordings Bowed Cymbal/Sinematic - Bowed Cymbal - Proximity Dry_14.wav
Sound Morph - Sinematic.zip,Sound Morph - Sinematic/17. Source Recordings Bowed Cymbal/Sinematic - Bowed Cymbal - Proximity Dry_15.wav,5601554,a4939c5e,OK,/volume1/主目录/Collection/素材&模板&音库/音效/03_项目素材/预告/Sound Morph - Sinematic/17. Source Recordings Bowed Cymbal/Sinematic - Bowed Cymbal - Proximity Dry_15.wav
Sound Morph - Sinematic.zip,Sound Morph - Sinematic/17. Source Recordings Bowed Cymbal/Sinematic - Bowed Cymbal - Proximity Dry_16.wav,5675670,48973baa,OK,/volume1/主目录/Collection/素材&模板&音库/音效/03_项目素材/预告/Sound Morph - Sinematic/17. Source Recordings Bowed Cymbal/Sinematic - Bowed Cymbal - Proximity Dry_16.wav
Sound Morph - Sinematic.zip,Sound Morph - Sinematic/17. Source Recordings Bowed Cymbal/Sinematic - Bowed Cymbal - Proximity Dry_17.wav,5601554,52ebc358,OK,/volume1/主目录/Collection/素材&模板&音库/音效/03_项目素材/预告/Sound Morph - Sinematic/17. Source Recordings Bowed Cymbal/Sinematic - Bowed Cymbal - Proximity Dry_17.wav
Sound Morph - Sinematic.zip,Sound Morph - Sinematic/17. Source Recordings Bowed Cymbal/Sinematic - Bowed Cymbal - Roll Dry_01.wav,8974224,abcb308f,OK,/volume1/主目录/Collection/素材&模板&音库/音效/03_项目素材/预告/Sound Morph - Sinematic/17. Source Recordings Bowed Cymbal/Sinematic - Bowed Cymbal - Roll Dry_01.wav
Sound Morph - Sinematic.zip,Sound Morph - Sinematic/18. Source Recordings Whoosh/Sinematic - Source Recordings - Whoosh Bys - Granular Flame Whooshes.wav,47853324,6e14816f,OK,/volume1/主目录/Collection/素材&模板&音库/音效/03_项目素材/预告/Sound Morph - Sinematic/18. Source Recordings Whoosh/Sinematic - Source Recordings - Whoosh Bys - Granular Flame Whooshes.wav
Sound Morph - Sinematic.zip,Sound Morph - Sinematic/18. Source Recordings Whoosh/Sinematic - Source Recordings - Whoosh Bys - Horror Whooshes.wav,35390070,38107557,OK,/volume1/主目录/Collection/素材&模板&音库/音效/03_项目素材/预告/Sound Morph - Sinematic/18. Source Recordings Whoosh/Sinematic - Source Recordings - Whoosh Bys - Horror Whooshes.wav
Sound Morph - Sinematic.zip,Sound Morph - Sinematic/18. Source Recordings Whoosh/Sinematic - Source Recordings - Whoosh Bys - Robotic Tremlo_01.wav,51871750,ede60ffd,OK,/volume1/主目录/Collection/素材&模板&音库/音效/03_项目素材/预告/Sound Morph - Sinematic/18. Source Recordings Whoosh/Sinematic - Source Recordings - Whoosh Bys - Robotic Tremlo_01.wav
Sound Morph - Sinematic.zip,Sound Morph - Sinematic/18. Source Recordings Whoosh/Sinematic - Source Recordings - Whoosh Bys - Robotic Tremlo_02.wav,21967972,b7315fce,OK,/volume1/主目录/Collection/素材&模板&音库/音效/03_项目素材/预告/Sound Morph - Sinematic/18. Source Recordings Whoosh/Sinematic - Source Recordings - Whoosh Bys - Robotic Tremlo_02.wav
Sound Morph - Sinematic.zip,Sound Morph - Sinematic/18. Source Recordings Whoosh/Sinematic - Source Recordings - Whoosh Bys - Robotic Whoosh Field.wav,32158850,79a4a5d4,OK,/volume1/主目录/Collection/素材&模板&音库/音效/03_项目素材/预告/Sound Morph - Sinematic/18. Source Recordings Whoosh/Sinematic - Source Recordings - Whoosh Bys - Robotic Whoosh Field.wav
Sound Morph - Sinematic.zip,Sound Morph - Sinematic/18. Source Recordings Whoosh/Sinematic - Source Recordings - Whoosh Bys - Synthesized Whooshes_01.wav,53789658,38a25fa2,OK,/volume1/主目录/Collection/素材&模板&音库/音效/03_项目素材/预告/Sound Morph - Sinematic/18. Source Recordings Whoosh/Sinematic - Source Recordings - Whoosh Bys - Synthesized Whooshes_01.wav
Sound Morph - Sinematic.zip,Sound Morph - Sinematic/18. Source Recordings Whoosh/Sinematic - Source Recordings - Whoosh Bys - Synthesized Whooshes_02.wav,62173020,0b98723d,OK,/volume1/主目录/Collection/素材&模板&音库/音效/03_项目素材/预告/Sound Morph - Sinematic/18. Source Recordings Whoosh/Sinematic - Source Recordings - Whoosh Bys - Synthesized Whooshes_02.wav
Sound Morph - Sinematic.zip,Sound Morph - Sinematic/18. Source Recordings Whoosh/Sinematic - Source Recordings - Whoosh Bys - Synthesized Whooshes_03.wav,31021270,c2efa872,OK,/volume1/主目录/Collection/素材&模板&音库/音效/03_项目素材/预告/Sound Morph - Sinematic/18. Source Recordings Whoosh/Sinematic - Source Recordings - Whoosh Bys - Synthesized Whooshes_03.wav
Sound Morph - Sinematic.zip,Sound Morph - Sinematic/18. Source Recordings Whoosh/Sinematic - Source Recordings - Whoosh Bys - Tonal Whistle Whooshes.wav,23551016,1786905b,OK,/volume1/主目录/Collection/素材&模板&音库/音效/03_项目素材/预告/Sound Morph - Sinematic/18. Source Recordings Whoosh/Sinematic - Source Recordings - Whoosh Bys - Tonal Whistle Whooshes.wav
Sound Morph - Sinematic.zip,Sound Morph - Sinematic/18. Source Recordings Whoosh/Sinematic - Source Recordings - Whoosh Bys - Tonal Whoosh Field.wav,52488056,e038d384,OK,/volume1/主目录/Collection/素材&模板&音库/音效/03_项目素材/预告/Sound Morph - Sinematic/18. Source Recordings Whoosh/Sinematic - Source Recordings - Whoosh Bys - Tonal Whoosh Field.wav
Sound Morph - Sinematic.zip,Sound Morph - Sinematic/18. Source Recordings Whoosh/Sinematic - Source Recordings - Whoosh Bys - z Highway Pass_01.wav,9642488,cbf1cff8,OK,/volume1/主目录/Collection/素材&模板&音库/音效/03_项目素材/预告/Sound Morph - Sinematic/18. Source Recordings Whoosh/Sinematic - Source Recordings - Whoosh Bys - z Highway Pass_01.wav
Sound Morph - Sinematic.zip,Sound Morph - Sinematic/18. Source Recordings Whoosh/Sinematic - Source Recordings - Whoosh Bys - z Highway Pass_02.wav,2395926,ec51a471,OK,/volume1/主目录/Collection/素材&模板&音库/音效/03_项目素材/预告/Sound Morph - Sinematic/18. Source Recordings Whoosh/Sinematic - Source Recordings - Whoosh Bys - z Highway Pass_02.wav
Sound Morph - Sinematic.zip,Sound Morph - Sinematic/18. Source Recordings Whoosh/Sinematic - Source Recordings - Whoosh Bys - z Highway Pass_03.wav,1584520,bd80f760,OK,/volume1/主目录/Collection/素材&模板&音库/音效/03_项目素材/预告/Sound Morph - Sinematic/18. Source Recordings Whoosh/Sinematic - Source Recordings - Whoosh Bys - z Highway Pass_03.wav
Sound Morph - Sinematic.zip,Sound Morph - Sinematic/18. Source Recordings Whoosh/Sinematic - Source Recordings - Whoosh Bys - z Highway Pass_04.wav,2495630,9af7f7b0,OK,/volume1/主目录/Collection/素材&模板&音库/音效/03_项目素材/预告/Sound Morph - Sinematic/18. Source Recordings Whoosh/Sinematic - Source Recordings - Whoosh Bys - z Highway Pass_04.wav
Sound Morph - Sinematic.zip,Sound Morph - Sinematic/18. Source Recordings Whoosh/Sinematic - Source Recordings - Whoosh Bys - z Highway Pass_05.wav,2837478,020e868e,OK,/volume1/主目录/Collection/素材&模板&音库/音效/03_项目素材/预告/Sound Morph - Sinematic/18. Source Recordings Whoosh/Sinematic - Source Recordings - Whoosh Bys - z Highway Pass_05.wav
Sound Morph - Sinematic.zip,Sound Morph - Sinematic/18. Source Recordings Whoosh/Sinematic - Source Recordings - Whoosh Bys - z Highway Pass_06.wav,4324676,232ec5f4,OK,/volume1/主目录/Collection/素材&模板&音库/音效/03_项目素材/预告/Sound Morph - Sinematic/18. Source Recordings Whoosh/Sinematic - Source Recordings - Whoosh Bys - z Highway Pass_06.wav
Sound Morph - Sinematic.zip,Sound Morph - Sinematic/18. Source Recordings Whoosh/Sinematic - Source Recordings - Whoosh Bys - z Highway Pass_07.wav,1959448,130780ea,OK,/volume1/主目录/Collection/素材&模板&音库/音效/03_项目素材/预告/Sound Morph - Sinematic/18. Source Recordings Whoosh/Sinematic - Source Recordings - Whoosh Bys - z Highway Pass_07.wav
Sound Morph - Sinematic.zip,Sound Morph - Sinematic/18. Source Recordings Whoosh/Sinematic - Source Recordings - Whoosh Bys - z Highway Pass_08.wav,2014532,df84a2b1,OK,/volume1/主目录/Collection/素材&模板&音库/音效/03_项目素材/预告/Sound Morph - Sinematic/18. Source Recordings Whoosh/Sinematic - Source Recordings - Whoosh Bys - z Highway Pass_08.wav
Sound Morph - Sinematic.zip,Sound Morph - Sinematic/18. Source Recordings Whoosh/Sinematic - Source Recordings - Whoosh Bys - z Highway Pass_09.wav,5025978,f4693052,OK,/volume1/主目录/Collection/素材&模板&音库/音效/03_项目素材/预告/Sound Morph - Sinematic/18. Source Recordings Whoosh/Sinematic - Source Recordings - Whoosh Bys - z Highway Pass_09.wav
Sound Morph - Sinematic.zip,Sound Morph - Sinematic/18. Source Recordings Whoosh/Sinematic - Source Recordings - Whoosh Bys - z Highway Pass_10.wav,4355950,db30ee36,OK,/volume1/主目录/Collection/素材&模板&音库/音效/03_项目素材/预告/Sound Morph - Sinematic/18. Source Recordings Whoosh/Sinematic - Source Recordings - Whoosh Bys - z Highway Pass_10.wav
Sound Morph - Sinematic.zip,Sound Morph - Sinematic/18. Source Recordings Whoosh/Sinematic - Source Recordings - Whoosh Bys - z Highway Pass_11.wav,4868112,ad03cf7a,OK,/volume1/主目录/Collection/素材&模板&音库/音效/03_项目素材/预告/Sound Morph - Sinematic/18. Source Recordings Whoosh/Sinematic - Source Recordings - Whoosh Bys - z Highway Pass_11.wav
Sound Morph - Sinematic.zip,Sound Morph - Sinematic/18. Source Recordings Whoosh/Sinematic - Source Recordings - Whoosh Bys - z Highway Pass_12.wav,4687784,888fd934,OK,/volume1/主目录/Collection/素材&模板&音库/音效/03_项目素材/预告/Sound Morph - Sinematic/18. Source Recordings Whoosh/Sinematic - Source Recordings - Whoosh Bys - z Highway Pass_12.wav
Sound Morph - Sinematic.zip,Sound Morph - Sinematic/18. Source Recordings Whoosh/Sinematic - Source Recordings - Whoosh Bys - z Highway Pass_13.wav,4678520,7535ee69,OK,/volume1/主目录/Collection/素材&模板&音库/音效/03_项目素材/预告/Sound Morph - Sinematic/18. Source Recordings Whoosh/Sinematic - Source Recordings - Whoosh Bys - z Highway Pass_13.wav
Sound Morph - Sinematic.zip,Sound Morph - Sinematic/18. Source Recordings Whoosh/Sinematic - Source Recordings - Whoosh Bys - z Highway Pass_14.wav,2724728,0b57863a,OK,/volume1/主目录/Collection/素材&模板&音库/音效/03_项目素材/预告/Sound Morph - Sinematic/18. Source Recordings Whoosh/Sinematic - Source Recordings - Whoosh Bys - z Highway Pass_14.wav
Sound Morph - Sinematic.zip,Sound Morph - Sinematic/18. Source Recordings Whoosh/Sinematic - Source Recordings - Whoosh Bys - z Highway Pass_15.wav,5025978,db3a3dbc,OK,/volume1/主目录/Collection/素材&模板&音库/音效/03_项目素材/预告/Sound Morph - Sinematic/18. Source Recordings Whoosh/Sinematic - Source Recordings - Whoosh Bys - z Highway Pass_15.wav
Sound Morph - Sinematic.zip,Sound Morph - Sinematic/18. Source Recordings Whoosh/Sinematic - Source Recordings - Whoosh Bys - z Highway Pass_16.wav,5051336,59343cc0,OK,/volume1/主目录/Collection/素材&模板&音库/音效/03_项目素材/预告/Sound Morph - Sinematic/18. Source Recordings Whoosh/Sinematic - Source Recordings - Whoosh Bys - z Highway Pass_16.wav
Sound Morph - Sinematic.zip,Sound Morph - Sinematic/18. Source Recordings Whoosh/Sinematic - Source Recordings - Whoosh Bys - z Highway Pass_17.wav,9091742,77c0eaae,OK,/volume1/主目录/Collection/素材&模板&音库/音效/03_项目素材/预告/Sound Morph - Sinematic/18. Source Recordings Whoosh/Sinematic - Source Recordings - Whoosh Bys - z Highway Pass_17.wav
Sound Morph - Sinematic.zip,Sound Morph - Sinematic/18. Source Recordings Whoosh/Sinematic - Source Recordings - Whoosh Bys - z Highway Pass_18.wav,9642488,6c9ab7ec,OK,/volume1/主目录/Collection/素材&模板&音库/音效/03_项目素材/预告/Sound Morph - Sinematic/18. Source Recordings Whoosh/Sinematic - Source Recordings - Whoosh Bys - z Highway Pass_18.wav
Sound Morph - Sinematic.zip,Sound Morph - Sinematic/2. Sub Sonic Bass/Sinematic - Sub Sonic Bass Drops_01.wav,6422874,a55cbaad,OK,/volume1/主目录/Collection/素材&模板&音库/音效/03_项目素材/预告/Sound Morph - Sinematic/2. Sub Sonic Bass/Sinematic - Sub Sonic Bass Drops_01.wav
Sound Morph - Sinematic.zip,Sound Morph - Sinematic/2. Sub Sonic Bass/Sinematic - Sub Sonic Bass Drops_02.wav,7617988,8466da94,OK,/volume1/主目录/Collection/素材&模板&音库/音效/03_项目素材/预告/Sound Morph - Sinematic/2. Sub Sonic Bass/Sinematic - Sub Sonic Bass Drops_02.wav
Sound Morph - Sinematic.zip,Sound Morph - Sinematic/2. Sub Sonic Bass/Sinematic - Sub Sonic Bass Drops_03.wav,5562514,726b0686,OK,/volume1/主目录/Collection/素材&模板&音库/音效/03_项目素材/预告/Sound Morph - Sinematic/2. Sub Sonic Bass/Sinematic - Sub Sonic Bass Drops_03.wav
Sound Morph - Sinematic.zip,Sound Morph - Sinematic/2. Sub Sonic Bass/Sinematic - Sub Sonic Bass Drops_04.wav,4655076,dea0dc6e,OK,/volume1/主目录/Collection/素材&模板&音库/音效/03_项目素材/预告/Sound Morph - Sinematic/2. Sub Sonic Bass/Sinematic - Sub Sonic Bass Drops_04.wav
Sound Morph - Sinematic.zip,Sound Morph - Sinematic/2. Sub Sonic Bass/Sinematic - Sub Sonic Bass Drops_05.wav,7246522,725aab99,OK,/volume1/主目录/Collection/素材&模板&音库/音效/03_项目素材/预告/Sound Morph - Sinematic/2. Sub Sonic Bass/Sinematic - Sub Sonic Bass Drops_05.wav
Sound Morph - Sinematic.zip,Sound Morph - Sinematic/2. Sub Sonic Bass/Sinematic - Sub Sonic Bass Drops_06.wav,5373088,14f78003,OK,/volume1/主目录/Collection/素材&模板&音库/音效/03_项目素材/预告/Sound Morph - Sinematic/2. Sub Sonic Bass/Sinematic - Sub Sonic Bass Drops_06.wav
Sound Morph - Sinematic.zip,Sound Morph - Sinematic/2. Sub Sonic Bass/Sinematic - Sub Sonic Bass Drops_07.wav,4757806,1197c6d3,OK,/volume1/主目录/Collection/素材&模板&音库/音效/03_项目素材/预告/Sound Morph - Sinematic/2. Sub Sonic Bass/Sinematic - Sub Sonic Bass Drops_07.wav
Sound Morph - Sinematic.zip,Sound Morph - Sinematic/2. Sub Sonic Bass/Sinematic - Sub Sonic Bass Drops_08.wav,3942456,880ad6f5,OK,/volume1/主目录/Collection/素材&模板&音库/音效/03_项目素材/预告/Sound Morph - Sinematic/2. Sub Sonic Bass/Sinematic - Sub Sonic Bass Drops_08.wav
Sound Morph - Sinematic.zip,Sound Morph - Sinematic/2. Sub Sonic Bass/Sinematic - Sub Sonic Bass Drops_09.wav,3695614,899123b9,OK,/volume1/主目录/Collection/素材&模板&音库/音效/03_项目素材/预告/Sound Morph - Sinematic/2. Sub Sonic Bass/Sinematic - Sub Sonic Bass Drops_09.wav
Sound Morph - Sinematic.zip,Sound Morph - Sinematic/2. Sub Sonic Bass/Sinematic - Sub Sonic Bass Drops_10.wav,5513356,6f530265,OK,/volume1/主目录/Collection/素材&模板&音库/音效/03_项目素材/预告/Sound Morph - Sinematic/2. Sub Sonic Bass/Sinematic - Sub Sonic Bass Drops_10.wav
Sound Morph - Sinematic.zip,Sound Morph - Sinematic/2. Sub Sonic Bass/Sinematic - Sub Sonic Bass Drops_11.wav,6459550,9e78fb06,OK,/volume1/主目录/Collection/素材&模板&音库/音效/03_项目素材/预告/Sound Morph - Sinematic/2. Sub Sonic Bass/Sinematic - Sub Sonic Bass Drops_11.wav
Sound Morph - Sinematic.zip,Sound Morph - Sinematic/2. Sub Sonic Bass/Sinematic - Sub Sonic Bass Drops_12.wav,5976028,b643ff58,OK,/volume1/主目录/Collection/素材&模板&音库/音效/03_项目素材/预告/Sound Morph - Sinematic/2. Sub Sonic Bass/Sinematic - Sub Sonic Bass Drops_12.wav
Sound Morph - Sinematic.zip,Sound Morph - Sinematic/2. Sub Sonic Bass/Sinematic - Sub Sonic Bass Drops_13.wav,3895108,3a515897,OK,/volume1/主目录/Collection/素材&模板&音库/音效/03_项目素材/预告/Sound Morph - Sinematic/2. Sub Sonic Bass/Sinematic - Sub Sonic Bass Drops_13.wav
Sound Morph - Sinematic.zip,Sound Morph - Sinematic/2. Sub Sonic Bass/Sinematic - Sub Sonic Bass Drops_14.wav,4531246,15654404,OK,/volume1/主目录/Collection/素材&模板&音库/音效/03_项目素材/预告/Sound Morph - Sinematic/2. Sub Sonic Bass/Sinematic - Sub Sonic Bass Drops_14.wav
Sound Morph - Sinematic.zip,Sound Morph - Sinematic/2. Sub Sonic Bass/Sinematic - Sub Sonic Bass Drops_15.wav,5608756,da1b57fe,OK,/volume1/主目录/Collection/素材&模板&音库/音效/03_项目素材/预告/Sound Morph - Sinematic/2. Sub Sonic Bass/Sinematic - Sub Sonic Bass Drops_15.wav
Sound Morph - Sinematic.zip,Sound Morph - Sinematic/2. Sub Sonic Bass/Sinematic - Sub Sonic Bass Drops_16.wav,2049898,bf0620b9,OK,/volume1/主目录/Collection/素材&模板&音库/音效/03_项目素材/预告/Sound Morph - Sinematic/2. Sub Sonic Bass/Sinematic - Sub Sonic Bass Drops_16.wav
Sound Morph - Sinematic.zip,Sound Morph - Sinematic/2. Sub Sonic Bass/Sinematic - Sub Sonic Bass Drops_17.wav,1245434,5013a600,OK,/volume1/主目录/Collection/素材&模板&音库/音效/03_项目素材/预告/Sound Morph - Sinematic/2. Sub Sonic Bass/Sinematic - Sub Sonic Bass Drops_17.wav
Sound Morph - Sinematic.zip,Sound Morph - Sinematic/2. Sub Sonic Bass/Sinematic - Sub Sonic Bass Drops_18.wav,1885294,d4cdf29e,OK,/volume1/主目录/Collection/素材&模板&音库/音效/03_项目素材/预告/Sound Morph - Sinematic/2. Sub Sonic Bass/Sinematic - Sub Sonic Bass Drops_18.wav
Sound Morph - Sinematic.zip,Sound Morph - Sinematic/2. Sub Sonic Bass/Sinematic - Synth Drops_01.wav,12582448,39f1f7aa,OK,/volume1/主目录/Collection/素材&模板&音库/音效/03_项目素材/预告/Sound Morph - Sinematic/2. Sub Sonic Bass/Sinematic - Synth Drops_01.wav
Sound Morph - Sinematic.zip,Sound Morph - Sinematic/2. Sub Sonic Bass/Sinematic - Synth Drops_02.wav,7604450,32fa5f2d,OK,/volume1/主目录/Collection/素材&模板&音库/音效/03_项目素材/预告/Sound Morph - Sinematic/2. Sub Sonic Bass/Sinematic - Synth Drops_02.wav
Sound Morph - Sinematic.zip,Sound Morph - Sinematic/2. Sub Sonic Bass/Sinematic - Synth Drops_03.wav,8632750,322b528f,OK,/volume1/主目录/Collection/素材&模板&音库/音效/03_项目素材/预告/Sound Morph - Sinematic/2. Sub Sonic Bass/Sinematic - Synth Drops_03.wav
Sound Morph - Sinematic.zip,Sound Morph - Sinematic/2. Sub Sonic Bass/Sinematic - Synth Drops_04.wav,5140650,ed78042d,OK,/volume1/主目录/Collection/素材&模板&音库/音效/03_项目素材/预告/Sound Morph - Sinematic/2. Sub Sonic Bass/Sinematic - Synth Drops_04.wav
Sound Morph - Sinematic.zip,Sound Morph - Sinematic/2. Sub Sonic Bass/Sinematic - Synth Drops_05.wav,7169492,c8f45c54,OK,/volume1/主目录/Collection/素材&模板&音库/音效/03_项目素材/预告/Sound Morph - Sinematic/2. Sub Sonic Bass/Sinematic - Synth Drops_05.wav
Sound Morph - Sinematic.zip,Sound Morph - Sinematic/2. Sub Sonic Bass/Sinematic - Synth Drops_06.wav,3366454,443fe066,OK,/volume1/主目录/Collection/素材&模板&音库/音效/03_项目素材/预告/Sound Morph - Sinematic/2. Sub Sonic Bass/Sinematic - Synth Drops_06.wav
Sound Morph - Sinematic.zip,Sound Morph - Sinematic/3. Mega Horns/Sinematic - Mega Horns_01.wav,13224100,e011e8f3,OK,/volume1/主目录/Collection/素材&模板&音库/音效/03_项目素材/预告/Sound Morph - Sinematic/3. Mega Horns/Sinematic - Mega Horns_01.wav
Sound Morph - Sinematic.zip,Sound Morph - Sinematic/3. Mega Horns/Sinematic - Mega Horns_02.wav,11810986,252b7158,OK,/volume1/主目录/Collection/素材&模板&音库/音效/03_项目素材/预告/Sound Morph - Sinematic/3. Mega Horns/Sinematic - Mega Horns_02.wav
Sound Morph - Sinematic.zip,Sound Morph - Sinematic/3. Mega Horns/Sinematic - Mega Horns_03.wav,9838762,b2214699,OK,/volume1/主目录/Collection/素材&模板&音库/音效/03_项目素材/预告/Sound Morph - Sinematic/3. Mega Horns/Sinematic - Mega Horns_03.wav
Sound Morph - Sinematic.zip,Sound Morph - Sinematic/3. Mega Horns/Sinematic - Mega Horns_04.wav,8797316,00a2ba28,OK,/volume1/主目录/Collection/素材&模板&音库/音效/03_项目素材/预告/Sound Morph - Sinematic/3. Mega Horns/Sinematic - Mega Horns_04.wav
Sound Morph - Sinematic.zip,Sound Morph - Sinematic/3. Mega Horns/Sinematic - Mega Horns_05.wav,10225834,778747b2,OK,/volume1/主目录/Collection/素材&模板&音库/音效/03_项目素材/预告/Sound Morph - Sinematic/3. Mega Horns/Sinematic - Mega Horns_05.wav
Sound Morph - Sinematic.zip,Sound Morph - Sinematic/3. Mega Horns/Sinematic - Mega Horns_06.wav,11079850,1e84a2c6,OK,/volume1/主目录/Collection/素材&模板&音库/音效/03_项目素材/预告/Sound Morph - Sinematic/3. Mega Horns/Sinematic - Mega Horns_06.wav
Sound Morph - Sinematic.zip,Sound Morph - Sinematic/3. Mega Horns/Sinematic - Mega Horns_07.wav,9249906,e766473a,OK,/volume1/主目录/Collection/素材&模板&音库/音效/03_项目素材/预告/Sound Morph - Sinematic/3. Mega Horns/Sinematic - Mega Horns_07.wav
Sound Morph - Sinematic.zip,Sound Morph - Sinematic/3. Mega Horns/Sinematic - Mega Horns_08.wav,9620206,45dcec31,OK,/volume1/主目录/Collection/素材&模板&音库/音效/03_项目素材/预告/Sound Morph - Sinematic/3. Mega Horns/Sinematic - Mega Horns_08.wav
Sound Morph - Sinematic.zip,Sound Morph - Sinematic/3. Mega Horns/Sinematic - Mega Horns_09.wav,10113906,278a6d0e,OK,/volume1/主目录/Collection/素材&模板&音库/音效/03_项目素材/预告/Sound Morph - Sinematic/3. Mega Horns/Sinematic - Mega Horns_09.wav
Sound Morph - Sinematic.zip,Sound Morph - Sinematic/3. Mega Horns/Sinematic - Mega Horns_10.wav,8794282,2e77c03f,OK,/volume1/主目录/Collection/素材&模板&音库/音效/03_项目素材/预告/Sound Morph - Sinematic/3. Mega Horns/Sinematic - Mega Horns_10.wav
Sound Morph - Sinematic.zip,Sound Morph - Sinematic/3. Mega Horns/Sinematic - Mega Horns_11.wav,9867064,3cc543ed,OK,/volume1/主目录/Collection/素材&模板&音库/音效/03_项目素材/预告/Sound Morph - Sinematic/3. Mega Horns/Sinematic - Mega Horns_11.wav
Sound Morph - Sinematic.zip,Sound Morph - Sinematic/3. Mega Horns/Sinematic - Mega Horns_12.wav,11264164,1b23f0cb,OK,/volume1/主目录/Collection/素材&模板&音库/音效/03_项目素材/预告/Sound Morph - Sinematic/3. Mega Horns/Sinematic - Mega Horns_12.wav
Sound Morph - Sinematic.zip,Sound Morph - Sinematic/3. Mega Horns/Sinematic - Mega Horns_13.wav,10188940,a0d53255,OK,/volume1/主目录/Collection/素材&模板&音库/音效/03_项目素材/预告/Sound Morph - Sinematic/3. Mega Horns/Sinematic - Mega Horns_13.wav
Sound Morph - Sinematic.zip,Sound Morph - Sinematic/3. Mega Horns/Sinematic - Mega Horns_14.wav,9387148,9f86059b,OK,/volume1/主目录/Collection/素材&模板&音库/音效/03_项目素材/预告/Sound Morph - Sinematic/3. Mega Horns/Sinematic - Mega Horns_14.wav
Sound Morph - Sinematic.zip,Sound Morph - Sinematic/3. Mega Horns/Sinematic - Mega Horns_15.wav,11304106,d35b2d17,OK,/volume1/主目录/Collection/素材&模板&音库/音效/03_项目素材/预告/Sound Morph - Sinematic/3. Mega Horns/Sinematic - Mega Horns_15.wav
Sound Morph - Sinematic.zip,Sound Morph - Sinematic/3. Mega Horns/Sinematic - Mega Horns_16.wav,8425636,62f090ad,OK,/volume1/主目录/Collection/素材&模板&音库/音效/03_项目素材/预告/Sound Morph - Sinematic/3. Mega Horns/Sinematic - Mega Horns_16.wav
Sound Morph - Sinematic.zip,Sound Morph - Sinematic/3. Mega Horns/Sinematic - Mega Horns_17.wav,8139064,10407d12,OK,/volume1/主目录/Collection/素材&模板&音库/音效/03_项目素材/预告/Sound Morph - Sinematic/3. Mega Horns/Sinematic - Mega Horns_17.wav
Sound Morph - Sinematic.zip,Sound Morph - Sinematic/3. Mega Horns/Sinematic - Mega Horns_18.wav,7870486,3d17e01c,OK,/volume1/主目录/Collection/素材&模板&音库/音效/03_项目素材/预告/Sound Morph - Sinematic/3. Mega Horns/Sinematic - Mega Horns_18.wav
Sound Morph - Sinematic.zip,Sound Morph - Sinematic/3. Mega Horns/Sinematic - Mega Horns_19.wav,5917308,48d8c4ee,OK,/volume1/主目录/Collection/素材&模板&音库/音效/03_项目素材/预告/Sound Morph - Sinematic/3. Mega Horns/Sinematic - Mega Horns_19.wav
Sound Morph - Sinematic.zip,Sound Morph - Sinematic/3. Mega Horns/Sinematic - Mega Horns_20.wav,12050040,af998932,OK,/volume1/主目录/Collection/素材&模板&音库/音效/03_项目素材/预告/Sound Morph - Sinematic/3. Mega Horns/Sinematic - Mega Horns_20.wav
Sound Morph - Sinematic.zip,Sound Morph - Sinematic/3. Mega Horns/Sinematic - Mega Horns_21.wav,11841906,cf58d8b3,OK,/volume1/主目录/Collection/素材&模板&音库/音效/03_项目素材/预告/Sound Morph - Sinematic/3. Mega Horns/Sinematic - Mega Horns_21.wav
Sound Morph - Sinematic.zip,Sound Morph - Sinematic/3. Mega Horns/Sinematic - Mega Horns_22.wav,11098312,55277d07,OK,/volume1/主目录/Collection/素材&模板&音库/音效/03_项目素材/预告/Sound Morph - Sinematic/3. Mega Horns/Sinematic - Mega Horns_22.wav
Sound Morph - Sinematic.zip,Sound Morph - Sinematic/3. Mega Horns/Sinematic - Mega Horns_23.wav,11581348,439940bf,OK,/volume1/主目录/Collection/素材&模板&音库/音效/03_项目素材/预告/Sound Morph - Sinematic/3. Mega Horns/Sinematic - Mega Horns_23.wav
Sound Morph - Sinematic.zip,Sound Morph - Sinematic/3. Mega Horns/Sinematic - Mega Horns_24.wav,3207386,b7ec4e85,OK,/volume1/主目录/Collection/素材&模板&音库/音效/03_项目素材/预告/Sound Morph - Sinematic/3. Mega Horns/Sinematic - Mega Horns_24.wav
Sound Morph - Sinematic.zip,Sound Morph - Sinematic/3. Mega Horns/Sinematic - Mega Horns_25.wav,2790486,4c7fe7bb,OK,/volume1/主目录/Collection/素材&模板&音库/音效/03_项目素材/预告/Sound Morph - Sinematic/3. Mega Horns/Sinematic - Mega Horns_25.wav
Sound Morph - Sinematic.zip,Sound Morph - Sinematic/3. Mega Horns/Sinematic - Mega Horns_26.wav,4658594,f06614f5,OK,/volume1/主目录/Collection/素材&模板&音库/音效/03_项目素材/预告/Sound Morph - Sinematic/3. Mega Horns/Sinematic - Mega Horns_26.wav
Sound Morph - Sinematic.zip,Sound Morph - Sinematic/4. Hits and Impacts/Sinematic - Hits and Impacts - a Sci-fi_01.wav,4744164,4b3da6a7,OK,/volume1/主目录/Collection/素材&模板&音库/音效/03_项目素材/预告/Sound Morph - Sinematic/4. Hits and Impacts/Sinematic - Hits and Impacts - a Sci-fi_01.wav
Sound Morph - Sinematic.zip,Sound Morph - Sinematic/4. Hits and Impacts/Sinematic - Hits and Impacts - a Sci-fi_02.wav,8946498,04eac1f9,OK,/volume1/主目录/Collection/素材&模板&音库/音效/03_项目素材/预告/Sound Morph - Sinematic/4. Hits and Impacts/Sinematic - Hits and Impacts - a Sci-fi_02.wav
Sound Morph - Sinematic.zip,Sound Morph - Sinematic/4. Hits and Impacts/Sinematic - Hits and Impacts - a Sci-fi_03.wav,5582702,37248afa,OK,/volume1/主目录/Collection/素材&模板&音库/音效/03_项目素材/预告/Sound Morph - Sinematic/4. Hits and Impacts/Sinematic - Hits and Impacts - a Sci-fi_03.wav
Sound Morph - Sinematic.zip,Sound Morph - Sinematic/4. Hits and Impacts/Sinematic - Hits and Impacts - a Sci-fi_04.wav,4905282,a0e015b3,OK,/volume1/主目录/Collection/素材&模板&音库/音效/03_项目素材/预告/Sound Morph - Sinematic/4. Hits and Impacts/Sinematic - Hits and Impacts - a Sci-fi_04.wav
Sound Morph - Sinematic.zip,Sound Morph - Sinematic/4. Hits and Impacts/Sinematic - Hits and Impacts - a Sci-fi_05.wav,2399790,22375442,OK,/volume1/主目录/Collection/素材&模板&音库/音效/03_项目素材/预告/Sound Morph - Sinematic/4. Hits and Impacts/Sinematic - Hits and Impacts - a Sci-fi_05.wav
Sound Morph - Sinematic.zip,Sound Morph - Sinematic/4. Hits and Impacts/Sinematic - Hits and Impacts - a Sci-fi_06.wav,4436358,eae2095a,OK,/volume1/主目录/Collection/素材&模板&音库/音效/03_项目素材/预告/Sound Morph - Sinematic/4. Hits and Impacts/Sinematic - Hits and Impacts - a Sci-fi_06.wav
Sound Morph - Sinematic.zip,Sound Morph - Sinematic/4. Hits and Impacts/Sinematic - Hits and Impacts - a Sci-fi_07.wav,2687268,f574b4fc,OK,/volume1/主目录/Collection/素材&模板&音库/音效/03_项目素材/预告/Sound Morph - Sinematic/4. Hits and Impacts/Sinematic - Hits and Impacts - a Sci-fi_07.wav
Sound Morph - Sinematic.zip,Sound Morph - Sinematic/4. Hits and Impacts/Sinematic - Hits and Impacts - a Sci-fi_08.wav,5325924,473a5950,OK,/volume1/主目录/Collection/素材&模板&音库/音效/03_项目素材/预告/Sound Morph - Sinematic/4. Hits and Impacts/Sinematic - Hits and Impacts - a Sci-fi_08.wav
Sound Morph - Sinematic.zip,Sound Morph - Sinematic/4. Hits and Impacts/Sinematic - Hits and Impacts - a Sci-fi_09.wav,3105074,bdd25656,OK,/volume1/主目录/Collection/素材&模板&音库/音效/03_项目素材/预告/Sound Morph - Sinematic/4. Hits and Impacts/Sinematic - Hits and Impacts - a Sci-fi_09.wav
Sound Morph - Sinematic.zip,Sound Morph - Sinematic/4. Hits and Impacts/Sinematic - Hits and Impacts - Absolute Clean_01.wav,4236230,40cfc7b0,OK,/volume1/主目录/Collection/素材&模板&音库/音效/03_项目素材/预告/Sound Morph - Sinematic/4. Hits and Impacts/Sinematic - Hits and Impacts - Absolute Clean_01.wav
Sound Morph - Sinematic.zip,Sound Morph - Sinematic/4. Hits and Impacts/Sinematic - Hits and Impacts - Absolute Clean_02.wav,8037226,3a8de032,OK,/volume1/主目录/Collection/素材&模板&音库/音效/03_项目素材/预告/Sound Morph - Sinematic/4. Hits and Impacts/Sinematic - Hits and Impacts - Absolute Clean_02.wav
Sound Morph - Sinematic.zip,Sound Morph - Sinematic/4. Hits and Impacts/Sinematic - Hits and Impacts - Absolute Clean_03.wav,9838432,2c5c5fd0,OK,/volume1/主目录/Collection/素材&模板&音库/音效/03_项目素材/预告/Sound Morph - Sinematic/4. Hits and Impacts/Sinematic - Hits and Impacts - Absolute Clean_03.wav
Sound Morph - Sinematic.zip,Sound Morph - Sinematic/4. Hits and Impacts/Sinematic - Hits and Impacts - Absolute Clean_04.wav,4897014,9fdda48c,OK,/volume1/主目录/Collection/素材&模板&音库/音效/03_项目素材/预告/Sound Morph - Sinematic/4. Hits and Impacts/Sinematic - Hits and Impacts - Absolute Clean_04.wav
Sound Morph - Sinematic.zip,Sound Morph - Sinematic/4. Hits and Impacts/Sinematic - Hits and Impacts - Absolute Clean_05.wav,5238664,2ec00a8b,OK,/volume1/主目录/Collection/素材&模板&音库/音效/03_项目素材/预告/Sound Morph - Sinematic/4. Hits and Impacts/Sinematic - Hits and Impacts - Absolute Clean_05.wav
Sound Morph - Sinematic.zip,Sound Morph - Sinematic/4. Hits and Impacts/Sinematic - Hits and Impacts - Absolute Clean_06.wav,4683248,ef308903,OK,/volume1/主目录/Collection/素材&模板&音库/音效/03_项目素材/预告/Sound Morph - Sinematic/4. Hits and Impacts/Sinematic - Hits and Impacts - Absolute Clean_06.wav
Sound Morph - Sinematic.zip,Sound Morph - Sinematic/4. Hits and Impacts/Sinematic - Hits and Impacts - Absolute Clean_07.wav,3776804,83e92270,OK,/volume1/主目录/Collection/素材&模板&音库/音效/03_项目素材/预告/Sound Morph - Sinematic/4. Hits and Impacts/Sinematic - Hits and Impacts - Absolute Clean_07.wav
Sound Morph - Sinematic.zip,Sound Morph - Sinematic/4. Hits and Impacts/Sinematic - Hits and Impacts - Absolute Clean_08.wav,5278984,bf1584e5,OK,/volume1/主目录/Collection/素材&模板&音库/音效/03_项目素材/预告/Sound Morph - Sinematic/4. Hits and Impacts/Sinematic - Hits and Impacts - Absolute Clean_08.wav
Sound Morph - Sinematic.zip,Sound Morph - Sinematic/4. Hits and Impacts/Sinematic - Hits and Impacts - Absolute Clean_09.wav,5917500,6032ebc2,OK,/volume1/主目录/Collection/素材&模板&音库/音效/03_项目素材/预告/Sound Morph - Sinematic/4. Hits and Impacts/Sinematic - Hits and Impacts - Absolute Clean_09.wav
Sound Morph - Sinematic.zip,Sound Morph - Sinematic/4. Hits and Impacts/Sinematic - Hits and Impacts - Absolute Clean_10.wav,3757508,299de515,OK,/volume1/主目录/Collection/素材&模板&音库/音效/03_项目素材/预告/Sound Morph - Sinematic/4. Hits and Impacts/Sinematic - Hits and Impacts - Absolute Clean_10.wav
Sound Morph - Sinematic.zip,Sound Morph - Sinematic/4. Hits and Impacts/Sinematic - Hits and Impacts - Absolute Clean_11.wav,4701822,59711283,OK,/volume1/主目录/Collection/素材&模板&音库/音效/03_项目素材/预告/Sound Morph - Sinematic/4. Hits and Impacts/Sinematic - Hits and Impacts - Absolute Clean_11.wav
Sound Morph - Sinematic.zip,Sound Morph - Sinematic/4. Hits and Impacts/Sinematic - Hits and Impacts - Absolute Clean_12.wav,6655300,f940f228,OK,/volume1/主目录/Collection/素材&模板&音库/音效/03_项目素材/预告/Sound Morph - Sinematic/4. Hits and Impacts/Sinematic - Hits and Impacts - Absolute Clean_12.wav
Sound Morph - Sinematic.zip,Sound Morph - Sinematic/4. Hits and Impacts/Sinematic - Hits and Impacts - Absolute Clean_13.wav,5390432,fdf162b5,OK,/volume1/主目录/Collection/素材&模板&音库/音效/03_项目素材/预告/Sound Morph - Sinematic/4. Hits and Impacts/Sinematic - Hits and Impacts - Absolute Clean_13.wav
Sound Morph - Sinematic.zip,Sound Morph - Sinematic/4. Hits and Impacts/Sinematic - Hits and Impacts - Absolute Clean_14.wav,6223048,ed27f2a5,OK,/volume1/主目录/Collection/素材&模板&音库/音效/03_项目素材/预告/Sound Morph - Sinematic/4. Hits and Impacts/Sinematic - Hits and Impacts - Absolute Clean_14.wav
Sound Morph - Sinematic.zip,Sound Morph - Sinematic/4. Hits and Impacts/Sinematic - Hits and Impacts - Absolute Clean_15.wav,4376630,8a3790aa,OK,/volume1/主目录/Collection/素材&模板&音库/音效/03_项目素材/预告/Sound Morph - Sinematic/4. Hits and Impacts/Sinematic - Hits and Impacts - Absolute Clean_15.wav
Sound Morph - Sinematic.zip,Sound Morph - Sinematic/4. Hits and Impacts/Sinematic - Hits and Impacts - Absolute Clean_16.wav,6164936,36ff2dfd,OK,/volume1/主目录/Collection/素材&模板&音库/音效/03_项目素材/预告/Sound Morph - Sinematic/4. Hits and Impacts/Sinematic - Hits and Impacts - Absolute Clean_16.wav
Sound Morph - Sinematic.zip,Sound Morph - Sinematic/4. Hits and Impacts/Sinematic - Hits and Impacts - Absolute Clean_17.wav,2276894,d0c1efe5,OK,/volume1/主目录/Collection/素材&模板&音库/音效/03_项目素材/预告/Sound Morph - Sinematic/4. Hits and Impacts/Sinematic - Hits and Impacts - Absolute Clean_17.wav
Sound Morph - Sinematic.zip,Sound Morph - Sinematic/4. Hits and Impacts/Sinematic - Hits and Impacts - Classic Hit_01.wav,7891962,8291618f,OK,/volume1/主目录/Collection/素材&模板&音库/音效/03_项目素材/预告/Sound Morph - Sinematic/4. Hits and Impacts/Sinematic - Hits and Impacts - Classic Hit_01.wav
Sound Morph - Sinematic.zip,Sound Morph - Sinematic/4. Hits and Impacts/Sinematic - Hits and Impacts - Classic Hit_02.wav,3255832,5339f444,OK,/volume1/主目录/Collection/素材&模板&音库/音效/03_项目素材/预告/Sound Morph - Sinematic/4. Hits and Impacts/Sinematic - Hits and Impacts - Classic Hit_02.wav
Sound Morph - Sinematic.zip,Sound Morph - Sinematic/4. Hits and Impacts/Sinematic - Hits and Impacts - Distorted Heavy_01.wav,4113484,fe348477,OK,/volume1/主目录/Collection/素材&模板&音库/音效/03_项目素材/预告/Sound Morph - Sinematic/4. Hits and Impacts/Sinematic - Hits and Impacts - Distorted Heavy_01.wav
Sound Morph - Sinematic.zip,Sound Morph - Sinematic/4. Hits and Impacts/Sinematic - Hits and Impacts - Distorted Heavy_02.wav,4553236,35f5d234,OK,/volume1/主目录/Collection/素材&模板&音库/音效/03_项目素材/预告/Sound Morph - Sinematic/4. Hits and Impacts/Sinematic - Hits and Impacts - Distorted Heavy_02.wav
Sound Morph - Sinematic.zip,Sound Morph - Sinematic/4. Hits and Impacts/Sinematic - Hits and Impacts - Distorted Heavy_03.wav,5997840,9de122b9,OK,/volume1/主目录/Collection/素材&模板&音库/音效/03_项目素材/预告/Sound Morph - Sinematic/4. Hits and Impacts/Sinematic - Hits and Impacts - Distorted Heavy_03.wav
Sound Morph - Sinematic.zip,Sound Morph - Sinematic/4. Hits and Impacts/Sinematic - Hits and Impacts - Distorted Heavy_04.wav,6017638,19361d50,OK,/volume1/主目录/Collection/素材&模板&音库/音效/03_项目素材/预告/Sound Morph - Sinematic/4. Hits and Impacts/Sinematic - Hits and Impacts - Distorted Heavy_04.wav
Sound Morph - Sinematic.zip,Sound Morph - Sinematic/4. Hits and Impacts/Sinematic - Hits and Impacts - Distorted Heavy_05.wav,5677372,9aed9948,OK,/volume1/主目录/Collection/素材&模板&音库/音效/03_项目素材/预告/Sound Morph - Sinematic/4. Hits and Impacts/Sinematic - Hits and Impacts - Distorted Heavy_05.wav
Sound Morph - Sinematic.zip,Sound Morph - Sinematic/4. Hits and Impacts/Sinematic - Hits and Impacts - Distorted Heavy_06.wav,2568364,6c2b598f,OK,/volume1/主目录/Collection/素材&模板&音库/音效/03_项目素材/预告/Sound Morph - Sinematic/4. Hits and Impacts/Sinematic - Hits and Impacts - Distorted Heavy_06.wav
Sound Morph - Sinematic.zip,Sound Morph - Sinematic/4. Hits and Impacts/Sinematic - Hits and Impacts - Distorted Heavy_07.wav,925760,30695707,OK,/volume1/主目录/Collection/素材&模板&音库/音效/03_项目素材/预告/Sound Morph - Sinematic/4. Hits and Impacts/Sinematic - Hits and Impacts - Distorted Heavy_07.wav
Sound Morph - Sinematic.zip,Sound Morph - Sinematic/4. Hits and Impacts/Sinematic - Hits and Impacts - Le Exploder_01.wav,2666968,ed537475,OK,/volume1/主目录/Collection/素材&模板&音库/音效/03_项目素材/预告/Sound Morph - Sinematic/4. Hits and Impacts/Sinematic - Hits and Impacts - Le Exploder_01.wav
Sound Morph - Sinematic.zip,Sound Morph - Sinematic/4. Hits and Impacts/Sinematic - Hits and Impacts - Le Exploder_02.wav,1475432,5a135b35,OK,/volume1/主目录/Collection/素材&模板&音库/音效/03_项目素材/预告/Sound Morph - Sinematic/4. Hits and Impacts/Sinematic - Hits and Impacts - Le Exploder_02.wav
Sound Morph - Sinematic.zip,Sound Morph - Sinematic/4. Hits and Impacts/Sinematic - Hits and Impacts - Le Exploder_03.wav,1722452,63dd2b0d,OK,/volume1/主目录/Collection/素材&模板&音库/音效/03_项目素材/预告/Sound Morph - Sinematic/4. Hits and Impacts/Sinematic - Hits and Impacts - Le Exploder_03.wav
Sound Morph - Sinematic.zip,Sound Morph - Sinematic/4. Hits and Impacts/Sinematic - Hits and Impacts - Le Exploder_04.wav,3500056,44330db5,OK,/volume1/主目录/Collection/素材&模板&音库/音效/03_项目素材/预告/Sound Morph - Sinematic/4. Hits and Impacts/Sinematic - Hits and Impacts - Le Exploder_04.wav
Sound Morph - Sinematic.zip,Sound Morph - Sinematic/4. Hits and Impacts/Sinematic - Hits and Impacts - Le Exploder_05.wav,2605308,0c525b4f,OK,/volume1/主目录/Collection/素材&模板&音库/音效/03_项目素材/预告/Sound Morph - Sinematic/4. Hits and Impacts/Sinematic - Hits and Impacts - Le Exploder_05.wav
Sound Morph - Sinematic.zip,Sound Morph - Sinematic/4. Hits and Impacts/Sinematic - Hits and Impacts - Metal Dull Screamer_01.wav,3086644,87e2d9dc,OK,/volume1/主目录/Collection/素材&模板&音库/音效/03_项目素材/预告/Sound Morph - Sinematic/4. Hits and Impacts/Sinematic - Hits and Impacts - Metal Dull Screamer_01.wav
Sound Morph - Sinematic.zip,Sound Morph - Sinematic/4. Hits and Impacts/Sinematic - Hits and Impacts - Metal Dull Screamer_02.wav,5725302,f5d1c403,OK,/volume1/主目录/Collection/素材&模板&音库/音效/03_项目素材/预告/Sound Morph - Sinematic/4. Hits and Impacts/Sinematic - Hits and Impacts - Metal Dull Screamer_02.wav
Sound Morph - Sinematic.zip,Sound Morph - Sinematic/4. Hits and Impacts/Sinematic - Hits and Impacts - Mr Whoosh Maniac.wav,4601378,5e9b7c71,OK,/volume1/主目录/Collection/素材&模板&音库/音效/03_项目素材/预告/Sound Morph - Sinematic/4. Hits and Impacts/Sinematic - Hits and Impacts - Mr Whoosh Maniac.wav
Sound Morph - Sinematic.zip,Sound Morph - Sinematic/4. Hits and Impacts/Sinematic - Hits and Impacts - Repeater_01.wav,5162784,b2156099,OK,/volume1/主目录/Collection/素材&模板&音库/音效/03_项目素材/预告/Sound Morph - Sinematic/4. Hits and Impacts/Sinematic - Hits and Impacts - Repeater_01.wav
Sound Morph - Sinematic.zip,Sound Morph - Sinematic/4. Hits and Impacts/Sinematic - Hits and Impacts - Repeater_02.wav,4228316,a00e301e,OK,/volume1/主目录/Collection/素材&模板&音库/音效/03_项目素材/预告/Sound Morph - Sinematic/4. Hits and Impacts/Sinematic - Hits and Impacts - Repeater_02.wav
Sound Morph - Sinematic.zip,Sound Morph - Sinematic/4. Hits and Impacts/Sinematic - Hits and Impacts - Resonator Thump.wav,4248882,3ee6daa8,OK,/volume1/主目录/Collection/素材&模板&音库/音效/03_项目素材/预告/Sound Morph - Sinematic/4. Hits and Impacts/Sinematic - Hits and Impacts - Resonator Thump.wav
Sound Morph - Sinematic.zip,Sound Morph - Sinematic/4. Hits and Impacts/Sinematic - Hits and Impacts - Rip and Hard impact.wav,7542288,9bcdcd9a,OK,/volume1/主目录/Collection/素材&模板&音库/音效/03_项目素材/预告/Sound Morph - Sinematic/4. Hits and Impacts/Sinematic - Hits and Impacts - Rip and Hard impact.wav
Sound Morph - Sinematic.zip,Sound Morph - Sinematic/4. Hits and Impacts/Sinematic - Hits and Impacts - Rip and Hit.wav,6148908,dce406fa,OK,/volume1/主目录/Collection/素材&模板&音库/音效/03_项目素材/预告/Sound Morph - Sinematic/4. Hits and Impacts/Sinematic - Hits and Impacts - Rip and Hit.wav
Sound Morph - Sinematic.zip,Sound Morph - Sinematic/4. Hits and Impacts/Sinematic - Hits and Impacts - Rip and Rumbler.wav,7549540,2558c350,OK,/volume1/主目录/Collection/素材&模板&音库/音效/03_项目素材/预告/Sound Morph - Sinematic/4. Hits and Impacts/Sinematic - Hits and Impacts - Rip and Rumbler.wav
Sound Morph - Sinematic.zip,Sound Morph - Sinematic/4. Hits and Impacts/Sinematic - Hits and Impacts - Rip and Static.wav,5886640,2d933ccd,OK,/volume1/主目录/Collection/素材&模板&音库/音效/03_项目素材/预告/Sound Morph - Sinematic/4. Hits and Impacts/Sinematic - Hits and Impacts - Rip and Static.wav
Sound Morph - Sinematic.zip,Sound Morph - Sinematic/4. Hits and Impacts/Sinematic - Hits and Impacts - The Screamer.wav,5585232,f4e9e6c6,OK,/volume1/主目录/Collection/素材&模板&音库/音效/03_项目素材/预告/Sound Morph - Sinematic/4. Hits and Impacts/Sinematic - Hits and Impacts - The Screamer.wav
Sound Morph - Sinematic.zip,Sound Morph - Sinematic/4. Hits and Impacts/Sinematic - Hits and Impacts - Tonal.wav,7760876,222c3f14,OK,/volume1/主目录/Collection/素材&模板&音库/音效/03_项目素材/预告/Sound Morph - Sinematic/4. Hits and Impacts/Sinematic - Hits and Impacts - Tonal.wav
Sound Morph - Sinematic.zip,Sound Morph - Sinematic/5. Complex Tech Hits/Sinematic - Complex Tech Hits - 01.wav,4021618,cd26c094,OK,/volume1/主目录/Collection/素材&模板&音库/音效/03_项目素材/预告/Sound Morph - Sinematic/5. Complex Tech Hits/Sinematic - Complex Tech Hits - 01.wav
Sound Morph - Sinematic.zip,Sound Morph - Sinematic/5. Complex Tech Hits/Sinematic - Complex Tech Hits - 02.wav,4121530,6b7d6c37,OK,/volume1/主目录/Collection/素材&模板&音库/音效/03_项目素材/预告/Sound Morph - Sinematic/5. Complex Tech Hits/Sinematic - Complex Tech Hits - 02.wav
Sound Morph - Sinematic.zip,Sound Morph - Sinematic/5. Complex Tech Hits/Sinematic - Complex Tech Hits - 03.wav,4121530,a14af6cf,OK,/volume1/主目录/Collection/素材&模板&音库/音效/03_项目素材/预告/Sound Morph - Sinematic/5. Complex Tech Hits/Sinematic - Complex Tech Hits - 03.wav
Sound Morph - Sinematic.zip,Sound Morph - Sinematic/5. Complex Tech Hits/Sinematic - Complex Tech Hits - 04.wav,4417086,4863f202,OK,/volume1/主目录/Collection/素材&模板&音库/音效/03_项目素材/预告/Sound Morph - Sinematic/5. Complex Tech Hits/Sinematic - Complex Tech Hits - 04.wav
Sound Morph - Sinematic.zip,Sound Morph - Sinematic/5. Complex Tech Hits/Sinematic - Complex Tech Hits - 05.wav,5662498,3f87d747,OK,/volume1/主目录/Collection/素材&模板&音库/音效/03_项目素材/预告/Sound Morph - Sinematic/5. Complex Tech Hits/Sinematic - Complex Tech Hits - 05.wav
Sound Morph - Sinematic.zip,Sound Morph - Sinematic/5. Complex Tech Hits/Sinematic - Complex Tech Hits - 06.wav,3779428,04949325,OK,/volume1/主目录/Collection/素材&模板&音库/音效/03_项目素材/预告/Sound Morph - Sinematic/5. Complex Tech Hits/Sinematic - Complex Tech Hits - 06.wav
Sound Morph - Sinematic.zip,Sound Morph - Sinematic/5. Complex Tech Hits/Sinematic - Complex Tech Hits - 07.wav,3404848,e054fc1a,OK,/volume1/主目录/Collection/素材&模板&音库/音效/03_项目素材/预告/Sound Morph - Sinematic/5. Complex Tech Hits/Sinematic - Complex Tech Hits - 07.wav
Sound Morph - Sinematic.zip,Sound Morph - Sinematic/5. Complex Tech Hits/Sinematic - Complex Tech Hits - 08.wav,5866852,192d0628,OK,/volume1/主目录/Collection/素材&模板&音库/音效/03_项目素材/预告/Sound Morph - Sinematic/5. Complex Tech Hits/Sinematic - Complex Tech Hits - 08.wav
Sound Morph - Sinematic.zip,Sound Morph - Sinematic/5. Complex Tech Hits/Sinematic - Complex Tech Hits - 09.wav,8282280,72d5cd26,OK,/volume1/主目录/Collection/素材&模板&音库/音效/03_项目素材/预告/Sound Morph - Sinematic/5. Complex Tech Hits/Sinematic - Complex Tech Hits - 09.wav
Sound Morph - Sinematic.zip,Sound Morph - Sinematic/5. Complex Tech Hits/Sinematic - Complex Tech Hits - 10.wav,7090504,57e203c1,OK,/volume1/主目录/Collection/素材&模板&音库/音效/03_项目素材/预告/Sound Morph - Sinematic/5. Complex Tech Hits/Sinematic - Complex Tech Hits - 10.wav
Sound Morph - Sinematic.zip,Sound Morph - Sinematic/5. Complex Tech Hits/Sinematic - Complex Tech Hits - 11.wav,7190966,ca30d450,OK,/volume1/主目录/Collection/素材&模板&音库/音效/03_项目素材/预告/Sound Morph - Sinematic/5. Complex Tech Hits/Sinematic - Complex Tech Hits - 11.wav
Sound Morph - Sinematic.zip,Sound Morph - Sinematic/5. Complex Tech Hits/Sinematic - Complex Tech Hits - 12.wav,5251174,91c67e24,OK,/volume1/主目录/Collection/素材&模板&音库/音效/03_项目素材/预告/Sound Morph - Sinematic/5. Complex Tech Hits/Sinematic - Complex Tech Hits - 12.wav
Sound Morph - Sinematic.zip,Sound Morph - Sinematic/5. Complex Tech Hits/Sinematic - Complex Tech Hits - 13.wav,4852020,c400bb93,OK,/volume1/主目录/Collection/素材&模板&音库/音效/03_项目素材/预告/Sound Morph - Sinematic/5. Complex Tech Hits/Sinematic - Complex Tech Hits - 13.wav
Sound Morph - Sinematic.zip,Sound Morph - Sinematic/5. Complex Tech Hits/Sinematic - Complex Tech Hits - 14.wav,3700672,2e409989,OK,/volume1/主目录/Collection/素材&模板&音库/音效/03_项目素材/预告/Sound Morph - Sinematic/5. Complex Tech Hits/Sinematic - Complex Tech Hits - 14.wav
Sound Morph - Sinematic.zip,Sound Morph - Sinematic/5. Complex Tech Hits/Sinematic - Complex Tech Hits - 15.wav,3958204,e7968144,OK,/volume1/主目录/Collection/素材&模板&音库/音效/03_项目素材/预告/Sound Morph - Sinematic/5. Complex Tech Hits/Sinematic - Complex Tech Hits - 15.wav
Sound Morph - Sinematic.zip,Sound Morph - Sinematic/5. Complex Tech Hits/Sinematic - Complex Tech Hits - 16.wav,3012510,35ebedd0,OK,/volume1/主目录/Collection/素材&模板&音库/音效/03_项目素材/预告/Sound Morph - Sinematic/5. Complex Tech Hits/Sinematic - Complex Tech Hits - 16.wav
Sound Morph - Sinematic.zip,Sound Morph - Sinematic/5. Complex Tech Hits/Sinematic - Complex Tech Hits - 17.wav,4192122,bde356bb,OK,/volume1/主目录/Collection/素材&模板&音库/音效/03_项目素材/预告/Sound Morph - Sinematic/5. Complex Tech Hits/Sinematic - Complex Tech Hits - 17.wav
Sound Morph - Sinematic.zip,Sound Morph - Sinematic/5. Complex Tech Hits/Sinematic - Complex Tech Hits - 18.wav,5469834,da319049,OK,/volume1/主目录/Collection/素材&模板&音库/音效/03_项目素材/预告/Sound Morph - Sinematic/5. Complex Tech Hits/Sinematic - Complex Tech Hits - 18.wav
Sound Morph - Sinematic.zip,Sound Morph - Sinematic/5. Complex Tech Hits/Sinematic - Complex Tech Hits - 19.wav,6324484,2c9791af,OK,/volume1/主目录/Collection/素材&模板&音库/音效/03_项目素材/预告/Sound Morph - Sinematic/5. Complex Tech Hits/Sinematic - Complex Tech Hits - 19.wav
Sound Morph - Sinematic.zip,Sound Morph - Sinematic/5. Complex Tech Hits/Sinematic - Complex Tech Hits - 20.wav,7190904,0ae8c754,OK,/volume1/主目录/Collection/素材&模板&音库/音效/03_项目素材/预告/Sound Morph - Sinematic/5. Complex Tech Hits/Sinematic - Complex Tech Hits - 20.wav
Sound Morph - Sinematic.zip,Sound Morph - Sinematic/5. Complex Tech Hits/Sinematic - Complex Tech Hits - 21.wav,7242302,c90e8adb,OK,/volume1/主目录/Collection/素材&模板&音库/音效/03_项目素材/预告/Sound Morph - Sinematic/5. Complex Tech Hits/Sinematic - Complex Tech Hits - 21.wav
Sound Morph - Sinematic.zip,Sound Morph - Sinematic/5. Complex Tech Hits/Sinematic - Complex Tech Hits - 22.wav,6101170,ff123bf3,OK,/volume1/主目录/Collection/素材&模板&音库/音效/03_项目素材/预告/Sound Morph - Sinematic/5. Complex Tech Hits/Sinematic - Complex Tech Hits - 22.wav
Sound Morph - Sinematic.zip,Sound Morph - Sinematic/5. Complex Tech Hits/Sinematic - Complex Tech Hits - 23.wav,4830438,738c776a,OK,/volume1/主目录/Collection/素材&模板&音库/音效/03_项目素材/预告/Sound Morph - Sinematic/5. Complex Tech Hits/Sinematic - Complex Tech Hits - 23.wav
Sound Morph - Sinematic.zip,Sound Morph - Sinematic/5. Complex Tech Hits/Sinematic - Complex Tech Hits - 24.wav,6090978,85b0688b,OK,/volume1/主目录/Collection/素材&模板&音库/音效/03_项目素材/预告/Sound Morph - Sinematic/5. Complex Tech Hits/Sinematic - Complex Tech Hits - 24.wav
Sound Morph - Sinematic.zip,Sound Morph - Sinematic/5. Complex Tech Hits/Sinematic - Complex Tech Hits - 25.wav,4008586,fd5e1cb5,OK,/volume1/主目录/Collection/素材&模板&音库/音效/03_项目素材/预告/Sound Morph - Sinematic/5. Complex Tech Hits/Sinematic - Complex Tech Hits - 25.wav
Sound Morph - Sinematic.zip,Sound Morph - Sinematic/5. Complex Tech Hits/Sinematic - Complex Tech Hits - 26.wav,2636904,9928faa2,OK,/volume1/主目录/Collection/素材&模板&音库/音效/03_项目素材/预告/Sound Morph - Sinematic/5. Complex Tech Hits/Sinematic - Complex Tech Hits - 26.wav
Sound Morph - Sinematic.zip,Sound Morph - Sinematic/5. Complex Tech Hits/Sinematic - Complex Tech Hits - 27.wav,6202900,383ddcc8,OK,/volume1/主目录/Collection/素材&模板&音库/音效/03_项目素材/预告/Sound Morph - Sinematic/5. Complex Tech Hits/Sinematic - Complex Tech Hits - 27.wav
Sound Morph - Sinematic.zip,Sound Morph - Sinematic/5. Complex Tech Hits/Sinematic - Complex Tech Hits - 28.wav,7177126,bf5fb9bd,OK,/volume1/主目录/Collection/素材&模板&音库/音效/03_项目素材/预告/Sound Morph - Sinematic/5. Complex Tech Hits/Sinematic - Complex Tech Hits - 28.wav
Sound Morph - Sinematic.zip,Sound Morph - Sinematic/5. Complex Tech Hits/Sinematic - Complex Tech Hits - 29.wav,3521662,f8d97601,OK,/volume1/主目录/Collection/素材&模板&音库/音效/03_项目素材/预告/Sound Morph - Sinematic/5. Complex Tech Hits/Sinematic - Complex Tech Hits - 29.wav
Sound Morph - Sinematic.zip,Sound Morph - Sinematic/5. Complex Tech Hits/Sinematic - Complex Tech Hits - 30.wav,6418012,9242b019,OK,/volume1/主目录/Collection/素材&模板&音库/音效/03_项目素材/预告/Sound Morph - Sinematic/5. Complex Tech Hits/Sinematic - Complex Tech Hits - 30.wav
Sound Morph - Sinematic.zip,Sound Morph - Sinematic/5. Complex Tech Hits/Sinematic - Complex Tech Hits - 31.wav,2059348,95805e93,OK,/volume1/主目录/Collection/素材&模板&音库/音效/03_项目素材/预告/Sound Morph - Sinematic/5. Complex Tech Hits/Sinematic - Complex Tech Hits - 31.wav
Sound Morph - Sinematic.zip,Sound Morph - Sinematic/5. Complex Tech Hits/Sinematic - Complex Tech Hits - 32.wav,1674534,53e1e232,OK,/volume1/主目录/Collection/素材&模板&音库/音效/03_项目素材/预告/Sound Morph - Sinematic/5. Complex Tech Hits/Sinematic - Complex Tech Hits - 32.wav
Sound Morph - Sinematic.zip,Sound Morph - Sinematic/5. Complex Tech Hits/Sinematic - Complex Tech Hits - 33.wav,2487946,b415f0d5,OK,/volume1/主目录/Collection/素材&模板&音库/音效/03_项目素材/预告/Sound Morph - Sinematic/5. Complex Tech Hits/Sinematic - Complex Tech Hits - 33.wav
Sound Morph - Sinematic.zip,Sound Morph - Sinematic/5. Complex Tech Hits/Sinematic - Complex Tech Hits - 34.wav,1573960,dfad5e0b,OK,/volume1/主目录/Collection/素材&模板&音库/音效/03_项目素材/预告/Sound Morph - Sinematic/5. Complex Tech Hits/Sinematic - Complex Tech Hits - 34.wav
Sound Morph - Sinematic.zip,Sound Morph - Sinematic/5. Complex Tech Hits/Sinematic - Complex Tech Hits - 35.wav,1949326,c4407603,OK,/volume1/主目录/Collection/素材&模板&音库/音效/03_项目素材/预告/Sound Morph - Sinematic/5. Complex Tech Hits/Sinematic - Complex Tech Hits - 35.wav
Sound Morph - Sinematic.zip,Sound Morph - Sinematic/6. Risers/Sinematic - Risers_01.wav,12549740,f48cac9b,OK,/volume1/主目录/Collection/素材&模板&音库/音效/03_项目素材/预告/Sound Morph - Sinematic/6. Risers/Sinematic - Risers_01.wav
Sound Morph - Sinematic.zip,Sound Morph - Sinematic/6. Risers/Sinematic - Risers_02.wav,7413098,58d2a8ed,OK,/volume1/主目录/Collection/素材&模板&音库/音效/03_项目素材/预告/Sound Morph - Sinematic/6. Risers/Sinematic - Risers_02.wav
Sound Morph - Sinematic.zip,Sound Morph - Sinematic/6. Risers/Sinematic - Risers_03.wav,9028752,2dd8fd26,OK,/volume1/主目录/Collection/素材&模板&音库/音效/03_项目素材/预告/Sound Morph - Sinematic/6. Risers/Sinematic - Risers_03.wav
Sound Morph - Sinematic.zip,Sound Morph - Sinematic/6. Risers/Sinematic - Risers_04.wav,9527940,452a671f,OK,/volume1/主目录/Collection/素材&模板&音库/音效/03_项目素材/预告/Sound Morph - Sinematic/6. Risers/Sinematic - Risers_04.wav
Sound Morph - Sinematic.zip,Sound Morph - Sinematic/6. Risers/Sinematic - Risers_05.wav,20179176,4fc80491,OK,/volume1/主目录/Collection/素材&模板&音库/音效/99_待整理/_命名冲突/03_项目素材/预告/Sound Morph - Sinematic/6. Risers/Sinematic - Risers_05.wav
Sound Morph - Sinematic.zip,Sound Morph - Sinematic/6. Risers/Sinematic - Risers_06.wav,15474060,5b9c2182,OK,/volume1/主目录/Collection/素材&模板&音库/音效/03_项目素材/预告/Sound Morph - Sinematic/6. Risers/Sinematic - Risers_06.wav
Sound Morph - Sinematic.zip,Sound Morph - Sinematic/6. Risers/Sinematic - Risers_07.wav,10397984,4caff4e1,OK,/volume1/主目录/Collection/素材&模板&音库/音效/03_项目素材/预告/Sound Morph - Sinematic/6. Risers/Sinematic - Risers_07.wav
Sound Morph - Sinematic.zip,Sound Morph - Sinematic/6. Risers/Sinematic - Risers_08.wav,10447092,899b4290,OK,/volume1/主目录/Collection/素材&模板&音库/音效/03_项目素材/预告/Sound Morph - Sinematic/6. Risers/Sinematic - Risers_08.wav
Sound Morph - Sinematic.zip,Sound Morph - Sinematic/6. Risers/Sinematic - Risers_09.wav,6904788,3e8cdffe,OK,/volume1/主目录/Collection/素材&模板&音库/音效/03_项目素材/预告/Sound Morph - Sinematic/6. Risers/Sinematic - Risers_09.wav
Sound Morph - Sinematic.zip,Sound Morph - Sinematic/6. Risers/Sinematic - Risers_10.wav,6273316,80f5ae91,OK,/volume1/主目录/Collection/素材&模板&音库/音效/03_项目素材/预告/Sound Morph - Sinematic/6. Risers/Sinematic - Risers_10.wav
Sound Morph - Sinematic.zip,Sound Morph - Sinematic/6. Risers/Sinematic - Risers_11.wav,5204764,9497fe5f,OK,/volume1/主目录/Collection/素材&模板&音库/音效/03_项目素材/预告/Sound Morph - Sinematic/6. Risers/Sinematic - Risers_11.wav
Sound Morph - Sinematic.zip,Sound Morph - Sinematic/6. Risers/Sinematic - Risers_12.wav,5135704,73e03a11,OK,/volume1/主目录/Collection/素材&模板&音库/音效/03_项目素材/预告/Sound Morph - Sinematic/6. Risers/Sinematic - Risers_12.wav
Sound Morph - Sinematic.zip,Sound Morph - Sinematic/6. Risers/Sinematic - Risers_13.wav,9831848,2e26f721,OK,/volume1/主目录/Collection/素材&模板&音库/音效/03_项目素材/预告/Sound Morph - Sinematic/6. Risers/Sinematic - Risers_13.wav
Sound Morph - Sinematic.zip,Sound Morph - Sinematic/6. Risers/Sinematic - Risers_14.wav,8174552,55daf8f3,OK,/volume1/主目录/Collection/素材&模板&音库/音效/03_项目素材/预告/Sound Morph - Sinematic/6. Risers/Sinematic - Risers_14.wav
Sound Morph - Sinematic.zip,Sound Morph - Sinematic/6. Risers/Sinematic - Risers_15.wav,9790088,cc93ee01,OK,/volume1/主目录/Collection/素材&模板&音库/音效/03_项目素材/预告/Sound Morph - Sinematic/6. Risers/Sinematic - Risers_15.wav
Sound Morph - Sinematic.zip,Sound Morph - Sinematic/6. Risers/Sinematic - Risers_16.wav,8436272,82762864,OK,/volume1/主目录/Collection/素材&模板&音库/音效/03_项目素材/预告/Sound Morph - Sinematic/6. Risers/Sinematic - Risers_16.wav
Sound Morph - Sinematic.zip,Sound Morph - Sinematic/6. Risers/Sinematic - Risers_17.wav,7082600,3401412b,OK,/volume1/主目录/Collection/素材&模板&音库/音效/03_项目素材/预告/Sound Morph - Sinematic/6. Risers/Sinematic - Risers_17.wav
Sound Morph - Sinematic.zip,Sound Morph - Sinematic/7. Stingers/Sinematic - Stingers_01.wav,7425638,82c661ac,OK,/volume1/主目录/Collection/素材&模板&音库/音效/03_项目素材/预告/Sound Morph - Sinematic/7. Stingers/Sinematic - Stingers_01.wav
Sound Morph - Sinematic.zip,Sound Morph - Sinematic/7. Stingers/Sinematic - Stingers_02.wav,4211734,366f99ba,OK,/volume1/主目录/Collection/素材&模板&音库/音效/03_项目素材/预告/Sound Morph - Sinematic/7. Stingers/Sinematic - Stingers_02.wav
Sound Morph - Sinematic.zip,Sound Morph - Sinematic/7. Stingers/Sinematic - Stingers_03.wav,4478590,3525696b,OK,/volume1/主目录/Collection/素材&模板&音库/音效/03_项目素材/预告/Sound Morph - Sinematic/7. Stingers/Sinematic - Stingers_03.wav
Sound Morph - Sinematic.zip,Sound Morph - Sinematic/7. Stingers/Sinematic - Stingers_04.wav,3983644,3355af4c,OK,/volume1/主目录/Collection/素材&模板&音库/音效/03_项目素材/预告/Sound Morph - Sinematic/7. Stingers/Sinematic - Stingers_04.wav
Sound Morph - Sinematic.zip,Sound Morph - Sinematic/7. Stingers/Sinematic - Stingers_05.wav,4009248,4a8a8e2a,OK,/volume1/主目录/Collection/素材&模板&音库/音效/03_项目素材/预告/Sound Morph - Sinematic/7. Stingers/Sinematic - Stingers_05.wav
Sound Morph - Sinematic.zip,Sound Morph - Sinematic/7. Stingers/Sinematic - Stingers_06.wav,6268464,7e6139df,OK,/volume1/主目录/Collection/素材&模板&音库/音效/03_项目素材/预告/Sound Morph - Sinematic/7. Stingers/Sinematic - Stingers_06.wav
Sound Morph - Sinematic.zip,Sound Morph - Sinematic/7. Stingers/Sinematic - Stingers_07.wav,2447158,def378f7,OK,/volume1/主目录/Collection/素材&模板&音库/音效/03_项目素材/预告/Sound Morph - Sinematic/7. Stingers/Sinematic - Stingers_07.wav
Sound Morph - Sinematic.zip,Sound Morph - Sinematic/7. Stingers/Sinematic - Stingers_08.wav,4115938,990cf411,OK,/volume1/主目录/Collection/素材&模板&音库/音效/03_项目素材/预告/Sound Morph - Sinematic/7. Stingers/Sinematic - Stingers_08.wav
Sound Morph - Sinematic.zip,Sound Morph - Sinematic/7. Stingers/Sinematic - Stingers_09.wav,4921218,c0d6455d,OK,/volume1/主目录/Collection/素材&模板&音库/音效/03_项目素材/预告/Sound Morph - Sinematic/7. Stingers/Sinematic - Stingers_09.wav
Sound Morph - Sinematic.zip,Sound Morph - Sinematic/7. Stingers/Sinematic - Stingers_10.wav,3633106,7baed0e2,OK,/volume1/主目录/Collection/素材&模板&音库/音效/03_项目素材/预告/Sound Morph - Sinematic/7. Stingers/Sinematic - Stingers_10.wav
Sound Morph - Sinematic.zip,Sound Morph - Sinematic/7. Stingers/Sinematic - Stingers_11.wav,4090086,33211003,OK,/volume1/主目录/Collection/素材&模板&音库/音效/03_项目素材/预告/Sound Morph - Sinematic/7. Stingers/Sinematic - Stingers_11.wav
Sound Morph - Sinematic.zip,Sound Morph - Sinematic/7. Stingers/Sinematic - Stingers_12.wav,5135752,f8e89a99,OK,/volume1/主目录/Collection/素材&模板&音库/音效/03_项目素材/预告/Sound Morph - Sinematic/7. Stingers/Sinematic - Stingers_12.wav
Sound Morph - Sinematic.zip,Sound Morph - Sinematic/7. Stingers/Sinematic - Stingers_13.wav,4667872,36adb29c,OK,/volume1/主目录/Collection/素材&模板&音库/音效/03_项目素材/预告/Sound Morph - Sinematic/7. Stingers/Sinematic - Stingers_13.wav
Sound Morph - Sinematic.zip,Sound Morph - Sinematic/7. Stingers/Sinematic - Stingers_14.wav,3964378,97e150ad,OK,/volume1/主目录/Collection/素材&模板&音库/音效/03_项目素材/预告/Sound Morph - Sinematic/7. Stingers/Sinematic - Stingers_14.wav
Sound Morph - Sinematic.zip,Sound Morph - Sinematic/8. Simple Design/Sinematic - Simple - A Prisoner.wav,7646352,2604b8cc,OK,/volume1/主目录/Collection/素材&模板&音库/音效/03_项目素材/预告/Sound Morph - Sinematic/8. Simple Design/Sinematic - Simple - A Prisoner.wav
Sound Morph - Sinematic.zip,Sound Morph - Sinematic/8. Simple Design/Sinematic - Simple - Basstard_01.wav,1593176,5a9ece14,OK,/volume1/主目录/Collection/素材&模板&音库/音效/03_项目素材/预告/Sound Morph - Sinematic/8. Simple Design/Sinematic - Simple - Basstard_01.wav
Sound Morph - Sinematic.zip,Sound Morph - Sinematic/8. Simple Design/Sinematic - Simple - Basstard_02.wav,1646840,77acbae0,OK,/volume1/主目录/Collection/素材&模板&音库/音效/03_项目素材/预告/Sound Morph - Sinematic/8. Simple Design/Sinematic - Simple - Basstard_02.wav
Sound Morph - Sinematic.zip,Sound Morph - Sinematic/8. Simple Design/Sinematic - Simple - Bowl man scream.wav,5354920,188132b5,OK,/volume1/主目录/Collection/素材&模板&音库/音效/03_项目素材/预告/Sound Morph - Sinematic/8. Simple Design/Sinematic - Simple - Bowl man scream.wav
Sound Morph - Sinematic.zip,Sound Morph - Sinematic/8. Simple Design/Sinematic - Simple - Bowl man.wav,5748720,33af0614,OK,/volume1/主目录/Collection/素材&模板&音库/音效/03_项目素材/预告/Sound Morph - Sinematic/8. Simple Design/Sinematic - Simple - Bowl man.wav
Sound Morph - Sinematic.zip,Sound Morph - Sinematic/8. Simple Design/Sinematic - Simple - Depth Charge_01.wav,11311150,1febc76c,OK,/volume1/主目录/Collection/素材&模板&音库/音效/03_项目素材/预告/Sound Morph - Sinematic/8. Simple Design/Sinematic - Simple - Depth Charge_01.wav
Sound Morph - Sinematic.zip,Sound Morph - Sinematic/8. Simple Design/Sinematic - Simple - Depth Charge_02.wav,4810146,5ea8f910,OK,/volume1/主目录/Collection/素材&模板&音库/音效/03_项目素材/预告/Sound Morph - Sinematic/8. Simple Design/Sinematic - Simple - Depth Charge_02.wav
Sound Morph - Sinematic.zip,Sound Morph - Sinematic/8. Simple Design/Sinematic - Simple - Depth Charge_03.wav,5202210,59cf9b2a,OK,/volume1/主目录/Collection/素材&模板&音库/音效/03_项目素材/预告/Sound Morph - Sinematic/8. Simple Design/Sinematic - Simple - Depth Charge_03.wav
Sound Morph - Sinematic.zip,Sound Morph - Sinematic/8. Simple Design/Sinematic - Simple - Depth Charge_04.wav,5470720,9faf2971,OK,/volume1/主目录/Collection/素材&模板&音库/音效/03_项目素材/预告/Sound Morph - Sinematic/8. Simple Design/Sinematic - Simple - Depth Charge_04.wav
Sound Morph - Sinematic.zip,Sound Morph - Sinematic/8. Simple Design/Sinematic - Simple - Digital Ripper Feedback.wav,1521246,efac9c01,OK,/volume1/主目录/Collection/素材&模板&音库/音效/03_项目素材/预告/Sound Morph - Sinematic/8. Simple Design/Sinematic - Simple - Digital Ripper Feedback.wav
Sound Morph - Sinematic.zip,Sound Morph - Sinematic/8. Simple Design/Sinematic - Simple - Distant Rippler.wav,3036280,24ad58f2,OK,/volume1/主目录/Collection/素材&模板&音库/音效/03_项目素材/预告/Sound Morph - Sinematic/8. Simple Design/Sinematic - Simple - Distant Rippler.wav
Sound Morph - Sinematic.zip,Sound Morph - Sinematic/8. Simple Design/Sinematic - Simple - Distorter Low Repeat.wav,3679582,0e25f529,OK,/volume1/主目录/Collection/素材&模板&音库/音效/03_项目素材/预告/Sound Morph - Sinematic/8. Simple Design/Sinematic - Simple - Distorter Low Repeat.wav
Sound Morph - Sinematic.zip,Sound Morph - Sinematic/8. Simple Design/Sinematic - Simple - Emotion Starter_01.wav,11047984,f37ef5fd,OK,/volume1/主目录/Collection/素材&模板&音库/音效/03_项目素材/预告/Sound Morph - Sinematic/8. Simple Design/Sinematic - Simple - Emotion Starter_01.wav
Sound Morph - Sinematic.zip,Sound Morph - Sinematic/8. Simple Design/Sinematic - Simple - Emotion Starter_02.wav,8073610,37baf6dd,OK,/volume1/主目录/Collection/素材&模板&音库/音效/03_项目素材/预告/Sound Morph - Sinematic/8. Simple Design/Sinematic - Simple - Emotion Starter_02.wav
Sound Morph - Sinematic.zip,Sound Morph - Sinematic/8. Simple Design/Sinematic - Simple - Emotion Starter_03.wav,6439776,6db187b8,OK,/volume1/主目录/Collection/素材&模板&音库/音效/03_项目素材/预告/Sound Morph - Sinematic/8. Simple Design/Sinematic - Simple - Emotion Starter_03.wav
Sound Morph - Sinematic.zip,Sound Morph - Sinematic/8. Simple Design/Sinematic - Simple - Emotion Starter_04.wav,6912914,b24e272c,OK,/volume1/主目录/Collection/素材&模板&音库/音效/03_项目素材/预告/Sound Morph - Sinematic/8. Simple Design/Sinematic - Simple - Emotion Starter_04.wav
Sound Morph - Sinematic.zip,Sound Morph - Sinematic/8. Simple Design/Sinematic - Simple - Emotion Starter_05.wav,7426954,97d44203,OK,/volume1/主目录/Collection/素材&模板&音库/音效/03_项目素材/预告/Sound Morph - Sinematic/8. Simple Design/Sinematic - Simple - Emotion Starter_05.wav
Sound Morph - Sinematic.zip,Sound Morph - Sinematic/8. Simple Design/Sinematic - Simple - Hit Verb Subtle.wav,4312542,96228fd3,OK,/volume1/主目录/Collection/素材&模板&音库/音效/03_项目素材/预告/Sound Morph - Sinematic/8. Simple Design/Sinematic - Simple - Hit Verb Subtle.wav
Sound Morph - Sinematic.zip,Sound Morph - Sinematic/8. Simple Design/Sinematic - Simple - Hollow Industrial.wav,17411270,55106b50,OK,/volume1/主目录/Collection/素材&模板&音库/音效/03_项目素材/预告/Sound Morph - Sinematic/8. Simple Design/Sinematic - Simple - Hollow Industrial.wav
Sound Morph - Sinematic.zip,Sound Morph - Sinematic/8. Simple Design/Sinematic - Simple - Hollow Land.wav,6359938,9c7b2e36,OK,/volume1/主目录/Collection/素材&模板&音库/音效/03_项目素材/预告/Sound Morph - Sinematic/8. Simple Design/Sinematic - Simple - Hollow Land.wav
Sound Morph - Sinematic.zip,Sound Morph - Sinematic/8. Simple Design/Sinematic - Simple - Impact Whoosher_01.wav,2974934,9ed7fb0b,OK,/volume1/主目录/Collection/素材&模板&音库/音效/03_项目素材/预告/Sound Morph - Sinematic/8. Simple Design/Sinematic - Simple - Impact Whoosher_01.wav
Sound Morph - Sinematic.zip,Sound Morph - Sinematic/8. Simple Design/Sinematic - Simple - Impact Whoosher_02.wav,2754840,72d5d2e3,OK,/volume1/主目录/Collection/素材&模板&音库/音效/03_项目素材/预告/Sound Morph - Sinematic/8. Simple Design/Sinematic - Simple - Impact Whoosher_02.wav
Sound Morph - Sinematic.zip,Sound Morph - Sinematic/8. Simple Design/Sinematic - Simple - Impact Whoosher_03.wav,2756072,63c9510f,OK,/volume1/主目录/Collection/素材&模板&音库/音效/03_项目素材/预告/Sound Morph - Sinematic/8. Simple Design/Sinematic - Simple - Impact Whoosher_03.wav
Sound Morph - Sinematic.zip,Sound Morph - Sinematic/8. Simple Design/Sinematic - Simple - Notcher.wav,2391124,8836e387,OK,/volume1/主目录/Collection/素材&模板&音库/音效/03_项目素材/预告/Sound Morph - Sinematic/8. Simple Design/Sinematic - Simple - Notcher.wav
Sound Morph - Sinematic.zip,Sound Morph - Sinematic/8. Simple Design/Sinematic - Simple - Servo Us Layer.wav,3112900,6272ced0,OK,/volume1/主目录/Collection/素材&模板&音库/音效/03_项目素材/预告/Sound Morph - Sinematic/8. Simple Design/Sinematic - Simple - Servo Us Layer.wav
Sound Morph - Sinematic.zip,Sound Morph - Sinematic/8. Simple Design/Sinematic - Simple - Tonal Distorter_01.wav,13620032,dd6ca05b,OK,/volume1/主目录/Collection/素材&模板&音库/音效/03_项目素材/预告/Sound Morph - Sinematic/8. Simple Design/Sinematic - Simple - Tonal Distorter_01.wav
Sound Morph - Sinematic.zip,Sound Morph - Sinematic/8. Simple Design/Sinematic - Simple - Tonal Distorter_02.wav,7528012,a3d2f0e8,OK,/volume1/主目录/Collection/素材&模板&音库/音效/03_项目素材/预告/Sound Morph - Sinematic/8. Simple Design/Sinematic - Simple - Tonal Distorter_02.wav
Sound Morph - Sinematic.zip,Sound Morph - Sinematic/8. Simple Design/Sinematic - Simple - Tonal Distorter_03.wav,1934456,b710e96d,OK,/volume1/主目录/Collection/素材&模板&音库/音效/03_项目素材/预告/Sound Morph - Sinematic/8. Simple Design/Sinematic - Simple - Tonal Distorter_03.wav
Sound Morph - Sinematic.zip,Sound Morph - Sinematic/8. Simple Design/Sinematic - Simple - Tonal Repeat Me.wav,10666320,9b0984c2,OK,/volume1/主目录/Collection/素材&模板&音库/音效/03_项目素材/预告/Sound Morph - Sinematic/8. Simple Design/Sinematic - Simple - Tonal Repeat Me.wav
Sound Morph - Sinematic.zip,Sound Morph - Sinematic/Battery 4 Kits/Sinematic - Comlex Hits.nbkt,213870942,eac7708f,OK,/volume1/主目录/Collection/素材&模板&音库/音效/03_项目素材/预告/Sound Morph - Sinematic/Battery 4 Kits/Sinematic - Comlex Hits.nbkt
Sound Morph - Sinematic.zip,Sound Morph - Sinematic/Battery 4 Kits/Sinematic - Impacts.nbkt,205553277,b3e15664,OK,/volume1/主目录/Collection/素材&模板&音库/音效/03_项目素材/预告/Sound Morph - Sinematic/Battery 4 Kits/Sinematic - Impacts.nbkt
Sound Morph - Sinematic.zip,Sound Morph - Sinematic/Battery 4 Kits/Sinematic - MegaHorns.nbkt,242418912,f34975a9,OK,/volume1/主目录/Collection/素材&模板&音库/音效/03_项目素材/预告/Sound Morph - Sinematic/Battery 4 Kits/Sinematic - MegaHorns.nbkt
Sound Morph - Sinematic.zip,Sound Morph - Sinematic/Battery 4 Kits/Sinematic - Stingers.nbkt,204721524,b943e96a,OK,/volume1/主目录/Collection/素材&模板&音库/音效/03_项目素材/预告/Sound Morph - Sinematic/Battery 4 Kits/Sinematic - Stingers.nbkt
Sound Morph - Sinematic.zip,Sound Morph - Sinematic/Battery 4 Kits/Sinematic - Stuttters & Bass.nbkt,182959750,50daf7c0,OK,/volume1/主目录/Collection/素材&模板&音库/音效/03_项目素材/预告/Sound Morph - Sinematic/Battery 4 Kits/Sinematic - Stuttters & Bass.nbkt
